{"__type__":"sp.SkeletonData","_name":"skeleton","_skeletonJson":{"skeleton":{"hash":"u0YXeWo4sbwU+ZyMu5xg6qXt51Y","spine":"3.6.53","width":202,"height":405},"bones":[{"name":"root"},{"name":"100","parent":"root","length":22.15,"x":0.6,"y":107.86},{"name":"arrow","parent":"root","length":14.2,"rotation":-3.58,"x":36.04,"y":60.02},{"name":"bg","parent":"root","length":69.16,"rotation":2.2,"x":0.6,"y":-37.44},{"name":"light","parent":"root","length":51.4,"rotation":0.99,"x":3.26,"y":-115.41},{"name":"text-MC","parent":"root","length":26.58,"x":-16.23,"y":59.13}],"slots":[{"name":"bg","bone":"bg","attachment":"bg"},{"name":"text-MC","bone":"text-MC","attachment":"text-MC"},{"name":"light","bone":"light","attachment":"light"},{"name":"arrow","bone":"arrow","attachment":"arrow"},{"name":"100","bone":"100","attachment":"100"}],"skins":{"default":{"100":{"100":{"x":1.1,"y":0.67,"width":43,"height":30}},"arrow":{"arrow":{"x":0.99,"y":2.05,"rotation":3.58,"width":26,"height":15}},"bg":{"bg":{"x":0.83,"y":37.44,"rotation":-2.2,"width":202,"height":405}},"light":{"light":{"x":-2.65,"y":6.45,"rotation":-0.99,"width":121,"height":115}},"text-MC":{"text-MC":{"x":1.73,"y":0.87,"width":58,"height":19}}}},"animations":{"animation":{"slots":{"arrow":{"color":[{"time":0,"color":"ffffffff","curve":"stepped"},{"time":9.8333,"color":"ffffffff","curve":[0.25,0,0.343,0.99]},{"time":10,"color":"10505dff"},{"time":10.1667,"color":"ffffffff","curve":[0.25,0,0.343,0.99]},{"time":10.3333,"color":"10505dff"},{"time":10.5,"color":"ffffffff"}]},"light":{"color":[{"time":0,"color":"ffffffff","curve":"stepped"},{"time":10.7333,"color":"ffffffff","curve":[0.25,0,0.343,0.99]},{"time":10.9,"color":"10505dff"},{"time":11.0667,"color":"ffffffff","curve":[0.25,0,0.343,0.99]},{"time":11.2333,"color":"10505dff"},{"time":11.4,"color":"ffffffff"}]},"text-MC":{"color":[{"time":0,"color":"ffffffff","curve":"stepped"},{"time":9,"color":"ffffffff","curve":[0.25,0,0.343,0.99]},{"time":9.1667,"color":"10505dff"},{"time":9.3333,"color":"ffffffff","curve":[0.25,0,0.343,0.99]},{"time":9.5,"color":"10505dff"},{"time":9.6667,"color":"ffffffff","curve":"stepped"},{"time":12,"color":"ffffffff"}]}},"bones":{"100":{"scale":[{"time":0,"x":1,"y":1,"curve":"stepped"},{"time":9,"x":1,"y":1},{"time":9.1333,"x":1.05,"y":1.05},{"time":9.2667,"x":1,"y":1},{"time":9.4,"x":1.05,"y":1.05},{"time":9.5333,"x":1,"y":1},{"time":9.6667,"x":1.05,"y":1.05},{"time":9.8,"x":1,"y":1}]}}}}},"_atlasText":"\nskeleton.png\nsize: 523,204\nformat: RGBA8888\nfilter: Linear,Linear\nrepeat: none\n100\n  rotate: false\n  xy: 407, 31\n  size: 43, 30\n  orig: 43, 30\n  offset: 0, 0\n  index: -1\narrow\n  rotate: false\n  xy: 466, 66\n  size: 26, 15\n  orig: 26, 15\n  offset: 0, 0\n  index: -1\nbg\n  rotate: true\n  xy: 1, 1\n  size: 202, 405\n  orig: 202, 405\n  offset: 0, 0\n  index: -1\nlight\n  rotate: true\n  xy: 407, 82\n  size: 121, 115\n  orig: 121, 115\n  offset: 0, 0\n  index: -1\ntext-MC\n  rotate: false\n  xy: 407, 62\n  size: 58, 19\n  orig: 58, 19\n  offset: 0, 0\n  index: -1\n","textures":[{"__uuid__":"baa8UGqMVDXpcsEfdCQgn+"}],"textureNames":["skeleton.png"]}