[{"__type__":"cc.Prefab","_name":"ef_bullet3","data":{"__id__":1}},{"__type__":"cc.Node","_name":"ef_bullet3","_components":[{"__id__":2},{"__type__":"3a330//WeBF2b3HjqWpZzen","node":{"__id__":1},"anim":{"__id__":2},"typeBet":3}],"_prefab":{"__type__":"cc.PrefabInfo","root":{"__id__":1},"asset":{"__id__":0},"fileId":"11ZWydp+BJ/qv7uau4vG0B"},"_trs":{"__type__":"TypedArray","ctor":"Float64Array","array":[0,0,0,0,0,0,1,1,1,1]}},{"__type__":"dragonBones.ArmatureDisplay","node":{"__id__":1},"_materials":[{"__uuid__":"ecpdLyjvZBwrvm+cedCcQy"}],"_armatureName":"kyby_zidan3-hit","_preCacheMode":0,"_armatureKey":"e580462e-8df0-4cf3-aea0-31cd366c3786#e5c27c47-8c5d-4020-ae10-e70052eaa85e","_N$dragonAsset":{"__uuid__":"e5gEYujfBM866gMc02bDeG"},"_N$dragonAtlasAsset":{"__uuid__":"e5wnxHjF1AIK4Q5wBS6qhe"}}]