{"__type__":"sp.SkeletonData","_name":"icon_taixiu","_skeletonJson":{"skeleton":{"hash":"MAf6PehI+LOTjZf4RdpZNQp6iB4","spine":"3.6.52","width":215,"height":205,"images":""},"bones":[{"name":"root"},{"name":"bone","parent":"root","length":35.61,"rotation":23.29,"x":34.64,"y":10.36},{"name":"bone2","parent":"root","length":28.99,"rotation":178.36,"x":-32.64,"y":-1.55},{"name":"bone3","parent":"root","length":30.94,"rotation":105.52,"x":-11.12,"y":53.06},{"name":"bone4","parent":"root","length":19.48,"rotation":90,"x":-36.55,"y":-71.16},{"name":"bone5","parent":"root","length":23.43,"rotation":90,"x":39.35,"y":-71.49},{"name":"bone6","parent":"root","length":36.49,"rotation":45},{"name":"bone7","parent":"root","length":36.49,"rotation":-45}],"slots":[{"name":"bg_taixiu","bone":"root","attachment":"bg_taixiu"},{"name":"paperfly","bone":"bone6","color":"ffffff00","attachment":"paperfly","blend":"additive"},{"name":"paperfly2","bone":"bone7","color":"ffffff00","attachment":"paperfly","blend":"additive"},{"name":"xx1","bone":"bone3","attachment":"xx1"},{"name":"xx2","bone":"bone2","attachment":"xx2"},{"name":"xx3","bone":"bone","attachment":"xx3"},{"name":"txt_tai","bone":"bone4","attachment":"txt_tai"},{"name":"txt_xiu","bone":"bone5","attachment":"txt_xiu"}],"skins":{"default":{"bg_taixiu":{"bg_taixiu":{"width":215,"height":205}},"paperfly":{"paperfly":{"scaleX":0.3,"scaleY":0.3,"width":329,"height":125}},"paperfly2":{"paperfly":{"scaleX":0.3,"scaleY":0.3,"width":329,"height":125}},"txt_tai":{"txt_tai":{"x":17.4,"y":7.18,"rotation":-90,"width":80,"height":44}},"txt_xiu":{"txt_xiu":{"x":19.96,"y":-0.81,"rotation":-90,"width":79,"height":50}},"xx1":{"xx1":{"x":0.36,"y":1.17,"rotation":-105.52,"width":71,"height":75}},"xx2":{"xx2":{"x":3.38,"y":2.63,"rotation":-178.36,"width":89,"height":80}},"xx3":{"xx3":{"x":2.46,"y":-10.28,"rotation":-23.29,"width":97,"height":104}}}},"animations":{"animation":{"slots":{"paperfly":{"color":[{"time":0,"color":"ffffff00","curve":"stepped"},{"time":2.1,"color":"ffffff00"},{"time":3.1,"color":"ffffffff"},{"time":3.2667,"color":"ffffff00"}]},"paperfly2":{"color":[{"time":0,"color":"ffffff00","curve":"stepped"},{"time":1,"color":"ffffff00"},{"time":2,"color":"ffffffff"},{"time":2.1667,"color":"ffffff00"}]},"xx1":{"color":[{"time":0,"color":"ffffff00","curve":"stepped"},{"time":0.5,"color":"ffffff00"},{"time":0.7,"color":"ffffffff","curve":"stepped"},{"time":1.1,"color":"ffffffff","curve":"stepped"},{"time":1.5,"color":"ffffffff","curve":"stepped"},{"time":1.9,"color":"ffffffff","curve":"stepped"},{"time":2.2667,"color":"ffffffff","curve":"stepped"},{"time":2.6667,"color":"ffffffff","curve":"stepped"},{"time":3.0667,"color":"ffffffff"}]},"xx2":{"color":[{"time":0,"color":"ffffff00","curve":"stepped"},{"time":0.2,"color":"ffffff00"},{"time":0.4,"color":"ffffffff"}]},"xx3":{"color":[{"time":0,"color":"ffffff00"},{"time":0.2,"color":"ffffffff"}]}},"bones":{"bone4":{"rotate":[{"time":0,"angle":0,"curve":"stepped"},{"time":0.3333,"angle":0,"curve":"stepped"},{"time":0.6667,"angle":0,"curve":"stepped"},{"time":1,"angle":0}],"translate":[{"time":0,"x":0,"y":0},{"time":0.1667,"x":0,"y":10.24},{"time":0.3333,"x":0,"y":0},{"time":0.5,"x":0,"y":10.24},{"time":0.6667,"x":0,"y":0},{"time":0.8333,"x":0,"y":10.24},{"time":1,"x":0,"y":0}],"scale":[{"time":0,"x":1,"y":1,"curve":"stepped"},{"time":0.3333,"x":1,"y":1,"curve":"stepped"},{"time":0.6667,"x":1,"y":1,"curve":"stepped"},{"time":1,"x":1,"y":1}]},"bone5":{"rotate":[{"time":1,"angle":0,"curve":"stepped"},{"time":1.3333,"angle":0,"curve":"stepped"},{"time":1.6667,"angle":0,"curve":"stepped"},{"time":2,"angle":0}],"translate":[{"time":1,"x":0,"y":0},{"time":1.1667,"x":0,"y":9.22},{"time":1.3333,"x":0,"y":0},{"time":1.5,"x":0,"y":9.22},{"time":1.6667,"x":0,"y":0},{"time":1.8333,"x":0,"y":9.22},{"time":2,"x":0,"y":0}],"scale":[{"time":1,"x":1,"y":1,"curve":"stepped"},{"time":1.3333,"x":1,"y":1,"curve":"stepped"},{"time":1.6667,"x":1,"y":1,"curve":"stepped"},{"time":2,"x":1,"y":1}]},"bone":{"rotate":[{"time":0,"angle":0,"curve":"stepped"},{"time":0.2,"angle":0,"curve":"stepped"},{"time":0.4,"angle":0,"curve":"stepped"},{"time":0.6,"angle":0,"curve":"stepped"},{"time":0.8,"angle":0,"curve":"stepped"},{"time":1,"angle":0,"curve":"stepped"},{"time":1.2,"angle":0,"curve":"stepped"},{"time":1.4,"angle":0,"curve":"stepped"},{"time":1.6,"angle":0,"curve":"stepped"},{"time":1.8,"angle":0,"curve":"stepped"},{"time":2,"angle":0,"curve":"stepped"},{"time":2.2,"angle":0,"curve":"stepped"},{"time":2.4,"angle":0,"curve":"stepped"},{"time":2.6,"angle":0,"curve":"stepped"},{"time":2.8,"angle":0,"curve":"stepped"},{"time":3,"angle":0,"curve":"stepped"},{"time":3.2,"angle":0}],"translate":[{"time":0,"x":-21.19,"y":-5.87},{"time":0.2,"x":0,"y":0},{"time":0.4,"x":-4.24,"y":-1.17},{"time":0.6,"x":0,"y":0},{"time":0.8,"x":-4.24,"y":-1.17},{"time":1,"x":0,"y":0},{"time":1.2,"x":-4.24,"y":-1.17},{"time":1.4,"x":0,"y":0},{"time":1.6,"x":-4.24,"y":-1.17},{"time":1.8,"x":0,"y":0},{"time":2,"x":-4.24,"y":-1.17},{"time":2.2,"x":0,"y":0},{"time":2.4,"x":-4.24,"y":-1.17},{"time":2.6,"x":0,"y":0},{"time":2.8,"x":-4.24,"y":-1.17},{"time":3,"x":0,"y":0},{"time":3.2,"x":-4.24,"y":-1.17}],"scale":[{"time":0,"x":0.5,"y":0.5},{"time":0.2,"x":1,"y":1},{"time":0.4,"x":0.9,"y":0.9},{"time":0.6,"x":1,"y":1},{"time":0.8,"x":0.9,"y":0.9},{"time":1,"x":1,"y":1},{"time":1.2,"x":0.9,"y":0.9},{"time":1.4,"x":1,"y":1},{"time":1.6,"x":0.9,"y":0.9},{"time":1.8,"x":1,"y":1},{"time":2,"x":0.9,"y":0.9},{"time":2.2,"x":1,"y":1},{"time":2.4,"x":0.9,"y":0.9},{"time":2.6,"x":1,"y":1},{"time":2.8,"x":0.9,"y":0.9},{"time":3,"x":1,"y":1},{"time":3.2,"x":0.9,"y":0.9}]},"bone2":{"rotate":[{"time":0.2,"angle":0,"curve":"stepped"},{"time":0.4,"angle":0,"curve":"stepped"},{"time":0.6,"angle":0,"curve":"stepped"},{"time":0.8,"angle":0,"curve":"stepped"},{"time":1,"angle":0,"curve":"stepped"},{"time":1.2,"angle":0,"curve":"stepped"},{"time":1.4,"angle":0,"curve":"stepped"},{"time":1.6,"angle":0,"curve":"stepped"},{"time":1.8,"angle":0,"curve":"stepped"},{"time":2,"angle":0,"curve":"stepped"},{"time":2.2,"angle":0,"curve":"stepped"},{"time":2.4,"angle":0,"curve":"stepped"},{"time":2.6,"angle":0,"curve":"stepped"},{"time":2.8,"angle":0,"curve":"stepped"},{"time":3,"angle":0,"curve":"stepped"},{"time":3.2,"angle":0}],"translate":[{"time":0.2,"x":16.63,"y":0.65},{"time":0.4,"x":0,"y":0},{"time":0.6,"x":3.33,"y":0.13},{"time":0.8,"x":0,"y":0},{"time":1,"x":3.33,"y":0.13},{"time":1.2,"x":0,"y":0},{"time":1.4,"x":3.33,"y":0.13},{"time":1.6,"x":0,"y":0},{"time":1.8,"x":3.33,"y":0.13},{"time":2,"x":0,"y":0},{"time":2.2,"x":3.33,"y":0.13},{"time":2.4,"x":0,"y":0},{"time":2.6,"x":3.33,"y":0.13},{"time":2.8,"x":0,"y":0},{"time":3,"x":3.33,"y":0.13},{"time":3.2,"x":0,"y":0}],"scale":[{"time":0.2,"x":0.5,"y":0.5},{"time":0.4,"x":1,"y":1},{"time":0.6,"x":0.9,"y":0.9},{"time":0.8,"x":1,"y":1},{"time":1,"x":0.9,"y":0.9},{"time":1.2,"x":1,"y":1},{"time":1.4,"x":0.9,"y":0.9},{"time":1.6,"x":1,"y":1},{"time":1.8,"x":0.9,"y":0.9},{"time":2,"x":1,"y":1},{"time":2.2,"x":0.9,"y":0.9},{"time":2.4,"x":1,"y":1},{"time":2.6,"x":0.9,"y":0.9},{"time":2.8,"x":1,"y":1},{"time":3,"x":0.9,"y":0.9},{"time":3.2,"x":1,"y":1}]},"bone3":{"rotate":[{"time":0.5,"angle":0,"curve":"stepped"},{"time":0.7,"angle":0,"curve":"stepped"},{"time":0.9,"angle":0,"curve":"stepped"},{"time":1.1,"angle":0,"curve":"stepped"},{"time":1.3,"angle":0,"curve":"stepped"},{"time":1.5,"angle":0,"curve":"stepped"},{"time":1.7,"angle":0,"curve":"stepped"},{"time":1.9,"angle":0,"curve":"stepped"},{"time":2.1,"angle":0,"curve":"stepped"},{"time":2.2667,"angle":0,"curve":"stepped"},{"time":2.4667,"angle":0,"curve":"stepped"},{"time":2.6667,"angle":0,"curve":"stepped"},{"time":2.8667,"angle":0,"curve":"stepped"},{"time":3.0667,"angle":0,"curve":"stepped"},{"time":3.2667,"angle":0}],"translate":[{"time":0.5,"x":4.24,"y":-25.75},{"time":0.7,"x":0,"y":0},{"time":0.9,"x":0.85,"y":-5.15},{"time":1.1,"x":0,"y":0},{"time":1.3,"x":0.85,"y":-5.15},{"time":1.5,"x":0,"y":0},{"time":1.7,"x":0.85,"y":-5.15},{"time":1.9,"x":0,"y":0},{"time":2.1,"x":0.85,"y":-5.15},{"time":2.2667,"x":0,"y":0},{"time":2.4667,"x":0.85,"y":-5.15},{"time":2.6667,"x":0,"y":0},{"time":2.8667,"x":0.85,"y":-5.15},{"time":3.0667,"x":0,"y":0},{"time":3.2667,"x":0.85,"y":-5.15}],"scale":[{"time":0.5,"x":0.5,"y":0.5},{"time":0.7,"x":1,"y":1},{"time":0.9,"x":0.9,"y":0.9},{"time":1.1,"x":1,"y":1},{"time":1.3,"x":0.9,"y":0.9},{"time":1.5,"x":1,"y":1},{"time":1.7,"x":0.9,"y":0.9},{"time":1.9,"x":1,"y":1},{"time":2.1,"x":0.9,"y":0.9},{"time":2.2667,"x":1,"y":1},{"time":2.4667,"x":0.9,"y":0.9},{"time":2.6667,"x":1,"y":1},{"time":2.8667,"x":0.9,"y":0.9},{"time":3.0667,"x":1,"y":1},{"time":3.2667,"x":0.9,"y":0.9}]},"bone6":{"rotate":[{"time":2.1,"angle":0,"curve":"stepped"},{"time":3.2667,"angle":0}],"translate":[{"time":2.1,"x":0,"y":0,"curve":"stepped"},{"time":3.2667,"x":0,"y":0}],"scale":[{"time":2.1,"x":1,"y":1},{"time":3.2667,"x":2.5,"y":2.5}]},"bone7":{"rotate":[{"time":1,"angle":0,"curve":"stepped"},{"time":2.1667,"angle":0}],"translate":[{"time":1,"x":0,"y":0,"curve":"stepped"},{"time":2.1667,"x":0,"y":0}],"scale":[{"time":1,"x":1,"y":1},{"time":2.1667,"x":2.5,"y":2.5}]}}}}},"_atlasText":"\nicon_taixiu.png\nsize: 1024,256\nformat: RGBA8888\nfilter: Linear,Linear\nrepeat: none\nbg_taixiu\n  rotate: false\n  xy: 333, 28\n  size: 215, 205\n  orig: 215, 205\n  offset: 0, 0\n  index: -1\npaperfly\n  rotate: false\n  xy: 2, 108\n  size: 329, 125\n  orig: 329, 125\n  offset: 0, 0\n  index: -1\ntxt_tai\n  rotate: false\n  xy: 641, 189\n  size: 80, 44\n  orig: 80, 44\n  offset: 0, 0\n  index: -1\ntxt_xiu\n  rotate: false\n  xy: 550, 101\n  size: 79, 50\n  orig: 79, 50\n  offset: 0, 0\n  index: -1\nxx1\n  rotate: false\n  xy: 101, 31\n  size: 71, 75\n  orig: 71, 75\n  offset: 0, 0\n  index: -1\nxx2\n  rotate: false\n  xy: 550, 153\n  size: 89, 80\n  orig: 89, 80\n  offset: 0, 0\n  index: -1\nxx3\n  rotate: false\n  xy: 2, 2\n  size: 97, 104\n  orig: 97, 104\n  offset: 0, 0\n  index: -1\n","textures":[{"__uuid__":"0d1RV9HkFND5JALql3PqYa"}],"textureNames":["icon_taixiu.png"]}