{"__type__":"cc.AnimationClip","_name":"bonus","_duration":4,"curveData":{"paths":{"logo":{"props":{"scale":[{"frame":0,"value":{"__type__":"cc.Vec2","x":7,"y":7}},{"frame":0.25,"value":{"__type__":"cc.Vec2","x":1,"y":1}},{"frame":0.2833333333333333,"value":{"__type__":"cc.Vec2","x":1.4,"y":1.4}},{"frame":0.31666666666666665,"value":{"__type__":"cc.Vec2","x":1,"y":1}},{"frame":0.35,"value":{"__type__":"cc.Vec2","x":1.3,"y":1.3}},{"frame":0.38333333333333336,"value":{"__type__":"cc.Vec2","x":1,"y":1}},{"frame":0.4166666666666667,"value":{"__type__":"cc.Vec2","x":1.2,"y":1.2}},{"frame":0.45,"value":{"__type__":"cc.Vec2","x":1,"y":1}},{"frame":0.48333333333333334,"value":{"__type__":"cc.Vec2","x":1.1,"y":1.1}},{"frame":0.5166666666666667,"value":{"__type__":"cc.Vec2","x":1,"y":1}},{"frame":0.55,"value":{"__type__":"cc.Vec2","x":1.05,"y":1.05}},{"frame":0.5833333333333334,"value":{"__type__":"cc.Vec2","x":1,"y":1}},{"frame":1,"value":{"__type__":"cc.Vec2","x":1,"y":1}},{"frame":1.0833333333333333,"value":{"__type__":"cc.Vec2","x":1.1,"y":1.1}},{"frame":1.1666666666666667,"value":{"__type__":"cc.Vec2","x":1,"y":1}},{"frame":1.25,"value":{"__type__":"cc.Vec2","x":1.1,"y":1.1}},{"frame":1.3333333333333333,"value":{"__type__":"cc.Vec2","x":1,"y":1}},{"frame":1.7666666666666666,"value":{"__type__":"cc.Vec2","x":1,"y":1}},{"frame":1.85,"value":{"__type__":"cc.Vec2","x":1.1,"y":1.1}},{"frame":1.9333333333333333,"value":{"__type__":"cc.Vec2","x":1,"y":1}},{"frame":2.0166666666666666,"value":{"__type__":"cc.Vec2","x":1.1,"y":1.1}},{"frame":2.1,"value":{"__type__":"cc.Vec2","x":1,"y":1}},{"frame":2.5,"value":{"__type__":"cc.Vec2","x":1,"y":1}},{"frame":2.5833333333333335,"value":{"__type__":"cc.Vec2","x":1.1,"y":1.1}},{"frame":2.6666666666666665,"value":{"__type__":"cc.Vec2","x":1,"y":1}},{"frame":2.75,"value":{"__type__":"cc.Vec2","x":1.1,"y":1.1}},{"frame":2.8333333333333335,"value":{"__type__":"cc.Vec2","x":1,"y":1}},{"frame":3.2666666666666666,"value":{"__type__":"cc.Vec2","x":1,"y":1}},{"frame":3.35,"value":{"__type__":"cc.Vec2","x":1.1,"y":1.1}},{"frame":3.433333333333333,"value":{"__type__":"cc.Vec2","x":1,"y":1}},{"frame":3.5166666666666666,"value":{"__type__":"cc.Vec2","x":1.1,"y":1.1}},{"frame":3.6,"value":{"__type__":"cc.Vec2","x":1,"y":1}}],"opacity":[{"frame":0,"value":0},{"frame":0.25,"value":255}]}},"star1":{"props":{"active":[{"frame":0,"value":false},{"frame":0.5833333333333334,"value":true}]}},"star1/star3":{"props":{"angle":[{"frame":0.5833333333333334,"value":0},{"frame":4,"value":-5}]}},"star1/star2":{"props":{"angle":[{"frame":0.5833333333333334,"value":0},{"frame":4,"value":90}]}}}}}