{"__type__":"dragonBones.DragonBonesAtlasAsset","_name":"kyby_zidan1-hit_tex","_atlasJson":"{\"width\":1024,\"imagePath\":\"kyby_zidan1-hit_tex.png\",\"height\":1024,\"name\":\"kyby_zidan1-hit\",\"SubTexture\":[{\"frameHeight\":307,\"y\":828,\"frameX\":-80,\"width\":139,\"frameY\":0,\"height\":42,\"name\":\"出图_20\",\"frameWidth\":306,\"x\":289},{\"frameHeight\":307,\"y\":1,\"frameX\":-11,\"width\":286,\"frameY\":-11,\"height\":286,\"name\":\"出图_07\",\"frameWidth\":306,\"x\":574},{\"frameHeight\":307,\"y\":520,\"frameX\":-78,\"width\":144,\"frameY\":0,\"height\":44,\"name\":\"出图_19\",\"frameWidth\":306,\"x\":860},{\"frameHeight\":307,\"y\":599,\"frameX\":-11,\"width\":286,\"frameY\":0,\"height\":297,\"name\":\"出图_10\",\"frameWidth\":306,\"x\":1},{\"frameHeight\":307,\"y\":577,\"frameX\":-52,\"width\":215,\"frameY\":0,\"height\":271,\"name\":\"出图_13\",\"frameWidth\":306,\"x\":544},{\"frameHeight\":307,\"y\":224,\"frameX\":-79,\"width\":142,\"frameY\":0,\"height\":43,\"name\":\"出图_18\",\"frameWidth\":306,\"x\":862},{\"frameHeight\":307,\"y\":1,\"frameX\":-79,\"width\":142,\"frameY\":0,\"height\":221,\"name\":\"出图_17\",\"frameWidth\":306,\"x\":862},{\"frameHeight\":307,\"y\":289,\"frameX\":-76,\"width\":151,\"frameY\":0,\"height\":229,\"name\":\"出图_16\",\"frameWidth\":306,\"x\":860},{\"frameHeight\":307,\"y\":300,\"frameX\":-33,\"width\":253,\"frameY\":0,\"height\":289,\"name\":\"出图_12\",\"frameWidth\":306,\"x\":289},{\"frameHeight\":307,\"y\":1,\"frameX\":-11,\"width\":286,\"frameY\":0,\"height\":297,\"name\":\"出图_09\",\"frameWidth\":306,\"x\":1},{\"frameHeight\":307,\"y\":828,\"frameX\":-104,\"width\":91,\"frameY\":0,\"height\":26,\"name\":\"出图_22\",\"frameWidth\":306,\"x\":430},{\"frameHeight\":307,\"y\":577,\"frameX\":-72,\"width\":158,\"frameY\":0,\"height\":232,\"name\":\"出图_15\",\"frameWidth\":306,\"x\":761},{\"frameHeight\":307,\"y\":300,\"frameX\":-11,\"width\":286,\"frameY\":0,\"height\":297,\"name\":\"出图_08\",\"frameWidth\":306,\"x\":1},{\"frameHeight\":307,\"y\":289,\"frameX\":-13,\"width\":284,\"frameY\":-11,\"height\":286,\"name\":\"出图_06\",\"frameWidth\":306,\"x\":574},{\"frameHeight\":307,\"y\":1,\"frameX\":-14,\"width\":283,\"frameY\":0,\"height\":297,\"name\":\"出图_11\",\"frameWidth\":306,\"x\":289},{\"frameHeight\":307,\"y\":811,\"frameX\":-89,\"width\":122,\"frameY\":0,\"height\":36,\"name\":\"出图_21\",\"frameWidth\":306,\"x\":761},{\"frameHeight\":307,\"y\":591,\"frameX\":-71,\"width\":162,\"frameY\":0,\"height\":235,\"name\":\"出图_14\",\"frameWidth\":306,\"x\":289}]}","_texture":{"__uuid__":"e1QEstE05IgLLP3sN6+Hp/"},"texture":{"__uuid__":"e1QEstE05IgLLP3sN6+Hp/"}}