{"__type__":"sp.SkeletonData","_name":"icon_xocdia","_skeletonJson":{"skeleton":{"hash":"4ASm2Q3uE7Fu8xa86QycMtbjlBY","spine":"3.6.52","width":215,"height":205,"images":""},"bones":[{"name":"root"},{"name":"bone","parent":"root","length":19.66,"rotation":25.06,"x":20.21,"y":-14.55},{"name":"bone2","parent":"root","length":22.54,"rotation":168.02,"x":-14.76,"y":-9.37},{"name":"bone3","parent":"root","length":26.61,"rotation":158.72,"x":-30.94,"y":-21.29},{"name":"bone4","parent":"root","length":26.11,"rotation":1.15,"x":17.86,"y":-25.49},{"name":"bone5","parent":"root","length":34.83,"rotation":180,"x":1.58,"y":-56.3},{"name":"bone6","parent":"root","length":35.09,"x":12.94,"y":-56.3},{"name":"bone7","parent":"root","x":1.32,"y":-17.37},{"name":"bone8","parent":"root","length":26.95,"rotation":90,"x":44.41,"y":43.6,"scaleX":0.5,"scaleY":0.5},{"name":"bone9","parent":"root","length":26.95,"rotation":90,"x":-41.28,"y":19.26,"scaleX":0.7,"scaleY":0.7},{"name":"bone10","parent":"root","length":26.95,"rotation":90,"x":-16.43,"y":50.19,"scaleX":0.6,"scaleY":0.6},{"name":"bone11","parent":"root","length":26.95,"rotation":90,"x":8.41,"y":22.81,"scaleX":0.5,"scaleY":0.5},{"name":"bone12","parent":"root","length":26.95,"rotation":90,"x":69.76,"y":17.74,"scaleX":0.7,"scaleY":0.7},{"name":"bone13","parent":"root","length":26.95,"rotation":90,"x":-78.79,"y":26.36,"scaleX":0.5,"scaleY":0.5}],"slots":[{"name":"bg_xocdia","bone":"root","attachment":"bg_xocdia"},{"name":"dia","bone":"bone7","attachment":"dia"},{"name":"xd1","bone":"bone4","attachment":"xd1"},{"name":"xd2","bone":"bone3","attachment":"xd2"},{"name":"xd3","bone":"bone2","attachment":"xd3"},{"name":"xd4","bone":"bone","attachment":"xd4"},{"name":"txt_dia","bone":"bone6","attachment":"txt_dia"},{"name":"txt_xoc","bone":"bone5","attachment":"txt_xoc"},{"name":"tron","bone":"bone8","color":"ffffff00","attachment":"tron","blend":"additive"},{"name":"tron6","bone":"bone13","color":"ffffff00","attachment":"tron","blend":"additive"},{"name":"tron4","bone":"bone11","color":"ffffff00","attachment":"tron","blend":"additive"},{"name":"tron3","bone":"bone10","color":"ffffff00","attachment":"tron","blend":"additive"},{"name":"tron2","bone":"bone9","color":"ffffff00","attachment":"tron","blend":"additive"},{"name":"tron5","bone":"bone12","color":"ffffff00","attachment":"tron","blend":"additive"}],"skins":{"default":{"bg_xocdia":{"bg_xocdia":{"width":215,"height":205}},"dia":{"dia":{"x":-0.32,"y":-9.63,"width":156,"height":62}},"tron":{"tron":{"x":-1.1,"y":0.55,"rotation":-90,"width":68,"height":68}},"tron2":{"tron":{"x":-1.1,"y":0.55,"rotation":-90,"width":68,"height":68}},"tron3":{"tron":{"x":-1.1,"y":0.55,"rotation":-90,"width":68,"height":68}},"tron4":{"tron":{"x":-1.1,"y":0.55,"rotation":-90,"width":68,"height":68}},"tron5":{"tron":{"x":-1.1,"y":0.55,"rotation":-90,"width":68,"height":68}},"tron6":{"tron":{"x":-1.1,"y":0.55,"rotation":-90,"width":68,"height":68}},"txt_dia":{"txt_dia":{"x":37.71,"y":-2.88,"width":88,"height":46}},"txt_xoc":{"txt_xoc":{"x":44.75,"y":3.56,"rotation":180,"width":107,"height":48}},"xd1":{"xd1":{"x":-1.78,"y":-0.44,"rotation":-1.15,"width":36,"height":14}},"xd2":{"xd2":{"x":-0.86,"y":-0.12,"rotation":-158.72,"width":35,"height":22}},"xd3":{"xd3":{"x":-0.12,"y":2.56,"rotation":-132.18,"width":31,"height":34}},"xd4":{"xd4":{"x":-1.67,"y":0.75,"rotation":-79.29,"width":25,"height":44}}}},"animations":{"animation":{"slots":{"tron":{"color":[{"time":1.0333,"color":"ffffff00"},{"time":1.6,"color":"ffffff88"},{"time":2.1333,"color":"ffffff00"}]},"tron2":{"color":[{"time":2.4333,"color":"ffffff00"},{"time":2.9667,"color":"ffffff88"},{"time":3.5333,"color":"ffffff00"}]},"tron3":{"color":[{"time":3.2,"color":"ffffff00"},{"time":3.8,"color":"ffffff88"},{"time":4.4333,"color":"ffffff00"}]},"tron4":{"color":[{"time":0.6333,"color":"ffffff00"},{"time":1.2,"color":"ffffff88"},{"time":1.7333,"color":"ffffff00"}]},"tron5":{"color":[{"time":3.8,"color":"ffffff00"},{"time":4.3333,"color":"ffffff88"},{"time":4.9,"color":"ffffff00"}]},"tron6":{"color":[{"time":2.1667,"color":"ffffff00"},{"time":2.7333,"color":"ffffff88"},{"time":3.2667,"color":"ffffff00"}]},"txt_dia":{"color":[{"time":0,"color":"ffffff00"},{"time":0.3333,"color":"ffffffff","curve":"stepped"},{"time":0.5,"color":"ffffffff","curve":"stepped"},{"time":4.1,"color":"ffffffff"},{"time":4.6,"color":"ffffff00"}]},"txt_xoc":{"color":[{"time":0,"color":"ffffff00"},{"time":0.3333,"color":"ffffffff","curve":"stepped"},{"time":0.5,"color":"ffffffff","curve":"stepped"},{"time":4.1,"color":"ffffffff"},{"time":4.6,"color":"ffffff00"}]}},"bones":{"bone5":{"rotate":[{"time":0,"angle":0,"curve":"stepped"},{"time":0.3333,"angle":0,"curve":"stepped"},{"time":0.5,"angle":0,"curve":"stepped"},{"time":4.1,"angle":0,"curve":"stepped"},{"time":4.6,"angle":0,"curve":"stepped"},{"time":5.1,"angle":0}],"translate":[{"time":0,"x":-103.8,"y":0},{"time":0.3333,"x":0,"y":0},{"time":0.4,"x":-13.33,"y":0},{"time":0.5,"x":0,"y":0,"curve":"stepped"},{"time":4.1,"x":0,"y":0},{"time":4.6,"x":-103.8,"y":0,"curve":"stepped"},{"time":5.1,"x":-103.8,"y":0}],"scale":[{"time":0,"x":1,"y":1,"curve":"stepped"},{"time":0.3333,"x":1,"y":1,"curve":"stepped"},{"time":0.5,"x":1,"y":1,"curve":"stepped"},{"time":4.1,"x":1,"y":1,"curve":"stepped"},{"time":4.6,"x":1,"y":1,"curve":"stepped"},{"time":5.1,"x":1,"y":1}]},"root":{"rotate":[{"time":0,"angle":0,"curve":"stepped"},{"time":4.1,"angle":0}],"translate":[{"time":0,"x":0,"y":0,"curve":"stepped"},{"time":4.1,"x":0,"y":0}],"scale":[{"time":0,"x":1,"y":1,"curve":"stepped"},{"time":4.1,"x":1,"y":1}]},"bone":{"rotate":[{"time":0,"angle":0,"curve":"stepped"},{"time":0.8333,"angle":0},{"time":1,"angle":45.44,"curve":"stepped"},{"time":2.3333,"angle":45.44},{"time":3.6667,"angle":-178.1}],"translate":[{"time":0,"x":0,"y":0,"curve":"stepped"},{"time":0.8333,"x":0,"y":0},{"time":1,"x":5.61,"y":94.08},{"time":1.6667,"x":5.61,"y":99.49},{"time":2.3333,"x":5.61,"y":94.08},{"time":3.6667,"x":0,"y":0}],"scale":[{"time":0,"x":1,"y":1,"curve":"stepped"},{"time":0.8333,"x":1,"y":1,"curve":"stepped"},{"time":3.6667,"x":1,"y":1}]},"bone2":{"rotate":[{"time":0,"angle":0,"curve":"stepped"},{"time":0.8333,"angle":0},{"time":1,"angle":-26.61,"curve":"stepped"},{"time":2.3333,"angle":-26.61},{"time":3.3333,"angle":-187.55}],"translate":[{"time":0,"x":0,"y":0,"curve":"stepped"},{"time":0.8333,"x":0,"y":0},{"time":1,"x":-3.26,"y":70.15},{"time":1.6667,"x":-3.26,"y":74.48},{"time":2.3333,"x":-3.26,"y":70.15},{"time":3.3333,"x":0,"y":0}],"scale":[{"time":0,"x":1,"y":1,"curve":"stepped"},{"time":0.8333,"x":1,"y":1,"curve":"stepped"},{"time":1,"x":1,"y":1,"curve":"stepped"},{"time":2.3333,"x":1,"y":1,"curve":"stepped"},{"time":3.3333,"x":1,"y":1}]},"bone3":{"rotate":[{"time":0,"angle":0,"curve":"stepped"},{"time":0.8333,"angle":0},{"time":1,"angle":-30.19,"curve":"stepped"},{"time":2.3333,"angle":-30.19},{"time":2.6667,"angle":-180.23}],"translate":[{"time":0,"x":0,"y":0,"curve":"stepped"},{"time":0.8333,"x":0,"y":0},{"time":1,"x":-1.71,"y":33.68},{"time":1.6667,"x":-1.71,"y":40.72},{"time":2.3333,"x":-1.71,"y":33.68},{"time":2.6667,"x":0,"y":0}],"scale":[{"time":0,"x":1,"y":1,"curve":"stepped"},{"time":0.8333,"x":1,"y":1,"curve":"stepped"},{"time":1,"x":1,"y":1,"curve":"stepped"},{"time":2.3333,"x":1,"y":1,"curve":"stepped"},{"time":2.6667,"x":1,"y":1}]},"bone4":{"rotate":[{"time":0,"angle":0,"curve":"stepped"},{"time":0.8333,"angle":0},{"time":1,"angle":7.27,"curve":"stepped"},{"time":2.3333,"angle":7.27},{"time":3,"angle":176.81}],"translate":[{"time":0,"x":0,"y":0,"curve":"stepped"},{"time":0.8333,"x":0,"y":0},{"time":1,"x":26.47,"y":51.75},{"time":1.6667,"x":26.47,"y":58.79},{"time":2.3333,"x":26.47,"y":51.75},{"time":3,"x":0,"y":0}],"scale":[{"time":0,"x":1,"y":1,"curve":"stepped"},{"time":0.8333,"x":1,"y":1,"curve":"stepped"},{"time":3,"x":1,"y":1}]},"bone6":{"rotate":[{"time":0,"angle":0,"curve":"stepped"},{"time":0.3333,"angle":0,"curve":"stepped"},{"time":0.5,"angle":0,"curve":"stepped"},{"time":4.1,"angle":0,"curve":"stepped"},{"time":4.6,"angle":0,"curve":"stepped"},{"time":5.1,"angle":0}],"translate":[{"time":0,"x":87.88,"y":0},{"time":0.3333,"x":0,"y":0},{"time":0.4,"x":14.19,"y":0},{"time":0.5,"x":0,"y":0,"curve":"stepped"},{"time":4.1,"x":0,"y":0},{"time":4.6,"x":87.88,"y":0,"curve":"stepped"},{"time":5.1,"x":87.88,"y":0}],"scale":[{"time":0,"x":1,"y":1,"curve":"stepped"},{"time":0.3333,"x":1,"y":1,"curve":"stepped"},{"time":0.5,"x":1,"y":1,"curve":"stepped"},{"time":4.1,"x":1,"y":1,"curve":"stepped"},{"time":4.6,"x":1,"y":1,"curve":"stepped"},{"time":5.1,"x":1,"y":1}]},"bone7":{"rotate":[{"time":0,"angle":0,"curve":"stepped"},{"time":0.8333,"angle":0},{"time":1,"angle":15},{"time":1.1667,"angle":0},{"time":1.2667,"angle":3},{"time":1.3333,"angle":0,"curve":"stepped"},{"time":5.1,"angle":0}],"translate":[{"time":0,"x":0,"y":0,"curve":"stepped"},{"time":0.8333,"x":0,"y":0},{"time":1,"x":0,"y":26.91},{"time":1.1667,"x":0,"y":0},{"time":1.2667,"x":0,"y":5.38},{"time":1.3333,"x":0,"y":0,"curve":"stepped"},{"time":5.1,"x":0,"y":0}],"scale":[{"time":0,"x":1,"y":1,"curve":"stepped"},{"time":0.8333,"x":1,"y":1,"curve":"stepped"},{"time":1,"x":1,"y":1,"curve":"stepped"},{"time":1.1667,"x":1,"y":1,"curve":"stepped"},{"time":1.2667,"x":1,"y":1,"curve":"stepped"},{"time":1.3333,"x":1,"y":1,"curve":"stepped"},{"time":5.1,"x":1,"y":1}]},"bone8":{"rotate":[{"time":1.0333,"angle":0,"curve":"stepped"},{"time":2.1333,"angle":0}],"translate":[{"time":1.0333,"x":0,"y":0,"curve":"stepped"},{"time":2.1333,"x":0,"y":0}],"scale":[{"time":1.0333,"x":1,"y":1,"curve":"stepped"},{"time":2.1333,"x":1,"y":1}]},"bone9":{"rotate":[{"time":2.4333,"angle":0,"curve":"stepped"},{"time":3.5333,"angle":0}],"translate":[{"time":2.4333,"x":0,"y":0,"curve":"stepped"},{"time":3.5333,"x":0,"y":0}],"scale":[{"time":2.4333,"x":1,"y":1,"curve":"stepped"},{"time":3.5333,"x":1,"y":1}]},"bone10":{"rotate":[{"time":3.2,"angle":0,"curve":"stepped"},{"time":4.4333,"angle":0}],"translate":[{"time":3.2,"x":0,"y":0,"curve":"stepped"},{"time":4.4333,"x":0,"y":0}],"scale":[{"time":3.2,"x":1,"y":1,"curve":"stepped"},{"time":4.4333,"x":1,"y":1}]},"bone11":{"rotate":[{"time":0.6333,"angle":0,"curve":"stepped"},{"time":1.7333,"angle":0}],"translate":[{"time":0.6333,"x":0,"y":0,"curve":"stepped"},{"time":1.7333,"x":0,"y":0}],"scale":[{"time":0.6333,"x":1,"y":1,"curve":"stepped"},{"time":1.7333,"x":1,"y":1}]},"bone12":{"rotate":[{"time":3.8,"angle":0,"curve":"stepped"},{"time":4.9,"angle":0}],"translate":[{"time":3.8,"x":0,"y":0,"curve":"stepped"},{"time":4.9,"x":0,"y":0}],"scale":[{"time":3.8,"x":1,"y":1,"curve":"stepped"},{"time":4.9,"x":1,"y":1}]},"bone13":{"rotate":[{"time":2.1667,"angle":0,"curve":"stepped"},{"time":3.2667,"angle":0}],"translate":[{"time":2.1667,"x":0,"y":0,"curve":"stepped"},{"time":3.2667,"x":0,"y":0}],"scale":[{"time":2.1667,"x":1,"y":1,"curve":"stepped"},{"time":3.2667,"x":1,"y":1}]}}}}},"_atlasText":"\nicon_xocdia.png\nsize: 512,256\nformat: RGBA8888\nfilter: Linear,Linear\nrepeat: none\nbg_xocdia\n  rotate: false\n  xy: 2, 48\n  size: 215, 205\n  orig: 215, 205\n  offset: 0, 0\n  index: -1\ndia\n  rotate: false\n  xy: 219, 191\n  size: 156, 62\n  orig: 156, 62\n  offset: 0, 0\n  index: -1\ntron\n  rotate: false\n  xy: 219, 71\n  size: 68, 68\n  orig: 68, 68\n  offset: 0, 0\n  index: -1\ntxt_dia\n  rotate: false\n  xy: 377, 207\n  size: 88, 46\n  orig: 88, 46\n  offset: 0, 0\n  index: -1\ntxt_xoc\n  rotate: false\n  xy: 219, 141\n  size: 107, 48\n  orig: 107, 48\n  offset: 0, 0\n  index: -1\nxd1\n  rotate: false\n  xy: 219, 55\n  size: 36, 14\n  orig: 36, 14\n  offset: 0, 0\n  index: -1\nxd2\n  rotate: false\n  xy: 289, 117\n  size: 35, 22\n  orig: 35, 22\n  offset: 0, 0\n  index: -1\nxd3\n  rotate: false\n  xy: 328, 155\n  size: 31, 34\n  orig: 31, 34\n  offset: 0, 0\n  index: -1\nxd4\n  rotate: false\n  xy: 2, 2\n  size: 25, 44\n  orig: 25, 44\n  offset: 0, 0\n  index: -1\n","textures":[{"__uuid__":"a9qJ265PRIMpuve1mhBNZ8"}],"textureNames":["icon_xocdia.png"]}