{"__type__":"sp.SkeletonData","_name":"icon_poker","_skeletonJson":{"skeleton":{"hash":"t3OffX5I1tNza1FKb08SHZs76Gc","spine":"3.6.52","width":215,"height":205,"images":""},"bones":[{"name":"root"},{"name":"bone","parent":"root","length":22.75,"rotation":90,"x":-2.17,"y":-61.82,"shearX":10.93},{"name":"bone2","parent":"root","length":34.09,"rotation":90,"y":-36.4},{"name":"bone3","parent":"root","length":32.09,"rotation":90,"x":-7.56,"y":-6.93}],"slots":[{"name":"bg_poker","bone":"root","attachment":"bg_poker"},{"name":"img_poker","bone":"bone2","attachment":"img_poker"},{"name":"txt_poker","bone":"bone","attachment":"txt_poker"},{"name":"img_poker2","bone":"bone3","color":"ffffff00","attachment":"img_poker2","blend":"additive"}],"skins":{"default":{"bg_poker":{"bg_poker":{"width":215,"height":205}},"img_poker":{"img_poker":{"x":42.19,"rotation":-90,"width":175,"height":149}},"img_poker2":{"img_poker2":{"x":49.44,"y":-7.9,"rotation":-90,"width":199,"height":118}},"txt_poker":{"txt_poker":{"x":8.98,"rotation":-90,"width":170,"height":40}}}},"animations":{"animation":{"slots":{"img_poker2":{"color":[{"time":2,"color":"ffffff00"},{"time":2.6667,"color":"ffffff76"},{"time":3.3333,"color":"ffffff00"}]}},"bones":{"bone":{"rotate":[{"time":0,"angle":0,"curve":"stepped"},{"time":0.4667,"angle":0,"curve":"stepped"},{"time":0.7333,"angle":0,"curve":"stepped"},{"time":1.4667,"angle":0,"curve":"stepped"},{"time":2.6,"angle":0,"curve":"stepped"},{"time":2.8333,"angle":0,"curve":"stepped"},{"time":4,"angle":0}],"translate":[{"time":0,"x":0,"y":0},{"time":0.4667,"x":5.93,"y":0,"curve":"stepped"},{"time":0.7333,"x":5.93,"y":0},{"time":1.4667,"x":0,"y":0},{"time":2.6,"x":5.93,"y":0,"curve":"stepped"},{"time":2.8333,"x":5.93,"y":0},{"time":4,"x":0,"y":0}],"scale":[{"time":0,"x":1,"y":1,"curve":"stepped"},{"time":0.4667,"x":1,"y":1,"curve":"stepped"},{"time":0.7333,"x":1,"y":1,"curve":"stepped"},{"time":1.4667,"x":1,"y":1,"curve":"stepped"},{"time":2.6,"x":1,"y":1,"curve":"stepped"},{"time":2.8333,"x":1,"y":1,"curve":"stepped"},{"time":4,"x":1,"y":1}],"shear":[{"time":0,"x":0,"y":0},{"time":0.4667,"x":-12.56,"y":0,"curve":"stepped"},{"time":0.7333,"x":-12.56,"y":0},{"time":1.4667,"x":0,"y":0},{"time":2.6,"x":-12.56,"y":0,"curve":"stepped"},{"time":2.8333,"x":-12.56,"y":0},{"time":4,"x":0,"y":0}]},"bone2":{"rotate":[{"time":0,"angle":0,"curve":"stepped"},{"time":1,"angle":0,"curve":"stepped"},{"time":2,"angle":0}],"translate":[{"time":0,"x":0,"y":0,"curve":"stepped"},{"time":1,"x":0,"y":0,"curve":"stepped"},{"time":2,"x":0,"y":0}],"scale":[{"time":0,"x":1,"y":1},{"time":1,"x":1.057,"y":1},{"time":2,"x":1,"y":1}]},"bone3":{"rotate":[{"time":2,"angle":0}],"translate":[{"time":2,"x":0,"y":0}],"scale":[{"time":2,"x":1,"y":1},{"time":4,"x":1.3,"y":1.3}]}}}}},"_atlasText":"\nicon_poker.png\nsize: 512,256\nformat: RGBA8888\nfilter: Linear,Linear\nrepeat: none\nbg_poker\n  rotate: true\n  xy: 2, 28\n  size: 215, 205\n  orig: 215, 205\n  offset: 0, 0\n  index: -1\nimg_poker\n  rotate: true\n  xy: 209, 68\n  size: 175, 149\n  orig: 175, 149\n  offset: 0, 0\n  index: -1\nimg_poker2\n  rotate: true\n  xy: 360, 44\n  size: 199, 118\n  orig: 199, 118\n  offset: 0, 0\n  index: -1\ntxt_poker\n  rotate: false\n  xy: 209, 2\n  size: 170, 40\n  orig: 170, 40\n  offset: 0, 0\n  index: -1\n","textures":[{"__uuid__":"0fojp8YFRM045Y2EEDCz/E"}],"textureNames":["icon_poker.png"]}