{"__type__":"sp.SkeletonData","_name":"mitpandamaster","_skeletonJson":{"skins":{"default":{"che":{"che":{"width":216,"y":-147,"height":110}},"panda":{"panda":{"x":-5.19,"width":137,"y":-2.54,"height":48}},"gauthuong":{"gauthuong":{"rotation":-91.64,"x":149.69,"width":214,"y":-2.12,"height":352}},"la":{"la":{"x":7.92,"width":92,"y":-16.58,"height":89}},"matgaumeo":{"matgaumeo":{"rotation":-86.73,"x":88.95,"width":32,"y":-0.84,"height":13}},"matgauthuong":{"matgauthuong":{"rotation":-91.64,"x":284.72,"width":49,"y":-9.22,"height":20}},"gaumeo":{"gaumeo":{"rotation":-86.73,"x":63.64,"width":98,"y":8.5,"height":139}},"la2":{"la":{"scaleX":-0.842,"scaleY":0.919,"rotation":1.33,"x":-7.97,"width":92,"y":-12.04,"height":89}},"nengame":{"nengame":{"width":224,"height":409}},"master":{"master":{"x":-6.7,"width":183,"y":-1.14,"height":45}}}},"skeleton":{"images":"","width":238,"spine":"3.6.53","hash":"9atesAypjpbmiBmDADHFFibtJRk","height":423},"slots":[{"attachment":"nengame","name":"nengame","bone":"root"},{"attachment":"gaumeo","name":"gaumeo","bone":"gaumeo"},{"attachment":"gauthuong","name":"gauthuong","bone":"gauthuong"},{"attachment":"la","name":"la","bone":"la"},{"attachment":"la","name":"la2","bone":"la2"},{"attachment":"che","name":"che","bone":"root"},{"attachment":"master","name":"master","bone":"master"},{"attachment":"matgaumeo","name":"matgaumeo","bone":"gaumeo"},{"attachment":"matgauthuong","name":"matgauthuong","bone":"gauthuong"},{"attachment":"panda","name":"panda","bone":"panda"}],"bones":[{"name":"root"},{"parent":"root","rotation":86.73,"name":"gaumeo","length":53.08,"x":49.85,"y":84.98},{"parent":"root","rotation":91.64,"name":"gauthuong","length":106.02,"x":2.16,"y":-149.69},{"parent":"root","name":"la","x":-87.92,"y":14.58},{"parent":"root","name":"la2","x":74.83,"y":84.23},{"parent":"root","name":"master","x":6.7,"y":-86.86},{"parent":"root","name":"panda","x":5.19,"y":-44.46}],"animations":{"animation":{"slots":{"gauthuong":{"color":[{"color":"ffffffff","time":0}]},"matgaumeo":{"color":[{"color":"ffffff00","curve":"stepped","time":0},{"color":"ffffff00","curve":[0.265,0,0.618,0.43],"time":0.3},{"color":"ffffffff","curve":[0.351,0.4,0.757,1],"time":0.3667},{"color":"ffffff00","curve":"stepped","time":0.4333},{"color":"ffffff00","curve":[0.265,0,0.618,0.43],"time":1.3667},{"color":"ffffffff","curve":[0.351,0.4,0.757,1],"time":1.4333},{"color":"ffffff00","curve":"stepped","time":1.5},{"color":"ffffff00","time":2}]},"matgauthuong":{"color":[{"color":"ffffff00","curve":"stepped","time":0},{"color":"ffffff00","curve":[0.331,0.33,0.664,0.66],"time":0.4667},{"color":"fffffffb","curve":[0.332,0.33,0.666,0.66],"time":0.5333},{"color":"ffffff00","curve":"stepped","time":0.6},{"color":"ffffff00","curve":[0.331,0.33,0.664,0.66],"time":1.3667},{"color":"fffffffb","curve":[0.332,0.33,0.666,0.66],"time":1.4333},{"color":"ffffff00","curve":"stepped","time":1.5},{"color":"ffffff00","time":2}]}},"bones":{"panda":{"rotate":[{"curve":"stepped","angle":0,"time":0},{"angle":0,"time":2}],"shear":[{"curve":"stepped","x":0,"y":0,"time":0},{"x":0,"y":0,"time":2}],"scale":[{"curve":[0.32,0,0.654,0.34],"x":0,"y":0,"time":0},{"curve":"stepped","x":1,"y":1,"time":0.1667},{"curve":"stepped","x":1,"y":1,"time":1.8333},{"x":0,"y":0,"time":2}],"translate":[{"curve":[0.32,0,0.595,1.41],"x":0,"y":65.93,"time":0},{"curve":"stepped","x":0,"y":0,"time":0.1667},{"curve":"stepped","x":0,"y":0,"time":1.8333},{"x":0,"y":65.93,"time":2}]},"gauthuong":{"rotate":[{"curve":"stepped","angle":0,"time":0},{"curve":"stepped","angle":0,"time":1},{"angle":0,"time":2}],"shear":[{"curve":[0.276,0,0.621,0.4],"x":0,"y":0,"time":0},{"curve":[0.314,0.27,0.657,0.64],"x":-0.94,"y":0,"time":0.5},{"curve":[0.375,0.5,0.75,1],"x":0,"y":0,"time":1},{"curve":[0.314,0.27,0.657,0.64],"x":-0.94,"y":0,"time":1.5},{"x":0,"y":0,"time":2}],"scale":[{"curve":[0.276,0,0.621,0.4],"x":1,"y":1,"time":0},{"curve":[0.314,0.27,0.657,0.64],"x":1.039,"y":1,"time":0.5},{"curve":[0.375,0.5,0.75,1],"x":1,"y":1,"time":1},{"curve":[0.314,0.27,0.657,0.64],"x":1.039,"y":1,"time":1.5},{"x":1,"y":1,"time":2}],"translate":[{"curve":"stepped","x":0,"y":0,"time":0},{"curve":"stepped","x":0,"y":0,"time":1},{"x":0,"y":0,"time":2}]},"la":{"rotate":[{"curve":"stepped","angle":0,"time":0},{"curve":"stepped","angle":0,"time":1},{"angle":0,"time":2}],"shear":[{"curve":"stepped","x":0,"y":0,"time":0},{"curve":"stepped","x":0,"y":0,"time":1},{"x":0,"y":0,"time":2}],"scale":[{"curve":"stepped","x":1,"y":1,"time":0},{"curve":"stepped","x":1,"y":1,"time":1},{"x":1,"y":1,"time":2}],"translate":[{"curve":[0.328,0,0.661,0.34],"x":0,"y":0,"time":0},{"curve":[0.328,0.22,0.662,0.56],"x":-3.94,"y":0,"time":0.0333},{"curve":[0.262,0.06,0.631,0.53],"x":0,"y":0,"time":0.0667},{"curve":[0.328,0.22,0.662,0.56],"x":-3.94,"y":0,"time":0.1},{"curve":[0.262,0.06,0.631,0.53],"x":0,"y":0,"time":0.1333},{"curve":[0.328,0.22,0.662,0.56],"x":-3.94,"y":0,"time":0.1667},{"curve":[0.262,0.06,0.631,0.53],"x":0,"y":0,"time":0.2},{"curve":[0.328,0.22,0.662,0.56],"x":-3.94,"y":0,"time":0.2333},{"curve":[0.262,0.06,0.631,0.53],"x":0,"y":0,"time":0.2667},{"curve":[0.328,0.22,0.662,0.56],"x":-3.94,"y":0,"time":0.3},{"curve":[0.262,0.06,0.631,0.53],"x":0,"y":0,"time":0.3333},{"curve":[0.328,0.22,0.662,0.56],"x":-3.94,"y":0,"time":0.3667},{"curve":[0.262,0.06,0.631,0.53],"x":0,"y":0,"time":0.4},{"curve":[0.328,0.22,0.662,0.56],"x":-3.94,"y":0,"time":0.4333},{"curve":[0.262,0.06,0.631,0.53],"x":0,"y":0,"time":0.4667},{"curve":[0.328,0.22,0.662,0.56],"x":-3.94,"y":0,"time":0.5},{"curve":[0.262,0.06,0.631,0.53],"x":0,"y":0,"time":0.5333},{"curve":[0.328,0.22,0.662,0.56],"x":-3.94,"y":0,"time":0.5667},{"curve":[0.262,0.06,0.631,0.53],"x":0,"y":0,"time":0.6},{"curve":[0.328,0.22,0.662,0.56],"x":-3.94,"y":0,"time":0.6333},{"curve":[0.262,0.06,0.631,0.53],"x":0,"y":0,"time":0.6667},{"curve":[0.328,0.22,0.662,0.56],"x":-3.94,"y":0,"time":0.7},{"curve":[0.262,0.06,0.631,0.53],"x":0,"y":0,"time":0.7333},{"curve":[0.328,0.22,0.662,0.56],"x":-3.94,"y":0,"time":0.7667},{"curve":[0.262,0.06,0.631,0.53],"x":0,"y":0,"time":0.8},{"curve":[0.328,0.22,0.662,0.56],"x":-3.94,"y":0,"time":0.8333},{"curve":[0.262,0.06,0.631,0.53],"x":0,"y":0,"time":0.8667},{"curve":[0.328,0.22,0.662,0.56],"x":-3.94,"y":0,"time":0.9},{"curve":[0.262,0.06,0.631,0.53],"x":0,"y":0,"time":0.9333},{"curve":[0.328,0.22,0.662,0.56],"x":-3.94,"y":0,"time":0.9667},{"curve":[0.262,0.06,0.631,0.53],"x":0,"y":0,"time":1},{"curve":[0.328,0.22,0.662,0.56],"x":-3.94,"y":0,"time":1.0333},{"curve":[0.262,0.06,0.631,0.53],"x":0,"y":0,"time":1.0667},{"curve":[0.328,0.22,0.662,0.56],"x":-3.94,"y":0,"time":1.1},{"curve":[0.262,0.06,0.631,0.53],"x":0,"y":0,"time":1.1333},{"curve":[0.328,0.22,0.662,0.56],"x":-3.94,"y":0,"time":1.1667},{"curve":[0.262,0.06,0.631,0.53],"x":0,"y":0,"time":1.2},{"curve":[0.328,0.22,0.662,0.56],"x":-3.94,"y":0,"time":1.2333},{"curve":[0.262,0.06,0.631,0.53],"x":0,"y":0,"time":1.2667},{"curve":[0.328,0.22,0.662,0.56],"x":-3.94,"y":0,"time":1.3},{"curve":[0.262,0.06,0.631,0.53],"x":0,"y":0,"time":1.3333},{"curve":[0.328,0.22,0.662,0.56],"x":-3.94,"y":0,"time":1.3667},{"curve":[0.262,0.06,0.631,0.53],"x":0,"y":0,"time":1.4},{"curve":[0.328,0.22,0.662,0.56],"x":-3.94,"y":0,"time":1.4333},{"curve":[0.262,0.06,0.631,0.53],"x":0,"y":0,"time":1.4667},{"curve":[0.328,0.22,0.662,0.56],"x":-3.94,"y":0,"time":1.5},{"curve":[0.262,0.06,0.631,0.53],"x":0,"y":0,"time":1.5333},{"curve":[0.328,0.22,0.662,0.56],"x":-3.94,"y":0,"time":1.5667},{"curve":[0.262,0.06,0.631,0.53],"x":0,"y":0,"time":1.6},{"curve":[0.328,0.22,0.662,0.56],"x":-3.94,"y":0,"time":1.6333},{"curve":[0.262,0.06,0.631,0.53],"x":0,"y":0,"time":1.6667},{"curve":[0.328,0.22,0.662,0.56],"x":-3.94,"y":0,"time":1.7},{"curve":[0.262,0.06,0.631,0.53],"x":0,"y":0,"time":1.7333},{"curve":[0.328,0.22,0.662,0.56],"x":-3.94,"y":0,"time":1.7667},{"curve":[0.262,0.06,0.631,0.53],"x":0,"y":0,"time":1.8},{"curve":[0.328,0.22,0.662,0.56],"x":-3.94,"y":0,"time":1.8333},{"curve":[0.262,0.06,0.631,0.53],"x":0,"y":0,"time":1.8667},{"curve":[0.328,0.22,0.662,0.56],"x":-3.94,"y":0,"time":1.9},{"curve":[0.262,0.06,0.631,0.53],"x":0,"y":0,"time":1.9333},{"curve":[0.328,0.22,0.662,0.56],"x":-3.94,"y":0,"time":1.9667},{"x":0,"y":0,"time":2}]},"root":{"rotate":[{"curve":"stepped","angle":0,"time":1},{"angle":0,"time":2}],"shear":[{"curve":"stepped","x":0,"y":0,"time":1},{"x":0,"y":0,"time":2}],"scale":[{"curve":"stepped","x":1,"y":1,"time":1},{"x":1,"y":1,"time":2}],"translate":[{"curve":"stepped","x":0,"y":0,"time":1},{"x":0,"y":0,"time":2}]},"la2":{"rotate":[{"curve":"stepped","angle":0,"time":0},{"curve":"stepped","angle":0,"time":1},{"angle":0,"time":2}],"shear":[{"curve":"stepped","x":0,"y":0,"time":0},{"curve":"stepped","x":0,"y":0,"time":1},{"x":0,"y":0,"time":2}],"scale":[{"curve":"stepped","x":1,"y":1,"time":0},{"curve":"stepped","x":1,"y":1,"time":1},{"x":1,"y":1,"time":2}],"translate":[{"curve":[0.328,0.22,0.662,0.56],"x":0,"y":1.97,"time":0},{"curve":[0.328,0,0.661,0.34],"x":0,"y":0,"time":0.0333},{"curve":[0.328,0.22,0.662,0.56],"x":0,"y":1.97,"time":0.0667},{"curve":[0.262,0.06,0.631,0.53],"x":0,"y":0,"time":0.1},{"curve":[0.328,0.22,0.662,0.56],"x":0,"y":1.97,"time":0.1333},{"curve":[0.262,0.06,0.631,0.53],"x":0,"y":0,"time":0.1667},{"curve":[0.328,0.22,0.662,0.56],"x":0,"y":1.97,"time":0.2},{"curve":[0.262,0.06,0.631,0.53],"x":0,"y":0,"time":0.2333},{"curve":[0.328,0.22,0.662,0.56],"x":0,"y":1.97,"time":0.2667},{"curve":[0.262,0.06,0.631,0.53],"x":0,"y":0,"time":0.3},{"curve":[0.328,0.22,0.662,0.56],"x":0,"y":1.97,"time":0.3333},{"curve":[0.262,0.06,0.631,0.53],"x":0,"y":0,"time":0.3667},{"curve":[0.328,0.22,0.662,0.56],"x":0,"y":1.97,"time":0.4},{"curve":[0.262,0.06,0.631,0.53],"x":0,"y":0,"time":0.4333},{"curve":[0.328,0.22,0.662,0.56],"x":0,"y":1.97,"time":0.4667},{"curve":[0.262,0.06,0.631,0.53],"x":0,"y":0,"time":0.5},{"curve":[0.328,0.22,0.662,0.56],"x":0,"y":1.97,"time":0.5333},{"curve":[0.262,0.06,0.631,0.53],"x":0,"y":0,"time":0.5667},{"curve":[0.328,0.22,0.662,0.56],"x":0,"y":1.97,"time":0.6},{"curve":[0.262,0.06,0.631,0.53],"x":0,"y":0,"time":0.6333},{"curve":[0.328,0.22,0.662,0.56],"x":0,"y":1.97,"time":0.6667},{"curve":[0.262,0.06,0.631,0.53],"x":0,"y":0,"time":0.7},{"curve":[0.328,0.22,0.662,0.56],"x":0,"y":1.97,"time":0.7333},{"curve":[0.262,0.06,0.631,0.53],"x":0,"y":0,"time":0.7667},{"curve":[0.328,0.22,0.662,0.56],"x":0,"y":1.97,"time":0.8},{"curve":[0.262,0.06,0.631,0.53],"x":0,"y":0,"time":0.8333},{"curve":[0.328,0.22,0.662,0.56],"x":0,"y":1.97,"time":0.8667},{"curve":[0.262,0.06,0.631,0.53],"x":0,"y":0,"time":0.9},{"curve":[0.328,0.22,0.662,0.56],"x":0,"y":1.97,"time":0.9333},{"curve":[0.262,0.06,0.631,0.53],"x":0,"y":0,"time":0.9667},{"curve":[0.328,0.22,0.662,0.56],"x":0,"y":1.97,"time":1},{"curve":[0.262,0.06,0.631,0.53],"x":0,"y":0,"time":1.0333},{"curve":[0.328,0.22,0.662,0.56],"x":0,"y":1.97,"time":1.0667},{"curve":[0.262,0.06,0.631,0.53],"x":0,"y":0,"time":1.1},{"curve":[0.328,0.22,0.662,0.56],"x":0,"y":1.97,"time":1.1333},{"curve":[0.262,0.06,0.631,0.53],"x":0,"y":0,"time":1.1667},{"curve":[0.328,0.22,0.662,0.56],"x":0,"y":1.97,"time":1.2},{"curve":[0.262,0.06,0.631,0.53],"x":0,"y":0,"time":1.2333},{"curve":[0.328,0.22,0.662,0.56],"x":0,"y":1.97,"time":1.2667},{"curve":[0.262,0.06,0.631,0.53],"x":0,"y":0,"time":1.3},{"curve":[0.328,0.22,0.662,0.56],"x":0,"y":1.97,"time":1.3333},{"curve":[0.262,0.06,0.631,0.53],"x":0,"y":0,"time":1.3667},{"curve":[0.328,0.22,0.662,0.56],"x":0,"y":1.97,"time":1.4},{"curve":[0.262,0.06,0.631,0.53],"x":0,"y":0,"time":1.4333},{"curve":[0.328,0.22,0.662,0.56],"x":0,"y":1.97,"time":1.4667},{"curve":[0.262,0.06,0.631,0.53],"x":0,"y":0,"time":1.5},{"curve":[0.328,0.22,0.662,0.56],"x":0,"y":1.97,"time":1.5333},{"curve":[0.262,0.06,0.631,0.53],"x":0,"y":0,"time":1.5667},{"curve":[0.328,0.22,0.662,0.56],"x":0,"y":1.97,"time":1.6},{"curve":[0.262,0.06,0.631,0.53],"x":0,"y":0,"time":1.6333},{"curve":[0.328,0.22,0.662,0.56],"x":0,"y":1.97,"time":1.6667},{"curve":[0.262,0.06,0.631,0.53],"x":0,"y":0,"time":1.7},{"curve":[0.328,0.22,0.662,0.56],"x":0,"y":1.97,"time":1.7333},{"curve":[0.262,0.06,0.631,0.53],"x":0,"y":0,"time":1.7667},{"curve":[0.328,0.22,0.662,0.56],"x":0,"y":1.97,"time":1.8},{"curve":[0.262,0.06,0.631,0.53],"x":0,"y":0,"time":1.8333},{"curve":[0.328,0.22,0.662,0.56],"x":0,"y":1.97,"time":1.8667},{"curve":[0.262,0.06,0.631,0.53],"x":0,"y":0,"time":1.9},{"curve":[0.328,0.22,0.662,0.56],"x":0,"y":1.97,"time":1.9333},{"curve":[0.262,0.06,0.631,0.53],"x":0,"y":0,"time":1.9667},{"x":0,"y":1.97,"time":2}]},"gaumeo":{"rotate":[{"curve":[0.276,0,0.621,0.4],"angle":0,"time":0},{"curve":[0.314,0.27,0.657,0.64],"angle":-1.37,"time":0.5},{"curve":[0.375,0.5,0.75,1],"angle":0,"time":1},{"curve":[0.314,0.27,0.657,0.64],"angle":-1.37,"time":1.5},{"angle":0,"time":2}],"shear":[{"curve":"stepped","x":0,"y":0,"time":0},{"curve":"stepped","x":0,"y":0,"time":1},{"x":0,"y":0,"time":2}],"scale":[{"curve":[0.25,0,0.625,0.5],"x":1,"y":1,"time":0},{"curve":[0.375,0.62,0.716,1],"x":1.03,"y":1,"time":0.5},{"curve":[0.347,0.38,0.694,0.76],"x":1,"y":1,"time":1},{"curve":[0.375,0.62,0.716,1],"x":1.03,"y":1,"time":1.5},{"x":1,"y":1,"time":2}],"translate":[{"curve":[0.276,0,0.621,0.4],"x":0,"y":0,"time":0},{"curve":[0.314,0.27,0.657,0.64],"x":0,"y":3.94,"time":0.5},{"curve":[0.375,0.5,0.75,1],"x":0,"y":0,"time":1},{"curve":[0.314,0.27,0.657,0.64],"x":0,"y":3.94,"time":1.5},{"x":0,"y":0,"time":2}]},"master":{"rotate":[{"curve":"stepped","angle":0,"time":0},{"curve":"stepped","angle":0,"time":1},{"angle":0,"time":2}],"shear":[{"curve":"stepped","x":0,"y":0,"time":0},{"curve":"stepped","x":0,"y":0,"time":1},{"x":0,"y":0,"time":2}],"scale":[{"curve":[0.309,0,0.513,1.44],"x":0,"y":0,"time":0},{"curve":"stepped","x":1,"y":1,"time":0.1667},{"curve":"stepped","x":1,"y":1,"time":1},{"curve":"stepped","x":1,"y":1,"time":1.8333},{"x":0,"y":0,"time":2}],"translate":[{"curve":"stepped","x":0,"y":0,"time":0},{"curve":"stepped","x":0,"y":0,"time":1},{"x":0,"y":0,"time":2}]}}}}},"_atlasText":"\nmitpandamaster.png\nsize: 1101,228\nformat: RGBA8888\nfilter: Linear,Linear\nrepeat: none\nche\n  rotate: false\n  xy: 767, 116\n  size: 216, 110\n  orig: 216, 110\n  offset: 0, 0\n  index: -1\ngaumeo\n  rotate: true\n  xy: 767, 16\n  size: 98, 139\n  orig: 98, 139\n  offset: 0, 0\n  index: -1\ngauthuong\n  rotate: true\n  xy: 413, 12\n  size: 214, 352\n  orig: 214, 352\n  offset: 0, 0\n  index: -1\nla\n  rotate: false\n  xy: 985, 137\n  size: 92, 89\n  orig: 92, 89\n  offset: 0, 0\n  index: -1\nmaster\n  rotate: false\n  xy: 908, 19\n  size: 183, 45\n  orig: 183, 45\n  offset: 0, 0\n  index: -1\nmatgaumeo\n  rotate: false\n  xy: 985, 122\n  size: 32, 13\n  orig: 32, 13\n  offset: 0, 0\n  index: -1\nmatgauthuong\n  rotate: true\n  xy: 1079, 177\n  size: 49, 20\n  orig: 49, 20\n  offset: 0, 0\n  index: -1\nnengame\n  rotate: true\n  xy: 2, 2\n  size: 224, 409\n  orig: 224, 409\n  offset: 0, 0\n  index: -1\npanda\n  rotate: false\n  xy: 908, 66\n  size: 137, 48\n  orig: 137, 48\n  offset: 0, 0\n  index: -1\n","textures":[{"__uuid__":"09qlhJYVtLSbhXz84OYznr"}],"textureNames":["mitpandamaster.png"]}