{"__type__":"dragonBones.DragonBonesAtlasAsset","_name":"hongshanyu_shadow_tex","_atlasJson":"{\"width\":256,\"imagePath\":\"hongshanyu_shadow_tex.png\",\"height\":256,\"name\":\"hongshanyu_shadow\",\"SubTexture\":[{\"y\":165,\"frameX\":-455,\"frameHeight\":765,\"frameY\":-393,\"width\":87,\"frameWidth\":1020,\"height\":51,\"name\":\"00007\",\"x\":1},{\"y\":1,\"frameX\":-455,\"frameHeight\":765,\"frameY\":-390,\"width\":85,\"frameWidth\":1020,\"height\":53,\"name\":\"00004\",\"x\":90},{\"y\":56,\"frameX\":-455,\"frameHeight\":765,\"frameY\":-392,\"width\":86,\"frameWidth\":1020,\"height\":52,\"name\":\"00006\",\"x\":88},{\"y\":56,\"frameX\":-455,\"frameHeight\":765,\"frameY\":-391,\"width\":85,\"frameWidth\":1020,\"height\":53,\"name\":\"00005\",\"x\":1},{\"y\":110,\"frameX\":-455,\"frameHeight\":765,\"frameY\":-391,\"width\":85,\"frameWidth\":1020,\"height\":51,\"name\":\"00001\",\"x\":89},{\"y\":1,\"frameX\":-455,\"frameHeight\":765,\"frameY\":-389,\"width\":87,\"frameWidth\":1020,\"height\":53,\"name\":\"00003\",\"x\":1},{\"y\":163,\"frameX\":-455,\"frameHeight\":765,\"frameY\":-393,\"width\":86,\"frameWidth\":1020,\"height\":50,\"name\":\"00000\",\"x\":90},{\"y\":111,\"frameX\":-455,\"frameHeight\":765,\"frameY\":-390,\"width\":86,\"frameWidth\":1020,\"height\":52,\"name\":\"00002\",\"x\":1}]}","_texture":{"__uuid__":"7e8kwlANhPQqAzn9/zb0hQ"},"texture":{"__uuid__":"7e8kwlANhPQqAzn9/zb0hQ"}}