[{"__type__":"cc.SpriteFrame","content":{"name":"hu","texture":"bdWmBCaUlN8IDqGojt7OEk","rect":[451,1,119,107],"offset":[1,-1],"originalSize":[121,109],"rotated":1,"capInsets":[0,0,0,0]}},{"__type__":"cc.SpriteFrame","content":{"name":"bg_popupMiniGame","texture":"bdWmBCaUlN8IDqGojt7OEk","rect":[1,1,448,448],"offset":[0,0],"originalSize":[448,448],"capInsets":[0,0,0,0]}},{"__type__":"cc.SpriteFrame","content":{"name":"dr","texture":"bdWmBCaUlN8IDqGojt7OEk","rect":[285,451,50,50],"offset":[0,0],"originalSize":[50,50],"capInsets":[0,0,0,0]}},{"__type__":"cc.SpriteFrame","content":{"name":"util.betC","texture":"bdWmBCaUlN8IDqGojt7OEk","rect":[451,402,73,73],"offset":[0,0],"originalSize":[73,73],"capInsets":[0,0,0,0]}},{"__type__":"cc.SpriteFrame","content":{"name":"lights-off","texture":"bdWmBCaUlN8IDqGojt7OEk","rect":[171,451,50,55],"offset":[0,0],"originalSize":[50,55],"rotated":1,"capInsets":[0,0,0,0]}},{"__type__":"cc.SpriteFrame","content":{"name":"lights-on","texture":"bdWmBCaUlN8IDqGojt7OEk","rect":[228,451,50,55],"offset":[0,0],"originalSize":[50,55],"rotated":1,"capInsets":[0,0,0,0]}},{"__type__":"cc.SpriteFrame","content":{"name":"rank2","texture":"bdWmBCaUlN8IDqGojt7OEk","rect":[1,451,53,53],"offset":[0,0],"originalSize":[53,53],"capInsets":[0,0,0,0]}},{"__type__":"cc.SpriteFrame","content":{"name":"trunghu","texture":"bdWmBCaUlN8IDqGojt7OEk","rect":[451,122,119,97],"offset":[0,0],"originalSize":[119,97],"rotated":1,"capInsets":[0,0,0,0]}},{"__type__":"cc.SpriteFrame","content":{"name":"rank3","texture":"bdWmBCaUlN8IDqGojt7OEk","rect":[56,451,52,56],"offset":[0,0],"originalSize":[52,56],"rotated":1,"capInsets":[0,0,0,0]}},{"__type__":"cc.SpriteFrame","content":{"name":"util.bet","texture":"bdWmBCaUlN8IDqGojt7OEk","rect":[451,325,75,78],"offset":[0,0],"originalSize":[75,78],"rotated":1,"capInsets":[0,0,0,0]}},{"__type__":"cc.SpriteAtlas","_name":"util-mini.plist","_spriteFrames":{"bg_popupMiniGame":{"__uuid__":"1eGtjNydJDaqBoOTpMCR/V"},"dr":{"__uuid__":"1e5sd39BRP1amCnsHnEsAl"},"hu":{"__uuid__":"1bKzhT2IFL3aTv0svUFWKf"},"lights-off":{"__uuid__":"38y6XbC0pPwLd0KMTSeoUO"},"lights-on":{"__uuid__":"3eY++03ghPzpo7XiS+NU08"},"mini-game":{"__uuid__":"d85sAtjRlCIK2w4HB6clqW"},"rank1":{"__uuid__":"f8SF0FbrZD+KSTMxL/MVT4"},"rank2":{"__uuid__":"6fQ1zg9QFOBaIB+ZSOJyi8"},"rank3":{"__uuid__":"79Al9r2F5FIbgxVgdzhqwM"},"trunghu":{"__uuid__":"706ekaKGRMU4YoeHHvW6pD"},"util.bet":{"__uuid__":"87whhbkW5DXZnF0Vy/H09b"},"util.betC":{"__uuid__":"37sNk71PFO+otwvseEo7oE"}}},{"__type__":"cc.SpriteFrame","content":{"name":"mini-game","texture":"bdWmBCaUlN8IDqGojt7OEk","rect":[451,243,80,80],"offset":[0,0],"originalSize":[80,80],"capInsets":[0,0,0,0]}},{"__type__":"cc.SpriteFrame","content":{"name":"rank1","texture":"bdWmBCaUlN8IDqGojt7OEk","rect":[114,451,52,55],"offset":[0,0],"originalSize":[52,55],"rotated":1,"capInsets":[0,0,0,0]}}]