[{"__type__":"cc.SpriteFrame","content":{"name":"1","texture":"979y5GAMxGN50qXe9WQ0CP","rect":[0,0,144,117],"offset":[-0.5,2],"originalSize":[145,121],"capInsets":[0,0,0,0]}},[{"__type__":"cc.Prefab","_name":"item5","data":{"__id__":1}},{"__type__":"cc.Node","_name":"item5","_components":[{"__type__":"cc.Sprite","node":{"__id__":1},"_materials":[{"__uuid__":"ecpdLyjvZBwrvm+cedCcQy"}],"_spriteFrame":{"__uuid__":"49u8p1TRxDarSdjV1UoxGs"}}],"_prefab":{"__type__":"cc.PrefabInfo","root":{"__id__":1},"asset":{"__uuid__":"4dpNA5XTZDLYmOBgq3NzhH"},"fileId":"7f1FwxzBhLqJQyjPYSpWeL"},"_contentSize":{"__type__":"cc.Size","width":144,"height":117},"_trs":{"__type__":"TypedArray","ctor":"Float64Array","array":[0,0,0,0,0,0,1,0.8,0.8,1]}}]]