[{"__type__":"cc.SpriteFrame","content":{"name":"mini-3cay-bg-jackpot","texture":"33dK/b835JXq7sRghzHok4","rect":[0,0,309,66],"offset":[0,0],"originalSize":[309,66],"capInsets":[0,0,0,0]}},{"__type__":"cc.SpriteFrame","content":{"name":"mini-game-3-cay-2","texture":"33dK/b835JXq7sRghzHok4","rect":[0,746,645,790],"offset":[0,0],"originalSize":[645,790],"capInsets":[0,0,0,0]}},{"__type__":"cc.SpriteFrame","content":{"name":"mini-3cay-bg","texture":"33dK/b835JXq7sRghzHok4","rect":[0,274,647,472],"offset":[0,0],"originalSize":[647,472],"capInsets":[0,0,0,0]}},{"__type__":"cc.SpriteFrame","content":{"name":"mini-3cay-button-fast-spin","texture":"33dK/b835JXq7sRghzHok4","rect":[309,0,142,71],"offset":[0,0],"originalSize":[142,71],"capInsets":[0,0,0,0]}},{"__type__":"cc.SpriteFrame","content":{"name":"mini-3-cay-reel-bg","texture":"33dK/b835JXq7sRghzHok4","rect":[163,99,354,175],"offset":[0,0],"originalSize":[354,175],"capInsets":[0,0,0,0]}},{"__type__":"cc.SpriteAtlas","_name":"mini-3cay.plist","_spriteFrames":{"mini-3-cay-reel-bg":{"__uuid__":"41xeZBVTxCjJyaiPuCtk/l"},"mini-3-cay-reel-win":{"__uuid__":"dcIQznQfFBDqoXaK1wFdi9"},"mini-3cay-bg-jackpot":{"__uuid__":"0bPr1HjjFCfKARyZV6ys6S"},"mini-3cay-bg":{"__uuid__":"36nL7aEeRLNL6S+vXXTfw2"},"mini-3cay-button-auto":{"__uuid__":"63Ei+OfMZBZpKBLR2v9SbH"},"mini-3cay-button-fast-spin":{"__uuid__":"38weus9vRFNIl9uJ3lgyoP"},"mini-3cay-button-stop":{"__uuid__":"d53K7/KZdIl4Vu2dX9GEc/"},"mini-3cay-button":{"__uuid__":"fdu/CQE5BJwLIz3PAqMgee"},"mini-game-3-cay-2":{"__uuid__":"1ezACdvhRC2rNvg4KPeh0v"}}},{"__type__":"cc.SpriteFrame","content":{"name":"mini-3cay-button-auto","texture":"33dK/b835JXq7sRghzHok4","rect":[451,0,142,71],"offset":[0,0],"originalSize":[142,71],"capInsets":[0,0,0,0]}},{"__type__":"cc.SpriteFrame","content":{"name":"mini-3cay-button-stop","texture":"33dK/b835JXq7sRghzHok4","rect":[593,0,163,99],"offset":[0,0],"originalSize":[163,99],"capInsets":[0,0,0,0]}},{"__type__":"cc.SpriteFrame","content":{"name":"mini-3-cay-reel-win","texture":"33dK/b835JXq7sRghzHok4","rect":[517,99,354,175],"offset":[0,0],"originalSize":[354,175],"capInsets":[0,0,0,0]}},{"__type__":"cc.SpriteFrame","content":{"name":"mini-3cay-button","texture":"33dK/b835JXq7sRghzHok4","rect":[0,99,163,99],"offset":[0,0],"originalSize":[163,99],"capInsets":[0,0,0,0]}}]