[{"__type__":"cc.SpriteFrame","content":{"name":"gold","texture":"67N/E6ahRHaJcELVqjV9l7","rect":[273,212,34,22],"offset":[0,0],"originalSize":[34,22],"rotated":1,"capInsets":[0,0,0,0]}},{"__type__":"cc.SpriteFrame","content":{"name":"box_bonus","texture":"67N/E6ahRHaJcELVqjV9l7","rect":[403,1,111,124],"offset":[0,0],"originalSize":[111,124],"capInsets":[0,0,0,0]}},{"__type__":"cc.SpriteFrame","content":{"name":"free-spinEF","texture":"67N/E6ahRHaJcELVqjV9l7","rect":[362,1,38,144],"offset":[0,0],"originalSize":[38,144],"capInsets":[0,0,0,0]}},{"__type__":"cc.SpriteFrame","content":{"name":"wind_2","texture":"67N/E6ahRHaJcELVqjV9l7","rect":[208,1,104,150],"offset":[0,0],"originalSize":[104,150],"capInsets":[0,0,0,0]}},{"__type__":"cc.SpriteFrame","content":{"name":"light","texture":"67N/E6ahRHaJcELVqjV9l7","rect":[123,1,82,159],"offset":[0,0],"originalSize":[82,159],"capInsets":[0,0,0,0]}},{"__type__":"cc.SpriteFrame","content":{"name":"lo","texture":"67N/E6ahRHaJcELVqjV9l7","rect":[1,167,67,80],"offset":[0,2],"originalSize":[67,84],"capInsets":[0,0,0,0]}},{"__type__":"cc.SpriteFrame","content":{"name":"dap_hu2","texture":"67N/E6ahRHaJcELVqjV9l7","rect":[465,151,122,46],"offset":[0,0],"originalSize":[122,46],"capInsets":[0,0,0,0]}},[{"__type__":"cc.Prefab","_name":"icon","data":{"__id__":1}},{"__type__":"cc.Node","_name":"icon","_children":[{"__id__":2},{"__id__":5},{"__id__":11},{"__id__":24},{"__id__":31}],"_components":[{"__type__":"fcb34krtXlN66KnmT4HIAyT","node":{"__id__":1},"icon":{"__id__":4},"free":{"__id__":24},"bonus":{"__id__":5},"hu":{"__id__":11},"wind":{"__id__":31}}],"_prefab":{"__type__":"cc.PrefabInfo","root":{"__id__":1},"asset":{"__uuid__":"40P8g1oitH57K5GdDSVASR"},"fileId":"65AnIgMN9K9oKZR8AdVdQn"},"_contentSize":{"__type__":"cc.Size","width":165,"height":132},"_trs":{"__type__":"TypedArray","ctor":"Float64Array","array":[0,0,0,0,0,0,1,0.95,0.95,1]}},{"__type__":"cc.Node","_name":"icon","_parent":{"__id__":1},"_children":[{"__id__":3}],"_active":false,"_components":[{"__id__":4}],"_prefab":{"__type__":"cc.PrefabInfo","root":{"__id__":1},"asset":{"__uuid__":"40P8g1oitH57K5GdDSVASR"},"fileId":"de6mT1OnRAxKvDwLwgxW62"},"_contentSize":{"__type__":"cc.Size","width":127,"height":124},"_trs":{"__type__":"TypedArray","ctor":"Float64Array","array":[0,0,0,0,0,0,1,1,1,1]}},{"__type__":"cc.Node","_name":"skeleton","_parent":{"__id__":2},"_active":false,"_components":[{"__type__":"sp.Skeleton","node":{"__id__":3},"_materials":[{"__uuid__":"7a/QZLET9IDreTiBfRn2PD"}],"defaultAnimation":"animation","_preCacheMode":0,"premultipliedAlpha":false,"_animationName":"animation","_N$skeletonData":{"__uuid__":"4cUnCd25BKqZVVxYLT7Rve"}}],"_prefab":{"__type__":"cc.PrefabInfo","root":{"__id__":1},"asset":{"__uuid__":"40P8g1oitH57K5GdDSVASR"},"fileId":"3bkEGk9clF7ZCdYfSpO5hC"},"_contentSize":{"__type__":"cc.Size","width":89,"height":117},"_trs":{"__type__":"TypedArray","ctor":"Float64Array","array":[0,0,0,0,0,0,1,1,1,1]}},{"__type__":"cc.Sprite","node":{"__id__":2},"_materials":[{"__uuid__":"ecpdLyjvZBwrvm+cedCcQy"}],"_spriteFrame":{"__uuid__":"58T7ZiyH5Np5RVdDHeNM5R"}},{"__type__":"cc.Node","_name":"bonus","_parent":{"__id__":1},"_children":[{"__id__":6},{"__id__":9},{"__id__":10}],"_active":false,"_components":[{"__type__":"cc.Animation","node":{"__id__":5},"_enabled":false,"_defaultClip":{"__uuid__":"4e1lkzFbVHapOP4JTpw9nq"},"_clips":[{"__uuid__":"4e1lkzFbVHapOP4JTpw9nq"}],"playOnLoad":true}],"_prefab":{"__type__":"cc.PrefabInfo","root":{"__id__":1},"asset":{"__uuid__":"40P8g1oitH57K5GdDSVASR"},"fileId":"f5j5reK8hAN7GzwNWb8OTw"},"_trs":{"__type__":"TypedArray","ctor":"Float64Array","array":[0,0,0,0,0,0,1,1,1,1]}},{"__type__":"cc.Node","_name":"box_bonus","_parent":{"__id__":5},"_children":[{"__id__":7},{"__id__":8}],"_active":false,"_components":[{"__type__":"cc.Sprite","node":{"__id__":6},"_materials":[{"__uuid__":"ecpdLyjvZBwrvm+cedCcQy"}],"_spriteFrame":{"__uuid__":"0ec6WAX2NHD7aPI41Wx7DS"}}],"_prefab":{"__type__":"cc.PrefabInfo","root":{"__id__":1},"asset":{"__uuid__":"40P8g1oitH57K5GdDSVASR"},"fileId":"a38CnlzdVAB5gbqsa+iHGv"},"_contentSize":{"__type__":"cc.Size","width":111,"height":124},"_trs":{"__type__":"TypedArray","ctor":"Float64Array","array":[8,0,0,0,0,0,1,1,1,1]}},{"__type__":"cc.Node","_name":"lo","_parent":{"__id__":6},"_components":[{"__type__":"cc.Sprite","node":{"__id__":7},"_materials":[{"__uuid__":"ecpdLyjvZBwrvm+cedCcQy"}],"_spriteFrame":{"__uuid__":"3aFOK2Tx1CRLJc+UbFQDyJ"}}],"_prefab":{"__type__":"cc.PrefabInfo","root":{"__id__":1},"asset":{"__uuid__":"40P8g1oitH57K5GdDSVASR"},"fileId":"ef7dDPDk5Ow4EvnPnkhZ4V"},"_contentSize":{"__type__":"cc.Size","width":67,"height":80},"_trs":{"__type__":"TypedArray","ctor":"Float64Array","array":[0,0,0,0,0,0,1,1,1,1]}},{"__type__":"cc.Node","_name":"lo2","_parent":{"__id__":6},"_components":[{"__type__":"cc.Sprite","node":{"__id__":8},"_materials":[{"__uuid__":"ecpdLyjvZBwrvm+cedCcQy"}],"_spriteFrame":{"__uuid__":"5bP0r84blBrpGHaZiQYrgh"}}],"_prefab":{"__type__":"cc.PrefabInfo","root":{"__id__":1},"asset":{"__uuid__":"40P8g1oitH57K5GdDSVASR"},"fileId":"fcgWTsUdtD+7Y32WhxNWJd"},"_contentSize":{"__type__":"cc.Size","width":69,"height":66},"_anchorPoint":{"__type__":"cc.Vec2","x":0.85,"y":0.85},"_trs":{"__type__":"TypedArray","ctor":"Float64Array","array":[-21.3,29.6,0,0,0,0,1,1,1,1]}},{"__type__":"cc.Node","_name":"bonus","_parent":{"__id__":5},"_active":false,"_components":[{"__type__":"cc.Sprite","node":{"__id__":9},"_materials":[{"__uuid__":"ecpdLyjvZBwrvm+cedCcQy"}],"_spriteFrame":{"__uuid__":"41C9h1YgVLsbm9tJSFsGC5"}}],"_prefab":{"__type__":"cc.PrefabInfo","root":{"__id__":1},"asset":{"__uuid__":"40P8g1oitH57K5GdDSVASR"},"fileId":"37iT3bXIdNxLOT8WBqHkA6"},"_contentSize":{"__type__":"cc.Size","width":109,"height":37},"_trs":{"__type__":"TypedArray","ctor":"Float64Array","array":[0,-45,0,0,0,0,1,1,1,1]}},{"__type__":"cc.Node","_name":"skeleton","_parent":{"__id__":5},"_components":[{"__type__":"sp.Skeleton","node":{"__id__":10},"_materials":[{"__uuid__":"7a/QZLET9IDreTiBfRn2PD"}],"defaultAnimation":"animation","_preCacheMode":0,"premultipliedAlpha":false,"_animationName":"animation","_N$skeletonData":{"__uuid__":"ee8dMZ+WxG3bby/Ti0Yz7h"}}],"_prefab":{"__type__":"cc.PrefabInfo","root":{"__id__":1},"asset":{"__uuid__":"40P8g1oitH57K5GdDSVASR"},"fileId":"3fVRJ+LsNDQ5giPv8DNxDy"},"_contentSize":{"__type__":"cc.Size","width":130,"height":130},"_trs":{"__type__":"TypedArray","ctor":"Float64Array","array":[0,0,0,0,0,0,1,1,1,1]}},{"__type__":"cc.Node","_name":"hu","_parent":{"__id__":1},"_children":[{"__id__":12},{"__id__":15},{"__id__":23}],"_active":false,"_components":[{"__type__":"cc.Animation","node":{"__id__":11},"_enabled":false,"_defaultClip":{"__uuid__":"5cQnq8gTRE3qhuEdmfeeHR"},"_clips":[{"__uuid__":"5cQnq8gTRE3qhuEdmfeeHR"}],"playOnLoad":true}],"_prefab":{"__type__":"cc.PrefabInfo","root":{"__id__":1},"asset":{"__uuid__":"40P8g1oitH57K5GdDSVASR"},"fileId":"62WaWmSdZOGJdTds/hIfMc"},"_trs":{"__type__":"TypedArray","ctor":"Float64Array","array":[0,0,0,0,0,0,1,1,1,1]}},{"__type__":"cc.Node","_name":"gold1","_parent":{"__id__":11},"_children":[{"__id__":13},{"__id__":14}],"_active":false,"_components":[{"__type__":"cc.Sprite","node":{"__id__":12},"_materials":[{"__uuid__":"ecpdLyjvZBwrvm+cedCcQy"}],"_spriteFrame":{"__uuid__":"84XkXD3bNKnrRKWrfytZI2"}}],"_prefab":{"__type__":"cc.PrefabInfo","root":{"__id__":1},"asset":{"__uuid__":"40P8g1oitH57K5GdDSVASR"},"fileId":"5d+Vk52IBGSZsSr1q2xO2i"},"_contentSize":{"__type__":"cc.Size","width":102,"height":39},"_trs":{"__type__":"TypedArray","ctor":"Float64Array","array":[0.5,42.9,0,0,0,0,1,1,1,1]}},{"__type__":"cc.Node","_name":"gold2","_parent":{"__id__":12},"_components":[{"__type__":"cc.Sprite","node":{"__id__":13},"_materials":[{"__uuid__":"ecpdLyjvZBwrvm+cedCcQy"}],"_spriteFrame":{"__uuid__":"caiGQ8hPhLOYgkXIELi9Px"},"_sizeMode":0}],"_prefab":{"__type__":"cc.PrefabInfo","root":{"__id__":1},"asset":{"__uuid__":"40P8g1oitH57K5GdDSVASR"},"fileId":"c17fPVJB1KFatnnb1Uw0R2"},"_opacity":0,"_contentSize":{"__type__":"cc.Size","width":100,"height":38},"_trs":{"__type__":"TypedArray","ctor":"Float64Array","array":[-1,-0.5,0,0,0,0,1,1,1,1]}},{"__type__":"cc.Node","_name":"star","_parent":{"__id__":12},"_active":false,"_components":[{"__type__":"cc.Sprite","node":{"__id__":14},"_spriteFrame":{"__uuid__":"beMGW7JYFF24QZFpfKzv22"}}],"_prefab":{"__type__":"cc.PrefabInfo","root":{"__id__":1},"asset":{"__uuid__":"40P8g1oitH57K5GdDSVASR"},"fileId":"3a8yXr3HJHuJRLpWHP5Ekj"},"_contentSize":{"__type__":"cc.Size","width":52,"height":50},"_trs":{"__type__":"TypedArray","ctor":"Float64Array","array":[2.9,14,0,0,0,0,1,1,1,1]}},{"__type__":"cc.Node","_name":"dap_hu","_parent":{"__id__":11},"_children":[{"__id__":16},{"__id__":17},{"__id__":18},{"__id__":19},{"__id__":20},{"__id__":21}],"_active":false,"_components":[{"__type__":"cc.Sprite","node":{"__id__":15},"_materials":[{"__uuid__":"ecpdLyjvZBwrvm+cedCcQy"}],"_spriteFrame":{"__uuid__":"eaxXoaG+FIkq0UD+si0l/r"}}],"_prefab":{"__type__":"cc.PrefabInfo","root":{"__id__":1},"asset":{"__uuid__":"40P8g1oitH57K5GdDSVASR"},"fileId":"eeUhm8+phDarpWYI1tMYZv"},"_contentSize":{"__type__":"cc.Size","width":163,"height":119},"_trs":{"__type__":"TypedArray","ctor":"Float64Array","array":[0.5,10,0,0,0,0,1,1,1,1]}},{"__type__":"cc.Node","_name":"cr","_parent":{"__id__":15},"_components":[{"__type__":"cc.Sprite","node":{"__id__":16},"_materials":[{"__uuid__":"ecpdLyjvZBwrvm+cedCcQy"}],"_spriteFrame":{"__uuid__":"b4kS5pE1FAtJH4D2i8RQet"}}],"_prefab":{"__type__":"cc.PrefabInfo","root":{"__id__":1},"asset":{"__uuid__":"40P8g1oitH57K5GdDSVASR"},"fileId":"a4p5oQVPJF5omwekXI7usn"},"_contentSize":{"__type__":"cc.Size","width":55,"height":55},"_trs":{"__type__":"TypedArray","ctor":"Float64Array","array":[-2,-13,0,0,0,0,1,1,1,1]}},{"__type__":"cc.Node","_name":"gold1","_parent":{"__id__":15},"_components":[{"__type__":"cc.Sprite","node":{"__id__":17},"_materials":[{"__uuid__":"ecpdLyjvZBwrvm+cedCcQy"}],"_spriteFrame":{"__uuid__":"01Jfo4gMxLh5Psh36eZ0nx"}}],"_prefab":{"__type__":"cc.PrefabInfo","root":{"__id__":1},"asset":{"__uuid__":"40P8g1oitH57K5GdDSVASR"},"fileId":"ccw87fpyRNhrgacQG9dZEE"},"_contentSize":{"__type__":"cc.Size","width":34,"height":22},"_trs":{"__type__":"TypedArray","ctor":"Float64Array","array":[-60.6,-55.2,0,0,0,0,1,1,1,1]}},{"__type__":"cc.Node","_name":"gold2","_parent":{"__id__":15},"_components":[{"__type__":"cc.Sprite","node":{"__id__":18},"_materials":[{"__uuid__":"ecpdLyjvZBwrvm+cedCcQy"}],"_spriteFrame":{"__uuid__":"01Jfo4gMxLh5Psh36eZ0nx"}}],"_prefab":{"__type__":"cc.PrefabInfo","root":{"__id__":1},"asset":{"__uuid__":"40P8g1oitH57K5GdDSVASR"},"fileId":"a3tlqZKM1LVbJmMULVbc7f"},"_contentSize":{"__type__":"cc.Size","width":34,"height":22},"_trs":{"__type__":"TypedArray","ctor":"Float64Array","array":[-28.3,-55.6,0,0,0,0,1,1,1,1]}},{"__type__":"cc.Node","_name":"gold3","_parent":{"__id__":15},"_components":[{"__type__":"cc.Sprite","node":{"__id__":19},"_materials":[{"__uuid__":"ecpdLyjvZBwrvm+cedCcQy"}],"_spriteFrame":{"__uuid__":"01Jfo4gMxLh5Psh36eZ0nx"}}],"_prefab":{"__type__":"cc.PrefabInfo","root":{"__id__":1},"asset":{"__uuid__":"40P8g1oitH57K5GdDSVASR"},"fileId":"0748rslf5EC4SZoyTlSZfc"},"_contentSize":{"__type__":"cc.Size","width":34,"height":22},"_trs":{"__type__":"TypedArray","ctor":"Float64Array","array":[5.7,-57.5,0,0,0,0,1,1,1,1]}},{"__type__":"cc.Node","_name":"gold4","_parent":{"__id__":15},"_components":[{"__type__":"cc.Sprite","node":{"__id__":20},"_materials":[{"__uuid__":"ecpdLyjvZBwrvm+cedCcQy"}],"_spriteFrame":{"__uuid__":"01Jfo4gMxLh5Psh36eZ0nx"}}],"_prefab":{"__type__":"cc.PrefabInfo","root":{"__id__":1},"asset":{"__uuid__":"40P8g1oitH57K5GdDSVASR"},"fileId":"9bvYhbD+tDPYOlTI5N7yvT"},"_contentSize":{"__type__":"cc.Size","width":34,"height":22},"_trs":{"__type__":"TypedArray","ctor":"Float64Array","array":[55,-57,0,0,0,0,1,1,1,1]}},{"__type__":"cc.Node","_name":"dap_hu1","_parent":{"__id__":15},"_children":[{"__id__":22}],"_components":[{"__type__":"cc.Sprite","node":{"__id__":21},"_materials":[{"__uuid__":"ecpdLyjvZBwrvm+cedCcQy"}],"_spriteFrame":{"__uuid__":"8fNmDKyIFMuLTqcQWkDX7k"}}],"_prefab":{"__type__":"cc.PrefabInfo","root":{"__id__":1},"asset":{"__uuid__":"40P8g1oitH57K5GdDSVASR"},"fileId":"0fWUrRzfpDoqkLlePs1RQF"},"_contentSize":{"__type__":"cc.Size","width":122,"height":45},"_trs":{"__type__":"TypedArray","ctor":"Float64Array","array":[0,-50,0,0,0,0,1,1,1,1]}},{"__type__":"cc.Node","_name":"dap_hu2","_parent":{"__id__":21},"_components":[{"__type__":"cc.Sprite","node":{"__id__":22},"_materials":[{"__uuid__":"ecpdLyjvZBwrvm+cedCcQy"}],"_spriteFrame":{"__uuid__":"3bzg5W1W9DKaxjI+CGMETB"}}],"_prefab":{"__type__":"cc.PrefabInfo","root":{"__id__":1},"asset":{"__uuid__":"40P8g1oitH57K5GdDSVASR"},"fileId":"82Wn9RL/FOpa53FAvwMSnz"},"_opacity":0,"_contentSize":{"__type__":"cc.Size","width":122,"height":46},"_trs":{"__type__":"TypedArray","ctor":"Float64Array","array":[0,-0.5,0,0,0,0,1,1,1,1]}},{"__type__":"cc.Node","_name":"skeleton","_parent":{"__id__":11},"_components":[{"__type__":"sp.Skeleton","node":{"__id__":23},"_materials":[{"__uuid__":"7a/QZLET9IDreTiBfRn2PD"}],"defaultAnimation":"animation","_preCacheMode":0,"premultipliedAlpha":false,"_animationName":"animation","_N$skeletonData":{"__uuid__":"e6SWm8Cy1N1rJDhqu7klr9"}}],"_prefab":{"__type__":"cc.PrefabInfo","root":{"__id__":1},"asset":{"__uuid__":"40P8g1oitH57K5GdDSVASR"},"fileId":"79IODY86dJSZuLK11fk9Bd"},"_contentSize":{"__type__":"cc.Size","width":162,"height":162},"_trs":{"__type__":"TypedArray","ctor":"Float64Array","array":[0,0,0,0,0,0,1,1,1,1]}},{"__type__":"cc.Node","_name":"free","_parent":{"__id__":1},"_children":[{"__id__":25},{"__id__":26},{"__id__":27},{"__id__":28},{"__id__":30}],"_active":false,"_components":[{"__type__":"cc.Animation","node":{"__id__":24},"_enabled":false,"_defaultClip":{"__uuid__":"63hktWiYZDb5MmaFz8eFFD"},"_clips":[{"__uuid__":"63hktWiYZDb5MmaFz8eFFD"}],"playOnLoad":true}],"_prefab":{"__type__":"cc.PrefabInfo","root":{"__id__":1},"asset":{"__uuid__":"40P8g1oitH57K5GdDSVASR"},"fileId":"a7jLSiLFxFSofK65R2L8fx"},"_trs":{"__type__":"TypedArray","ctor":"Float64Array","array":[0,0,0,0,0,0,1,1,1,1]}},{"__type__":"cc.Node","_name":"icon_d2","_parent":{"__id__":24},"_active":false,"_components":[{"__type__":"cc.Sprite","node":{"__id__":25},"_materials":[{"__uuid__":"ecpdLyjvZBwrvm+cedCcQy"}],"_spriteFrame":{"__uuid__":"47Eg0DP4pB75qks/UBRW9V"}}],"_prefab":{"__type__":"cc.PrefabInfo","root":{"__id__":1},"asset":{"__uuid__":"40P8g1oitH57K5GdDSVASR"},"fileId":"0bLPVeDbdKOZ3MdFo10pqj"},"_contentSize":{"__type__":"cc.Size","width":64,"height":87},"_trs":{"__type__":"TypedArray","ctor":"Float64Array","array":[0,7,0,0,0,-0.7071067811865475,0.7071067811865476,1,1,1]},"_eulerAngles":{"__type__":"cc.Vec3","z":-90}},{"__type__":"cc.Node","_name":"icon_d1","_parent":{"__id__":24},"_active":false,"_components":[{"__type__":"cc.Sprite","node":{"__id__":26},"_materials":[{"__uuid__":"ecpdLyjvZBwrvm+cedCcQy"}],"_spriteFrame":{"__uuid__":"d394m34JFCS7yBmSt8a8qM"}}],"_prefab":{"__type__":"cc.PrefabInfo","root":{"__id__":1},"asset":{"__uuid__":"40P8g1oitH57K5GdDSVASR"},"fileId":"e6ug99EsRLY6rDVdoGSyfb"},"_contentSize":{"__type__":"cc.Size","width":102,"height":105},"_anchorPoint":{"__type__":"cc.Vec2","x":0.55,"y":0.4},"_trs":{"__type__":"TypedArray","ctor":"Float64Array","array":[0,7,0,0,0,-0.7071067811865475,0.7071067811865476,1,1,1]},"_eulerAngles":{"__type__":"cc.Vec3","z":-90}},{"__type__":"cc.Node","_name":"star","_parent":{"__id__":24},"_active":false,"_components":[{"__type__":"cc.Sprite","node":{"__id__":27},"_materials":[{"__uuid__":"ecpdLyjvZBwrvm+cedCcQy"}],"_spriteFrame":{"__uuid__":"beMGW7JYFF24QZFpfKzv22"}}],"_prefab":{"__type__":"cc.PrefabInfo","root":{"__id__":1},"asset":{"__uuid__":"40P8g1oitH57K5GdDSVASR"},"fileId":"00B0WpUhhFFoRzzdfH8gW2"},"_contentSize":{"__type__":"cc.Size","width":52,"height":50},"_trs":{"__type__":"TypedArray","ctor":"Float64Array","array":[0,0,0,0,0,0,1,1,1,1]}},{"__type__":"cc.Node","_name":"free-spin","_parent":{"__id__":24},"_children":[{"__id__":29}],"_active":false,"_components":[{"__type__":"cc.Sprite","node":{"__id__":28},"_materials":[{"__uuid__":"ecpdLyjvZBwrvm+cedCcQy"}],"_spriteFrame":{"__uuid__":"4347xStERFXoAL224HSD58"}}],"_prefab":{"__type__":"cc.PrefabInfo","root":{"__id__":1},"asset":{"__uuid__":"40P8g1oitH57K5GdDSVASR"},"fileId":"acgTCZ77xHJoi5KdZwPQX2"},"_contentSize":{"__type__":"cc.Size","width":44,"height":146},"_trs":{"__type__":"TypedArray","ctor":"Float64Array","array":[0,-39,0,0,0,-0.7071067811865475,0.7071067811865476,1,1,1]},"_eulerAngles":{"__type__":"cc.Vec3","z":-90}},{"__type__":"cc.Node","_name":"free-spinEF","_parent":{"__id__":28},"_components":[{"__type__":"cc.Sprite","node":{"__id__":29},"_materials":[{"__uuid__":"ecpdLyjvZBwrvm+cedCcQy"}],"_spriteFrame":{"__uuid__":"10ZlFVhHtCHrkqcl+Q5Bop"}}],"_prefab":{"__type__":"cc.PrefabInfo","root":{"__id__":1},"asset":{"__uuid__":"40P8g1oitH57K5GdDSVASR"},"fileId":"15RZ4C0YdJC7WGa9uJOqnV"},"_contentSize":{"__type__":"cc.Size","width":38,"height":144},"_trs":{"__type__":"TypedArray","ctor":"Float64Array","array":[2,1,0,0,0,0,1,1,1,1]}},{"__type__":"cc.Node","_name":"skeleton","_parent":{"__id__":24},"_components":[{"__type__":"sp.Skeleton","node":{"__id__":30},"_materials":[{"__uuid__":"7a/QZLET9IDreTiBfRn2PD"}],"defaultAnimation":"animation","_preCacheMode":0,"premultipliedAlpha":false,"_animationName":"animation","_N$skeletonData":{"__uuid__":"aaZ+yMVPhLdKV9yitDlrZI"}}],"_prefab":{"__type__":"cc.PrefabInfo","root":{"__id__":1},"asset":{"__uuid__":"40P8g1oitH57K5GdDSVASR"},"fileId":"96y1Yg1WFE/5UvEwbjAQts"},"_contentSize":{"__type__":"cc.Size","width":162,"height":162},"_trs":{"__type__":"TypedArray","ctor":"Float64Array","array":[0,0,0,0,0,0,1,1,1,1]}},{"__type__":"cc.Node","_name":"wind","_parent":{"__id__":1},"_children":[{"__id__":32},{"__id__":33},{"__id__":36},{"__id__":37},{"__id__":38},{"__id__":39}],"_active":false,"_components":[{"__type__":"cc.Animation","node":{"__id__":31},"_enabled":false,"_defaultClip":{"__uuid__":"6czGlUn3BEdaHSFeDa2QvP"},"_clips":[{"__uuid__":"6czGlUn3BEdaHSFeDa2QvP"}],"playOnLoad":true}],"_prefab":{"__type__":"cc.PrefabInfo","root":{"__id__":1},"asset":{"__uuid__":"40P8g1oitH57K5GdDSVASR"},"fileId":"f3BGfwAlZJOqlIJSB6whYx"},"_trs":{"__type__":"TypedArray","ctor":"Float64Array","array":[0,0,0,0,0,0,1,1,1,1]}},{"__type__":"cc.Node","_name":"wind_2","_parent":{"__id__":31},"_active":false,"_components":[{"__type__":"cc.Sprite","node":{"__id__":32},"_materials":[{"__uuid__":"ecpdLyjvZBwrvm+cedCcQy"}],"_spriteFrame":{"__uuid__":"11QyGICM9CjaxSUU5hXOzH"},"_sizeMode":0}],"_prefab":{"__type__":"cc.PrefabInfo","root":{"__id__":1},"asset":{"__uuid__":"40P8g1oitH57K5GdDSVASR"},"fileId":"b2YH6h3cRIRowxkBWo0VAN"},"_contentSize":{"__type__":"cc.Size","width":91.52,"height":132},"_trs":{"__type__":"TypedArray","ctor":"Float64Array","array":[0,0,0,0,0,0,1,1,1,1]}},{"__type__":"cc.Node","_name":"wind_1","_parent":{"__id__":31},"_children":[{"__id__":34}],"_active":false,"_components":[{"__type__":"cc.Sprite","node":{"__id__":33},"_materials":[{"__uuid__":"ecpdLyjvZBwrvm+cedCcQy"}],"_spriteFrame":{"__uuid__":"bclAM2kJtHGpwHgtWHdZtr"}}],"_prefab":{"__type__":"cc.PrefabInfo","root":{"__id__":1},"asset":{"__uuid__":"40P8g1oitH57K5GdDSVASR"},"fileId":"00AkX0yQBMRL7Z4Fr/aJcH"},"_contentSize":{"__type__":"cc.Size","width":93,"height":40},"_trs":{"__type__":"TypedArray","ctor":"Float64Array","array":[0,-45,0,0,0,0,1,1,1,1]}},{"__type__":"cc.Node","_name":"wind_1","_parent":{"__id__":33},"_children":[{"__id__":35}],"_components":[{"__type__":"cc.Mask","node":{"__id__":34},"_materials":[{"__uuid__":"ecpdLyjvZBwrvm+cedCcQy"}],"_N$alphaThreshold":0}],"_prefab":{"__type__":"cc.PrefabInfo","root":{"__id__":1},"asset":{"__uuid__":"40P8g1oitH57K5GdDSVASR"},"fileId":"4a4hizfGNOVpIz4WFQpt3X"},"_contentSize":{"__type__":"cc.Size","width":93,"height":40},"_trs":{"__type__":"TypedArray","ctor":"Float64Array","array":[0,0,0,0,0,0,1,1,1,1]}},{"__type__":"cc.Node","_name":"light","_parent":{"__id__":34},"_components":[{"__type__":"cc.Sprite","node":{"__id__":35},"_materials":[{"__uuid__":"ecpdLyjvZBwrvm+cedCcQy"}],"_spriteFrame":{"__uuid__":"19KsavVU1PgL2Rt+ymXNc1"}}],"_prefab":{"__type__":"cc.PrefabInfo","root":{"__id__":1},"asset":{"__uuid__":"40P8g1oitH57K5GdDSVASR"},"fileId":"8daQ09fZdBXZVfsCNqiKzx"},"_contentSize":{"__type__":"cc.Size","width":82,"height":159},"_trs":{"__type__":"TypedArray","ctor":"Float64Array","array":[-73,0,0,0,0,0,1,1,1,1]}},{"__type__":"cc.Node","_name":"star","_parent":{"__id__":31},"_active":false,"_components":[{"__type__":"cc.Sprite","node":{"__id__":36},"_materials":[{"__uuid__":"ecpdLyjvZBwrvm+cedCcQy"}],"_spriteFrame":{"__uuid__":"beMGW7JYFF24QZFpfKzv22"}}],"_prefab":{"__type__":"cc.PrefabInfo","root":{"__id__":1},"asset":{"__uuid__":"40P8g1oitH57K5GdDSVASR"},"fileId":"92j3SGVn9Ba4RQxuLFbtgA"},"_contentSize":{"__type__":"cc.Size","width":52,"height":50},"_trs":{"__type__":"TypedArray","ctor":"Float64Array","array":[17.7,-5.2,0,0,0,0,1,1,1,1]}},{"__type__":"cc.Node","_name":"star2","_parent":{"__id__":31},"_active":false,"_components":[{"__type__":"cc.Sprite","node":{"__id__":37},"_materials":[{"__uuid__":"ecpdLyjvZBwrvm+cedCcQy"}],"_spriteFrame":{"__uuid__":"beMGW7JYFF24QZFpfKzv22"}}],"_prefab":{"__type__":"cc.PrefabInfo","root":{"__id__":1},"asset":{"__uuid__":"40P8g1oitH57K5GdDSVASR"},"fileId":"63PlLYZh5OD76Qb5ZXlocX"},"_contentSize":{"__type__":"cc.Size","width":52,"height":50},"_trs":{"__type__":"TypedArray","ctor":"Float64Array","array":[-2.8,34.5,0,0,0,0,1,1,1,1]}},{"__type__":"cc.Node","_name":"star3","_parent":{"__id__":31},"_active":false,"_components":[{"__type__":"cc.Sprite","node":{"__id__":38},"_materials":[{"__uuid__":"ecpdLyjvZBwrvm+cedCcQy"}],"_spriteFrame":{"__uuid__":"beMGW7JYFF24QZFpfKzv22"}}],"_prefab":{"__type__":"cc.PrefabInfo","root":{"__id__":1},"asset":{"__uuid__":"40P8g1oitH57K5GdDSVASR"},"fileId":"d0CRxuv3FMa60IbVAjQwcB"},"_contentSize":{"__type__":"cc.Size","width":52,"height":50},"_trs":{"__type__":"TypedArray","ctor":"Float64Array","array":[-30.1,21,0,0,0,0,1,1,1,1]}},{"__type__":"cc.Node","_name":"skeleton","_parent":{"__id__":31},"_components":[{"__type__":"sp.Skeleton","node":{"__id__":39},"_materials":[{"__uuid__":"7a/QZLET9IDreTiBfRn2PD"}],"defaultAnimation":"animation","_preCacheMode":0,"premultipliedAlpha":false,"_animationName":"animation","_N$skeletonData":{"__uuid__":"e8cuCilZtEpqRfcJp8up2K"}}],"_prefab":{"__type__":"cc.PrefabInfo","root":{"__id__":1},"asset":{"__uuid__":"40P8g1oitH57K5GdDSVASR"},"fileId":"a0ZYs8vyRJDrsYNDKEkd+W"},"_contentSize":{"__type__":"cc.Size","width":302,"height":219},"_trs":{"__type__":"TypedArray","ctor":"Float64Array","array":[0,0,0,0,0,0,1,0.45,0.55,1]}}],{"__type__":"cc.SpriteFrame","content":{"name":"bonus","texture":"67N/E6ahRHaJcELVqjV9l7","rect":[425,128,109,37],"offset":[-1,0],"originalSize":[111,37],"rotated":1,"capInsets":[0,0,0,0]}},{"__type__":"cc.SpriteFrame","content":{"name":"free-spin","texture":"67N/E6ahRHaJcELVqjV9l7","rect":[315,1,44,146],"offset":[0,0],"originalSize":[44,146],"capInsets":[0,0,0,0]}},{"__type__":"cc.SpriteFrame","content":{"name":"icon_d2","texture":"67N/E6ahRHaJcELVqjV9l7","rect":[140,163,64,87],"offset":[0,0],"originalSize":[64,87],"rotated":1,"capInsets":[0,0,0,0]}},{"__type__":"cc.SpriteFrame","content":{"name":"icon_00","texture":"1ewkIgnydEDqRU4CMe0XG+","rect":[1427,1053,127,124],"offset":[0,0],"originalSize":[127,124],"capInsets":[0,0,0,0]}},{"__type__":"cc.SpriteFrame","content":{"name":"lo2","texture":"67N/E6ahRHaJcELVqjV9l7","rect":[71,167,69,66],"offset":[0,1],"originalSize":[69,68],"rotated":1,"capInsets":[0,0,0,0]}},{"__type__":"cc.SpriteFrame","content":{"name":"gold1","texture":"67N/E6ahRHaJcELVqjV9l7","rect":[517,109,102,39],"offset":[0,0],"originalSize":[102,39],"capInsets":[0,0,0,0]}},{"__type__":"cc.SpriteFrame","content":{"name":"dap_hu1","texture":"67N/E6ahRHaJcELVqjV9l7","rect":[465,200,122,45],"offset":[0,0],"originalSize":[122,45],"capInsets":[0,0,0,0]}},{"__type__":"cc.SpriteFrame","content":{"name":"cr","texture":"67N/E6ahRHaJcELVqjV9l7","rect":[273,154,55,55],"offset":[0,0],"originalSize":[55,55],"capInsets":[0,0,0,0]}},{"__type__":"cc.SpriteFrame","content":{"name":"wind_1","texture":"67N/E6ahRHaJcELVqjV9l7","rect":[230,154,93,40],"offset":[0,0],"originalSize":[93,40],"rotated":1,"capInsets":[0,0,0,0]}},{"__type__":"cc.SpriteFrame","content":{"name":"star","texture":"67N/E6ahRHaJcELVqjV9l7","rect":[331,150,52,50],"offset":[0,-1],"originalSize":[52,52],"rotated":1,"capInsets":[0,0,0,0]}},{"__type__":"cc.SpriteFrame","content":{"name":"gold2","texture":"67N/E6ahRHaJcELVqjV9l7","rect":[384,148,100,38],"offset":[0,0],"originalSize":[100,38],"rotated":1,"capInsets":[0,0,0,0]}},{"__type__":"cc.SpriteFrame","content":{"name":"icon_d1","texture":"67N/E6ahRHaJcELVqjV9l7","rect":[517,1,102,105],"offset":[0,-2],"originalSize":[102,109],"capInsets":[0,0,0,0]}},{"__type__":"cc.SpriteFrame","content":{"name":"dap_hu","texture":"67N/E6ahRHaJcELVqjV9l7","rect":[1,1,163,119],"offset":[0,0],"originalSize":[163,119],"rotated":1,"capInsets":[0,0,0,0]}}]