[{"__type__":"cc.SpriteFrame","content":{"name":"singleColor","texture":"a8Anh32NZGRZegUtSgEj26","rect":[0,0,2,2],"offset":[0,0],"originalSize":[2,2],"capInsets":[0,0,0,0]}},[{"__type__":"cc.Prefab","_name":"top_item","data":{"__id__":1}},{"__type__":"cc.Node","_name":"top_item","_children":[{"__id__":2},{"__id__":3},{"__id__":5},{"__id__":7},{"__id__":9},{"__id__":11}],"_components":[{"__type__":"95d5aIW7xZHfKL9yYH2NHME","node":{"__id__":1},"time":{"__id__":4},"phien":{"__id__":6},"cuoc":{"__id__":8},"line":{"__id__":10},"win":{"__id__":12}}],"_prefab":{"__type__":"cc.PrefabInfo","root":{"__id__":1},"asset":{"__uuid__":"b0mZSm9TxM96eC74tk/huh"},"fileId":"a9oqXKD5hKnooW9kwNO04+"},"_contentSize":{"__type__":"cc.Size","width":967,"height":50},"_trs":{"__type__":"TypedArray","ctor":"Float64Array","array":[0,-25,0,0,0,0,1,1,1,1]}},{"__type__":"cc.Node","_name":"singleColor","_parent":{"__id__":1},"_components":[{"__type__":"cc.Sprite","node":{"__id__":2},"_materials":[{"__uuid__":"ecpdLyjvZBwrvm+cedCcQy"}],"_spriteFrame":{"__uuid__":"41D7kWhyFGY7q4NDlzkazn"},"_sizeMode":0}],"_prefab":{"__type__":"cc.PrefabInfo","root":{"__id__":1},"asset":{"__uuid__":"b0mZSm9TxM96eC74tk/huh"},"fileId":"f2CwTvdMtKh7J+8tUxekng"},"_opacity":41,"_color":{"__type__":"cc.Color","r":206,"g":206,"b":206},"_contentSize":{"__type__":"cc.Size","width":967,"height":50},"_trs":{"__type__":"TypedArray","ctor":"Float64Array","array":[0,0,0,0,0,0,1,1,1,1]}},{"__type__":"cc.Node","_name":"time","_parent":{"__id__":1},"_components":[{"__id__":4}],"_prefab":{"__type__":"cc.PrefabInfo","root":{"__id__":1},"asset":{"__uuid__":"b0mZSm9TxM96eC74tk/huh"},"fileId":"11BVDIOLBM8ZBUEISOZcQ1"},"_color":{"__type__":"cc.Color","r":238,"g":238,"b":238},"_contentSize":{"__type__":"cc.Size","height":20},"_trs":{"__type__":"TypedArray","ctor":"Float64Array","array":[-365,0,0,0,0,0,1,1,1,1]}},{"__type__":"cc.Label","node":{"__id__":3},"_materials":[{"__uuid__":"ecpdLyjvZBwrvm+cedCcQy"}],"_useOriginalSize":false,"_fontSize":20,"_N$file":{"__uuid__":"3f/j3m06dBSKpjksQB+doY"},"_isSystemFontUsed":false,"_N$horizontalAlign":1},{"__type__":"cc.Node","_name":"Nick","_parent":{"__id__":1},"_components":[{"__id__":6}],"_prefab":{"__type__":"cc.PrefabInfo","root":{"__id__":1},"asset":{"__uuid__":"b0mZSm9TxM96eC74tk/huh"},"fileId":"e1j35ogrVBKpiYKZjLUUSj"},"_color":{"__type__":"cc.Color","r":238,"g":238,"b":238},"_contentSize":{"__type__":"cc.Size","height":20},"_trs":{"__type__":"TypedArray","ctor":"Float64Array","array":[-144,0,0,0,0,0,1,1,1,1]}},{"__type__":"cc.Label","node":{"__id__":5},"_materials":[{"__uuid__":"ecpdLyjvZBwrvm+cedCcQy"}],"_useOriginalSize":false,"_fontSize":20,"_N$file":{"__uuid__":"3f/j3m06dBSKpjksQB+doY"},"_isSystemFontUsed":false,"_N$horizontalAlign":1},{"__type__":"cc.Node","_name":"room","_parent":{"__id__":1},"_components":[{"__id__":8}],"_prefab":{"__type__":"cc.PrefabInfo","root":{"__id__":1},"asset":{"__uuid__":"b0mZSm9TxM96eC74tk/huh"},"fileId":"615aAQOYJLHqfm+bSvlmbL"},"_color":{"__type__":"cc.Color","r":255,"g":245},"_contentSize":{"__type__":"cc.Size","height":20},"_trs":{"__type__":"TypedArray","ctor":"Float64Array","array":[33,0,0,0,0,0,1,1,1,1]}},{"__type__":"cc.Label","node":{"__id__":7},"_materials":[{"__uuid__":"ecpdLyjvZBwrvm+cedCcQy"}],"_useOriginalSize":false,"_fontSize":20,"_N$file":{"__uuid__":"3f/j3m06dBSKpjksQB+doY"},"_isSystemFontUsed":false,"_N$horizontalAlign":1},{"__type__":"cc.Node","_name":"win","_parent":{"__id__":1},"_components":[{"__id__":10}],"_prefab":{"__type__":"cc.PrefabInfo","root":{"__id__":1},"asset":{"__uuid__":"b0mZSm9TxM96eC74tk/huh"},"fileId":"ee4Sh/oyhIKZub21JBobYO"},"_contentSize":{"__type__":"cc.Size","height":46.88},"_trs":{"__type__":"TypedArray","ctor":"Float64Array","array":[197,0,0,0,0,0,1,1,1,1]}},{"__type__":"cc.Label","node":{"__id__":9},"_materials":[{"__uuid__":"ecpdLyjvZBwrvm+cedCcQy"}],"_useOriginalSize":false,"_fontSize":20,"_lineHeight":75,"_N$file":{"__uuid__":"50Yq4Ym45Oiale/Gz2e9FJ"},"_isSystemFontUsed":false,"_N$horizontalAlign":1,"_N$verticalAlign":1},{"__type__":"cc.Node","_name":"type","_parent":{"__id__":1},"_components":[{"__id__":12}],"_prefab":{"__type__":"cc.PrefabInfo","root":{"__id__":1},"asset":{"__uuid__":"b0mZSm9TxM96eC74tk/huh"},"fileId":"340VxVompBfa37jbQofFP5"},"_contentSize":{"__type__":"cc.Size","height":20},"_trs":{"__type__":"TypedArray","ctor":"Float64Array","array":[377,0,0,0,0,0,1,1,1,1]}},{"__type__":"cc.Label","node":{"__id__":11},"_materials":[{"__uuid__":"ecpdLyjvZBwrvm+cedCcQy"}],"_useOriginalSize":false,"_fontSize":20,"_N$file":{"__uuid__":"3f/j3m06dBSKpjksQB+doY"},"_isSystemFontUsed":false,"_N$horizontalAlign":1,"_N$verticalAlign":1}]]