[{"__type__":"cc.SpriteFrame","content":{"name":"ph_27","texture":"64RdTDJkpOJZxln8+VJAc2","rect":[1440,552,240,184],"offset":[0,0],"originalSize":[240,184],"capInsets":[0,0,0,0]}},{"__type__":"cc.SpriteFrame","content":{"name":"ph_18","texture":"64RdTDJkpOJZxln8+VJAc2","rect":[1200,368,240,184],"offset":[0,0],"originalSize":[240,184],"capInsets":[0,0,0,0]}},{"__type__":"cc.SpriteFrame","content":{"name":"ph_31","texture":"64RdTDJkpOJZxln8+VJAc2","rect":[480,736,240,184],"offset":[0,0],"originalSize":[240,184],"capInsets":[0,0,0,0]}},{"__type__":"cc.SpriteFrame","content":{"name":"ph_10","texture":"64RdTDJkpOJZxln8+VJAc2","rect":[1200,184,240,184],"offset":[0,0],"originalSize":[240,184],"capInsets":[0,0,0,0]}},{"__type__":"cc.SpriteFrame","content":{"name":"ph_44","texture":"64RdTDJkpOJZxln8+VJAc2","rect":[1680,920,240,184],"offset":[0,0],"originalSize":[240,184],"capInsets":[0,0,0,0]}},{"__type__":"cc.SpriteFrame","content":{"name":"ph_40","texture":"64RdTDJkpOJZxln8+VJAc2","rect":[720,920,240,184],"offset":[0,0],"originalSize":[240,184],"capInsets":[0,0,0,0]}},{"__type__":"cc.SpriteFrame","content":{"name":"ph_1","texture":"64RdTDJkpOJZxln8+VJAc2","rect":[815,0,240,184],"offset":[0,0],"originalSize":[240,184],"capInsets":[0,0,0,0]}},{"__type__":"cc.SpriteFrame","content":{"name":"ph_42","texture":"64RdTDJkpOJZxln8+VJAc2","rect":[1200,920,240,184],"offset":[0,0],"originalSize":[240,184],"capInsets":[0,0,0,0]}},{"__type__":"cc.SpriteFrame","content":{"name":"ph_28","texture":"64RdTDJkpOJZxln8+VJAc2","rect":[1680,552,240,184],"offset":[0,0],"originalSize":[240,184],"capInsets":[0,0,0,0]}},{"__type__":"cc.SpriteFrame","content":{"name":"ph_36","texture":"64RdTDJkpOJZxln8+VJAc2","rect":[1680,736,240,184],"offset":[0,0],"originalSize":[240,184],"capInsets":[0,0,0,0]}},{"__type__":"cc.SpriteFrame","content":{"name":"ph_4","texture":"64RdTDJkpOJZxln8+VJAc2","rect":[1535,0,240,184],"offset":[0,0],"originalSize":[240,184],"capInsets":[0,0,0,0]}},{"__type__":"cc.SpriteFrame","content":{"name":"ph_3","texture":"64RdTDJkpOJZxln8+VJAc2","rect":[1295,0,240,184],"offset":[0,0],"originalSize":[240,184],"capInsets":[0,0,0,0]}},{"__type__":"cc.SpriteFrame","content":{"name":"ph_16","texture":"64RdTDJkpOJZxln8+VJAc2","rect":[720,368,240,184],"offset":[0,0],"originalSize":[240,184],"capInsets":[0,0,0,0]}},{"__type__":"cc.SpriteFrame","content":{"name":"ph_15","texture":"64RdTDJkpOJZxln8+VJAc2","rect":[480,368,240,184],"offset":[0,0],"originalSize":[240,184],"capInsets":[0,0,0,0]}},{"__type__":"cc.SpriteFrame","content":{"name":"ph_12","texture":"64RdTDJkpOJZxln8+VJAc2","rect":[1680,184,240,184],"offset":[0,0],"originalSize":[240,184],"capInsets":[0,0,0,0]}},{"__type__":"cc.SpriteFrame","content":{"name":"ph_41","texture":"64RdTDJkpOJZxln8+VJAc2","rect":[960,920,240,184],"offset":[0,0],"originalSize":[240,184],"capInsets":[0,0,0,0]}},{"__type__":"cc.SpriteFrame","content":{"name":"ph_23","texture":"64RdTDJkpOJZxln8+VJAc2","rect":[480,552,240,184],"offset":[0,0],"originalSize":[240,184],"capInsets":[0,0,0,0]}},{"__type__":"cc.SpriteFrame","content":{"name":"ph_21","texture":"64RdTDJkpOJZxln8+VJAc2","rect":[0,552,240,184],"offset":[0,0],"originalSize":[240,184],"capInsets":[0,0,0,0]}},{"__type__":"cc.SpriteFrame","content":{"name":"ph_34","texture":"64RdTDJkpOJZxln8+VJAc2","rect":[1200,736,240,184],"offset":[0,0],"originalSize":[240,184],"capInsets":[0,0,0,0]}},{"__type__":"cc.SpriteFrame","content":{"name":"ph_20","texture":"64RdTDJkpOJZxln8+VJAc2","rect":[1680,368,240,184],"offset":[0,0],"originalSize":[240,184],"capInsets":[0,0,0,0]}},{"__type__":"cc.SpriteFrame","content":{"name":"ph_43","texture":"64RdTDJkpOJZxln8+VJAc2","rect":[1440,920,240,184],"offset":[0,0],"originalSize":[240,184],"capInsets":[0,0,0,0]}},{"__type__":"cc.SpriteFrame","content":{"name":"ph_9","texture":"64RdTDJkpOJZxln8+VJAc2","rect":[960,184,240,184],"offset":[0,0],"originalSize":[240,184],"capInsets":[0,0,0,0]}},{"__type__":"cc.SpriteFrame","content":{"name":"ph_33","texture":"64RdTDJkpOJZxln8+VJAc2","rect":[960,736,240,184],"offset":[0,0],"originalSize":[240,184],"capInsets":[0,0,0,0]}},{"__type__":"cc.SpriteFrame","content":{"name":"ph_13","texture":"64RdTDJkpOJZxln8+VJAc2","rect":[0,368,240,184],"offset":[0,0],"originalSize":[240,184],"capInsets":[0,0,0,0]}},{"__type__":"cc.SpriteFrame","content":{"name":"hunohu","texture":"64RdTDJkpOJZxln8+VJAc2","rect":[464,0,111,92],"offset":[0,0],"originalSize":[111,92],"capInsets":[0,0,0,0]}},{"__type__":"cc.SpriteFrame","content":{"name":"ph_14","texture":"64RdTDJkpOJZxln8+VJAc2","rect":[240,368,240,184],"offset":[0,0],"originalSize":[240,184],"capInsets":[0,0,0,0]}},{"__type__":"cc.SpriteFrame","content":{"name":"ph_39","texture":"64RdTDJkpOJZxln8+VJAc2","rect":[480,920,240,184],"offset":[0,0],"originalSize":[240,184],"capInsets":[0,0,0,0]}},{"__type__":"cc.SpriteFrame","content":{"name":"ph_22","texture":"64RdTDJkpOJZxln8+VJAc2","rect":[240,552,240,184],"offset":[0,0],"originalSize":[240,184],"capInsets":[0,0,0,0]}},{"__type__":"cc.SpriteFrame","content":{"name":"ph_29","texture":"64RdTDJkpOJZxln8+VJAc2","rect":[0,736,240,184],"offset":[0,0],"originalSize":[240,184],"capInsets":[0,0,0,0]}},{"__type__":"cc.SpriteFrame","content":{"name":"ph_25","texture":"64RdTDJkpOJZxln8+VJAc2","rect":[960,552,240,184],"offset":[0,0],"originalSize":[240,184],"capInsets":[0,0,0,0]}},{"__type__":"cc.SpriteFrame","content":{"name":"ph_19","texture":"64RdTDJkpOJZxln8+VJAc2","rect":[1440,368,240,184],"offset":[0,0],"originalSize":[240,184],"capInsets":[0,0,0,0]}},{"__type__":"cc.SpriteFrame","content":{"name":"ph_17","texture":"64RdTDJkpOJZxln8+VJAc2","rect":[960,368,240,184],"offset":[0,0],"originalSize":[240,184],"capInsets":[0,0,0,0]}},{"__type__":"cc.SpriteFrame","content":{"name":"ph_30","texture":"64RdTDJkpOJZxln8+VJAc2","rect":[240,736,240,184],"offset":[0,0],"originalSize":[240,184],"capInsets":[0,0,0,0]}},{"__type__":"cc.SpriteFrame","content":{"name":"bgnohu","texture":"64RdTDJkpOJZxln8+VJAc2","rect":[0,0,322,80],"offset":[0,0],"originalSize":[322,80],"capInsets":[0,0,0,0]}},{"__type__":"cc.SpriteFrame","content":{"name":"ph_24","texture":"64RdTDJkpOJZxln8+VJAc2","rect":[720,552,240,184],"offset":[0,0],"originalSize":[240,184],"capInsets":[0,0,0,0]}},{"__type__":"cc.SpriteFrame","content":{"name":"ph_5","texture":"64RdTDJkpOJZxln8+VJAc2","rect":[0,184,240,184],"offset":[0,0],"originalSize":[240,184],"capInsets":[0,0,0,0]}},{"__type__":"cc.SpriteFrame","content":{"name":"flare","texture":"64RdTDJkpOJZxln8+VJAc2","rect":[322,0,142,135],"offset":[0,0],"originalSize":[142,135],"capInsets":[0,0,0,0]}},{"__type__":"cc.SpriteFrame","content":{"name":"ph_37","texture":"64RdTDJkpOJZxln8+VJAc2","rect":[0,920,240,184],"offset":[0,0],"originalSize":[240,184],"capInsets":[0,0,0,0]}},{"__type__":"cc.SpriteFrame","content":{"name":"ph_38","texture":"64RdTDJkpOJZxln8+VJAc2","rect":[240,920,240,184],"offset":[0,0],"originalSize":[240,184],"capInsets":[0,0,0,0]}},{"__type__":"cc.SpriteFrame","content":{"name":"ph_7","texture":"64RdTDJkpOJZxln8+VJAc2","rect":[480,184,240,184],"offset":[0,0],"originalSize":[240,184],"capInsets":[0,0,0,0]}},{"__type__":"cc.SpriteFrame","content":{"name":"ph_2","texture":"64RdTDJkpOJZxln8+VJAc2","rect":[1055,0,240,184],"offset":[0,0],"originalSize":[240,184],"capInsets":[0,0,0,0]}},{"__type__":"cc.SpriteAtlas","_name":"phaohoa_jackpot.png.plist","_spriteFrames":{"bgnohu":{"__uuid__":"a7Xlyt+hZE+5mpQ5QcAUiZ"},"flare":{"__uuid__":"b33ZDTgWtAnZZ+Ji2XSfs9"},"hunohu":{"__uuid__":"7bxefyryFPSZfZ5XM27XVm"},"ph_0":{"__uuid__":"f3l8kMBzZIVIApdoKqTXna"},"ph_1":{"__uuid__":"20+cp5KTlL6bZN06wcE5wI"},"ph_10":{"__uuid__":"16ppY4YIxFiLSr8VvQBg1W"},"ph_11":{"__uuid__":"f8j3RO9OxH+q6rk9y9mqGO"},"ph_12":{"__uuid__":"4aRklgiYZOSp+ykHlltUft"},"ph_13":{"__uuid__":"7bo9aolFZGQoPZlZn/SlMr"},"ph_14":{"__uuid__":"7fYS4LfHlK/KMqLUAs/6C8"},"ph_15":{"__uuid__":"49P/hgxu1G6Kuii7QDx8Uj"},"ph_16":{"__uuid__":"43g2/CatVFLY7oErwKlVBC"},"ph_17":{"__uuid__":"97ARMMrTVJxZJBD3hB8BNK"},"ph_18":{"__uuid__":"0akul7MPBNq4mChI8rz8D8"},"ph_19":{"__uuid__":"92/Xu6GkFElaCGLlqrdXAL"},"ph_2":{"__uuid__":"d4h6reV9dEdag8DN3GwI8e"},"ph_20":{"__uuid__":"6529HYPOJDspXlimOm30Zz"},"ph_21":{"__uuid__":"53iS8zb6hKVKDjqEF1TzOJ"},"ph_22":{"__uuid__":"8dZSfTY/NOqqW7Q7gv7YPx"},"ph_23":{"__uuid__":"52L0GmmtZI45RnUBQ1Vw3k"},"ph_24":{"__uuid__":"aeKumGrxRLB51obhoIIRME"},"ph_25":{"__uuid__":"90O0LJUd9GJY1wbfOv60+S"},"ph_26":{"__uuid__":"f2iazhRRlHu7itLPfcI63n"},"ph_27":{"__uuid__":"00xUZCBjhA7743o+Jwgr1T"},"ph_28":{"__uuid__":"29KZiAcGJAY6xoRCWqrUZY"},"ph_29":{"__uuid__":"8dgTOmdfhM2Z3FjxAOwxn3"},"ph_3":{"__uuid__":"405whNhjZFTqLIh9TjGQHr"},"ph_30":{"__uuid__":"9aK+LhCU5AyJYJALXzprcE"},"ph_31":{"__uuid__":"0cDjmMKYVCopAT3wILe+rS"},"ph_32":{"__uuid__":"deysPSErBHYrrIaOo2R+0C"},"ph_33":{"__uuid__":"7ba3+zuEtLT6CSi7BybcrW"},"ph_34":{"__uuid__":"5cVbNY8UFFoanxVXjNoyA+"},"ph_35":{"__uuid__":"d71dJnwApMUp+am8TXmgoN"},"ph_36":{"__uuid__":"2cZcPFjEVKZpO7lfn4Ds4K"},"ph_37":{"__uuid__":"b5IVbUmyZCXYBFG37SEreU"},"ph_38":{"__uuid__":"ceCZyRiARHyY6Lfj+On98s"},"ph_39":{"__uuid__":"87Jf3FyqNH67BJcKrfR6pR"},"ph_4":{"__uuid__":"385ZqgGqZH8pPtMMd/3iYu"},"ph_40":{"__uuid__":"1fevS9Dz5OwZm/zuWDXK3k"},"ph_41":{"__uuid__":"51dSmoaV9PjqLSp9XxTBLW"},"ph_42":{"__uuid__":"234H0DPVBHioLeIfIVH5HP"},"ph_43":{"__uuid__":"6f/ldXJNNALYwJNNgkb89y"},"ph_44":{"__uuid__":"1fUSeV1BVJs6I2cgvyGYxW"},"ph_5":{"__uuid__":"b0v0D+QapHOY06HwDyr4p4"},"ph_6":{"__uuid__":"dfe4xaXVtJyJfdvL1iEYo6"},"ph_7":{"__uuid__":"d3qC0UdkhGurzzfG8S2Sqy"},"ph_8":{"__uuid__":"f4PTqJxxdPnqYaWDvj7/1Y"},"ph_9":{"__uuid__":"7aYLKB4OlN8qzJbjGQji8f"}}},{"__type__":"cc.SpriteFrame","content":{"name":"ph_35","texture":"64RdTDJkpOJZxln8+VJAc2","rect":[1440,736,240,184],"offset":[0,0],"originalSize":[240,184],"capInsets":[0,0,0,0]}},{"__type__":"cc.SpriteFrame","content":{"name":"ph_32","texture":"64RdTDJkpOJZxln8+VJAc2","rect":[720,736,240,184],"offset":[0,0],"originalSize":[240,184],"capInsets":[0,0,0,0]}},{"__type__":"cc.SpriteFrame","content":{"name":"ph_6","texture":"64RdTDJkpOJZxln8+VJAc2","rect":[240,184,240,184],"offset":[0,0],"originalSize":[240,184],"capInsets":[0,0,0,0]}},{"__type__":"cc.SpriteFrame","content":{"name":"ph_26","texture":"64RdTDJkpOJZxln8+VJAc2","rect":[1200,552,240,184],"offset":[0,0],"originalSize":[240,184],"capInsets":[0,0,0,0]}},{"__type__":"cc.SpriteFrame","content":{"name":"ph_0","texture":"64RdTDJkpOJZxln8+VJAc2","rect":[575,0,240,184],"offset":[0,0],"originalSize":[240,184],"capInsets":[0,0,0,0]}},{"__type__":"cc.SpriteFrame","content":{"name":"ph_8","texture":"64RdTDJkpOJZxln8+VJAc2","rect":[720,184,240,184],"offset":[0,0],"originalSize":[240,184],"capInsets":[0,0,0,0]}},{"__type__":"cc.SpriteFrame","content":{"name":"ph_11","texture":"64RdTDJkpOJZxln8+VJAc2","rect":[1440,184,240,184],"offset":[0,0],"originalSize":[240,184],"capInsets":[0,0,0,0]}}]