{"__type__":"dragonBones.DragonBonesAsset","_name":"longliyu_ske","_dragonBonesJson":"{\"frameRate\":24,\"name\":\"longliyu\",\"version\":\"5.5\",\"compatibleVersion\":\"5.5\",\"armature\":[{\"type\":\"Sheet\",\"frameRate\":24,\"name\":\"longliyu\",\"aabb\":{\"x\":-524,\"y\":-400.5,\"width\":1020,\"height\":765},\"bone\":[{\"name\":\"root\"}],\"slot\":[{\"displayIndex\":11,\"name\":\"sheetSlot\",\"parent\":\"root\"}],\"skin\":[{\"slot\":[{\"name\":\"sheetSlot\",\"display\":[{\"name\":\"kyby_lly_01\",\"transform\":{\"x\":-14,\"y\":-18}},{\"name\":\"kyby_lly_02\",\"transform\":{\"x\":-14,\"y\":-18}},{\"name\":\"kyby_lly_03\",\"transform\":{\"x\":-14,\"y\":-18}},{\"name\":\"kyby_lly_04\",\"transform\":{\"x\":-14,\"y\":-18}},{\"name\":\"kyby_lly_05\",\"transform\":{\"x\":-14,\"y\":-18}},{\"name\":\"kyby_lly_06\",\"transform\":{\"x\":-14,\"y\":-18}},{\"name\":\"kyby_lly_07\",\"transform\":{\"x\":-14,\"y\":-18}},{\"name\":\"kyby_lly_08\",\"transform\":{\"x\":-14,\"y\":-18}},{\"name\":\"kyby_lly_09\",\"transform\":{\"x\":-14,\"y\":-18}},{\"name\":\"kyby_lly_10\",\"transform\":{\"x\":-14,\"y\":-18}},{\"name\":\"kyby_lly_11\",\"transform\":{\"x\":-14,\"y\":-18}},{\"name\":\"kyby_lly_12\",\"transform\":{\"x\":-14,\"y\":-18}},{\"name\":\"kyby_lly_13\",\"transform\":{\"x\":-14,\"y\":-18}},{\"name\":\"kyby_lly_14\",\"transform\":{\"x\":-14,\"y\":-18}}]}]}],\"animation\":[{\"duration\":14,\"playTimes\":0,\"name\":\"longliyu\",\"slot\":[{\"name\":\"sheetSlot\",\"displayFrame\":[{},{\"value\":1},{\"value\":2},{\"value\":3},{\"value\":4},{\"value\":5},{\"value\":6},{\"value\":7},{\"value\":8},{\"value\":9},{\"value\":10},{\"value\":11},{\"value\":12},{\"value\":13}]}]}],\"defaultActions\":[{\"gotoAndPlay\":\"longliyu\"}]}]}"}