[{"__type__":"cc.SpriteAtlas","_name":"muiten.plist","_spriteFrames":{"btn_phai":{"__uuid__":"affo+k0INLPpTutUWGDBCW"},"btn_trai":{"__uuid__":"5eJ0bBkvxOhYof+p959drG"}}},{"__type__":"cc.SpriteFrame","content":{"name":"btn_trai","texture":"feuZH2uh1EN71Yg74nXCAb","rect":[1,71,45,68],"offset":[0,0],"originalSize":[45,68],"capInsets":[0,0,0,0]}},{"__type__":"cc.SpriteFrame","content":{"name":"btn_phai","texture":"feuZH2uh1EN71Yg74nXCAb","rect":[1,1,45,68],"offset":[0,0],"originalSize":[45,68],"capInsets":[0,0,0,0]}}]