[{"__type__":"cc.SpriteFrame","content":{"name":"i2","texture":"eczQaNm1BMt5MS/TpO5tBv","rect":[26,1,59,73],"offset":[0,0],"originalSize":[59,73],"capInsets":[0,0,0,0]}},{"__type__":"cc.SpriteFrame","content":{"name":"i4","texture":"eczQaNm1BMt5MS/TpO5tBv","rect":[177,69,56,34],"offset":[0,0],"originalSize":[56,34],"rotated":1,"capInsets":[0,0,0,0]}},{"__type__":"cc.SpriteFrame","content":{"name":"i1","texture":"eczQaNm1BMt5MS/TpO5tBv","rect":[87,1,61,71],"offset":[0,0],"originalSize":[61,71],"capInsets":[0,0,0,0]}},{"__type__":"cc.SpriteFrame","content":{"name":"i11","texture":"eczQaNm1BMt5MS/TpO5tBv","rect":[290,54,13,14],"offset":[0,0],"originalSize":[13,14],"rotated":1,"capInsets":[0,0,0,0]}},{"__type__":"cc.SpriteFrame","content":{"name":"i22","texture":"eczQaNm1BMt5MS/TpO5tBv","rect":[1,97,64,30],"offset":[0,0],"originalSize":[64,30],"capInsets":[0,0,0,0]}},{"__type__":"cc.SpriteFrame","content":{"name":"i23","texture":"eczQaNm1BMt5MS/TpO5tBv","rect":[320,54,47,45],"offset":[0,0],"originalSize":[47,45],"rotated":1,"capInsets":[0,0,0,0]}},{"__type__":"cc.SpriteFrame","content":{"name":"i15","texture":"eczQaNm1BMt5MS/TpO5tBv","rect":[290,1,37,51],"offset":[0,0],"originalSize":[37,51],"capInsets":[0,0,0,0]}},{"__type__":"cc.SpriteFrame","content":{"name":"i9","texture":"eczQaNm1BMt5MS/TpO5tBv","rect":[378,87,25,28],"offset":[0,0],"originalSize":[25,28],"capInsets":[0,0,0,0]}},{"__type__":"cc.SpriteFrame","content":{"name":"i3","texture":"eczQaNm1BMt5MS/TpO5tBv","rect":[26,76,34,19],"offset":[0,0],"originalSize":[34,19],"capInsets":[0,0,0,0]}},{"__type__":"cc.SpriteFrame","content":{"name":"i18","texture":"eczQaNm1BMt5MS/TpO5tBv","rect":[252,1,62,36],"offset":[0,0],"originalSize":[62,36],"rotated":1,"capInsets":[0,0,0,0]}},{"__type__":"cc.SpriteFrame","content":{"name":"i12","texture":"eczQaNm1BMt5MS/TpO5tBv","rect":[306,54,7,11],"offset":[0,0],"originalSize":[7,11],"capInsets":[0,0,0,0]}},{"__type__":"cc.SpriteAtlas","_name":"icon_hu.plist","_spriteFrames":{"hu":{"__uuid__":"e8OjdU83lAeb76w5lcNx4M"},"i1":{"__uuid__":"27P4ASFLZIE7VGQoBpc5mA"},"i10":{"__uuid__":"79/6AqQhJLabfXwDfN7KXD"},"i11":{"__uuid__":"2d71W9ZS1FMZIPZEz1NSqG"},"i12":{"__uuid__":"46dbG2+4lKKYwUYMuZRWF+"},"i13":{"__uuid__":"f11PuGZhZE/ZB8z0x7CMc0"},"i14":{"__uuid__":"92RjhJAUBDIZpmDP4kmSN+"},"i15":{"__uuid__":"35SuaMFZFJG6BWtwQ4RtSM"},"i16":{"__uuid__":"d7IuQEEbJGrLRGC7biDxA7"},"i17":{"__uuid__":"72nL4geWpB8K8zVDgff4XV"},"i18":{"__uuid__":"41W6Afd5xJIqjDbOg1mDhb"},"i19":{"__uuid__":"bbpo1dU2lIuLe1sQ+jFpWu"},"i2":{"__uuid__":"1fwA9XDtJJFqMc1ID7WqEu"},"i20":{"__uuid__":"87ZP6qzBROKLeum1wdPorD"},"i21":{"__uuid__":"e2xZyhQM9N/qt3GRqb/2qs"},"i22":{"__uuid__":"33thAB7NFJQo25DHV8Ym+r"},"i23":{"__uuid__":"3473gf3mRNQ56iLYave5vY"},"i3":{"__uuid__":"40ZvVR21ZJGZMM61/Aa/4t"},"i4":{"__uuid__":"231SYgU11KOaVfSfetqKLq"},"i5":{"__uuid__":"84Yd0OKzVNOYhMM5xsYe9b"},"i6":{"__uuid__":"c10f1dHiRAiqrnzJPAngTI"},"i7":{"__uuid__":"b1pJBCCpxIvY7N2NVq2ggD"},"i8":{"__uuid__":"f1dLn+ngpJnpjbNHO/Shxm"},"i9":{"__uuid__":"3cynk0yl5AjrR3eOJKCv00"}}},{"__type__":"cc.SpriteFrame","content":{"name":"i17","texture":"eczQaNm1BMt5MS/TpO5tBv","rect":[67,76,48,51],"offset":[0,0],"originalSize":[48,51],"capInsets":[0,0,0,0]}},{"__type__":"cc.SpriteFrame","content":{"name":"i10","texture":"eczQaNm1BMt5MS/TpO5tBv","rect":[320,103,20,28],"offset":[0,0],"originalSize":[20,28],"rotated":1,"capInsets":[0,0,0,0]}},{"__type__":"cc.SpriteFrame","content":{"name":"i5","texture":"eczQaNm1BMt5MS/TpO5tBv","rect":[150,1,59,66],"offset":[0,0],"originalSize":[59,66],"capInsets":[0,0,0,0]}},{"__type__":"cc.SpriteFrame","content":{"name":"i20","texture":"eczQaNm1BMt5MS/TpO5tBv","rect":[292,69,51,26],"offset":[0,0],"originalSize":[51,26],"rotated":1,"capInsets":[0,0,0,0]}},{"__type__":"cc.SpriteFrame","content":{"name":"i14","texture":"eczQaNm1BMt5MS/TpO5tBv","rect":[240,69,52,50],"offset":[0,0],"originalSize":[52,50],"rotated":1,"capInsets":[0,0,0,0]}},{"__type__":"cc.SpriteFrame","content":{"name":"i7","texture":"eczQaNm1BMt5MS/TpO5tBv","rect":[117,74,58,53],"offset":[0,0],"originalSize":[58,53],"capInsets":[0,0,0,0]}},{"__type__":"cc.SpriteFrame","content":{"name":"i19","texture":"eczQaNm1BMt5MS/TpO5tBv","rect":[329,1,46,29],"offset":[0,0],"originalSize":[46,29],"rotated":1,"capInsets":[0,0,0,0]}},{"__type__":"cc.SpriteFrame","content":{"name":"i6","texture":"eczQaNm1BMt5MS/TpO5tBv","rect":[360,1,37,42],"offset":[0,0],"originalSize":[37,42],"capInsets":[0,0,0,0]}},{"__type__":"cc.SpriteFrame","content":{"name":"i16","texture":"eczQaNm1BMt5MS/TpO5tBv","rect":[211,1,66,39],"offset":[0,0],"originalSize":[66,39],"rotated":1,"capInsets":[0,0,0,0]}},{"__type__":"cc.SpriteFrame","content":{"name":"i21","texture":"eczQaNm1BMt5MS/TpO5tBv","rect":[367,45,40,37],"offset":[0,0],"originalSize":[40,37],"rotated":1,"capInsets":[0,0,0,0]}},{"__type__":"cc.SpriteFrame","content":{"name":"hu","texture":"eczQaNm1BMt5MS/TpO5tBv","rect":[1,1,94,23],"offset":[0,0],"originalSize":[94,23],"rotated":1,"capInsets":[0,0,0,0]}},{"__type__":"cc.SpriteFrame","content":{"name":"i8","texture":"eczQaNm1BMt5MS/TpO5tBv","rect":[213,69,54,25],"offset":[0,0],"originalSize":[54,25],"rotated":1,"capInsets":[0,0,0,0]}},{"__type__":"cc.SpriteFrame","content":{"name":"i13","texture":"eczQaNm1BMt5MS/TpO5tBv","rect":[350,103,26,16],"offset":[0,0],"originalSize":[26,16],"capInsets":[0,0,0,0]}}]