[{"__type__":"cc.Prefab","_name":"bonus","data":{"__id__":1}},{"__type__":"cc.Node","_name":"bonus","_components":[{"__type__":"sp.Skeleton","node":{"__id__":1},"_materials":[{"__uuid__":"7a/QZLET9IDreTiBfRn2PD"}],"defaultAnimation":"animation","_preCacheMode":0,"premultipliedAlpha":false,"_animationName":"animation","_N$skeletonData":{"__uuid__":"44w8kGSbhD1bdtcJDEa5Qr"}}],"_prefab":{"__type__":"cc.PrefabInfo","root":{"__id__":1},"asset":{"__uuid__":"3ceg1BFQZAtIWHbFJfpHIu"},"fileId":"69HIoZgrpNqo+QsVv1ljJE"},"_contentSize":{"__type__":"cc.Size","width":139,"height":131.06},"_trs":{"__type__":"TypedArray","ctor":"Float64Array","array":[0,0,0,0,0,0,1,0.8,0.8,1]}}]