{"__type__":"dragonBones.DragonBonesAtlasAsset","_name":"gamehall_effect_touch_tex","_atlasJson":"{\"width\":513,\"imagePath\":\"gamehall_effect_touch_tex.png\",\"SubTexture\":[{\"width\":48,\"y\":116,\"height\":47,\"name\":\"guangyun\",\"x\":263},{\"frameWidth\":57,\"y\":208,\"frameHeight\":54,\"width\":25,\"frameX\":-15,\"height\":24,\"name\":\"huase0004\",\"frameY\":-12,\"x\":352},{\"frameWidth\":57,\"y\":171,\"frameHeight\":54,\"width\":37,\"frameX\":-9,\"height\":37,\"name\":\"huase0006\",\"frameY\":-7,\"x\":313},{\"frameWidth\":57,\"y\":181,\"frameHeight\":54,\"width\":30,\"frameX\":-11,\"height\":28,\"name\":\"huase0002\",\"frameY\":-10,\"x\":165},{\"frameWidth\":57,\"y\":171,\"frameHeight\":54,\"width\":39,\"frameX\":-8,\"height\":35,\"name\":\"huase0005\",\"frameY\":-7,\"x\":352},{\"frameWidth\":57,\"y\":175,\"frameHeight\":54,\"width\":30,\"frameX\":-11,\"height\":32,\"name\":\"huase0007\",\"frameY\":-8,\"x\":10},{\"frameWidth\":57,\"y\":181,\"frameHeight\":54,\"width\":30,\"frameX\":-11,\"height\":28,\"name\":\"huase0003\",\"frameY\":-11,\"x\":197},{\"frameWidth\":57,\"y\":181,\"frameHeight\":54,\"width\":24,\"frameX\":-15,\"height\":23,\"name\":\"huase0001\",\"frameY\":-13,\"x\":245},{\"frameWidth\":57,\"y\":165,\"frameHeight\":54,\"width\":40,\"frameX\":-10,\"height\":38,\"name\":\"huase0008\",\"frameY\":-9,\"x\":271},{\"width\":114,\"y\":1,\"height\":114,\"name\":\"quan0002\",\"x\":117},{\"width\":114,\"y\":1,\"height\":114,\"name\":\"quan0001\",\"x\":1},{\"frameWidth\":141,\"y\":114,\"frameHeight\":130,\"width\":52,\"frameX\":-84,\"height\":124,\"name\":\"xian10009\",\"frameY\":-1,\"x\":431},{\"frameWidth\":141,\"y\":211,\"frameHeight\":130,\"width\":6,\"frameX\":-130,\"height\":38,\"name\":\"xian10003\",\"frameY\":-87,\"x\":135},{\"frameWidth\":141,\"y\":114,\"frameHeight\":130,\"width\":13,\"frameX\":-123,\"height\":124,\"name\":\"xian10008\",\"frameY\":-1,\"x\":485},{\"frameWidth\":141,\"y\":218,\"frameHeight\":130,\"width\":7,\"frameX\":-2,\"height\":5,\"name\":\"xian10020\",\"frameY\":-1,\"x\":323},{\"frameWidth\":141,\"y\":218,\"frameHeight\":130,\"width\":6,\"frameX\":-130,\"height\":15,\"name\":\"xian10002\",\"frameY\":-110,\"x\":315},{\"frameWidth\":141,\"y\":204,\"frameHeight\":130,\"width\":106,\"frameX\":-1,\"height\":5,\"name\":\"xian10015\",\"frameY\":-1,\"x\":42},{\"frameWidth\":141,\"y\":218,\"frameHeight\":130,\"width\":51,\"frameX\":-1,\"height\":5,\"name\":\"xian10018\",\"frameY\":-1,\"x\":82},{\"frameWidth\":141,\"y\":117,\"frameHeight\":130,\"width\":131,\"frameX\":-5,\"height\":56,\"name\":\"xian10012\",\"frameY\":-1,\"x\":1},{\"frameWidth\":141,\"y\":181,\"frameHeight\":130,\"width\":6,\"frameX\":-130,\"height\":95,\"name\":\"xian10006\",\"frameY\":-30,\"x\":237},{\"frameWidth\":141,\"y\":211,\"frameHeight\":130,\"width\":30,\"frameX\":-1,\"height\":5,\"name\":\"xian10019\",\"frameY\":-1,\"x\":101},{\"frameWidth\":141,\"y\":165,\"frameHeight\":130,\"width\":135,\"frameX\":-1,\"height\":14,\"name\":\"xian10013\",\"frameY\":-1,\"x\":134},{\"frameWidth\":141,\"y\":1,\"frameHeight\":130,\"width\":6,\"frameX\":-130,\"height\":111,\"name\":\"xian10007\",\"frameY\":-14,\"x\":505},{\"frameWidth\":141,\"y\":1,\"frameHeight\":130,\"width\":82,\"frameX\":-54,\"height\":113,\"name\":\"xian10010\",\"frameY\":-1,\"x\":233},{\"frameWidth\":141,\"y\":210,\"frameHeight\":130,\"width\":6,\"frameX\":-130,\"height\":58,\"name\":\"xian10004\",\"frameY\":-67,\"x\":334},{\"frameWidth\":141,\"y\":211,\"frameHeight\":130,\"width\":89,\"frameX\":-1,\"height\":5,\"name\":\"xian10016\",\"frameY\":-1,\"x\":10},{\"frameWidth\":141,\"y\":196,\"frameHeight\":130,\"width\":6,\"frameX\":-130,\"height\":77,\"name\":\"xian10005\",\"frameY\":-48,\"x\":150},{\"frameWidth\":141,\"y\":218,\"frameHeight\":130,\"width\":70,\"frameX\":-1,\"height\":5,\"name\":\"xian10017\",\"frameY\":-1,\"x\":10},{\"frameWidth\":141,\"y\":1,\"frameHeight\":130,\"width\":107,\"frameX\":-29,\"height\":86,\"name\":\"xian10011\",\"frameY\":-1,\"x\":317},{\"frameWidth\":141,\"y\":189,\"frameHeight\":130,\"width\":121,\"frameX\":-1,\"height\":5,\"name\":\"xian10014\",\"frameY\":-1,\"x\":42},{\"frameWidth\":133,\"y\":208,\"frameHeight\":219,\"width\":6,\"frameX\":-122,\"height\":76,\"name\":\"xian20004\",\"frameY\":-138,\"x\":379},{\"frameWidth\":133,\"y\":218,\"frameHeight\":219,\"width\":42,\"frameX\":-1,\"height\":6,\"name\":\"xian20019\",\"frameY\":-1,\"x\":245},{\"frameWidth\":133,\"y\":181,\"frameHeight\":219,\"width\":6,\"frameX\":-122,\"height\":98,\"name\":\"xian20005\",\"frameY\":-116,\"x\":229},{\"frameWidth\":133,\"y\":218,\"frameHeight\":219,\"width\":16,\"frameX\":-1,\"height\":6,\"name\":\"xian20020\",\"frameY\":-1,\"x\":297},{\"frameWidth\":133,\"y\":1,\"frameHeight\":219,\"width\":72,\"frameX\":-56,\"height\":111,\"name\":\"xian20012\",\"frameY\":-1,\"x\":431},{\"frameWidth\":133,\"y\":196,\"frameHeight\":219,\"width\":105,\"frameX\":-1,\"height\":6,\"name\":\"xian20016\",\"frameY\":-1,\"x\":42},{\"frameWidth\":133,\"y\":210,\"frameHeight\":219,\"width\":87,\"frameX\":-1,\"height\":6,\"name\":\"xian20017\",\"frameY\":-1,\"x\":245},{\"frameWidth\":133,\"y\":171,\"frameHeight\":219,\"width\":7,\"frameX\":-121,\"height\":151,\"name\":\"xian20009\",\"frameY\":-40,\"x\":393},{\"frameWidth\":133,\"y\":89,\"frameHeight\":219,\"width\":112,\"frameX\":-16,\"height\":80,\"name\":\"xian20013\",\"frameY\":-1,\"x\":317},{\"frameWidth\":133,\"y\":171,\"frameHeight\":219,\"width\":7,\"frameX\":-121,\"height\":138,\"name\":\"xian20007\",\"frameY\":-76,\"x\":411},{\"frameWidth\":133,\"y\":117,\"frameHeight\":219,\"width\":127,\"frameX\":-1,\"height\":44,\"name\":\"xian20014\",\"frameY\":-1,\"x\":134},{\"frameWidth\":133,\"y\":211,\"frameHeight\":219,\"width\":66,\"frameX\":-1,\"height\":6,\"name\":\"xian20018\",\"frameY\":-1,\"x\":158},{\"frameWidth\":133,\"y\":171,\"frameHeight\":219,\"width\":7,\"frameX\":-121,\"height\":142,\"name\":\"xian20010\",\"frameY\":-24,\"x\":402},{\"frameWidth\":133,\"y\":210,\"frameHeight\":219,\"width\":6,\"frameX\":-122,\"height\":54,\"name\":\"xian20003\",\"frameY\":-160,\"x\":342},{\"frameWidth\":133,\"y\":171,\"frameHeight\":219,\"width\":7,\"frameX\":-121,\"height\":132,\"name\":\"xian20011\",\"frameY\":-8,\"x\":420},{\"frameWidth\":133,\"y\":181,\"frameHeight\":219,\"width\":121,\"frameX\":-1,\"height\":6,\"name\":\"xian20015\",\"frameY\":-1,\"x\":42},{\"frameWidth\":133,\"y\":196,\"frameHeight\":219,\"width\":4,\"frameX\":-123,\"height\":6,\"name\":\"xian20001\",\"frameY\":-207,\"x\":158},{\"frameWidth\":133,\"y\":114,\"frameHeight\":219,\"width\":7,\"frameX\":-121,\"height\":155,\"name\":\"xian20008\",\"frameY\":-58,\"x\":500},{\"frameWidth\":133,\"y\":175,\"frameHeight\":219,\"width\":7,\"frameX\":-121,\"height\":119,\"name\":\"xian20006\",\"frameY\":-95,\"x\":1},{\"frameWidth\":133,\"y\":218,\"frameHeight\":219,\"width\":6,\"frameX\":-122,\"height\":31,\"name\":\"xian20002\",\"frameY\":-183,\"x\":289}],\"height\":324,\"name\":\"gamehall_effect_touch\"}","_texture":{"__uuid__":"d8jumR3KhAYrZbV/rtmZ7j"},"texture":{"__uuid__":"d8jumR3KhAYrZbV/rtmZ7j"}}