[{"__type__":"cc.SpriteFrame","content":{"name":"btn_1","texture":"27bh9Z1BBO6rDZB0/+6l8E","rect":[1,1,305,118],"offset":[0,0],"originalSize":[307,120],"capInsets":[0,0,0,0]}},{"__type__":"cc.SpriteFrame","content":{"name":"bg-line-2","texture":"2f/hhQZplGbItuJj398Spu","rect":[0,0,49,59],"offset":[0,0],"originalSize":[49,59],"capInsets":[0,0,0,0]}},[{"__type__":"cc.Prefab","_name":"notice","data":{"__id__":1}},{"__type__":"cc.Node","_name":"notice","_children":[{"__id__":2},{"__id__":3},{"__id__":5},{"__id__":8},{"__id__":10}],"_active":false,"_components":[{"__type__":"55b77gHOPlJAY+OiMpR3w95","node":{"__id__":1},"nodeButton":{"__id__":10},"title":{"__id__":7},"text":{"__id__":9},"button":{"__id__":12}}],"_prefab":{"__type__":"cc.PrefabInfo","root":{"__id__":1},"asset":{"__uuid__":"5fXhPAX7VFyaG6/yjxLRcO"},"fileId":"e4bQ2X3ANEYKk0/DAv1Mob"},"_trs":{"__type__":"TypedArray","ctor":"Float64Array","array":[0,0,0,0,0,0,1,1,1,1]}},{"__type__":"cc.Node","_name":"background","_parent":{"__id__":1},"_components":[{"__type__":"cc.Sprite","node":{"__id__":2},"_materials":[{"__uuid__":"ecpdLyjvZBwrvm+cedCcQy"}],"_spriteFrame":{"__uuid__":"16YB09ZblIGZhIq1epHuE+"},"_sizeMode":0},{"__type__":"cc.Button","node":{"__id__":2},"clickEvents":[{"__type__":"cc.ClickEvent","target":{"__id__":1},"_componentId":"55b77gHOPlJAY+OiMpR3w95","handler":"close"}],"_N$normalColor":{"__type__":"cc.Color","r":214,"g":214,"b":214}},{"__type__":"8618cQMVlxIpJJWyUWs76o+","node":{"__id__":2}}],"_prefab":{"__type__":"cc.PrefabInfo","root":{"__id__":1},"asset":{"__uuid__":"5fXhPAX7VFyaG6/yjxLRcO"},"fileId":"68tJntWUtBLKHDgSg/05hn"},"_contentSize":{"__type__":"cc.Size","width":1398,"height":786},"_trs":{"__type__":"TypedArray","ctor":"Float64Array","array":[0,0,0,0,0,0,1,1,1,1]}},{"__type__":"cc.Node","_name":"dialog_bg4","_parent":{"__id__":1},"_children":[{"__id__":4}],"_components":[{"__type__":"cc.Sprite","node":{"__id__":3},"_materials":[{"__uuid__":"ecpdLyjvZBwrvm+cedCcQy"}],"_spriteFrame":{"__uuid__":"b8zTXVbzZNi7mqBdJ4KblL"},"_sizeMode":0},{"__type__":"cc.Button","node":{"__id__":3}}],"_prefab":{"__type__":"cc.PrefabInfo","root":{"__id__":1},"asset":{"__uuid__":"5fXhPAX7VFyaG6/yjxLRcO"},"fileId":"75TQrOBzVEiJgGcP0S/PQy"},"_contentSize":{"__type__":"cc.Size","width":550,"height":300},"_trs":{"__type__":"TypedArray","ctor":"Float64Array","array":[0,19,0,0,0,0,1,1,1,1]}},{"__type__":"cc.Node","_name":"Title","_parent":{"__id__":3},"_components":[{"__type__":"cc.Label","node":{"__id__":4},"_materials":[{"__uuid__":"ecpdLyjvZBwrvm+cedCcQy"}],"_useOriginalSize":false,"_string":"RVIP.FUN","_N$string":"RVIP.FUN","_fontSize":35,"_lineHeight":60,"_N$file":{"__uuid__":"340wrTd0ZDv7n0Sa9DOC8E"},"_isSystemFontUsed":false,"_N$horizontalAlign":1}],"_prefab":{"__type__":"cc.PrefabInfo","root":{"__id__":1},"asset":{"__uuid__":"5fXhPAX7VFyaG6/yjxLRcO"},"fileId":"f4maKX0UlBaKLvd51pSGz9"},"_contentSize":{"__type__":"cc.Size","width":102.67,"height":35},"_trs":{"__type__":"TypedArray","ctor":"Float64Array","array":[0,139,0,0,0,0,1,1,1,1]}},{"__type__":"cc.Node","_name":"Title","_parent":{"__id__":1},"_children":[{"__id__":6}],"_components":[{"__id__":7}],"_prefab":{"__type__":"cc.PrefabInfo","root":{"__id__":1},"asset":{"__uuid__":"5fXhPAX7VFyaG6/yjxLRcO"},"fileId":"10gaqWZHNMGqXi+EwkEVMp"},"_color":{"__type__":"cc.Color","r":255},"_contentSize":{"__type__":"cc.Size","height":75},"_trs":{"__type__":"TypedArray","ctor":"Float64Array","array":[0,100,0,0,0,0,1,1,1,1]}},{"__type__":"cc.Node","_name":"line","_parent":{"__id__":5},"_components":[{"__type__":"cc.Sprite","node":{"__id__":6},"_materials":[{"__uuid__":"ecpdLyjvZBwrvm+cedCcQy"}],"_spriteFrame":{"__uuid__":"7e6Y+VS3NG+K6QWdowZn9W"},"_sizeMode":0}],"_prefab":{"__type__":"cc.PrefabInfo","root":{"__id__":1},"asset":{"__uuid__":"5fXhPAX7VFyaG6/yjxLRcO"},"fileId":"060GTAeaVLgqe4/ojU7lRR"},"_color":{"__type__":"cc.Color","r":255},"_contentSize":{"__type__":"cc.Size","width":500,"height":2},"_trs":{"__type__":"TypedArray","ctor":"Float64Array","array":[0,-26,0,0,0,0,1,1,1,1]}},{"__type__":"cc.Label","node":{"__id__":5},"_materials":[{"__uuid__":"ecpdLyjvZBwrvm+cedCcQy"}],"_useOriginalSize":false,"_fontSize":35,"_lineHeight":75,"_N$file":{"__uuid__":"ca/STOHexDCpBHB3XPtG62"},"_isSystemFontUsed":false,"_N$horizontalAlign":1},{"__type__":"cc.Node","_name":"Text","_parent":{"__id__":1},"_components":[{"__id__":9}],"_prefab":{"__type__":"cc.PrefabInfo","root":{"__id__":1},"asset":{"__uuid__":"5fXhPAX7VFyaG6/yjxLRcO"},"fileId":"45zp2LNNJAtr7klj2Diorj"},"_color":{"__type__":"cc.Color","r":92,"g":35,"b":35},"_contentSize":{"__type__":"cc.Size","width":600,"height":23.83},"_trs":{"__type__":"TypedArray","ctor":"Float64Array","array":[0,6,0,0,0,0,1,1,1,1]}},{"__type__":"cc.Label","node":{"__id__":8},"_materials":[{"__uuid__":"ecpdLyjvZBwrvm+cedCcQy"}],"_useOriginalSize":false,"_fontSize":22,"_lineHeight":65,"_N$file":{"__uuid__":"340wrTd0ZDv7n0Sa9DOC8E"},"_isSystemFontUsed":false,"_N$horizontalAlign":1,"_N$overflow":3},{"__type__":"cc.Node","_name":"nodeButton","_parent":{"__id__":1},"_children":[{"__id__":11}],"_active":false,"_components":[{"__type__":"cc.Sprite","node":{"__id__":10},"_materials":[{"__uuid__":"ecpdLyjvZBwrvm+cedCcQy"}],"_spriteFrame":{"__uuid__":"05lFpxxPpPm7SuYUmDsatk"},"_sizeMode":0},{"__type__":"cc.Button","node":{"__id__":10},"zoomScale":1.1,"clickEvents":[{"__type__":"cc.ClickEvent","target":{"__id__":1},"_componentId":"55b77gHOPlJAY+OiMpR3w95","handler":"onClickButton"}],"_N$transition":3,"transition":3,"_N$normalColor":{"__type__":"cc.Color","r":214,"g":214,"b":214}}],"_prefab":{"__type__":"cc.PrefabInfo","root":{"__id__":1},"asset":{"__uuid__":"5fXhPAX7VFyaG6/yjxLRcO"},"fileId":"e3w6woKV5CpJdHcbnc6UAf"},"_contentSize":{"__type__":"cc.Size","width":188.307,"height":72.8532},"_trs":{"__type__":"TypedArray","ctor":"Float64Array","array":[0,-87.5,0,0,0,0,1,1,1,1]}},{"__type__":"cc.Node","_name":"button","_parent":{"__id__":10},"_components":[{"__id__":12}],"_prefab":{"__type__":"cc.PrefabInfo","root":{"__id__":1},"asset":{"__uuid__":"5fXhPAX7VFyaG6/yjxLRcO"},"fileId":"61Amd7J5JP/4MPDQiey2Rl"},"_contentSize":{"__type__":"cc.Size","height":46.31},"_trs":{"__type__":"TypedArray","ctor":"Float64Array","array":[0,-2,0,0,0,0,1,1,1,1]}},{"__type__":"cc.Label","node":{"__id__":11},"_materials":[{"__uuid__":"ecpdLyjvZBwrvm+cedCcQy"}],"_useOriginalSize":false,"_fontSize":19,"_lineHeight":78,"_N$file":{"__uuid__":"cdcxQMSRVIb7r5lhP63hFG"},"_isSystemFontUsed":false,"_N$horizontalAlign":1}],{"__type__":"cc.SpriteFrame","content":{"name":"line","texture":"7cgQ0bWvFNhJ+4kh3F35x2","rect":[0,0,408,2],"offset":[0,0],"originalSize":[408,2],"capInsets":[0,0,0,0]}},{"__type__":"cc.SpriteFrame","content":{"name":"popup-big","texture":"84vuqhmZxEloZlBPsdXcMY","rect":[0,0,1179,652],"offset":[0,0],"originalSize":[1179,652],"capInsets":[0,0,0,0]}}]