[{"__type__":"cc.SpriteFrame","content":{"name":"singleColor","texture":"a8Anh32NZGRZegUtSgEj26","rect":[0,0,2,2],"offset":[0,0],"originalSize":[2,2],"capInsets":[0,0,0,0]}},{"__type__":"cc.SpriteFrame","content":{"name":"fbDaiLy","texture":"cf4JfHYDRL8qUqZx2q0Yph","rect":[0,0,78,77],"offset":[0,0],"originalSize":[78,77],"capInsets":[0,0,0,0]}},[{"__type__":"cc.Prefab","_name":"ChuyenRed_daily","data":{"__id__":1}},{"__type__":"cc.Node","_name":"ChuyenRed_daily","_children":[{"__id__":2},{"__id__":3},{"__id__":5},{"__id__":7},{"__id__":9},{"__id__":11},{"__id__":13},{"__id__":14}],"_components":[{"__type__":"c1af2XufuNBepY7+fdeCQxa","node":{"__id__":1},"bg":{"__id__":2},"STT":{"__id__":4},"DaiLy":{"__id__":6},"NICKNAME":{"__id__":8},"Phone":{"__id__":10},"Location":{"__id__":12}}],"_prefab":{"__type__":"cc.PrefabInfo","root":{"__id__":1},"asset":{"__uuid__":"c4pBgqwA5AvIBPvDN96Ocg"},"fileId":"bbs+xHgihDYJouacgIEe/R"},"_contentSize":{"__type__":"cc.Size","width":1054,"height":55},"_trs":{"__type__":"TypedArray","ctor":"Float64Array","array":[0,0,0,0,0,0,1,1,1,1]}},{"__type__":"cc.Node","_name":"singleColor","_parent":{"__id__":1},"_components":[{"__type__":"cc.Sprite","node":{"__id__":2},"_materials":[{"__uuid__":"ecpdLyjvZBwrvm+cedCcQy"}],"_spriteFrame":{"__uuid__":"41D7kWhyFGY7q4NDlzkazn"},"_sizeMode":0}],"_prefab":{"__type__":"cc.PrefabInfo","root":{"__id__":1},"asset":{"__uuid__":"c4pBgqwA5AvIBPvDN96Ocg"},"fileId":"22qAUVFktMPbTYzHdnRbou"},"_opacity":43,"_color":{"__type__":"cc.Color","r":179,"g":179,"b":179},"_contentSize":{"__type__":"cc.Size","width":1001,"height":55},"_trs":{"__type__":"TypedArray","ctor":"Float64Array","array":[0,0,0,0,0,0,1,1,1,1]}},{"__type__":"cc.Node","_name":"stt","_parent":{"__id__":1},"_components":[{"__id__":4}],"_prefab":{"__type__":"cc.PrefabInfo","root":{"__id__":1},"asset":{"__uuid__":"c4pBgqwA5AvIBPvDN96Ocg"},"fileId":"f9DrTE39NBkbLp1ohuU4QN"},"_contentSize":{"__type__":"cc.Size","height":24},"_trs":{"__type__":"TypedArray","ctor":"Float64Array","array":[-483,0,0,0,0,0,1,1,1,1]}},{"__type__":"cc.Label","node":{"__id__":3},"_materials":[{"__uuid__":"ecpdLyjvZBwrvm+cedCcQy"}],"_useOriginalSize":false,"_fontSize":21,"_N$file":{"__uuid__":"ca/STOHexDCpBHB3XPtG62"},"_isSystemFontUsed":false,"_N$horizontalAlign":1,"_N$verticalAlign":1},{"__type__":"cc.Node","_name":"DaiLy","_parent":{"__id__":1},"_components":[{"__id__":6}],"_prefab":{"__type__":"cc.PrefabInfo","root":{"__id__":1},"asset":{"__uuid__":"c4pBgqwA5AvIBPvDN96Ocg"},"fileId":"bfmqh5y+VF3J853kgOZjm/"},"_color":{"__type__":"cc.Color","g":204,"b":255},"_contentSize":{"__type__":"cc.Size","height":24},"_trs":{"__type__":"TypedArray","ctor":"Float64Array","array":[-353,0,0,0,0,0,1,1,1,1]}},{"__type__":"cc.Label","node":{"__id__":5},"_materials":[{"__uuid__":"ecpdLyjvZBwrvm+cedCcQy"}],"_useOriginalSize":false,"_fontSize":21,"_N$file":{"__uuid__":"ca/STOHexDCpBHB3XPtG62"},"_isSystemFontUsed":false,"_N$horizontalAlign":1,"_N$verticalAlign":1},{"__type__":"cc.Node","_name":"Nick","_parent":{"__id__":1},"_components":[{"__id__":8}],"_prefab":{"__type__":"cc.PrefabInfo","root":{"__id__":1},"asset":{"__uuid__":"c4pBgqwA5AvIBPvDN96Ocg"},"fileId":"68D0lM3ghMdJ2v/DV4ehCM"},"_color":{"__type__":"cc.Color","r":245,"g":255},"_contentSize":{"__type__":"cc.Size","height":24},"_trs":{"__type__":"TypedArray","ctor":"Float64Array","array":[-181,0,0,0,0,0,1,1,1,1]}},{"__type__":"cc.Label","node":{"__id__":7},"_materials":[{"__uuid__":"ecpdLyjvZBwrvm+cedCcQy"}],"_useOriginalSize":false,"_fontSize":21,"_N$file":{"__uuid__":"ca/STOHexDCpBHB3XPtG62"},"_isSystemFontUsed":false,"_N$horizontalAlign":1,"_N$verticalAlign":1},{"__type__":"cc.Node","_name":"phone","_parent":{"__id__":1},"_components":[{"__id__":10}],"_prefab":{"__type__":"cc.PrefabInfo","root":{"__id__":1},"asset":{"__uuid__":"c4pBgqwA5AvIBPvDN96Ocg"},"fileId":"525CG4J49IeLxPnn4DXkBv"},"_contentSize":{"__type__":"cc.Size","width":186,"height":21},"_trs":{"__type__":"TypedArray","ctor":"Float64Array","array":[0,-2,0,0,0,0,1,1,1,1]}},{"__type__":"cc.Label","node":{"__id__":9},"_materials":[{"__uuid__":"ecpdLyjvZBwrvm+cedCcQy"}],"_useOriginalSize":false,"_fontSize":21,"_N$file":{"__uuid__":"3f/j3m06dBSKpjksQB+doY"},"_isSystemFontUsed":false,"_N$horizontalAlign":1,"_N$overflow":3},{"__type__":"cc.Node","_name":"location","_parent":{"__id__":1},"_components":[{"__id__":12}],"_prefab":{"__type__":"cc.PrefabInfo","root":{"__id__":1},"asset":{"__uuid__":"c4pBgqwA5AvIBPvDN96Ocg"},"fileId":"8ahnItSGBMRKcyrJ8Kwc8i"},"_contentSize":{"__type__":"cc.Size","width":168,"height":21},"_trs":{"__type__":"TypedArray","ctor":"Float64Array","array":[171,0,0,0,0,0,1,1,1,1]}},{"__type__":"cc.Label","node":{"__id__":11},"_materials":[{"__uuid__":"ecpdLyjvZBwrvm+cedCcQy"}],"_useOriginalSize":false,"_fontSize":21,"_N$file":{"__uuid__":"3f/j3m06dBSKpjksQB+doY"},"_isSystemFontUsed":false,"_N$horizontalAlign":1,"_N$overflow":3},{"__type__":"cc.Node","_name":"fb","_parent":{"__id__":1},"_components":[{"__type__":"cc.Sprite","node":{"__id__":13},"_materials":[{"__uuid__":"ecpdLyjvZBwrvm+cedCcQy"}],"_spriteFrame":{"__uuid__":"50ps6Hs3xJ+bjdkpw9MtTM"},"_sizeMode":0},{"__type__":"cc.Button","node":{"__id__":13},"zoomScale":1.1,"clickEvents":[{"__type__":"cc.ClickEvent","target":{"__id__":1},"_componentId":"c1af2XufuNBepY7+fdeCQxa","handler":"onFBClick"}],"_N$transition":3,"transition":3,"_N$normalColor":{"__type__":"cc.Color","r":214,"g":214,"b":214}}],"_prefab":{"__type__":"cc.PrefabInfo","root":{"__id__":1},"asset":{"__uuid__":"c4pBgqwA5AvIBPvDN96Ocg"},"fileId":"07mCVOaN5LoabQrIr9lzdf"},"_contentSize":{"__type__":"cc.Size","width":68,"height":68},"_trs":{"__type__":"TypedArray","ctor":"Float64Array","array":[287,0,0,0,0,0,1,0.6,0.6,1]}},{"__type__":"cc.Node","_name":"button","_parent":{"__id__":1},"_children":[{"__id__":15}],"_components":[{"__type__":"cc.Sprite","node":{"__id__":14},"_materials":[{"__uuid__":"ecpdLyjvZBwrvm+cedCcQy"}],"_spriteFrame":{"__uuid__":"fb/ZuRgT9LiLCroFo3xHn/"},"_sizeMode":0},{"__type__":"cc.Button","node":{"__id__":14},"zoomScale":1.1,"clickEvents":[{"__type__":"cc.ClickEvent","target":{"__id__":1},"_componentId":"c1af2XufuNBepY7+fdeCQxa","handler":"onChuyenClick"}],"_N$transition":3,"transition":3,"_N$normalColor":{"__type__":"cc.Color","r":214,"g":214,"b":214}}],"_prefab":{"__type__":"cc.PrefabInfo","root":{"__id__":1},"asset":{"__uuid__":"c4pBgqwA5AvIBPvDN96Ocg"},"fileId":"62i4ZmShZNeZrlvMB+p/JO"},"_contentSize":{"__type__":"cc.Size","width":90,"height":35},"_trs":{"__type__":"TypedArray","ctor":"Float64Array","array":[417,0,0,0,0,0,1,1,1,1]}},{"__type__":"cc.Node","_name":"text","_parent":{"__id__":14},"_active":false,"_components":[{"__type__":"cc.Label","node":{"__id__":15},"_materials":[{"__uuid__":"ecpdLyjvZBwrvm+cedCcQy"}],"_useOriginalSize":false,"_string":"CHUYỂN","_N$string":"CHUYỂN","_fontSize":16,"_lineHeight":80,"_N$file":{"__uuid__":"cdcxQMSRVIb7r5lhP63hFG"},"_isSystemFontUsed":false,"_N$horizontalAlign":1}],"_prefab":{"__type__":"cc.PrefabInfo","root":{"__id__":1},"asset":{"__uuid__":"c4pBgqwA5AvIBPvDN96Ocg"},"fileId":"251llrNoRKKoQw7+5N2VKe"},"_contentSize":{"__type__":"cc.Size","width":89,"height":40},"_trs":{"__type__":"TypedArray","ctor":"Float64Array","array":[0,0,0,0,0,0,1,1,1,1]}}],{"__type__":"cc.SpriteFrame","content":{"name":"chuyenkhoan-daily-btn","texture":"8ba/N/RLxH0Z2ds+YqXEsz","rect":[0,0,303,110],"offset":[0,0],"originalSize":[303,110],"capInsets":[0,0,0,0]}}]