[{"__type__":"cc.SpriteFrame","content":{"name":"tai","texture":"26qvcQ+CpI/a0i5IvZg5+B","rect":[609,492,103,55],"offset":[0,0],"originalSize":[103,55],"capInsets":[0,0,0,0]}},{"__type__":"cc.SpriteFrame","content":{"name":"xiu","texture":"26qvcQ+CpI/a0i5IvZg5+B","rect":[609,384,117,59],"offset":[0,0],"originalSize":[117,59],"capInsets":[0,0,0,0]}},{"__type__":"cc.SpriteFrame","content":{"name":"chat-send","texture":"26qvcQ+CpI/a0i5IvZg5+B","rect":[725,308,32,31],"offset":[0,0],"originalSize":[32,31],"capInsets":[0,0,0,0]}},{"__type__":"cc.SpriteFrame","content":{"name":"soicau-icon","texture":"26qvcQ+CpI/a0i5IvZg5+B","rect":[658,154,75,75],"offset":[0,0],"originalSize":[75,75],"capInsets":[0,0,0,0]}},{"__type__":"cc.SpriteFrame","content":{"name":"textbox-bet","texture":"26qvcQ+CpI/a0i5IvZg5+B","rect":[609,445,145,45],"offset":[0,0],"originalSize":[145,45],"capInsets":[0,0,0,0]}},{"__type__":"cc.SpriteAtlas","_name":"main.plist","_spriteFrames":{"bkg":{"__uuid__":"d41XDZDnRGebnygEbMLjnU"},"bxh-icon":{"__uuid__":"3cqF6sYfVG9bS5cMwfWQGq"},"chat-bg":{"__uuid__":"76lx1j7OtL0b0hrJ3aRCKF"},"chat-exit-icon":{"__uuid__":"62wjHjHr5PUZgrd74cy6Rt"},"chat-icon":{"__uuid__":"49jQ6ZpUZHY7tLtPiXN7/z"},"chat-send":{"__uuid__":"0ekEvMAOtJGKViPMsLdLtY"},"circle-effect":{"__uuid__":"60EevvzQ1EhKiz0DsVEyQ1"},"close-btn":{"__uuid__":"e3P+v36IFK+r3P4PdlmQ3Q"},"help-icon":{"__uuid__":"51w87RR3BLI6jk8rgoAmjh"},"light-win":{"__uuid__":"88wzLlpLpCPoO+ne3QLm8A"},"lsgd-icon":{"__uuid__":"a0u8OSy8FKer/oAvoX//YT"},"nan-icon":{"__uuid__":"5c/h87wxROzJ8krfNcJl1I"},"nan2-icon":{"__uuid__":"34JKLDPcRDe69cNgq4tFvB"},"result-bg":{"__uuid__":"82kY0roZ1JuZh195WxAcqj"},"soicau-icon":{"__uuid__":"1f40HQ0xZKf7WMaC3t+16v"},"tai":{"__uuid__":"03NxOTm4BCXKzZA6ZRhiaW"},"textbox-bet":{"__uuid__":"20CK1jTaFMcZZVmbu33MRw"},"thang":{"__uuid__":"75ghqhqm5Nq7NgyF54gIUn"},"thua":{"__uuid__":"ccIs1oxd1LgLfKOpS8jNPT"},"xiu":{"__uuid__":"0aucC3La5BmYMLZJ8jOnol"}}},{"__type__":"cc.SpriteFrame","content":{"name":"nan2-icon","texture":"26qvcQ+CpI/a0i5IvZg5+B","rect":[658,0,75,75],"offset":[0,0],"originalSize":[75,75],"capInsets":[0,0,0,0]}},{"__type__":"cc.SpriteFrame","content":{"name":"bxh-icon","texture":"26qvcQ+CpI/a0i5IvZg5+B","rect":[517,791,50,50],"offset":[0,0],"originalSize":[50,50],"capInsets":[0,0,0,0]}},{"__type__":"cc.SpriteFrame","content":{"name":"chat-icon","texture":"26qvcQ+CpI/a0i5IvZg5+B","rect":[658,231,75,75],"offset":[0,0],"originalSize":[75,75],"capInsets":[0,0,0,0]}},{"__type__":"cc.SpriteFrame","content":{"name":"help-icon","texture":"26qvcQ+CpI/a0i5IvZg5+B","rect":[621,791,50,50],"offset":[0,0],"originalSize":[50,50],"capInsets":[0,0,0,0]}},{"__type__":"cc.SpriteFrame","content":{"name":"nan-icon","texture":"26qvcQ+CpI/a0i5IvZg5+B","rect":[609,549,75,75],"offset":[0,0],"originalSize":[75,75],"capInsets":[0,0,0,0]}},{"__type__":"cc.SpriteFrame","content":{"name":"circle-effect","texture":"26qvcQ+CpI/a0i5IvZg5+B","rect":[356,384,251,253],"offset":[-1,0],"originalSize":[253,253],"capInsets":[0,0,0,0]}},{"__type__":"cc.SpriteFrame","content":{"name":"chat-exit-icon","texture":"26qvcQ+CpI/a0i5IvZg5+B","rect":[658,77,75,75],"offset":[0,0],"originalSize":[75,75],"capInsets":[0,0,0,0]}},{"__type__":"cc.SpriteFrame","content":{"name":"thang","texture":"26qvcQ+CpI/a0i5IvZg5+B","rect":[517,715,240,74],"offset":[0,0],"originalSize":[240,74],"capInsets":[0,0,0,0]}},{"__type__":"cc.SpriteFrame","content":{"name":"chat-bg","texture":"26qvcQ+CpI/a0i5IvZg5+B","rect":[0,384,354,414],"offset":[0,0],"originalSize":[356,416],"capInsets":[0,0,0,0]}},{"__type__":"cc.SpriteFrame","content":{"name":"result-bg","texture":"26qvcQ+CpI/a0i5IvZg5+B","rect":[658,308,65,66],"offset":[0,-1],"originalSize":[65,69],"capInsets":[0,0,0,0]}},{"__type__":"cc.SpriteFrame","content":{"name":"light-win","texture":"26qvcQ+CpI/a0i5IvZg5+B","rect":[356,639,159,159],"offset":[0,0],"originalSize":[159,159],"capInsets":[0,0,0,0]}},{"__type__":"cc.SpriteFrame","content":{"name":"lsgd-icon","texture":"26qvcQ+CpI/a0i5IvZg5+B","rect":[686,549,50,50],"offset":[0,0],"originalSize":[50,50],"capInsets":[0,0,0,0]}},{"__type__":"cc.SpriteFrame","content":{"name":"thua","texture":"26qvcQ+CpI/a0i5IvZg5+B","rect":[517,639,241,74],"offset":[0,0],"originalSize":[241,74],"capInsets":[0,0,0,0]}},{"__type__":"cc.SpriteFrame","content":{"name":"bkg","texture":"26qvcQ+CpI/a0i5IvZg5+B","rect":[0,0,656,382],"offset":[0,0],"originalSize":[656,382],"capInsets":[0,0,0,0]}},{"__type__":"cc.SpriteFrame","content":{"name":"close-btn","texture":"26qvcQ+CpI/a0i5IvZg5+B","rect":[569,791,50,50],"offset":[0,0],"originalSize":[50,50],"capInsets":[0,0,0,0]}}]