[{"__type__":"cc.SpriteFrame","content":{"name":"icon-box-1","texture":"e4YqDqm4dJEIlTR/38QOw1","rect":[188,0,82,56],"offset":[0,0],"originalSize":[82,56],"capInsets":[0,0,0,0]}},{"__type__":"cc.SpriteAtlas","_name":"icons.plist","_spriteFrames":{"icon-1":{"__uuid__":"d4EHf/fCJCDKumMPkD7oZg"},"icon-2":{"__uuid__":"86KyRkXK5A8rj2u0F7zexW"},"icon-3":{"__uuid__":"55IqagbfNJHaJzLBYFv7vY"},"icon-4":{"__uuid__":"c2bIz+IF1BqLp38U8X5OXH"},"icon-5":{"__uuid__":"caDJvdZPFIPJ1aOjdYyeDU"},"icon-6":{"__uuid__":"cewuQEsQRDAbx1T72jy3zy"},"icon-7":{"__uuid__":"5bDlmeextMTIp9A1szYJ8y"},"icon-bonus":{"__uuid__":"c2yWJ6YJtAvaqdZQyz14Ej"},"icon-box-1":{"__uuid__":"10IdeWZRpGxIbSFpdEyXBf"},"icon-box-2":{"__uuid__":"84Gz00Z4xJkYxkYio55SY4"},"icon-diamond-2":{"__uuid__":"d2cu/H7CRDB6MkLGId8Arc"},"icon-diamond":{"__uuid__":"41mB+VFZJI7Yu0ZmTUngVM"},"icon-key-1":{"__uuid__":"860dbINNZJGqmWUsdjHlGt"},"icon-x5":{"__uuid__":"cdyWVoQB9ESIBg9qXkjSgj"},"key-2":{"__uuid__":"a2T+X3ta5IiLgZef6n334i"}}},{"__type__":"cc.SpriteFrame","content":{"name":"icon-diamond","texture":"e4YqDqm4dJEIlTR/38QOw1","rect":[273,60,105,87],"offset":[0,0],"originalSize":[105,87],"capInsets":[0,0,0,0]}},{"__type__":"cc.SpriteFrame","content":{"name":"icon-3","texture":"e4YqDqm4dJEIlTR/38QOw1","rect":[217,147,154,144],"offset":[0,0],"originalSize":[154,144],"capInsets":[0,0,0,0]}},{"__type__":"cc.SpriteFrame","content":{"name":"icon-7","texture":"e4YqDqm4dJEIlTR/38QOw1","rect":[0,435,154,144],"offset":[0,0],"originalSize":[154,144],"capInsets":[0,0,0,0]}},{"__type__":"cc.SpriteFrame","content":{"name":"icon-box-2","texture":"e4YqDqm4dJEIlTR/38QOw1","rect":[0,147,217,96],"offset":[0,0],"originalSize":[217,96],"capInsets":[0,0,0,0]}},{"__type__":"cc.SpriteFrame","content":{"name":"icon-2","texture":"e4YqDqm4dJEIlTR/38QOw1","rect":[154,291,154,144],"offset":[0,0],"originalSize":[154,144],"capInsets":[0,0,0,0]}},{"__type__":"cc.SpriteFrame","content":{"name":"icon-key-1","texture":"e4YqDqm4dJEIlTR/38QOw1","rect":[217,60,56,73],"offset":[0,0],"originalSize":[56,73],"capInsets":[0,0,0,0]}},{"__type__":"cc.SpriteFrame","content":{"name":"key-2","texture":"e4YqDqm4dJEIlTR/38QOw1","rect":[0,0,65,41],"offset":[0,0],"originalSize":[65,41],"capInsets":[0,0,0,0]}},{"__type__":"cc.SpriteFrame","content":{"name":"icon-4","texture":"e4YqDqm4dJEIlTR/38QOw1","rect":[0,291,154,144],"offset":[0,0],"originalSize":[154,144],"capInsets":[0,0,0,0]}},{"__type__":"cc.SpriteFrame","content":{"name":"icon-bonus","texture":"e4YqDqm4dJEIlTR/38QOw1","rect":[65,0,123,43],"offset":[0,0],"originalSize":[123,43],"capInsets":[0,0,0,0]}},{"__type__":"cc.SpriteFrame","content":{"name":"icon-5","texture":"e4YqDqm4dJEIlTR/38QOw1","rect":[308,291,154,144],"offset":[0,0],"originalSize":[154,144],"capInsets":[0,0,0,0]}},{"__type__":"cc.SpriteFrame","content":{"name":"icon-x5","texture":"e4YqDqm4dJEIlTR/38QOw1","rect":[270,0,83,60],"offset":[0,0],"originalSize":[83,60],"capInsets":[0,0,0,0]}},{"__type__":"cc.SpriteFrame","content":{"name":"icon-6","texture":"e4YqDqm4dJEIlTR/38QOw1","rect":[308,435,154,144],"offset":[0,0],"originalSize":[154,144],"capInsets":[0,0,0,0]}},{"__type__":"cc.SpriteFrame","content":{"name":"icon-diamond-2","texture":"e4YqDqm4dJEIlTR/38QOw1","rect":[0,60,217,71],"offset":[0,0],"originalSize":[217,71],"capInsets":[0,0,0,0]}},{"__type__":"cc.SpriteFrame","content":{"name":"icon-1","texture":"e4YqDqm4dJEIlTR/38QOw1","rect":[154,435,154,144],"offset":[0,0],"originalSize":[154,144],"capInsets":[0,0,0,0]}}]