[{"__type__":"cc.SpriteFrame","content":{"name":"co_1","texture":"14GhSaBsNOgJmATmrjt+eO","rect":[149,1041,97,42],"offset":[0,0],"originalSize":[97,42],"capInsets":[0,0,0,0]}},{"__type__":"cc.SpriteFrame","content":{"name":"shadow1","texture":"14GhSaBsNOgJmATmrjt+eO","rect":[1,1,141,65],"offset":[0,0],"originalSize":[141,65],"capInsets":[0,0,0,0]}},{"__type__":"cc.SpriteFrame","content":{"name":"ban6_0","texture":"14GhSaBsNOgJmATmrjt+eO","rect":[122,721,119,78],"offset":[0,0],"originalSize":[119,78],"capInsets":[0,0,0,0]}},{"__type__":"cc.SpriteFrame","content":{"name":"ban4_2","texture":"14GhSaBsNOgJmATmrjt+eO","rect":[144,161,102,78],"offset":[0,0],"originalSize":[102,78],"capInsets":[0,0,0,0]}},{"__type__":"cc.SpriteFrame","content":{"name":"ban4_4","texture":"14GhSaBsNOgJmATmrjt+eO","rect":[1,1082,102,78],"offset":[0,0],"originalSize":[102,78],"capInsets":[0,0,0,0]}},{"__type__":"cc.SpriteFrame","content":{"name":"ban6_5","texture":"14GhSaBsNOgJmATmrjt+eO","rect":[1,922,119,78],"offset":[0,0],"originalSize":[119,78],"capInsets":[0,0,0,0]}},{"__type__":"cc.SpriteFrame","content":{"name":"co_0","texture":"14GhSaBsNOgJmATmrjt+eO","rect":[105,1041,97,42],"offset":[0,0],"originalSize":[97,42],"rotated":1,"capInsets":[0,0,0,0]}},{"__type__":"cc.SpriteFrame","content":{"name":"ban5_2","texture":"14GhSaBsNOgJmATmrjt+eO","rect":[122,561,119,78],"offset":[0,0],"originalSize":[119,78],"capInsets":[0,0,0,0]}},{"__type__":"cc.SpriteFrame","content":{"name":"ban6_1","texture":"14GhSaBsNOgJmATmrjt+eO","rect":[1,762,119,78],"offset":[0,0],"originalSize":[119,78],"capInsets":[0,0,0,0]}},{"__type__":"cc.SpriteFrame","content":{"name":"ban4_0","texture":"14GhSaBsNOgJmATmrjt+eO","rect":[144,1,102,78],"offset":[0,0],"originalSize":[102,78],"capInsets":[0,0,0,0]}},{"__type__":"cc.SpriteFrame","content":{"name":"ban5_0","texture":"14GhSaBsNOgJmATmrjt+eO","rect":[122,481,119,78],"offset":[0,0],"originalSize":[119,78],"capInsets":[0,0,0,0]}},{"__type__":"cc.SpriteFrame","content":{"name":"ban4_1","texture":"14GhSaBsNOgJmATmrjt+eO","rect":[144,81,102,78],"offset":[0,0],"originalSize":[102,78],"capInsets":[0,0,0,0]}},{"__type__":"cc.SpriteFrame","content":{"name":"ban5_5","texture":"14GhSaBsNOgJmATmrjt+eO","rect":[1,682,119,78],"offset":[0,0],"originalSize":[119,78],"capInsets":[0,0,0,0]}},{"__type__":"cc.SpriteFrame","content":{"name":"ban2_2","texture":"14GhSaBsNOgJmATmrjt+eO","rect":[1,282,119,78],"offset":[0,0],"originalSize":[119,78],"capInsets":[0,0,0,0]}},{"__type__":"cc.SpriteFrame","content":{"name":"shadow2","texture":"14GhSaBsNOgJmATmrjt+eO","rect":[1,68,141,65],"offset":[0,0],"originalSize":[141,65],"capInsets":[0,0,0,0]}},{"__type__":"cc.SpriteFrame","content":{"name":"ban5_1","texture":"14GhSaBsNOgJmATmrjt+eO","rect":[1,522,119,78],"offset":[0,0],"originalSize":[119,78],"capInsets":[0,0,0,0]}},{"__type__":"cc.SpriteFrame","content":{"name":"ban3_1","texture":"14GhSaBsNOgJmATmrjt+eO","rect":[1,362,119,78],"offset":[0,0],"originalSize":[119,78],"capInsets":[0,0,0,0]}},{"__type__":"cc.SpriteFrame","content":{"name":"ban3_0","texture":"14GhSaBsNOgJmATmrjt+eO","rect":[122,321,119,78],"offset":[0,0],"originalSize":[119,78],"capInsets":[0,0,0,0]}},{"__type__":"cc.SpriteFrame","content":{"name":"shadow3","texture":"14GhSaBsNOgJmATmrjt+eO","rect":[1,135,141,65],"offset":[0,0],"originalSize":[141,65],"capInsets":[0,0,0,0]}},{"__type__":"cc.SpriteFrame","content":{"name":"ban5_4","texture":"14GhSaBsNOgJmATmrjt+eO","rect":[122,641,119,78],"offset":[0,0],"originalSize":[119,78],"capInsets":[0,0,0,0]}},{"__type__":"cc.SpriteFrame","content":{"name":"ban6_2","texture":"14GhSaBsNOgJmATmrjt+eO","rect":[122,801,119,78],"offset":[0,0],"originalSize":[119,78],"capInsets":[0,0,0,0]}},{"__type__":"cc.SpriteFrame","content":{"name":"ban2_1","texture":"14GhSaBsNOgJmATmrjt+eO","rect":[122,241,119,78],"offset":[0,0],"originalSize":[119,78],"capInsets":[0,0,0,0]}},{"__type__":"cc.SpriteFrame","content":{"name":"ban6_3","texture":"14GhSaBsNOgJmATmrjt+eO","rect":[1,842,119,78],"offset":[0,0],"originalSize":[119,78],"capInsets":[0,0,0,0]}},{"__type__":"cc.SpriteFrame","content":{"name":"ban5_3","texture":"14GhSaBsNOgJmATmrjt+eO","rect":[1,602,119,78],"offset":[0,0],"originalSize":[119,78],"capInsets":[0,0,0,0]}},{"__type__":"cc.SpriteFrame","content":{"name":"ban2_0","texture":"14GhSaBsNOgJmATmrjt+eO","rect":[1,202,119,78],"offset":[0,0],"originalSize":[119,78],"capInsets":[0,0,0,0]}},{"__type__":"cc.SpriteFrame","content":{"name":"ban3_2","texture":"14GhSaBsNOgJmATmrjt+eO","rect":[122,401,119,78],"offset":[0,0],"originalSize":[119,78],"capInsets":[0,0,0,0]}},{"__type__":"cc.SpriteFrame","content":{"name":"ban3_3","texture":"14GhSaBsNOgJmATmrjt+eO","rect":[1,442,119,78],"offset":[0,0],"originalSize":[119,78],"capInsets":[0,0,0,0]}},{"__type__":"cc.SpriteFrame","content":{"name":"ban4_3","texture":"14GhSaBsNOgJmATmrjt+eO","rect":[1,1002,102,78],"offset":[0,0],"originalSize":[102,78],"capInsets":[0,0,0,0]}},{"__type__":"cc.SpriteFrame","content":{"name":"ban6_4","texture":"14GhSaBsNOgJmATmrjt+eO","rect":[122,881,119,78],"offset":[0,0],"originalSize":[119,78],"capInsets":[0,0,0,0]}},{"__type__":"cc.SpriteFrame","content":{"name":"ban6_6","texture":"14GhSaBsNOgJmATmrjt+eO","rect":[122,961,119,78],"offset":[0,0],"originalSize":[119,78],"capInsets":[0,0,0,0]}},{"__type__":"cc.SpriteAtlas","_name":"banGame.plist","_spriteFrames":{"ban2_0":{"__uuid__":"c8irxjqXZKcK/JCaF/Vl0Z"},"ban2_1":{"__uuid__":"9bnUrRvdtCsoLlT16hYtOf"},"ban2_2":{"__uuid__":"54Pp1MvFhMrpT4hIB1tAjV"},"ban3_0":{"__uuid__":"7arxe5HKJGu6CGuT3YtOP7"},"ban3_1":{"__uuid__":"73mLZk+W5O05Ux5LRfnoeI"},"ban3_2":{"__uuid__":"d7cDxlp91A6qI05yScfTN2"},"ban3_3":{"__uuid__":"e6CvA4j8VMTpU5DWkCaSDa"},"ban4_0":{"__uuid__":"313FrjHidIaqyfFBTgkGdc"},"ban4_1":{"__uuid__":"3fU+EbEJdD1qY6Qmy6ouiV"},"ban4_2":{"__uuid__":"12iCPI2JFCj7+RLQlvt4m4"},"ban4_3":{"__uuid__":"e6Kp4W/HtBT7UWT3bCsVdD"},"ban4_4":{"__uuid__":"13iBPn1HNClZ5NrUUhCgkG"},"ban5_0":{"__uuid__":"3dmffMystNkJNL17cuFHJK"},"ban5_1":{"__uuid__":"69LRoTKWtO+Z9YPwwymVKP"},"ban5_2":{"__uuid__":"2e0sbUWqBKeJGkfvP1Cnnu"},"ban5_3":{"__uuid__":"ba2RaoACRDloCgCStH/ZzB"},"ban5_4":{"__uuid__":"88B3uOR5lG8ZDnSMXgf3bp"},"ban5_5":{"__uuid__":"4clE7k+dpB6JZceQG2/wEZ"},"ban6_0":{"__uuid__":"0cPl3C3TtCM6ObiH1dxVj6"},"ban6_1":{"__uuid__":"30faqiUQhO4JLn+HS7K52A"},"ban6_2":{"__uuid__":"92ZbDBYlBHzaAv6vx5Rb40"},"ban6_3":{"__uuid__":"abYRUxmNNEhqFTNCn4yujb"},"ban6_4":{"__uuid__":"e7JXf9NsZFQ4Zoug8Ton8b"},"ban6_5":{"__uuid__":"18/b59k25EWoAlI+6MTISd"},"ban6_6":{"__uuid__":"e8JM0Mc7xEA4W5pIboeHVl"},"co_0":{"__uuid__":"2553n+6ohCLamN4sQWx9oo"},"co_1":{"__uuid__":"01X0ScwIlBKL+dXO+p9lPM"},"co_2":{"__uuid__":"fdhNvLkO1K+qJ6zb2lTceR"},"shadow1":{"__uuid__":"01pBRDMlVKTpS/L3iIKpGd"},"shadow2":{"__uuid__":"631iGTqSdCRZFAPyqBfcL8"},"shadow3":{"__uuid__":"7e4Dxla4hAlJwQmhuMdsw1"}}},{"__type__":"cc.SpriteFrame","content":{"name":"co_2","texture":"14GhSaBsNOgJmATmrjt+eO","rect":[149,1085,97,42],"offset":[0,0],"originalSize":[97,42],"capInsets":[0,0,0,0]}}]