{"__type__":"dragonBones.DragonBonesAtlasAsset","_name":"kyby_hailang_tex","_atlasJson":"{\"imagePath\":\"kyby_hailang_tex.png\",\"width\":1013,\"height\":720,\"name\":\"kyby_hailang\",\"SubTexture\":[{\"width\":640,\"y\":0,\"height\":360,\"name\":\"0012\",\"x\":0},{\"frameX\":-238,\"y\":0,\"frameY\":0,\"frameWidth\":640,\"width\":373,\"frameHeight\":360,\"height\":360,\"name\":\"3\",\"x\":640},{\"frameX\":-250,\"y\":360,\"frameY\":0,\"frameWidth\":640,\"width\":347,\"frameHeight\":360,\"height\":360,\"name\":\"2\",\"x\":355},{\"frameX\":-275,\"y\":360,\"frameY\":0,\"frameWidth\":640,\"width\":355,\"frameHeight\":360,\"height\":360,\"name\":\"1\",\"x\":0},{\"width\":20,\"y\":360,\"height\":20,\"name\":\"paopao\",\"x\":702}]}","_texture":{"__uuid__":"6cOCKehM9FCp06oRyb/N/k"},"texture":{"__uuid__":"6cOCKehM9FCp06oRyb/N/k"}}