{"__type__":"sp.SkeletonData","_name":"skeleton","_skeletonJson":{"skeleton":{"hash":"9oxg59KxGmtbXKZ8Ype579F6AOs","spine":"3.6.53","width":162,"height":162},"bones":[{"name":"root"},{"name":"fs-Free","parent":"root","length":23.14,"x":-28.94,"y":-45.25},{"name":"fs-Spin","parent":"root","length":21.83,"x":31.29,"y":-45.25},{"name":"fs-bg","parent":"root","length":49.32},{"name":"fs-girl","parent":"root","length":48.2},{"name":"fs-khung","parent":"root","length":54.95},{"name":"fs-khung-light","parent":"root","length":80.88},{"name":"fs-khung-light2","parent":"root","length":71.47}],"slots":[{"name":"fs-bg","bone":"fs-bg","attachment":"fs-bg"},{"name":"fs-girl","bone":"fs-girl","attachment":"fs-girl"},{"name":"fs-khung","bone":"fs-khung","attachment":"fs-khung"},{"name":"fs-Free","bone":"fs-Free","attachment":"fs-Free"},{"name":"fs-Spin","bone":"fs-Spin","attachment":"fs-Spin"},{"name":"fs-khung-light","bone":"fs-khung-light","attachment":"fs-khung-light"},{"name":"fs-khung-light2","bone":"fs-khung-light2","attachment":"fs-khung-light"}],"skins":{"default":{"fs-Free":{"fs-Free":{"x":2.32,"y":1.25,"width":65,"height":37}},"fs-Spin":{"fs-Spin":{"x":-2.67,"y":1.69,"width":62,"height":37}},"fs-bg":{"fs-bg":{"width":117,"height":117}},"fs-girl":{"fs-girl":{"width":117,"height":117}},"fs-khung":{"fs-khung":{"width":118,"height":118}},"fs-khung-light":{"fs-khung-light":{"width":162,"height":162}},"fs-khung-light2":{"fs-khung-light":{"width":162,"height":162}}}},"animations":{"animation":{"slots":{"fs-Free":{"color":[{"time":0,"color":"ffffffff","curve":"stepped"},{"time":0.1667,"color":"ffffffff"},{"time":0.2,"color":"ffffff00","curve":"stepped"},{"time":0.2667,"color":"ffffff00"},{"time":0.4333,"color":"ffffffff","curve":"stepped"},{"time":0.6,"color":"ffffffff"}]},"fs-Spin":{"color":[{"time":0,"color":"ffffffff","curve":"stepped"},{"time":0.5,"color":"ffffffff"},{"time":0.5333,"color":"ffffff00","curve":"stepped"},{"time":0.6,"color":"ffffff00"},{"time":0.7667,"color":"ffffffff","curve":"stepped"},{"time":0.9333,"color":"ffffffff"}]},"fs-khung-light":{"color":[{"time":0,"color":"ffffff00","curve":"stepped"},{"time":0.7333,"color":"ffffff00"},{"time":1.0667,"color":"ffffffff"},{"time":1.2333,"color":"ffffff00"}]},"fs-khung-light2":{"color":[{"time":0,"color":"ffffff00","curve":"stepped"},{"time":0.9667,"color":"ffffff00"},{"time":1.3,"color":"ffffffff"},{"time":1.4667,"color":"ffffff00"},{"time":2.6667,"color":"ffffff00"}]}},"bones":{"fs-khung-light":{"scale":[{"time":0,"x":1,"y":1,"curve":"stepped"},{"time":0.7333,"x":1,"y":1,"curve":"stepped"},{"time":1.0667,"x":1,"y":1},{"time":1.2333,"x":1.2,"y":1.2}]},"fs-khung-light2":{"scale":[{"time":0,"x":1,"y":1,"curve":"stepped"},{"time":0.9667,"x":1,"y":1,"curve":"stepped"},{"time":1.3,"x":1,"y":1},{"time":1.4667,"x":1.2,"y":1.2},{"time":2.6667,"x":1,"y":1}]},"fs-Free":{"translate":[{"time":0,"x":0,"y":0,"curve":"stepped"},{"time":0.1667,"x":0,"y":0,"curve":"stepped"},{"time":0.2,"x":0,"y":0},{"time":0.2667,"x":0,"y":14.8},{"time":0.4333,"x":0,"y":0},{"time":0.5,"x":0,"y":7.81},{"time":0.6,"x":0,"y":0}],"scale":[{"time":0,"x":1,"y":1,"curve":"stepped"},{"time":0.1667,"x":1,"y":1,"curve":"stepped"},{"time":0.4333,"x":1,"y":1,"curve":"stepped"},{"time":0.6,"x":1,"y":1}]},"fs-Spin":{"translate":[{"time":0,"x":0,"y":0,"curve":"stepped"},{"time":0.5,"x":0,"y":0,"curve":"stepped"},{"time":0.5333,"x":0,"y":0},{"time":0.6,"x":0,"y":14.8},{"time":0.7667,"x":0,"y":0},{"time":0.8333,"x":0,"y":7.81},{"time":0.9333,"x":0,"y":0}],"scale":[{"time":0,"x":1,"y":1,"curve":"stepped"},{"time":0.5,"x":1,"y":1,"curve":"stepped"},{"time":0.7667,"x":1,"y":1,"curve":"stepped"},{"time":0.9333,"x":1,"y":1}]}}},"win":{"slots":{"fs-khung-light":{"color":[{"time":0,"color":"ffffff00","curve":"stepped"},{"time":0.2667,"color":"ffffff00"},{"time":0.6667,"color":"ffffffff"},{"time":0.8333,"color":"ffffff00","curve":"stepped"},{"time":1.5,"color":"ffffff00"}]},"fs-khung-light2":{"color":[{"time":0,"color":"ffffff00","curve":"stepped"},{"time":0.5667,"color":"ffffff00"},{"time":0.9667,"color":"ffffffff"},{"time":1.1333,"color":"ffffff00","curve":"stepped"},{"time":1.5,"color":"ffffff00"}]}},"bones":{"fs-khung-light2":{"scale":[{"time":0,"x":1,"y":1},{"time":0.5667,"x":1.5,"y":1.5},{"time":0.9667,"x":1.03,"y":1.03},{"time":1.5,"x":1,"y":1}]},"fs-khung-light":{"scale":[{"time":0,"x":1,"y":1},{"time":0.2667,"x":1.5,"y":1.5},{"time":0.6667,"x":1.03,"y":1.03},{"time":1.5,"x":1,"y":1}]},"fs-Free":{"translate":[{"time":0,"x":0,"y":0},{"time":0.3333,"x":27.91,"y":59.59,"curve":"stepped"},{"time":1.4667,"x":27.91,"y":59.59},{"time":1.5,"x":0,"y":0}],"scale":[{"time":0,"x":1,"y":1},{"time":0.3333,"x":1.5,"y":1.5,"curve":"stepped"},{"time":1.4667,"x":1.5,"y":1.5},{"time":1.5,"x":1,"y":1}]},"fs-Spin":{"translate":[{"time":0,"x":0,"y":0},{"time":0.3333,"x":-26.41,"y":18.71,"curve":"stepped"},{"time":1.4667,"x":-26.41,"y":18.71},{"time":1.5,"x":0,"y":0}],"scale":[{"time":0,"x":1,"y":1},{"time":0.3333,"x":1.5,"y":1.5,"curve":"stepped"},{"time":1.4667,"x":1.5,"y":1.5},{"time":1.5,"x":1,"y":1}]},"fs-bg":{"scale":[{"time":0,"x":1,"y":1},{"time":0.3333,"x":1.03,"y":1.03},{"time":1.5,"x":1,"y":1}]},"fs-khung":{"scale":[{"time":0,"x":1,"y":1},{"time":0.3333,"x":1.03,"y":1.03},{"time":1.5,"x":1,"y":1}]},"fs-girl":{"scale":[{"time":0,"x":1,"y":1},{"time":0.3333,"x":1.03,"y":1.03},{"time":1.5,"x":1,"y":1}]}}}}},"_atlasText":"\nskeleton.png\nsize: 519,164\nformat: RGBA8888\nfilter: Linear,Linear\nrepeat: none\nfs-Free\n  rotate: false\n  xy: 164, 7\n  size: 65, 37\n  orig: 65, 37\n  offset: 0, 0\n  index: -1\nfs-Spin\n  rotate: false\n  xy: 230, 7\n  size: 62, 37\n  orig: 62, 37\n  offset: 0, 0\n  index: -1\nfs-bg\n  rotate: false\n  xy: 283, 46\n  size: 117, 117\n  orig: 117, 117\n  offset: 0, 0\n  index: -1\nfs-girl\n  rotate: false\n  xy: 401, 46\n  size: 117, 117\n  orig: 117, 117\n  offset: 0, 0\n  index: -1\nfs-khung\n  rotate: false\n  xy: 164, 45\n  size: 118, 118\n  orig: 118, 118\n  offset: 0, 0\n  index: -1\nfs-khung-light\n  rotate: false\n  xy: 1, 1\n  size: 162, 162\n  orig: 162, 162\n  offset: 0, 0\n  index: -1\n","textures":[{"__uuid__":"5bKIH2PPNEQbKg412Yg692"}],"textureNames":["skeleton.png"]}