{"__type__":"dragonBones.DragonBonesAtlasAsset","_name":"xiaochouyu_tex","_atlasJson":"{\"imagePath\":\"xiaochouyu_tex.png\",\"width\":677,\"height\":467,\"name\":\"xiaochouyu\",\"SubTexture\":[{\"frameX\":-58,\"y\":0,\"frameY\":-17,\"frameWidth\":256,\"width\":143,\"frameHeight\":256,\"height\":223,\"name\":\"xiaochouyu_00009\",\"x\":0},{\"frameX\":-59,\"y\":0,\"frameY\":-17,\"frameWidth\":256,\"width\":132,\"frameHeight\":256,\"height\":209,\"name\":\"xiaochouyu_00000\",\"x\":416},{\"frameX\":-61,\"y\":0,\"frameY\":-17,\"frameWidth\":256,\"width\":135,\"frameHeight\":256,\"height\":223,\"name\":\"xiaochouyu_00002\",\"x\":143},{\"frameX\":-60,\"y\":224,\"frameY\":-18,\"frameWidth\":256,\"width\":137,\"frameHeight\":256,\"height\":219,\"name\":\"xiaochouyu_00004\",\"x\":282},{\"frameX\":-60,\"y\":213,\"frameY\":-17,\"frameWidth\":256,\"width\":128,\"frameHeight\":256,\"height\":211,\"name\":\"xiaochouyu_00001\",\"x\":549},{\"frameX\":-57,\"y\":0,\"frameY\":-17,\"frameWidth\":256,\"width\":134,\"frameHeight\":256,\"height\":224,\"name\":\"xiaochouyu_00007\",\"x\":282},{\"frameX\":-61,\"y\":223,\"frameY\":-17,\"frameWidth\":256,\"width\":140,\"frameHeight\":256,\"height\":224,\"name\":\"xiaochouyu_00003\",\"x\":142},{\"frameX\":-57,\"y\":209,\"frameY\":-18,\"frameWidth\":256,\"width\":130,\"frameHeight\":256,\"height\":209,\"name\":\"xiaochouyu_00005\",\"x\":419},{\"frameX\":-58,\"y\":0,\"frameY\":-18,\"frameWidth\":256,\"width\":127,\"frameHeight\":256,\"height\":213,\"name\":\"xiaochouyu_00006\",\"x\":549},{\"frameX\":-57,\"y\":223,\"frameY\":-17,\"frameWidth\":256,\"width\":142,\"frameHeight\":256,\"height\":224,\"name\":\"xiaochouyu_00008\",\"x\":0},{\"frameX\":-1,\"y\":418,\"frameY\":0,\"frameWidth\":56,\"width\":55,\"frameHeight\":49,\"height\":49,\"name\":\"aixin0\",\"x\":419}]}","_texture":{"__uuid__":"6aZZdp+IBAGpWYBIdaWS4k"},"texture":{"__uuid__":"6aZZdp+IBAGpWYBIdaWS4k"}}