{"__type__":"dragonBones.DragonBonesAsset","_name":"baoxiang_shadow_ske","_dragonBonesJson":"{\"frameRate\":12,\"name\":\"baoxiang_shadow\",\"version\":\"5.5\",\"compatibleVersion\":\"5.5\",\"armature\":[{\"type\":\"Armature\",\"frameRate\":12,\"name\":\"baoxiang_shadow\",\"aabb\":{\"x\":-57.4,\"y\":-61.25,\"width\":114.8,\"height\":122.5},\"bone\":[{\"name\":\"root\"},{\"name\":\"bone\",\"parent\":\"root\",\"transform\":{\"scX\":2,\"scY\":2}}],\"slot\":[{\"displayIndex\":4,\"name\":\"yingzi0001\",\"parent\":\"bone\"}],\"skin\":[{\"slot\":[{\"name\":\"yingzi0001\",\"display\":[{\"name\":\"yingzi0005\"},{\"name\":\"yingzi0004\"},{\"name\":\"yingzi0003\"},{\"name\":\"yingzi0002\"},{\"name\":\"yingzi0001\"}]}]}],\"animation\":[{\"duration\":4,\"playTimes\":0,\"name\":\"newAnimation\",\"slot\":[{\"name\":\"yingzi0001\",\"displayFrame\":[{\"value\":4},{\"value\":3},{\"value\":2},{\"value\":1},{\"duration\":0}]}]}],\"defaultActions\":[{\"gotoAndPlay\":\"newAnimation\"}]}]}"}