{"__type__":"dragonBones.DragonBonesAtlasAsset","_name":"baoxiang_tex","_atlasJson":"{\"width\":676,\"imagePath\":\"baoxiang_tex.png\",\"height\":477,\"name\":\"baoxiang\",\"SubTexture\":[{\"y\":222,\"frameX\":-1,\"frameHeight\":240,\"frameY\":-19,\"width\":223,\"frameWidth\":224,\"height\":218,\"name\":\"fish63_10\",\"x\":451},{\"y\":239,\"frameX\":-1,\"frameHeight\":240,\"frameY\":-1,\"width\":223,\"frameWidth\":224,\"height\":236,\"name\":\"fish63_8\",\"x\":226},{\"y\":1,\"frameX\":-1,\"frameHeight\":240,\"frameY\":-18,\"width\":223,\"frameWidth\":224,\"height\":219,\"name\":\"fish63_2\",\"x\":227},{\"y\":1,\"frameX\":0,\"frameHeight\":240,\"frameY\":-1,\"width\":224,\"frameWidth\":224,\"height\":236,\"name\":\"fish63_6\",\"x\":1},{\"y\":239,\"frameX\":-1,\"frameHeight\":240,\"frameY\":-1,\"width\":223,\"frameWidth\":224,\"height\":236,\"name\":\"fish63_4\",\"x\":1}]}","_texture":{"__uuid__":"24Qthqy1ZDKr68HqaoDeqV"},"texture":{"__uuid__":"24Qthqy1ZDKr68HqaoDeqV"}}