{"__type__":"sp.SkeletonData","_name":"daily","_skeletonJson":{"skeleton":{"hash":"GLKyKc48IQtmUQLrqWlfVzSuHg4","spine":"3.7.94","width":278,"height":244},"bones":[{"name":"root"},{"name":"SAO2","parent":"root","x":-95.61,"y":41.61},{"name":"sao","parent":"root","x":75.33,"y":65.7},{"name":"ĐẠI LÝ","parent":"root","x":5.2,"y":35.66},{"name":"light","parent":"root","x":-114.78,"y":11.37},{"name":"light2","parent":"root","x":102.34,"y":41.73}],"slots":[{"name":"fx1","bone":"root","attachment":"fx1"},{"name":"fx2","bone":"root","attachment":"fx2"},{"name":"fx3","bone":"root","attachment":"fx3"},{"name":"ic","bone":"root","attachment":"ic"},{"name":"sao","bone":"sao","attachment":"sao"},{"name":"SAO2","bone":"SAO2","attachment":"SAO2"},{"name":"ĐẠI LÝ","bone":"ĐẠI LÝ","attachment":"ĐẠI LÝ"},{"name":"ĐẠI LÝ2","bone":"ĐẠI LÝ","attachment":"ĐẠI LÝ","blend":"additive"},{"name":"light","bone":"light","attachment":"light","blend":"additive"},{"name":"light2","bone":"light2","attachment":"light2","blend":"additive"}],"skins":{"default":{"SAO2":{"SAO2":{"x":0.02,"y":-3.06,"width":54,"height":52}},"fx1":{"fx1":{"x":34.41,"y":-0.95,"width":254,"height":253}},"fx2":{"fx2":{"x":-13.59,"y":70.05,"width":254,"height":253}},"fx3":{"fx3":{"x":-58.59,"y":30.05,"width":256,"height":253}},"ic":{"ic":{"x":-1.59,"y":61.05,"width":202,"height":177}},"light":{"light":{"x":1.19,"y":1.68,"width":62,"height":61}},"light2":{"light2":{"x":-1.93,"y":1.32,"width":62,"height":61}},"sao":{"sao":{"x":-0.92,"y":-4.15,"width":54,"height":52}},"ĐẠI LÝ":{"ĐẠI LÝ":{"x":-8.79,"y":1.89,"width":238,"height":80}},"ĐẠI LÝ2":{"ĐẠI LÝ":{"x":-8.79,"y":1.89,"width":238,"height":80}}}},"animations":{"animation":{"slots":{"fx1":{"color":[{"time":0,"color":"ffffff00"},{"time":0.3333,"color":"ffffffff"},{"time":1.3333,"color":"ffffff00"}]},"fx2":{"color":[{"time":0,"color":"ffffff00","curve":"stepped"},{"time":0.3333,"color":"ffffff00"},{"time":0.6667,"color":"ffffffff"},{"time":1.6667,"color":"ffffff00"}]},"fx3":{"color":[{"time":0,"color":"ffffff00","curve":"stepped"},{"time":1,"color":"ffffff00"},{"time":1.3333,"color":"ffffffff"},{"time":2.3333,"color":"ffffff00"}]},"light":{"color":[{"time":0,"color":"ffffffff"},{"time":0.3333,"color":"ffffff00"},{"time":1.1667,"color":"ffffffff"},{"time":1.5,"color":"ffffff00"},{"time":2.3333,"color":"ffffffff"}]},"light2":{"color":[{"time":0,"color":"ffffff00"},{"time":0.3333,"color":"ffffffff"},{"time":1.1667,"color":"ffffff00"},{"time":1.5,"color":"ffffffff"},{"time":2.3333,"color":"ffffff00"}]},"ĐẠI LÝ2":{"attachment":[{"time":0,"name":null},{"time":2.1,"name":"ĐẠI LÝ"},{"time":2.1667,"name":null},{"time":2.2333,"name":"ĐẠI LÝ"},{"time":2.3333,"name":null}]}},"bones":{"SAO2":{"rotate":[{"time":0,"angle":0},{"time":0.8333,"angle":180},{"time":1.6667,"angle":0}],"translate":[{"time":0,"x":0,"y":0,"curve":[0.25,0,0.75,1]},{"time":0.3333,"x":0,"y":76.88,"curve":[0.25,0,0.75,1]},{"time":1.6667,"x":0,"y":0}]},"sao":{"rotate":[{"time":0.6667,"angle":0},{"time":1.5,"angle":180},{"time":2.3333,"angle":0}],"translate":[{"time":0.6667,"x":0,"y":0,"curve":[0.25,0,0.75,1]},{"time":1,"x":0,"y":76.88,"curve":[0.25,0,0.75,1]},{"time":2.3333,"x":0,"y":0}]},"ĐẠI LÝ":{"scale":[{"time":0,"x":1,"y":1,"curve":[0.25,0,0.75,1]},{"time":0.5667,"x":1.111,"y":1.111,"curve":[0.25,0,0.75,1]},{"time":1.1667,"x":1,"y":1,"curve":[0.25,0,0.75,1]},{"time":1.7333,"x":1.111,"y":1.111,"curve":[0.25,0,0.75,1]},{"time":2.3333,"x":1,"y":1}]}}}}},"_atlasText":"daily.png\r\n  size: 512,512\r\n  format: RGBA8888\r\n  filter: Linear,Linear\r\n  repeat: none\r\nSAO2\r\n  rotate: false\r\n  xy: 258, 134\r\n  size: 54, 52\r\n  orig: 54, 52\r\n  offset: 0, 0\r\n  index: -1\r\nfx1\r\n  rotate: false\r\n  xy: 2, 2\r\n  size: 254, 253\r\n  orig: 254, 253\r\n  offset: 0, 0\r\n  index: -1\r\nfx2\r\n  rotate: false\r\n  xy: 2, 2\r\n  size: 254, 253\r\n  orig: 254, 253\r\n  offset: 0, 0\r\n  index: -1\r\nfx3\r\n  rotate: false\r\n  xy: 2, 257\r\n  size: 256, 253\r\n  orig: 256, 253\r\n  offset: 0, 0\r\n  index: -1\r\nic\r\n  rotate: false\r\n  xy: 260, 333\r\n  size: 202, 177\r\n  orig: 202, 177\r\n  offset: 0, 0\r\n  index: -1\r\nlight\r\n  rotate: false\r\n  xy: 258, 188\r\n  size: 62, 61\r\n  orig: 62, 61\r\n  offset: 0, 0\r\n  index: -1\r\nlight2\r\n  rotate: false\r\n  xy: 258, 188\r\n  size: 62, 61\r\n  orig: 62, 61\r\n  offset: 0, 0\r\n  index: -1\r\nsao\r\n  rotate: false\r\n  xy: 322, 197\r\n  size: 54, 52\r\n  orig: 54, 52\r\n  offset: 0, 0\r\n  index: -1\r\nĐẠI LÝ\r\n  rotate: false\r\n  xy: 260, 251\r\n  size: 238, 80\r\n  orig: 238, 80\r\n  offset: 0, 0\r\n  index: -1","textures":[{"__uuid__":"47ltuC1ehO2ab6+K1XGv1E"}],"textureNames":["daily.png"]}