{"__type__":"dragonBones.DragonBonesAsset","_name":"kyby_eff_bomb_ske","_dragonBonesJson":"{\"frameRate\":30,\"name\":\"kyby_eff_bomb\",\"version\":\"5.5\",\"compatibleVersion\":\"5.5\",\"armature\":[{\"type\":\"Armature\",\"frameRate\":30,\"name\":\"kyby_eff_bomb\",\"bone\":[{\"name\":\"root\"},{\"name\":\"bomb\",\"parent\":\"root\"},{\"name\":\"glow\",\"parent\":\"root\"},{\"name\":\"glow2\",\"parent\":\"root\"}],\"slot\":[{\"displayIndex\":-1,\"name\":\"eff_bomb01\",\"parent\":\"bomb\"},{\"blendMode\":\"add\",\"displayIndex\":-1,\"name\":\"bomb_glow_00000\",\"parent\":\"glow\"},{\"blendMode\":\"add\",\"displayIndex\":-1,\"name\":\"bomb_glow_0\",\"parent\":\"glow2\"}],\"skin\":[{\"slot\":[{\"name\":\"eff_bomb01\",\"display\":[{\"name\":\"eff_bomb01\"},{\"name\":\"eff_bomb02\"},{\"name\":\"eff_bomb03\"},{\"name\":\"eff_bomb04\"},{\"name\":\"eff_bomb05\"},{\"name\":\"eff_bomb06\"},{\"name\":\"eff_bomb07\"},{\"name\":\"eff_bomb08\"},{\"name\":\"eff_bomb09\"},{\"name\":\"eff_bomb10\"},{\"name\":\"eff_bomb11\"},{\"name\":\"eff_bomb12\"},{\"name\":\"eff_bomb13\"},{\"name\":\"eff_bomb14\"},{\"name\":\"eff_bomb15\"}]},{\"name\":\"bomb_glow_00000\",\"display\":[{\"name\":\"bomb_glow_00000\"}]},{\"name\":\"bomb_glow_0\",\"display\":[{\"name\":\"bomb_glow_00000\"}]}]}],\"animation\":[{\"duration\":45,\"name\":\"animation\",\"bone\":[{\"name\":\"bomb\",\"scaleFrame\":[{\"duration\":45,\"x\":1.56,\"y\":1.56}]},{\"name\":\"glow\",\"translateFrame\":[{\"duration\":10,\"tweenEasing\":0},{\"duration\":35,\"x\":-12.17,\"y\":1.74}],\"scaleFrame\":[{\"duration\":10,\"tweenEasing\":0},{\"duration\":30,\"tweenEasing\":0,\"x\":0.29,\"y\":0.29},{\"duration\":5,\"x\":1.21,\"y\":1.21}]},{\"name\":\"glow2\",\"translateFrame\":[{\"duration\":21,\"tweenEasing\":0},{\"duration\":24,\"x\":-12.17,\"y\":1.74}],\"scaleFrame\":[{\"duration\":21,\"tweenEasing\":0},{\"duration\":24,\"tweenEasing\":0,\"x\":0.29,\"y\":0.29},{\"duration\":0,\"x\":1.21,\"y\":1.21}]}],\"slot\":[{\"name\":\"bomb_glow_00000\",\"displayFrame\":[{\"duration\":10,\"value\":-1},{\"duration\":35}],\"colorFrame\":[{\"duration\":10,\"tweenEasing\":0},{\"duration\":30,\"tweenEasing\":0},{\"duration\":5,\"value\":{\"aM\":0}}]},{\"name\":\"bomb_glow_0\",\"displayFrame\":[{\"duration\":21,\"value\":-1},{\"duration\":24}],\"colorFrame\":[{\"duration\":21,\"tweenEasing\":0},{\"duration\":24,\"tweenEasing\":0},{\"duration\":0,\"value\":{\"aM\":0}}]},{\"name\":\"eff_bomb01\",\"displayFrame\":[{\"duration\":2},{\"duration\":3,\"value\":1},{\"duration\":2,\"value\":2},{\"duration\":3,\"value\":3},{\"duration\":2,\"value\":4},{\"duration\":3,\"value\":5},{\"duration\":2,\"value\":6},{\"duration\":3,\"value\":7},{\"duration\":2,\"value\":8},{\"duration\":3,\"value\":9},{\"duration\":2,\"value\":10},{\"duration\":3,\"value\":11},{\"duration\":2,\"value\":12},{\"duration\":3,\"value\":13},{\"duration\":2,\"value\":14},{\"duration\":8,\"value\":-1}]}]}],\"defaultActions\":[{\"gotoAndPlay\":\"animation\"}],\"canvas\":{\"width\":1280,\"height\":720}}]}"}