[{"__type__":"cc.Prefab","_name":"ef_bullet4","data":{"__id__":1}},{"__type__":"cc.Node","_name":"ef_bullet4","_components":[{"__id__":2},{"__type__":"3a330//WeBF2b3HjqWpZzen","node":{"__id__":1},"anim":{"__id__":2},"typeBet":4}],"_prefab":{"__type__":"cc.PrefabInfo","root":{"__id__":1},"asset":{"__id__":0},"fileId":"11ZWydp+BJ/qv7uau4vG0B"},"_trs":{"__type__":"TypedArray","ctor":"Float64Array","array":[0,0,0,0,0,0,1,1,1,1]}},{"__type__":"dragonBones.ArmatureDisplay","node":{"__id__":1},"_materials":[{"__uuid__":"ecpdLyjvZBwrvm+cedCcQy"}],"_armatureName":"kyby_zidan4-hit","_preCacheMode":0,"_armatureKey":"10039171-9b2b-4eef-8de3-502c5d85f682#63e0b311-e91c-4a22-9f56-90b615aabe8e","_N$dragonAsset":{"__uuid__":"10A5FxmytO743jUCxdhfaC"},"_N$dragonAtlasAsset":{"__uuid__":"634LMR6RxKIp9WkLYVqr6O"}}]