{"__type__":"dragonBones.DragonBonesAsset","_name":"zhangyu_ske","_dragonBonesJson":"{\"frameRate\":24,\"name\":\"zhangyu\",\"version\":\"5.5\",\"compatibleVersion\":\"5.5\",\"armature\":[{\"type\":\"Armature\",\"frameRate\":24,\"name\":\"zhangyu\",\"aabb\":{\"x\":-609,\"y\":-343.5,\"width\":1020,\"height\":765},\"bone\":[{\"name\":\"root\"},{\"name\":\"bone\",\"parent\":\"root\",\"transform\":{\"x\":-99,\"y\":39}},{\"name\":\"paopao\",\"parent\":\"root\",\"transform\":{\"x\":-4.8259,\"y\":31.9885,\"scX\":0.7136,\"scY\":0.7136}},{\"name\":\"paopao1\",\"parent\":\"root\",\"transform\":{\"x\":15.6021,\"y\":8.7748,\"scX\":0.82,\"scY\":0.82}},{\"name\":\"paopao11\",\"parent\":\"root\",\"transform\":{\"x\":42.53,\"y\":2.7392,\"scX\":0.6504,\"scY\":0.6504}},{\"name\":\"paopao111\",\"parent\":\"root\",\"transform\":{\"x\":-1.1117,\"y\":-0.9749,\"scX\":0.4651,\"scY\":0.4651}},{\"name\":\"paopao1111\",\"parent\":\"root\",\"transform\":{\"x\":32.316,\"y\":25.4886,\"scX\":0.3507,\"scY\":0.3507}},{\"name\":\"pao\",\"parent\":\"root\",\"transform\":{\"x\":-82.35,\"y\":-53.75,\"scX\":0.8557,\"scY\":0.8557}},{\"name\":\"pao1\",\"parent\":\"root\",\"transform\":{\"x\":-87.3247,\"y\":-53.2978,\"scX\":0.474,\"scY\":0.474}},{\"name\":\"pao11\",\"parent\":\"root\",\"transform\":{\"x\":-79.6365,\"y\":-59.1769,\"scX\":0.3861,\"scY\":0.3861}},{\"name\":\"pao111\",\"parent\":\"root\",\"transform\":{\"x\":-81.8978,\"y\":-49.6798,\"scX\":0.2951,\"scY\":0.2951}}],\"slot\":[{\"name\":\"paopao\",\"parent\":\"paopao\"},{\"name\":\"paopao11\",\"parent\":\"paopao11\"},{\"name\":\"paopao1111\",\"parent\":\"paopao1111\"},{\"displayIndex\":15,\"name\":\"kyby_zy_01\",\"parent\":\"bone\"},{\"name\":\"paopao1\",\"parent\":\"paopao1\"},{\"name\":\"paopao111\",\"parent\":\"paopao111\"},{\"name\":\"pao\",\"parent\":\"pao\"},{\"name\":\"pao1\",\"parent\":\"pao1\"},{\"name\":\"pao11\",\"parent\":\"pao11\"},{\"name\":\"pao111\",\"parent\":\"pao111\"}],\"skin\":[{\"slot\":[{\"name\":\"pao\",\"display\":[{\"name\":\"pao\",\"transform\":{\"x\":0.06,\"y\":-2.11}}]},{\"name\":\"paopao1\",\"display\":[{\"name\":\"paopao\",\"transform\":{\"x\":0.6,\"y\":-0.55}}]},{\"name\":\"paopao1111\",\"display\":[{\"name\":\"paopao\",\"transform\":{\"x\":0.6,\"y\":-0.55}}]},{\"name\":\"paopao\",\"display\":[{\"name\":\"paopao\",\"transform\":{\"x\":0.6,\"y\":-0.55}}]},{\"name\":\"pao11\",\"display\":[{\"name\":\"pao\",\"transform\":{\"x\":0.06,\"y\":-2.11}}]},{\"name\":\"paopao111\",\"display\":[{\"name\":\"paopao\",\"transform\":{\"x\":0.6,\"y\":-0.55}}]},{\"name\":\"pao111\",\"display\":[{\"name\":\"pao\",\"transform\":{\"x\":0.06,\"y\":-2.11}}]},{\"name\":\"paopao11\",\"display\":[{\"name\":\"paopao\",\"transform\":{\"x\":0.6,\"y\":-0.55}}]},{\"name\":\"kyby_zy_01\",\"display\":[{\"name\":\"kyby_zy_16\"},{\"name\":\"kyby_zy_15\"},{\"name\":\"kyby_zy_14\"},{\"name\":\"kyby_zy_13\"},{\"name\":\"kyby_zy_12\"},{\"name\":\"kyby_zy_11\"},{\"name\":\"kyby_zy_10\"},{\"name\":\"kyby_zy_09\"},{\"name\":\"kyby_zy_08\"},{\"name\":\"kyby_zy_07\"},{\"name\":\"kyby_zy_06\"},{\"name\":\"kyby_zy_05\"},{\"name\":\"kyby_zy_04\"},{\"name\":\"kyby_zy_03\"},{\"name\":\"kyby_zy_02\"},{\"name\":\"kyby_zy_01\"}]},{\"name\":\"pao1\",\"display\":[{\"name\":\"pao\",\"transform\":{\"x\":0.06,\"y\":-2.11}}]}]}],\"animation\":[{\"duration\":15,\"playTimes\":0,\"name\":\"newAnimation\",\"bone\":[{\"name\":\"paopao\",\"translateFrame\":[{\"duration\":2},{\"duration\":7,\"tweenEasing\":0,\"x\":-11.58,\"y\":-6.95},{\"duration\":6,\"x\":17.75,\"y\":7.69}],\"scaleFrame\":[{\"duration\":2},{\"duration\":7,\"tweenEasing\":0},{\"duration\":6,\"x\":0.74,\"y\":0.74}]},{\"name\":\"paopao1\",\"translateFrame\":[{\"duration\":6},{\"duration\":7,\"tweenEasing\":0},{\"duration\":2,\"x\":29.28,\"y\":52.83}],\"rotateFrame\":[{\"duration\":13},{\"duration\":2,\"rotate\":9.5}],\"scaleFrame\":[{\"duration\":6},{\"duration\":7,\"tweenEasing\":0},{\"duration\":2,\"x\":0.74,\"y\":0.74}]},{\"name\":\"paopao11\",\"translateFrame\":[{\"duration\":7,\"tweenEasing\":0,\"x\":-4.13,\"y\":-4.01},{\"duration\":8,\"x\":3.85,\"y\":39.24}],\"scaleFrame\":[{\"duration\":7,\"tweenEasing\":0},{\"duration\":8,\"x\":0.74,\"y\":0.74}]},{\"name\":\"paopao111\",\"translateFrame\":[{\"duration\":4},{\"duration\":7,\"tweenEasing\":0},{\"duration\":4,\"x\":42.89,\"y\":43.49}],\"scaleFrame\":[{\"duration\":4},{\"duration\":7,\"tweenEasing\":0},{\"duration\":4,\"x\":0.74,\"y\":0.74}]},{\"name\":\"paopao1111\",\"translateFrame\":[{\"duration\":8},{\"duration\":5,\"tweenEasing\":0,\"x\":2.7,\"y\":-10.81},{\"duration\":2,\"tweenEasing\":0,\"x\":3.08,\"y\":20.65},{\"duration\":0,\"x\":7.79,\"y\":26.22}],\"scaleFrame\":[{\"duration\":8},{\"duration\":7,\"tweenEasing\":0},{\"duration\":0,\"x\":0.74,\"y\":0.74}]},{\"name\":\"pao\",\"translateFrame\":[{},{\"x\":9.11,\"y\":-2.05},{\"x\":-8.55,\"y\":-13.35},{\"x\":-24.16,\"y\":-24.06},{\"x\":-33.17,\"y\":-28.63},{\"duration\":6,\"tweenEasing\":0,\"x\":-48.67,\"y\":-37.83},{\"duration\":4,\"x\":-57.41,\"y\":-53.01}],\"scaleFrame\":[{},{\"x\":0.46,\"y\":0.46},{\"x\":0.64,\"y\":0.64},{\"x\":0.82,\"y\":0.82},{},{\"duration\":6,\"tweenEasing\":0},{\"duration\":4,\"x\":1.3,\"y\":1.3}]},{\"name\":\"pao1\",\"translateFrame\":[{\"duration\":11},{\"duration\":2,\"curve\":[0.5,0,1,1],\"x\":-61.61,\"y\":-53.01},{\"duration\":2,\"x\":-79.64,\"y\":-70.51}],\"scaleFrame\":[{\"duration\":11},{\"duration\":2,\"tweenEasing\":0,\"x\":1.13,\"y\":1.13},{\"duration\":2,\"x\":0.77,\"y\":0.77}]},{\"name\":\"pao11\",\"translateFrame\":[{\"duration\":11},{\"duration\":4,\"curve\":[0.5,0,1,1],\"x\":-54.14,\"y\":-54.87},{\"duration\":0,\"x\":-41.18,\"y\":-71.9}],\"scaleFrame\":[{\"duration\":11},{\"duration\":4,\"tweenEasing\":0,\"x\":1.13,\"y\":1.13},{\"duration\":0,\"x\":1.44,\"y\":1.44}]},{\"name\":\"pao111\",\"translateFrame\":[{\"duration\":11},{\"duration\":3,\"curve\":[0.5,0,1,1],\"x\":-60.44,\"y\":-44.37},{\"x\":-61.46,\"y\":-30.37}],\"scaleFrame\":[{\"duration\":11},{\"duration\":3,\"tweenEasing\":0,\"x\":1.13,\"y\":1.13},{\"x\":0.77,\"y\":0.77}]}],\"slot\":[{\"name\":\"kyby_zy_01\",\"displayFrame\":[{\"value\":15},{\"value\":14},{\"value\":13},{\"value\":12},{\"value\":11},{\"value\":10},{\"value\":9},{\"value\":8},{\"value\":7},{\"value\":6},{\"value\":5},{\"value\":4},{\"value\":3},{\"value\":2},{\"value\":1},{\"duration\":0}]},{\"name\":\"paopao\",\"displayFrame\":[{\"duration\":2,\"value\":-1},{\"duration\":13}],\"colorFrame\":[{\"duration\":2},{\"duration\":2,\"tweenEasing\":0,\"value\":{\"aM\":0}},{\"duration\":5,\"tweenEasing\":0},{\"duration\":6,\"value\":{\"aM\":0}}]},{\"name\":\"paopao1\",\"displayFrame\":[{\"duration\":6,\"value\":-1},{\"duration\":9}],\"colorFrame\":[{\"duration\":6},{\"duration\":2,\"tweenEasing\":0,\"value\":{\"aM\":0}},{\"duration\":5,\"tweenEasing\":0},{\"duration\":2,\"value\":{\"aM\":0}}]},{\"name\":\"paopao11\",\"colorFrame\":[{\"duration\":2,\"tweenEasing\":0,\"value\":{\"aM\":0}},{\"duration\":5,\"tweenEasing\":0},{\"duration\":8,\"value\":{\"aM\":0}}]},{\"name\":\"paopao111\",\"displayFrame\":[{\"duration\":4,\"value\":-1},{\"duration\":11}],\"colorFrame\":[{\"duration\":4},{\"duration\":2,\"tweenEasing\":0,\"value\":{\"aM\":0}},{\"duration\":5,\"tweenEasing\":0},{\"duration\":4,\"value\":{\"aM\":0}}]},{\"name\":\"paopao1111\",\"displayFrame\":[{\"duration\":8,\"value\":-1},{\"duration\":7}],\"colorFrame\":[{\"duration\":8},{\"duration\":2,\"tweenEasing\":0,\"value\":{\"aM\":0}},{\"duration\":5,\"tweenEasing\":0},{\"duration\":0,\"value\":{\"aM\":0}}]},{\"name\":\"pao\",\"displayFrame\":[{\"value\":-1},{\"duration\":10},{\"duration\":4,\"value\":-1}]},{\"name\":\"pao1\",\"displayFrame\":[{\"duration\":11,\"value\":-1},{\"duration\":4}],\"colorFrame\":[{\"duration\":11},{\"duration\":2,\"tweenEasing\":0},{\"duration\":2,\"value\":{\"aM\":0}}]},{\"name\":\"pao11\",\"displayFrame\":[{\"duration\":11,\"value\":-1},{\"duration\":4}],\"colorFrame\":[{\"duration\":11},{\"duration\":4,\"tweenEasing\":0},{\"duration\":0,\"value\":{\"aM\":0}}]},{\"name\":\"pao111\",\"displayFrame\":[{\"duration\":11,\"value\":-1},{\"duration\":4}],\"colorFrame\":[{\"duration\":11},{\"duration\":3,\"tweenEasing\":0},{\"value\":{\"aM\":0}}]}]}],\"defaultActions\":[{\"gotoAndPlay\":\"newAnimation\"}],\"canvas\":{\"width\":1280,\"height\":720}}]}"}