{"__type__":"sp.SkeletonData","_name":"Bali_Vip","_skeletonJson":{"skeleton":{"hash":"grBY7o02WpBE3wLVuje5BA4OU6w","spine":"3.7.94","width":181.24,"height":151.17},"bones":[{"name":"root"},{"name":"3","parent":"root","x":11.71,"y":15.03},{"name":"Layer 2","parent":"3","x":54.71,"y":-5.51},{"name":"Layer 3","parent":"3","x":-60.43,"y":-4.83},{"name":"5","parent":"root","x":-0.32,"y":-37.06},{"name":"7","parent":"root","x":-3.15,"y":-13.64}],"slots":[{"name":"6","bone":"3","attachment":"8"},{"name":"Layer 2","bone":"Layer 2","attachment":"Layer 2"},{"name":"Layer 3","bone":"Layer 3","attachment":"Layer 2"},{"name":"7","bone":"7","attachment":"7"},{"name":"5","bone":"5","attachment":"5"},{"name":"1","bone":"root","blend":"multiply"},{"name":"3","bone":"3","attachment":"3"}],"skins":{"default":{"1":{"1":{"x":0.17,"y":31.31,"rotation":-3.3,"width":104,"height":34}},"3":{"3":{"x":8.2,"y":22.85,"width":33,"height":33}},"5":{"5":{"x":2.81,"y":1.07,"width":146,"height":26}},"6":{"8":{"x":-8.66,"y":27.15,"scaleX":-0.6,"scaleY":0.6,"width":300,"height":200}},"7":{"7":{"x":6.14,"y":0.14,"width":157,"height":27}},"Layer 2":{"Layer 2":{"x":-0.4,"y":0.26,"width":31,"height":30}},"Layer 3":{"Layer 2":{"x":-0.29,"y":0.32,"width":31,"height":30}}}},"animations":{"animation":{"slots":{"3":{"color":[{"time":0,"color":"ffffff03","curve":"stepped"},{"time":0.2,"color":"ffffff03"},{"time":0.4,"color":"ffffffff"},{"time":0.6,"color":"ffffff03"}]},"6":{"color":[{"time":0,"color":"ffffff04"},{"time":0.2,"color":"ffffffff"}]},"Layer 2":{"color":[{"time":0,"color":"ffffff03"},{"time":0.2,"color":"ffffffff"}]},"Layer 3":{"color":[{"time":0,"color":"ffffff03"},{"time":0.2,"color":"ffffffff"}]}},"bones":{"3":{"translate":[{"time":0,"x":-160.88,"y":0},{"time":0.2,"x":15.26,"y":0},{"time":0.3,"x":0,"y":-1.23},{"time":0.4,"x":0,"y":0},{"time":0.5,"x":0,"y":-1.23},{"time":0.6,"x":0,"y":0},{"time":0.7,"x":0,"y":-1.23},{"time":0.8,"x":0,"y":0},{"time":0.9,"x":0,"y":-1.23},{"time":1,"x":0,"y":0},{"time":1.1,"x":0,"y":-1.23},{"time":1.2,"x":0,"y":0},{"time":1.2667,"x":0,"y":-1.23},{"time":1.3333,"x":0,"y":0},{"time":1.4333,"x":0,"y":-1.23},{"time":1.5333,"x":0,"y":0},{"time":1.6333,"x":0,"y":-1.23},{"time":1.7333,"x":0,"y":0},{"time":1.8333,"x":0,"y":-1.23},{"time":1.9333,"x":0,"y":0},{"time":2.0333,"x":0,"y":-1.23},{"time":2.1333,"x":0,"y":0},{"time":2.2333,"x":0,"y":-1.23},{"time":2.3333,"x":0,"y":0},{"time":2.4333,"x":0,"y":-1.23},{"time":2.5333,"x":0,"y":0},{"time":2.6,"x":0,"y":-1.23},{"time":2.6667,"x":0,"y":0}],"scale":[{"time":0,"x":1,"y":1},{"time":0.0667,"x":1,"y":0.945},{"time":1.3333,"x":1,"y":1},{"time":1.4,"x":1,"y":0.945},{"time":2.6667,"x":1,"y":1}]},"7":{"scale":[{"time":1.3333,"x":1,"y":1},{"time":1.4,"x":1,"y":0.704},{"time":1.4667,"x":1,"y":1},{"time":1.5333,"x":1,"y":0.778},{"time":1.6,"x":1,"y":1}]},"Layer 2":{"rotate":[{"time":0,"angle":0},{"time":0.1667,"angle":180},{"time":0.3333,"angle":0},{"time":0.5,"angle":180},{"time":0.6667,"angle":0},{"time":0.8333,"angle":180},{"time":1,"angle":0},{"time":1.1667,"angle":180},{"time":1.3333,"angle":0},{"time":1.5,"angle":180},{"time":1.6667,"angle":0},{"time":1.8333,"angle":180},{"time":2,"angle":0},{"time":2.1667,"angle":180},{"time":2.3333,"angle":0},{"time":2.5,"angle":180},{"time":2.6667,"angle":0}]},"Layer 3":{"rotate":[{"time":0,"angle":0},{"time":0.1667,"angle":180},{"time":0.3333,"angle":0},{"time":0.5,"angle":180},{"time":0.6667,"angle":0},{"time":0.8333,"angle":180},{"time":1,"angle":0},{"time":1.1667,"angle":180},{"time":1.3333,"angle":0},{"time":1.5,"angle":180},{"time":1.6667,"angle":0},{"time":1.8333,"angle":180},{"time":2,"angle":0},{"time":2.1667,"angle":180},{"time":2.3333,"angle":0},{"time":2.5,"angle":180},{"time":2.6667,"angle":0}]}}}}},"_atlasText":"\nBali_Vip.png\nsize: 512,256\nformat: RGBA8888\nfilter: Linear,Linear\nrepeat: none\n1\n  rotate: false\n  xy: 304, 169\n  size: 104, 34\n  orig: 104, 34\n  offset: 0, 0\n  index: -1\n3\n  rotate: false\n  xy: 304, 134\n  size: 33, 33\n  orig: 33, 33\n  offset: 0, 0\n  index: -1\n5\n  rotate: false\n  xy: 304, 205\n  size: 146, 26\n  orig: 146, 26\n  offset: 0, 0\n  index: -1\n7\n  rotate: false\n  xy: 2, 2\n  size: 157, 27\n  orig: 157, 27\n  offset: 0, 0\n  index: -1\n8\n  rotate: false\n  xy: 2, 31\n  size: 300, 200\n  orig: 300, 200\n  offset: 0, 0\n  index: -1\nLayer 2\n  rotate: false\n  xy: 410, 173\n  size: 31, 30\n  orig: 31, 30\n  offset: 0, 0\n  index: -1\n","textures":[{"__uuid__":"80+VX7kSFDrKM+SY0gSgnO"}],"textureNames":["Bali_Vip.png"]}