{"__type__":"dragonBones.DragonBonesAsset","_name":"hudieyu_shadow_ske","_dragonBonesJson":"{\"frameRate\":24,\"name\":\"hudieyu_shadow\",\"version\":\"5.5\",\"compatibleVersion\":\"5.5\",\"armature\":[{\"type\":\"Sheet\",\"frameRate\":24,\"name\":\"hudieyu_shadow\",\"aabb\":{\"x\":-100,\"y\":-100,\"width\":200,\"height\":200},\"bone\":[{\"name\":\"root\"}],\"slot\":[{\"displayIndex\":4,\"name\":\"sheetSlot\",\"parent\":\"root\"}],\"skin\":[{\"slot\":[{\"name\":\"sheetSlot\",\"display\":[{\"name\":\"00000000\"},{\"name\":\"00000003\"},{\"name\":\"00000006\"},{\"name\":\"00000009\"},{\"name\":\"00000012\"},{\"name\":\"00000015\"},{\"name\":\"00000018\"},{\"name\":\"00000021\"},{\"name\":\"00000024\"},{\"name\":\"00000027\"}]}]}],\"animation\":[{\"duration\":10,\"playTimes\":0,\"name\":\"hudieyu_shadow\",\"slot\":[{\"name\":\"sheetSlot\",\"displayFrame\":[{},{\"value\":1},{\"value\":2},{\"value\":3},{\"value\":4},{\"value\":5},{\"value\":6},{\"value\":7},{\"value\":8},{\"value\":9}]}]}],\"defaultActions\":[{\"gotoAndPlay\":\"hudieyu_shadow\"}]}]}"}