{"__type__":"dragonBones.DragonBonesAsset","_name":"xiaochouyu_ske","_dragonBonesJson":"{\"frameRate\":24,\"name\":\"xiaochouyu\",\"version\":\"5.5\",\"compatibleVersion\":\"5.5\",\"armature\":[{\"type\":\"Armature\",\"frameRate\":24,\"name\":\"xiaochouyu\",\"aabb\":{\"x\":-128,\"y\":-177.83,\"width\":256,\"height\":305.83},\"bone\":[{\"name\":\"root\"},{\"name\":\"bone\",\"parent\":\"root\"},{\"name\":\"aixin0\",\"parent\":\"root\",\"transform\":{\"x\":-86.15,\"y\":-154.9}}],\"slot\":[{\"displayIndex\":9,\"name\":\"xiaochouyu_00000\",\"parent\":\"bone\"},{\"name\":\"aixin0\",\"parent\":\"aixin0\"}],\"skin\":[{\"slot\":[{\"name\":\"xiaochouyu_00000\",\"display\":[{\"name\":\"xiaochouyu_00009\"},{\"name\":\"xiaochouyu_00008\"},{\"name\":\"xiaochouyu_00007\"},{\"name\":\"xiaochouyu_00006\"},{\"name\":\"xiaochouyu_00005\"},{\"name\":\"xiaochouyu_00004\"},{\"name\":\"xiaochouyu_00003\"},{\"name\":\"xiaochouyu_00002\"},{\"name\":\"xiaochouyu_00001\"},{\"name\":\"xiaochouyu_00000\"}]},{\"name\":\"aixin0\",\"display\":[{\"name\":\"aixin0\",\"transform\":{\"x\":2.24,\"y\":1.57}}]}]}],\"animation\":[{\"duration\":19,\"playTimes\":0,\"name\":\"newAnimation\",\"bone\":[{\"name\":\"aixin0\",\"translateFrame\":[{\"duration\":5,\"tweenEasing\":0,\"x\":13.04,\"y\":108.45},{\"duration\":8,\"tweenEasing\":0,\"x\":-3.18,\"y\":94.05},{\"duration\":6,\"tweenEasing\":0,\"x\":-7.54,\"y\":71.03},{\"duration\":0,\"x\":-16.05,\"y\":53.76}],\"scaleFrame\":[{\"duration\":3,\"tweenEasing\":0,\"x\":0.3,\"y\":0.3},{\"duration\":2,\"tweenEasing\":0,\"x\":0.7,\"y\":0.88},{\"duration\":3,\"tweenEasing\":0,\"x\":0.5,\"y\":0.5},{\"duration\":2,\"tweenEasing\":0,\"x\":0.8,\"y\":0.8},{\"duration\":3,\"tweenEasing\":0,\"x\":0.6,\"y\":0.6},{\"duration\":2,\"tweenEasing\":0,\"x\":0.92,\"y\":0.9},{\"duration\":2,\"tweenEasing\":0,\"x\":0.7,\"y\":0.7},{\"duration\":2,\"tweenEasing\":0,\"x\":1.1,\"y\":1.1},{\"duration\":0,\"x\":0.9,\"y\":0.9}]}],\"slot\":[{\"name\":\"xiaochouyu_00000\",\"displayFrame\":[{\"duration\":2,\"value\":9},{\"duration\":2,\"value\":8},{\"duration\":2,\"value\":7},{\"duration\":2,\"value\":6},{\"duration\":2,\"value\":5},{\"duration\":2,\"value\":4},{\"duration\":2,\"value\":3},{\"duration\":2,\"value\":2},{\"duration\":2,\"value\":1},{}]},{\"name\":\"aixin0\",\"colorFrame\":[{\"duration\":5,\"tweenEasing\":0,\"value\":{\"aM\":0}},{\"duration\":8,\"tweenEasing\":0},{\"duration\":6,\"tweenEasing\":0},{\"duration\":0,\"value\":{\"aM\":0}}]}]}],\"defaultActions\":[{\"gotoAndPlay\":\"newAnimation\"}]}]}"}