{"__type__":"dragonBones.DragonBonesAtlasAsset","_name":"ankangyu_shadow_tex","_atlasJson":"{\"width\":512,\"imagePath\":\"ankangyu_shadow_tex.png\",\"height\":512,\"name\":\"ankangyu_shadow\",\"SubTexture\":[{\"y\":110,\"frameX\":-426,\"frameHeight\":765,\"frameY\":-286,\"width\":145,\"frameWidth\":1020,\"height\":105,\"name\":\"00001\",\"x\":147},{\"y\":326,\"frameX\":-427,\"frameHeight\":765,\"frameY\":-285,\"width\":144,\"frameWidth\":1020,\"height\":106,\"name\":\"00002\",\"x\":1},{\"y\":111,\"frameX\":-428,\"frameHeight\":765,\"frameY\":-284,\"width\":143,\"frameWidth\":1020,\"height\":107,\"name\":\"00003\",\"x\":1},{\"y\":1,\"frameX\":-427,\"frameHeight\":765,\"frameY\":-283,\"width\":144,\"frameWidth\":1020,\"height\":108,\"name\":\"00004\",\"x\":1},{\"y\":1,\"frameX\":-426,\"frameHeight\":765,\"frameY\":-283,\"width\":145,\"frameWidth\":1020,\"height\":107,\"name\":\"00005\",\"x\":147},{\"y\":1,\"frameX\":-425,\"frameHeight\":765,\"frameY\":-284,\"width\":146,\"frameWidth\":1020,\"height\":106,\"name\":\"00006\",\"x\":294},{\"y\":217,\"frameX\":-425,\"frameHeight\":765,\"frameY\":-284,\"width\":145,\"frameWidth\":1020,\"height\":105,\"name\":\"00007\",\"x\":150},{\"y\":220,\"frameX\":-423,\"frameHeight\":765,\"frameY\":-285,\"width\":147,\"frameWidth\":1020,\"height\":104,\"name\":\"00008\",\"x\":1},{\"y\":109,\"frameX\":-422,\"frameHeight\":765,\"frameY\":-286,\"width\":148,\"frameWidth\":1020,\"height\":103,\"name\":\"00009\",\"x\":294},{\"y\":214,\"frameX\":-422,\"frameHeight\":765,\"frameY\":-287,\"width\":149,\"frameWidth\":1020,\"height\":102,\"name\":\"00010\",\"x\":297},{\"y\":318,\"frameX\":-424,\"frameHeight\":765,\"frameY\":-287,\"width\":147,\"frameWidth\":1020,\"height\":103,\"name\":\"00000\",\"x\":297},{\"y\":326,\"frameX\":-423,\"frameHeight\":765,\"frameY\":-287,\"width\":148,\"frameWidth\":1020,\"height\":102,\"name\":\"00011\",\"x\":147}]}","_texture":{"__uuid__":"c4cOvYHqJIvpJBBSZRVHMu"},"texture":{"__uuid__":"c4cOvYHqJIvpJBBSZRVHMu"}}