{"__type__":"dragonBones.DragonBonesAsset","_name":"haidaochuan_shadow_ske","_dragonBonesJson":"{\"frameRate\":24,\"name\":\"haidaochuan_shadow\",\"version\":\"5.5\",\"compatibleVersion\":\"5.5\",\"armature\":[{\"type\":\"Armature\",\"frameRate\":24,\"name\":\"Armature\",\"aabb\":{\"x\":-127.8,\"y\":-117.45,\"width\":255.6,\"height\":234.9},\"bone\":[{\"name\":\"root\",\"transform\":{\"scX\":2,\"scY\":2}},{\"name\":\"bone\",\"parent\":\"root\",\"transform\":{\"skX\":-0.0379,\"skY\":-0.0379,\"scX\":-1}}],\"slot\":[{\"displayIndex\":11,\"name\":\"ying0001\",\"parent\":\"bone\"}],\"skin\":[{\"slot\":[{\"name\":\"ying0001\",\"display\":[{\"name\":\"ying0017\"},{\"name\":\"ying0016\"},{\"name\":\"ying0014\"},{\"name\":\"ying0013\"},{\"name\":\"ying0011\"},{\"name\":\"ying0010\"},{\"name\":\"ying0008\"},{\"name\":\"ying0007\"},{\"name\":\"ying0005\"},{\"name\":\"ying0004\"},{\"name\":\"ying0002\"},{\"name\":\"ying0001\"}]}]}],\"animation\":[{\"duration\":11,\"playTimes\":0,\"name\":\"newAnimation\",\"slot\":[{\"name\":\"ying0001\",\"displayFrame\":[{\"value\":11},{\"value\":10},{\"value\":9},{\"value\":8},{\"value\":7},{\"value\":6},{\"value\":5},{\"value\":4},{\"value\":3},{\"value\":2},{\"value\":1},{\"duration\":0}]}]}],\"defaultActions\":[{\"gotoAndPlay\":\"newAnimation\"}]}]}"}