[{"__type__":"cc.Prefab","_name":"ef_bullet2","data":{"__id__":1}},{"__type__":"cc.Node","_name":"ef_bullet2","_components":[{"__id__":2},{"__type__":"3a330//WeBF2b3HjqWpZzen","node":{"__id__":1},"anim":{"__id__":2},"typeBet":2}],"_prefab":{"__type__":"cc.PrefabInfo","root":{"__id__":1},"asset":{"__id__":0},"fileId":"11ZWydp+BJ/qv7uau4vG0B"},"_trs":{"__type__":"TypedArray","ctor":"Float64Array","array":[0,0,0,0,0,0,1,1,1,1]}},{"__type__":"dragonBones.ArmatureDisplay","node":{"__id__":1},"_materials":[{"__uuid__":"ecpdLyjvZBwrvm+cedCcQy"}],"_armatureName":"kyby_zidan2-hit","_preCacheMode":0,"_armatureKey":"e11df4fe-ef77-4a7b-9704-9a591a990afc#788f898b-64e7-46ff-b221-4ba3b3d41c9f","_N$dragonAsset":{"__uuid__":"e1HfT+73dKe5cEmlkamQr8"},"_N$dragonAtlasAsset":{"__uuid__":"78j4mLZOdG/7IhS6Oz1Byf"}}]