{"__type__":"dragonBones.DragonBonesAtlasAsset","_name":"kyby_zidan4-hit_tex","_atlasJson":"{\"width\":2048,\"imagePath\":\"kyby_zidan4-hit_tex.png\",\"height\":1024,\"name\":\"kyby_zidan4-hit\",\"SubTexture\":[{\"frameHeight\":307,\"y\":1,\"frameX\":-12,\"width\":284,\"frameY\":-11,\"height\":285,\"name\":\"出图_16\",\"frameWidth\":306,\"x\":575},{\"frameHeight\":307,\"y\":597,\"frameX\":-12,\"width\":285,\"frameY\":-11,\"height\":286,\"name\":\"出图_10\",\"frameWidth\":306,\"x\":571},{\"frameHeight\":307,\"y\":858,\"frameX\":-97,\"width\":136,\"frameY\":-79,\"height\":134,\"name\":\"出图_21\",\"frameWidth\":306,\"x\":1143},{\"frameHeight\":307,\"y\":574,\"frameX\":-12,\"width\":283,\"frameY\":-11,\"height\":284,\"name\":\"出图_15\",\"frameWidth\":306,\"x\":858},{\"frameHeight\":307,\"y\":1,\"frameX\":-12,\"width\":285,\"frameY\":-11,\"height\":296,\"name\":\"出图_09\",\"frameWidth\":306,\"x\":1},{\"frameHeight\":307,\"y\":255,\"frameX\":-43,\"width\":222,\"frameY\":-42,\"height\":221,\"name\":\"出图_20\",\"frameWidth\":306,\"x\":861},{\"frameHeight\":307,\"y\":288,\"frameX\":-12,\"width\":284,\"frameY\":-11,\"height\":284,\"name\":\"出图_14\",\"frameWidth\":306,\"x\":575},{\"frameHeight\":307,\"y\":299,\"frameX\":-12,\"width\":285,\"frameY\":-11,\"height\":296,\"name\":\"出图_08\",\"frameWidth\":306,\"x\":1},{\"frameHeight\":307,\"y\":1,\"frameX\":-26,\"width\":252,\"frameY\":-26,\"height\":252,\"name\":\"出图_19\",\"frameWidth\":306,\"x\":861},{\"frameHeight\":307,\"y\":858,\"frameX\":-198,\"width\":18,\"frameY\":-98,\"height\":92,\"name\":\"出图_24\",\"frameWidth\":306,\"x\":1403},{\"frameHeight\":307,\"y\":289,\"frameX\":-12,\"width\":285,\"frameY\":-11,\"height\":286,\"name\":\"出图_13\",\"frameWidth\":306,\"x\":288},{\"frameHeight\":307,\"y\":597,\"frameX\":-12,\"width\":281,\"frameY\":-13,\"height\":294,\"name\":\"出图_07\",\"frameWidth\":306,\"x\":1},{\"frameHeight\":307,\"y\":574,\"frameX\":-16,\"width\":272,\"frameY\":-17,\"height\":271,\"name\":\"出图_18\",\"frameWidth\":306,\"x\":1690},{\"frameHeight\":307,\"y\":860,\"frameX\":-187,\"width\":29,\"frameY\":-98,\"height\":92,\"name\":\"出图_23\",\"frameWidth\":306,\"x\":858},{\"frameHeight\":307,\"y\":597,\"frameX\":-12,\"width\":285,\"frameY\":-11,\"height\":286,\"name\":\"出图_12\",\"frameWidth\":306,\"x\":284},{\"frameHeight\":307,\"y\":574,\"frameX\":-21,\"width\":262,\"frameY\":-23,\"height\":284,\"name\":\"出图_06\",\"frameWidth\":306,\"x\":1426},{\"frameHeight\":307,\"y\":574,\"frameX\":-12,\"width\":281,\"frameY\":-12,\"height\":282,\"name\":\"出图_17\",\"frameWidth\":306,\"x\":1143},{\"frameHeight\":307,\"y\":1,\"frameX\":-12,\"width\":285,\"frameY\":-11,\"height\":286,\"name\":\"出图_11\",\"frameWidth\":306,\"x\":288},{\"frameHeight\":307,\"y\":858,\"frameX\":-96,\"width\":120,\"frameY\":-98,\"height\":98,\"name\":\"出图_22\",\"frameWidth\":306,\"x\":1281}]}","_texture":{"__uuid__":"8flcLzvMtDjotb+WsZCfnr"},"texture":{"__uuid__":"8flcLzvMtDjotb+WsZCfnr"}}