{"__type__":"sp.SkeletonData","_name":"5000","_skeletonJson":{"skeleton":{"hash":"yB2tS6UNtVDw67UmAM7jaUu5kuI","spine":"3.7.94","width":542,"height":522,"images":"./images/","audio":"C:/Users/Toanp/OneDrive/Máy tính/Zeus/SPINE/5000"},"bones":[{"name":"root","x":6.3,"y":20.34},{"name":"bone2","parent":"root","x":10.34,"y":14.61},{"name":"Layer 26","parent":"bone2","length":111.36,"rotation":131.45,"x":34.32,"y":10.9},{"name":"Layer 28","parent":"Layer 26","x":128.4,"y":3.75},{"name":"Layer 27","parent":"Layer 28","length":75.4,"rotation":76.41,"x":8.78,"y":25.5},{"name":"Layer 63","parent":"Layer 27","length":70.44,"rotation":10.44,"x":53.79,"y":34.64},{"name":"Layer 62","parent":"Layer 63","length":85.42,"rotation":-122.42,"x":89.8,"y":1.03},{"name":"bone","parent":"Layer 62","rotation":-95.87,"x":25.52,"y":59.08},{"name":"Layer 22","parent":"bone","length":277.87,"rotation":-69.64,"x":-21.34,"y":104.86},{"name":"Layer 38","parent":"bone2","x":8.35,"y":-45.9},{"name":"Layer 40","parent":"Layer 38","length":49.24,"rotation":14.58,"x":26.94,"y":3.59},{"name":"Layer 39","parent":"Layer 40","length":63.66,"rotation":14.67,"x":62.68,"y":2.51},{"name":"Layer 43","parent":"Layer 40","x":53.23,"y":1.4},{"name":"Layer 45","parent":"Layer 43","length":40.84,"rotation":-87.99,"x":5.29,"y":-11.31},{"name":"Layer 42","parent":"Layer 38","length":58.41,"rotation":-177.8,"x":-15.27,"y":-2.69},{"name":"Layer 41","parent":"Layer 42","length":84.46,"rotation":7.44,"x":62.9,"y":-0.17},{"name":"Layer 46","parent":"Layer 42","length":55.29,"rotation":22.91,"x":26.89,"y":9.75},{"name":"Layer 47","parent":"Layer 42","length":67.19,"rotation":-3.05,"x":58.17,"y":-6.28},{"name":"Layer 48","parent":"Layer 38","length":92.3,"rotation":-130.24,"x":-25.52,"y":12.35},{"name":"Layer 44","parent":"Layer 48","length":60.17,"rotation":39.2,"x":99.68,"y":5.54},{"name":"Layer 50","parent":"Layer 38","length":51.01,"rotation":-104.77,"x":57.95,"y":-2.82},{"name":"Layer 49","parent":"Layer 50","length":63.99,"rotation":16.72,"x":65.03,"y":-6.39},{"name":"Layer 25","parent":"bone2","x":-3.08,"y":49.38},{"name":"Layer 30","parent":"Layer 28","length":69.96,"rotation":-82.05,"x":-4,"y":-28.28},{"name":"Layer 51","parent":"Layer 27","length":73.6,"rotation":16.27,"x":27.97,"y":47.13},{"name":"Layer 23","parent":"Layer 28","x":24.65,"y":4.99},{"name":"Layer 24","parent":"Layer 28","length":60.86,"rotation":-2.23,"x":3.64,"y":15.59},{"name":"Layer 31","parent":"Layer 23","x":35.42,"y":29.46},{"name":"Layer 32","parent":"Layer 23","x":53.72,"y":-5.5},{"name":"Layer 33","parent":"Layer 23","x":30.97,"y":-41.08},{"name":"Layer 34","parent":"Layer 23","x":1.11,"y":-24.12},{"name":"Layer 29","parent":"Layer 34","length":38.33,"rotation":-102.71,"x":-1.92,"y":-18.55},{"name":"Layer 36","parent":"Layer 34","length":24.29,"rotation":177.21,"x":-19.13,"y":-1.19},{"name":"Layer 37","parent":"Layer 31","length":28.73,"rotation":49.63,"x":11.1,"y":6.83},{"name":"Layer 52","parent":"Layer 32","length":44.84,"rotation":3.06,"x":12.67,"y":6.16},{"name":"Layer 53","parent":"Layer 33","length":45.61,"rotation":-86.93,"x":12.59,"y":-11.12},{"name":"Layer 54","parent":"Layer 28","length":50.63,"rotation":-115.92,"x":6.7,"y":-107.87},{"name":"Layer 35","parent":"Layer 54","x":26.6,"y":-33.83},{"name":"Layer 56","parent":"Layer 35","length":47.17,"rotation":-16.84,"x":11.31,"y":-20.02},{"name":"Layer 55","parent":"Layer 56","length":64.07,"rotation":94.71,"x":58.34,"y":-14.38},{"name":"Layer 58","parent":"Layer 55","length":50.71,"rotation":7.07,"x":74.71,"y":14.57},{"name":"Layer 59","parent":"Layer 28","x":-29.98,"y":-55.24},{"name":"Layer 57","parent":"Layer 59","length":47.2,"rotation":-128.82,"x":-17.53,"y":-20.67},{"name":"Layer 61","parent":"Layer 57","length":49.4,"rotation":0.51,"x":62.88,"y":-1.26},{"name":"Layer 60","parent":"Layer 61","length":55.83,"rotation":-3.7,"x":57.03,"y":0.67},{"name":"Layer 65","parent":"Layer 28","length":27.2,"rotation":142.43,"x":15.43,"y":35.62}],"slots":[{"name":"Layer 41","bone":"Layer 51","attachment":"Layer 41"},{"name":"Layer 38","bone":"Layer 41","attachment":"Layer 38"},{"name":"Layer 39","bone":"Layer 49","attachment":"Layer 39"},{"name":"Layer 40","bone":"Layer 44","attachment":"Layer 40"},{"name":"Layer 42","bone":"Layer 47","attachment":"Layer 42"},{"name":"Layer 43","bone":"Layer 45","attachment":"Layer 43"},{"name":"Layer 44","bone":"Layer 46","attachment":"Layer 44"},{"name":"Layer 27","bone":"Layer 60","attachment":"Layer 27"},{"name":"Layer 31","bone":"Layer 56","attachment":"Layer 31"},{"name":"Layer 32","bone":"Layer 35","attachment":"Layer 32"},{"name":"Layer 25","bone":"Layer 26","attachment":"Layer 25"},{"name":"Layer 35","bone":"Layer 63","attachment":"Layer 35"},{"name":"Layer 26","bone":"Layer 30","attachment":"Layer 26"},{"name":"Layer 28","bone":"Layer 36","attachment":"Layer 28"},{"name":"Layer 29","bone":"Layer 65","attachment":"Layer 29"},{"name":"Layer 23","bone":"Layer 24","attachment":"Layer 23"},{"name":"Layer 30","bone":"Layer 54","attachment":"Layer 30"},{"name":"Layer 36","bone":"Layer 62","attachment":"Layer 36"},{"name":"Layer 37","bone":"root","attachment":"Layer 37"},{"name":"Layer 22","bone":"Layer 22","attachment":"Layer 22"},{"name":"Layer 24","bone":"Layer 53","attachment":"Layer 24"},{"name":"Layer 34","bone":"Layer 58","attachment":"Layer 34"},{"name":"Layer 33","bone":"Layer 55","attachment":"Layer 33"},{"name":"phong-bg copy","bone":"root","attachment":"phong-bg copy"},{"name":"5","bone":"root","attachment":"5"}],"skins":{"default":{"5":{"5":{"x":2.88,"y":-33.12,"width":211,"height":61}},"Layer 22":{"Layer 22":{"type":"mesh","uvs":[0.07747,0.00319,0.14128,0.05556,0.18768,0.1267,0.19929,0.09014,0.24762,0.10496,0.27663,0.11978,0.32497,0.11978,0.3443,0.15436,0.37911,0.16424,0.3327,0.25217,0.40811,0.26699,0.40231,0.30355,0.41262,0.30866,0.43372,0.32231,0.47098,0.36112,0.46747,0.37297,0.44989,0.37764,0.39012,0.37585,0.34161,0.33273,0.31911,0.33525,0.30575,0.33417,0.31981,0.35204,0.33247,0.38665,0.34442,0.42581,0.34723,0.47163,0.35919,0.50935,0.3632,0.5192,0.36079,0.53174,0.3562,0.55119,0.35488,0.56338,0.35532,0.58587,0.36013,0.59828,0.3691,0.62377,0.37238,0.60801,0.37435,0.59426,0.37698,0.58174,0.38091,0.57034,0.38704,0.56095,0.39187,0.54719,0.40215,0.53389,0.4074,0.52506,0.41631,0.5146,0.42484,0.50442,0.43381,0.49403,0.45264,0.47892,0.47211,0.46617,0.49464,0.45432,0.52077,0.44473,0.53259,0.4435,0.53849,0.44842,0.53937,0.46194,0.54506,0.47692,0.54852,0.50419,0.55525,0.50734,0.55766,0.51874,0.55678,0.53651,0.56203,0.55239,0.58214,0.59333,0.5815,0.60741,0.5802,0.61321,0.5909,0.61934,0.58571,0.62895,0.58376,0.63458,0.59868,0.65643,0.61457,0.67482,0.62267,0.68128,0.64699,0.67548,0.67519,0.69089,0.69497,0.70398,0.63953,0.75203,0.66903,0.75369,0.69255,0.75853,0.69871,0.76847,0.70261,0.77725,0.70261,0.78454,0.73299,0.80808,0.75576,0.81505,0.76451,0.82367,0.77878,0.83394,0.79499,0.83891,0.81217,0.84918,0.85886,0.87602,0.87366,0.88449,1,0.98452,0.97382,1,0.82851,0.99601,0.74507,0.9711,0.68507,0.96727,0.64663,0.96775,0.62132,0.94907,0.57538,0.94715,0.54257,0.93134,0.51257,0.9117,0.44828,0.9117,0.47922,0.89398,0.44734,0.8844,0.37422,0.88248,0.35922,0.87098,0.39203,0.86428,0.34984,0.8523,0.3114,0.84416,0.28984,0.83266,0.33297,0.82212,0.31703,0.81302,0.27109,0.81063,0.2664,0.79434,0.29547,0.7929,0.26453,0.77134,0.2351,0.74948,0.22197,0.73703,0.21635,0.70876,0.22385,0.68912,0.20419,0.6651,0.18826,0.64498,0.16763,0.62534,0.16669,0.61001,0.12638,0.60714,0.09544,0.58846,0.07669,0.576,0.05102,0.56099,0.05852,0.53512,0.02383,0.53416,0.00883,0.51692,0,0.48818,0,0.45848,0,0.40817,0.00168,0.355,0.02136,0.29627,0.04761,0.26226,0.07105,0.22969,0.0898,0.21388,0.04293,0.17346,0.0223,0.14089,0.00918,0.10113,0.01199,0.08436,0.05605,0.11454,0.0973,0.13897,0.13105,0.18352,0.14699,0.17107,0.11605,0.12747,0.07863,0.08277,0.04957,0.04349,0.04207,0.01858,0.03832,0,0.05801,0.00565,0.19348,0.14991,0.16919,0.19585,0.13274,0.26165,0.12302,0.32869,0.10359,0.4156,0.12059,0.4814,0.16433,0.57079,0.23965,0.65273,0.2931,0.72305,0.38057,0.7963,0.47776,0.85589,0.61382,0.91921,0.81548,0.96514,0.69157,0.9341,0.79362,0.9279,0.66727,0.87948,0.5628,0.81988,0.43645,0.73794,0.34413,0.66718,0.26395,0.57034,0.21778,0.49461,0.18863,0.42012,0.19105,0.36301,0.2032,0.3059,0.20563,0.2463,0.24208,0.1954,0.26638,0.14822,0.30525,0.19913,0.28581,0.27734,0.47047,0.51323,0.48748,0.60634,0.48748,0.66842,0.53121,0.74788,0.61625,0.81988,0.71344,0.86955,0.80091,0.90803],"triangles":[82,180,81,180,80,81,179,77,78,179,76,77,179,75,76,160,178,74,160,74,179,179,74,75,74,70,72,72,70,71,178,69,70,178,70,74,69,67,68,65,177,64,63,177,176,177,63,64,47,48,49,50,47,49,50,46,47,50,51,46,62,175,59,175,62,176,58,59,175,175,55,56,57,58,175,56,57,175,163,32,162,162,32,176,163,31,32,31,163,164,176,33,34,52,55,174,52,174,51,46,51,174,55,175,174,46,174,45,41,42,174,42,43,174,43,44,174,174,44,45,24,25,164,24,164,165,23,165,166,165,23,24,17,12,13,17,11,12,17,18,11,11,9,10,8,172,7,7,172,171,6,171,5,142,143,144,138,139,2,139,1,2,132,133,135,130,137,147,130,136,137,127,128,148,149,126,148,148,126,127,125,126,149,124,149,150,124,125,149,123,150,120,123,124,150,120,122,123,120,121,122,151,117,150,118,150,117,115,151,164,116,151,115,116,117,151,152,113,164,164,113,115,113,114,115,112,113,152,111,152,153,111,112,152,85,157,82,87,158,86,156,91,161,91,92,161,161,92,155,95,98,155,155,98,154,103,106,154,153,154,106,107,108,153,153,108,110,108,109,110,100,102,99,100,101,102,93,94,92,90,156,89,90,91,156,83,84,82,82,84,85,87,88,158,158,88,89,96,98,95,96,97,98,98,99,154,99,102,154,104,106,103,104,105,106,110,111,153,107,153,106,102,103,154,95,155,94,92,94,155,89,156,158,86,157,85,86,158,159,86,159,157,118,119,120,118,120,150,148,128,147,147,128,129,147,129,130,130,131,136,131,135,136,131,132,135,133,134,135,140,141,0,141,144,0,141,142,144,139,140,1,140,0,1,146,137,138,146,138,145,138,2,145,146,147,137,146,145,170,170,145,171,145,4,171,4,145,2,4,2,3,171,4,5,7,171,6,8,9,172,9,18,19,19,173,9,18,9,11,173,172,9,16,17,13,14,16,13,14,15,16,23,166,22,22,167,21,166,167,22,21,167,20,19,20,173,167,168,20,168,173,20,27,164,25,27,25,26,174,40,41,175,39,40,174,175,40,175,38,39,164,27,28,176,34,35,37,176,35,37,35,36,176,37,38,175,176,38,31,164,30,164,29,30,29,164,28,176,32,33,54,55,52,54,52,53,62,59,61,61,59,60,63,176,62,69,177,65,69,66,67,69,65,66,178,161,69,177,69,161,72,73,74,180,78,79,78,180,179,180,79,80,82,157,180,159,158,179,159,179,180,159,180,157,156,160,158,158,160,179,156,178,160,156,161,178,154,162,155,155,177,161,155,162,177,163,162,154,163,154,153,162,176,177,153,152,163,152,164,163,151,165,164,151,150,165,150,166,165,150,149,166,166,149,167,149,148,167,167,148,168,148,147,168,168,169,173,168,147,169,169,170,173,173,170,172,147,146,169,169,146,170,170,171,172],"vertices":[1,7,-32.25,257.01,1,1,7,-15.92,230.77,1,1,7,-4.04,195.13,1,1,7,-1.07,213.45,1,1,7,11.31,206.02,1,1,7,18.73,198.6,1,1,7,31.11,198.6,1,1,7,36.06,181.27,1,1,7,44.97,176.32,1,1,7,33.09,132.27,1,1,7,52.39,124.84,1,1,7,50.91,106.53,1,1,7,53.55,103.97,1,1,7,58.95,97.13,1,1,7,68.49,77.69,1,1,7,67.59,71.75,1,1,7,63.09,69.41,1,1,7,47.79,70.31,1,1,7,35.37,91.91,1,1,7,29.61,90.65,1,1,7,26.19,91.19,1,1,7,29.79,82.23,1,1,7,33.03,64.89,1,1,7,36.09,45.27,1,1,7,36.81,22.32,1,1,7,39.87,3.42,1,1,7,40.89,-1.51,1,1,7,40.28,-7.8,1,1,7,39.1,-17.54,1,1,7,38.77,-23.65,1,1,7,38.88,-34.92,1,1,7,40.11,-41.13,1,1,7,42.41,-53.9,1,1,7,43.25,-46,1,1,7,43.75,-39.12,1,1,7,44.42,-32.85,1,1,7,45.43,-27.13,1,1,7,47,-22.43,1,1,7,48.23,-15.54,1,1,7,50.87,-8.87,1,1,7,52.21,-4.45,1,1,7,54.49,0.79,1,1,7,56.67,5.89,1,1,7,58.97,11.1,1,1,7,63.79,18.67,1,1,7,68.78,25.05,1,1,7,74.54,30.99,1,1,7,81.23,35.8,1,1,7,84.26,36.41,1,1,7,85.77,33.95,1,1,7,85.99,27.17,1,1,7,87.45,19.67,1,1,7,88.34,6.01,1,1,7,90.06,4.43,1,1,7,90.68,-1.28,1,1,7,90.45,-10.19,1,1,7,91.8,-18.14,1,1,7,96.94,-38.65,1,1,7,96.78,-45.71,1,1,7,96.45,-48.61,1,1,7,99.19,-51.68,1,1,7,97.86,-56.5,1,1,7,97.36,-59.32,1,1,7,101.18,-70.27,1,1,7,105.24,-79.48,1,1,7,107.32,-82.72,1,1,7,113.54,-79.81,1,1,7,120.77,-87.53,1,1,7,125.83,-94.09,1,1,7,111.64,-118.16,1,1,7,119.19,-118.99,1,1,7,125.21,-121.42,1,1,7,126.79,-126.4,1,1,7,127.78,-130.8,1,1,7,127.78,-134.45,1,1,7,135.56,-146.24,1,1,7,141.39,-149.74,1,1,7,143.63,-154.05,1,1,7,147.28,-159.2,1,1,7,151.43,-161.69,1,1,7,155.83,-166.83,1,1,7,167.78,-180.28,1,1,7,171.57,-184.52,1,1,7,203.92,-234.64,1,1,7,197.21,-242.39,1,1,7,160.01,-240.4,1,2,8,367.65,34.22,0.04286,7,138.65,-227.92,0.95714,1,7,123.29,-226,1,1,7,113.45,-226.24,1,1,7,106.97,-216.88,1,1,7,95.21,-215.92,1,1,7,86.81,-208,1,1,7,79.13,-198.16,1,1,7,62.68,-198.16,1,2,8,307.74,-16.15,0.02457,7,70.6,-189.28,0.97543,1,7,62.44,-184.48,1,1,7,43.72,-183.52,1,1,7,39.88,-177.76,1,1,7,48.28,-174.4,1,1,7,37.48,-168.4,1,1,7,27.64,-164.32,1,1,7,22.12,-158.56,1,1,7,33.16,-153.28,1,1,7,29.08,-148.72,1,1,7,17.32,-147.52,1,1,7,16.12,-139.36,1,1,7,23.56,-138.64,1,1,7,15.64,-127.84,1,1,7,8.1,-116.88,1,1,7,4.74,-110.64,1,1,7,3.3,-96.48,1,2,8,188.78,-41.73,0.17144,7,5.22,-86.64,0.82856,2,8,175.74,-42.26,0.03758,7,0.19,-74.61,0.96242,2,8,164.87,-42.58,0.04803,7,-3.89,-64.53,0.95197,2,8,153.81,-44.1,0.02944,7,-9.17,-54.69,0.97056,2,8,146.53,-41.66,0.33554,7,-9.41,-47.01,0.66446,1,7,-19.73,-45.57,1,1,7,-27.65,-36.21,1,1,7,-32.45,-29.97,1,1,7,-39.02,-22.45,1,1,7,-37.1,-9.49,1,1,7,-45.98,-9.01,1,1,7,-49.82,-0.37,1,1,7,-52.08,14.03,1,1,7,-52.08,28.91,1,1,7,-52.08,54.11,1,1,7,-51.66,80.75,1,1,7,-46.62,110.17,1,1,7,-39.9,127.21,1,1,7,-33.9,143.53,1,1,7,-29.1,151.45,1,1,7,-41.1,171.7,1,1,7,-46.37,188.02,1,1,7,-49.74,207.94,1,1,7,-49.02,216.34,1,1,7,-37.74,201.22,1,1,7,-27.18,188.98,1,2,8,-56.97,24.13,0.06214,7,-18.54,166.66,0.93786,1,7,-14.46,172.9,1,1,7,-22.38,194.74,1,1,7,-31.95,217.14,1,1,7,-39.39,236.82,1,1,7,-41.31,249.3,1,1,7,-42.27,258.61,1,1,7,-37.23,255.78,1,2,8,-67.19,44.97,0.32964,7,-2.55,183.5,0.67036,2,8,-47.78,31.13,0.5,7,-8.77,160.48,0.5,2,8,-20.12,10.92,0.5,7,-18.1,127.52,0.5,2,8,10.5,-3.1,0.5,7,-20.59,93.93,0.5,2,8,49.59,-22.92,0.5,7,-25.57,50.39,0.5,2,8,82.01,-30.3,0.5,7,-21.21,17.42,0.5,2,8,127.89,-35.39,0.5,7,-10.02,-27.36,0.5,2,8,173.09,-31.59,0.5,7,9.27,-68.41,0.5,2,8,210.88,-31.02,0.5,7,22.95,-103.64,0.5,2,8,253.08,-22.8,0.5,7,45.34,-140.34,0.5,2,8,289.72,-9.86,0.5,7,70.22,-170.19,0.5,2,8,331.58,11.76,0.5,7,105.05,-201.92,0.5,2,8,371.12,52.16,0.5,7,156.68,-224.93,0.5,2,8,345.5,27.83,0.5,7,124.96,-209.38,0.5,2,8,351.68,53.4,0.5,7,151.08,-206.27,0.5,2,8,317.68,31.52,0.5,7,118.74,-182.01,0.5,2,8,280.39,16.83,0.5,7,91.99,-152.16,0.5,2,8,230.64,0.79,0.5,7,59.65,-111.1,0.5,2,8,189.18,-9.04,0.5,7,36.01,-75.65,0.5,2,8,136.56,-11.4,0.5,7,15.49,-27.13,0.5,2,8,96.87,-9.28,0.5,7,3.67,10.81,0.5,2,8,59.29,-3.29,0.5,7,-3.8,48.13,0.5,2,8,32.68,7.25,0.5,7,-3.17,76.74,0.5,2,8,6.94,20.12,0.5,7,-0.06,105.35,0.5,2,8,-20.84,31.09,0.5,7,0.56,135.21,0.5,2,8,-41.5,48.71,0.5,7,9.89,160.71,0.5,2,8,-61.49,62.76,0.5,7,16.11,184.35,0.5,2,8,-34.12,63.22,0.5,7,26.06,158.84,0.5,2,8,0.88,44.92,0.5,7,21.08,119.66,0.5,1,7,68.36,1.48,1,2,8,173.38,35.97,0.43994,7,72.71,-45.17,0.56006,2,8,202.53,25.15,0.5,7,72.71,-76.27,0.5,2,8,243.75,21.8,0.5,7,83.91,-116.08,0.5,2,8,285.15,29.66,0.5,7,105.68,-152.16,0.5,2,8,317.13,44.33,0.5,7,130.56,-177.04,0.5,2,8,343,58.61,0.5,7,152.95,-196.32,0.5],"hull":145,"edges":[0,2,2,4,4,6,6,8,8,10,10,12,12,14,14,16,16,18,18,20,20,22,22,24,24,26,26,28,28,30,30,32,32,34,34,36,36,38,38,40,40,42,42,44,44,46,46,48,48,50,50,52,52,54,54,56,56,58,58,60,60,62,62,64,64,66,66,68,68,70,70,72,72,74,74,76,76,78,78,80,80,82,82,84,84,86,86,88,88,90,90,92,92,94,94,96,96,98,98,100,100,102,102,104,104,106,106,108,108,110,110,112,112,114,114,116,116,118,118,120,120,122,122,124,124,126,126,128,128,130,130,132,132,134,134,136,136,138,138,140,140,142,142,144,144,146,146,148,148,150,150,152,152,154,154,156,156,158,158,160,160,162,162,164,164,166,166,168,168,170,170,172,172,174,174,176,176,178,178,180,180,182,182,184,184,186,186,188,188,190,190,192,192,194,194,196,196,198,198,200,200,202,202,204,204,206,206,208,208,210,210,212,212,214,214,216,216,218,218,220,220,222,222,224,224,226,226,228,228,230,230,232,232,234,234,236,236,238,238,240,240,242,242,244,244,246,246,248,248,250,250,252,252,254,254,256,256,258,258,260,260,262,262,264,264,266,266,268,268,270,270,272,272,274,274,276,276,278,278,280,280,282,282,284,284,286,286,288,0,288],"width":256,"height":501}},"Layer 23":{"Layer 23":{"type":"mesh","uvs":[0.23725,0.62174,0.24765,0.51283,0.28575,0.40562,0.36716,0.32564,0.43472,0.2865,0.52652,0.27289,0.62525,0.26948,0.73264,0.2865,0.77768,0.30692,0.76555,0.36648,0.78634,0.42434,0.80539,0.51283,0.795,0.5758,0.77677,0.58742,0.74355,0.57926,0.71145,0.58035,0.68709,0.58307,0.67712,0.59666,0.67768,0.61352,0.68875,0.6244,0.70812,0.63038,0.7358,0.62821,0.76182,0.6293,0.774,0.63745,0.77621,0.66193,0.77345,0.71522,0.75827,0.78729,0.74166,0.83678,0.7245,0.8743,0.69405,0.9238,0.66361,0.95044,0.63371,0.9635,0.58611,0.9325,0.51414,0.85745,0.43886,0.79055,0.37243,0.74541,0.33368,0.70952,0.3287,0.67199,0.27516,0.66981,0.24416,0.65132],"triangles":[38,39,0,1,37,0,37,38,0,37,2,3,37,1,2,3,4,17,36,37,35,17,37,3,22,24,21,24,22,23,18,35,37,21,25,20,24,25,21,34,35,18,25,26,20,26,19,20,33,34,18,33,18,19,27,33,19,19,26,27,28,33,27,28,32,33,29,32,28,30,32,29,31,32,30,9,7,8,10,11,15,7,9,6,10,15,9,12,14,11,6,9,16,15,11,14,15,16,9,13,14,12,16,5,6,17,5,16,4,5,17,18,37,17],"vertices":[1,26,54.26,35.3,1,1,26,67.58,22.18,1,2,25,56.89,13.19,0.00153,26,77.74,5.62,0.99847,2,25,58.09,-6.11,0.09679,26,79.69,-13.62,0.90321,2,25,55.59,-19.05,0.24043,26,77.7,-26.64,0.75957,2,25,47.13,-32.15,0.47833,26,69.75,-40.06,0.52167,2,25,36.59,-44.97,0.73274,26,59.71,-53.28,0.26726,2,25,22.46,-56.56,0.89902,26,46.05,-65.42,0.10098,2,25,14.84,-59.92,0.92172,26,38.56,-69.07,0.07828,2,25,8.55,-51.66,0.94375,26,31.96,-61.06,0.05625,2,25,-1.18,-47.72,0.98348,26,22.09,-57.51,0.01652,1,25,-14.64,-40.11,1,1,25,-21.55,-31.67,1,1,25,-21.02,-28.06,1,1,25,-16.28,-24.8,1,2,25,-12.85,-20.63,0.99561,26,9.37,-30.89,0.00439,2,25,-10.48,-17.26,0.96409,26,11.6,-27.43,0.03591,2,25,-11.12,-14.46,0.87977,26,10.86,-24.66,0.12023,2,25,-13.34,-12.63,0.71915,26,8.57,-22.91,0.28085,2,25,-15.97,-12.79,0.56096,26,5.95,-23.17,0.43904,2,25,-18.89,-14.55,0.43064,26,3.1,-25.05,0.56936,2,25,-21.69,-18.28,0.3483,26,0.45,-28.89,0.6517,2,25,-24.72,-21.44,0.3195,26,-2.46,-32.16,0.6805,2,25,-27.12,-22.05,0.31226,26,-4.84,-32.86,0.68774,2,25,-30.5,-19.56,0.29122,26,-8.31,-30.5,0.70878,2,25,-37.03,-13.17,0.19873,26,-15.08,-24.38,0.80127,2,25,-44.58,-3.11,0.06988,26,-23.02,-14.61,0.93012,2,25,-49.07,4.59,0.02068,26,-27.81,-7.1,0.97932,2,25,-51.97,11,0.00464,26,-30.96,-0.81,0.99536,1,26,-34.28,8.51,1,1,26,-34.58,15.35,1,1,26,-33.13,20.65,1,1,26,-23.97,23.5,1,1,26,-6.38,24.75,1,1,26,10.48,27.31,1,1,26,23.52,31.08,1,1,26,32.39,32.24,1,1,26,37.89,28.83,1,1,26,43.86,35.57,1,1,26,49.61,37.6,1],"hull":40,"edges":[0,2,2,4,4,6,6,8,8,10,10,12,12,14,14,16,16,18,18,20,20,22,22,24,24,26,26,28,28,30,30,32,32,34,34,36,36,38,38,40,40,42,42,44,44,46,46,48,48,50,50,52,52,54,54,56,56,58,58,60,60,62,62,64,64,66,66,68,68,70,70,72,72,74,74,76,76,78,0,78],"width":168,"height":171}},"Layer 24":{"Layer 24":{"type":"mesh","uvs":[0.34472,0.84543,0.33101,0.76722,0.3438,0.70508,0.35934,0.66543,0.39406,0.62472,0.4233,0.60436,0.47903,0.58186,0.52563,0.57543,0.57406,0.57651,0.63893,0.58936,0.67548,0.59579,0.71751,0.58722,0.76236,0.54137,0.80165,0.48351,0.86104,0.4353,0.90856,0.39887,1,0.27458,0.98439,0.2403,0.93048,0.24137,0.89302,0.24887,0.84917,0.25208,0.85922,0.2178,0.83637,0.20494,0.81444,0.20494,0.76693,0.20922,0.72399,0.23172,0.69349,0.21543,0.67247,0.18543,0.64963,0.14686,0.62313,0.1415,0.63775,0.19828,0.62313,0.21221,0.61692,0.176,0.60896,0.14567,0.57591,0.10824,0.55174,0.08924,0.50314,0.07324,0.48039,0.07591,0.45964,0.08657,0.43321,0.11391,0.42127,0.15057,0.44941,0.15124,0.48096,0.13757,0.45311,0.16424,0.44003,0.17924,0.44259,0.19857,0.44202,0.20624,0.45623,0.20557,0.48267,0.19857,0.50399,0.1979,0.52588,0.20924,0.53981,0.22857,0.53213,0.24624,0.50456,0.24424,0.48238,0.26724,0.46789,0.27924,0.46391,0.26224,0.46419,0.24724,0.45367,0.2349,0.43463,0.24357,0.40882,0.24456,0.39148,0.23589,0.37471,0.24656,0.35538,0.27222,0.35168,0.29589,0.35083,0.30622,0.32599,0.30366,0.31718,0.314,0.31519,0.32366,0.29756,0.31166,0.28449,0.30333,0.27169,0.299,0.2572,0.30033,0.24469,0.31133,0.24412,0.322,0.24122,0.3331,0.22416,0.31777,0.20938,0.2851,0.20654,0.2571,0.18493,0.24277,0.17356,0.26477,0.17726,0.2971,0.1693,0.3391,0.17555,0.3591,0.15423,0.34943,0.11355,0.33943,0.08058,0.34777,0.06779,0.37543,0.06921,0.40043,0.11956,0.4033,0.08147,0.4143,0.09596,0.43996,0.05645,0.43396,0.01971,0.47379,0.01715,0.49912,0.02539,0.52312,0.03818,0.54412,0.04046,0.56012,0.05192,0.58153,0.05931,0.60119,0.05959,0.61986,0.04083,0.63686,0.01582,0.63853,0.01155,0.64986,0.01553,0.6885,0.03429,0.69683,0.03458,0.71183,0.01411,0.7175,0.02207,0.7545,0.03913,0.77017,0.06026,0.79362,0.07817,0.81862,0.08386,0.83762,0.08971,0.88518,0.08715,0.91685,0.10136,0.94018,0.15196,0.97318,0.19489,0.98385,0.22502,0.99318,0.24207,0.99851,0.25671,0.93851,0.27718,0.90318,0.33431,0.88385,0.34455,0.86918],"triangles":[42,37,36,38,37,42,39,38,42,41,40,39,42,41,39,28,30,29,35,42,36,34,42,35,50,49,34,33,50,34,34,49,42,48,43,42,27,30,28,44,47,45,44,43,47,42,49,48,43,48,47,46,45,47,32,50,33,51,50,32,31,51,32,20,22,21,57,59,58,56,59,57,62,61,60,15,19,18,18,17,16,15,18,16,15,14,20,15,20,19,24,20,25,25,14,13,23,22,20,23,20,24,14,25,20,25,13,31,52,54,53,52,55,54,30,27,26,31,30,26,31,52,51,25,31,26,31,13,52,13,8,52,52,8,55,13,12,9,63,62,60,59,55,60,56,55,59,55,64,63,60,55,63,64,55,6,8,7,55,8,13,9,12,10,9,11,10,12,80,79,78,80,78,77,81,80,77,76,83,82,81,77,76,89,88,87,89,85,84,86,85,89,89,87,86,91,90,89,89,84,83,93,91,94,95,94,91,91,93,92,96,95,91,76,82,81,83,76,75,98,97,96,91,98,96,74,73,72,72,71,74,70,74,71,69,74,70,75,74,69,99,98,91,68,75,69,6,65,64,3,100,99,5,67,65,67,66,65,4,68,67,4,75,68,4,83,75,83,91,89,83,4,91,91,3,99,6,55,7,5,65,6,5,4,67,4,3,91,101,104,103,102,101,103,105,104,101,2,100,3,100,106,105,108,107,106,1,100,2,100,109,106,108,106,109,110,100,1,101,100,105,110,109,100,111,110,1,112,111,1,121,112,1,121,113,112,113,115,114,121,120,113,113,116,115,120,116,113,117,116,120,118,117,120,119,118,120,121,1,0,123,122,0,0,122,121],"vertices":[1,27,-8.16,-1.98,1,4,27,3.48,-8.65,0.68186,33,-16.73,-4.22,0.18053,28,-14.82,26.31,0.0588,34,-26.38,21.59,0.07881,4,27,9.63,-17.45,0.25506,33,-19.45,-14.61,0.23098,28,-8.66,17.51,0.25596,34,-20.7,12.47,0.258,4,27,12.6,-24.15,0.09974,33,-22.63,-21.21,0.1131,28,-5.7,10.81,0.52226,34,-18.1,5.62,0.2649,6,27,13.2,-33.81,0.00542,33,-29.6,-27.92,0.00538,28,-5.1,1.15,0.97939,34,-18.01,-4.05,0.00474,29,17.65,36.74,0.00326,35,-47.52,7.61,0.00182,3,28,-6.35,-5.43,0.89686,29,16.4,30.16,0.06041,35,-41.02,6.01,0.04274,4,28,-10.78,-16.16,0.58169,34,-24.62,-21.04,0.00013,29,11.97,19.43,0.26807,35,-30.54,1.01,0.15011,3,28,-16.05,-23.76,0.28778,29,6.7,11.83,0.54893,35,-23.24,-4.66,0.16329,3,28,-22.5,-30.79,0.04813,29,0.25,4.8,0.92211,35,-16.56,-11.47,0.02976,2,29,-9.83,-3.35,0.88883,35,-8.96,-21.97,0.11117,2,29,-15.4,-8.03,0.76139,35,-4.59,-27.79,0.23861,2,29,-19.81,-15.19,0.62923,35,2.33,-32.57,0.37077,2,29,-19.88,-26.91,0.41168,35,14.03,-33.27,0.58832,2,29,-17.72,-39.15,0.18705,35,26.36,-31.77,0.81295,2,29,-19.39,-53.28,0.05378,35,40.39,-34.2,0.94622,2,29,-21,-64.35,0.01754,35,51.35,-36.4,0.98246,1,35,78.83,-34.14,1,1,35,80.68,-27.88,1,1,35,72.98,-20.56,1,2,29,-0.09,-78.74,0.00039,35,66.84,-16.28,0.99961,2,29,5.23,-71.9,0.0007,35,60.3,-10.61,0.9993,1,35,65.75,-7.89,1,1,35,64.05,-3.2,1,1,35,60.97,-0.17,1,1,35,53.8,5.88,1,2,34,-16.5,-96.69,0.00001,35,45.11,9.12,0.99999,2,34,-10.33,-94.32,0.00067,35,42.75,15.28,0.99933,3,28,13.91,-88.81,0.00003,34,-3.83,-94.9,0.00106,35,43.33,21.78,0.99892,2,34,3.94,-96.24,0.00012,35,44.66,29.56,0.99988,1,35,41.57,33.86,1,3,28,16.82,-82.25,0.00081,34,-0.58,-88.51,0.00325,35,36.94,25.04,0.99593,3,28,16.97,-78.55,0.00322,34,-0.23,-84.82,0.00952,35,33.24,25.39,0.98726,3,28,22.34,-81.65,0.00281,34,4.97,-88.21,0.00984,35,36.64,30.58,0.98734,3,28,27.2,-83.85,0.00159,34,9.7,-90.66,0.00739,35,39.09,35.32,0.99101,3,28,36.23,-83.14,0.00038,34,18.75,-90.43,0.00377,35,38.86,44.36,0.99585,3,28,41.77,-81.68,0.00004,34,24.36,-89.27,0.002,35,37.7,49.98,0.99795,2,34,32.99,-84.33,0.00025,35,32.76,58.61,0.99975,2,34,35.81,-80.82,0.00003,35,29.25,61.43,0.99997,1,35,25.08,63.02,1,1,35,18.15,63.4,1,1,35,12.15,60.65,1,2,34,31.07,-67.59,0.00003,35,16.02,56.69,0.99997,3,28,44.91,-65.85,0.00014,34,28.35,-73.64,0.0009,35,22.07,53.96,0.99896,3,28,45.19,-58.77,0.00006,34,29,-66.58,0.00073,35,15.01,54.62,0.99921,2,34,29.01,-62.98,0.00048,35,11.41,54.63,0.99952,3,28,42.24,-53.4,0.00001,34,26.34,-61.06,0.00045,35,9.49,51.96,0.99954,2,34,25.5,-60.08,0.00042,35,8.51,51.12,0.99958,3,28,39.57,-54.64,0.00005,34,23.62,-62.15,0.00062,35,10.58,49.23,0.99933,3,28,37.01,-59.32,0.00071,34,20.8,-66.69,0.0025,35,15.12,46.42,0.99679,3,28,34.31,-62.54,0.00242,34,17.94,-69.76,0.00668,35,18.19,43.56,0.9909,3,28,30.03,-64.52,0.00747,34,13.56,-71.5,0.01722,35,19.93,39.18,0.97531,3,28,25.78,-64.42,0.01948,34,9.32,-71.18,0.03955,35,19.61,34.94,0.94096,3,28,24.56,-61.32,0.03909,34,8.26,-68.03,0.075,35,16.45,33.88,0.88591,3,28,28.4,-57.48,0.06276,34,12.31,-64.39,0.12268,35,12.82,37.93,0.81456,3,28,28.4,-51.64,0.08667,34,12.62,-58.56,0.17991,35,6.99,38.24,0.73342,3,28,28.78,-48.17,0.10753,34,13.18,-55.11,0.24316,35,3.54,38.8,0.64931,3,28,31.44,-49.47,0.11531,34,15.77,-56.56,0.29185,35,4.99,41.39,0.59284,3,28,33.29,-51.18,0.11653,34,17.52,-58.36,0.30407,35,6.79,43.14,0.5794,3,28,36.21,-51,0.11711,34,20.45,-58.34,0.30941,35,6.77,46.07,0.57348,3,28,37.61,-47.22,0.11924,34,22.05,-54.64,0.32865,35,3.07,47.67,0.55211,3,28,40.85,-43.3,0.12208,34,25.49,-50.9,0.37423,35,-0.67,51.11,0.50369,3,28,44.2,-41.71,0.12231,34,28.93,-49.49,0.39569,35,-2.08,54.55,0.48201,3,28,45.04,-38.04,0.12244,34,29.96,-45.87,0.41243,35,-5.7,55.59,0.46513,3,28,44.33,-32.34,0.12197,34,29.56,-40.13,0.45179,35,-11.43,55.18,0.42624,3,28,41.83,-29.16,0.12004,34,27.23,-36.83,0.49855,35,-14.74,52.86,0.38141,4,28,40.64,-27.88,0.11673,34,26.11,-35.49,0.53775,29,63.4,7.7,0.00006,35,-16.08,51.74,0.34547,3,28,44.21,-24.5,0.09818,34,29.85,-32.3,0.64011,35,-19.27,55.47,0.26172,3,28,44.05,-22.05,0.08994,34,29.83,-29.85,0.67721,35,-21.72,55.45,0.23285,4,28,43.1,-20.68,0.08137,34,28.95,-28.43,0.7144,29,65.85,14.91,0,35,-23.14,54.57,0.20423,3,28,46.91,-19.41,0.05429,34,32.82,-27.37,0.80795,35,-24.2,58.44,0.13776,3,28,49.66,-18.41,0.04319,34,35.62,-26.51,0.84414,35,-25.06,61.25,0.11267,3,28,51.87,-17,0.03667,34,37.91,-25.22,0.86537,35,-26.34,63.53,0.09795,3,28,53.6,-14.71,0.032,34,39.75,-23.03,0.88105,35,-28.54,65.38,0.08696,3,28,53.84,-11.64,0.02804,34,40.16,-19.98,0.89494,35,-31.59,65.79,0.07702,3,28,52.57,-10.37,0.02509,34,38.96,-18.64,0.9058,35,-32.93,64.59,0.06911,3,28,51.55,-8.71,0.01833,34,38.03,-16.93,0.93032,35,-34.64,63.66,0.05135,3,28,55.71,-7.89,0.00539,34,42.22,-16.34,0.97641,35,-35.23,67.85,0.01819,3,28,61.75,-9.34,0.00041,34,48.18,-18.11,0.99682,35,-33.46,73.81,0.00278,2,34,51.93,-21,0.99976,35,-30.56,77.55,0.00024,1,34,56.63,-19.66,1,2,34,55.56,-15.47,0.99986,35,-36.1,81.19,0.00014,3,28,64.43,-3.27,0.00007,34,51.18,-12.18,0.99788,35,-39.38,76.8,0.00205,3,28,60.18,2.58,0.00017,34,47.24,-6.12,0.9966,35,-45.45,72.87,0.00323,3,28,56.84,3.88,0.00026,34,43.99,-4.64,0.9974,35,-46.93,69.61,0.00234,2,34,48.09,-2.78,0.99978,35,-48.78,73.72,0.00022,1,34,54.9,1.75,1,1,34,58.46,7.37,1,2,33,33.87,-71.01,0.00007,34,56.91,12.42,0.99993,2,33,33.67,-66.8,0.00037,34,53.72,15.17,0.99963,2,33,23.76,-66.14,0.02548,34,46.42,8.43,0.97452,2,33,31.3,-64.43,0.07288,34,50.37,15.08,0.92712,2,33,28.53,-60.06,0.10324,34,45.29,16.07,0.89676,2,33,36.29,-61.22,0.1622,34,51.46,20.91,0.8378,2,33,43.65,-54.67,0.19877,34,51.77,30.76,0.80123,2,33,44.24,-50.42,0.21298,34,49.09,34.11,0.78702,2,33,42.69,-46.36,0.23537,34,45.07,35.77,0.76463,2,33,40.24,-42.78,0.27841,34,40.79,36.45,0.72159,2,33,39.84,-40.09,0.31484,34,38.56,38.01,0.68516,2,33,37.65,-36.45,0.38432,34,34.41,38.93,0.61568,2,33,36.26,-33.12,0.47743,34,31.03,40.2,0.52257,2,33,36.26,-29.98,0.59142,34,28.76,42.36,0.40858,2,33,40.01,-27.2,0.7139,34,29.31,47,0.2861,2,33,44.94,-27.01,0.75762,34,32.57,50.71,0.24238,2,33,45.82,-25.12,0.76292,34,31.8,52.64,0.23708,2,33,45.16,-18.62,0.79039,34,26.62,56.64,0.20961,2,33,41.49,-17.15,0.82141,34,23.03,54.98,0.17859,2,33,41.48,-14.63,0.87163,34,21.19,56.71,0.12837,2,33,45.53,-13.75,0.89979,34,23.34,60.25,0.10021,2,33,44.08,-7.51,0.92416,34,17.81,63.49,0.07584,2,33,40.77,-4.81,0.94316,34,13.58,62.94,0.05684,2,33,36.68,-0.79,0.97794,34,7.85,62.73,0.02206,2,33,33.23,3.47,0.99956,34,2.38,63.16,0.00044,1,33,32.17,6.68,1,2,27,20.09,40.1,0.00279,33,31.17,14.7,0.99721,2,27,16.43,44,0.00732,33,31.77,20,0.99268,2,27,11.64,44.49,0.01412,33,29.05,23.98,0.98588,2,27,0.89,40.69,0.05917,33,19.19,29.71,0.94083,2,27,-6.05,35.54,0.11752,33,10.77,31.66,0.88248,2,27,-11.16,32.13,0.15516,33,4.86,33.34,0.84484,2,27,-14.05,30.2,0.16091,33,1.52,34.3,0.83909,2,27,-8.41,21.37,0.25241,33,-1.55,24.27,0.74759,2,27,-6.62,14.42,0.50346,33,-5.7,18.42,0.49654,2,27,-11.64,3.83,0.96652,33,-17.01,15.38,0.03348,2,27,-11.13,0.69,0.99114,33,-19.07,12.95,0.00886],"hull":124,"edges":[0,2,2,4,4,6,6,8,8,10,10,12,12,14,14,16,16,18,18,20,20,22,22,24,24,26,26,28,28,30,30,32,32,34,34,36,36,38,38,40,40,42,42,44,44,46,46,48,48,50,50,52,52,54,54,56,56,58,58,60,60,62,62,64,64,66,66,68,68,70,70,72,72,74,74,76,76,78,78,80,80,82,82,84,84,86,86,88,88,90,90,92,92,94,94,96,96,98,98,100,100,102,102,104,104,106,106,108,108,110,110,112,112,114,114,116,116,118,118,120,120,122,122,124,124,126,126,128,128,130,130,132,132,134,134,136,136,138,138,140,140,142,142,144,144,146,146,148,148,150,150,152,152,154,154,156,156,158,158,160,160,162,162,164,164,166,166,168,168,170,170,172,172,174,174,176,176,178,178,180,180,182,182,184,184,186,186,188,188,190,190,192,192,194,194,196,196,198,198,200,200,202,202,204,204,206,206,208,208,210,210,212,212,214,214,216,216,218,218,220,220,222,222,224,224,226,226,228,228,230,230,232,232,234,234,236,236,238,238,240,240,242,242,244,244,246,0,246],"width":197,"height":168}},"Layer 25":{"Layer 25":{"type":"mesh","uvs":[0.79656,0.53796,0.77315,0.49169,0.75498,0.44725,0.74304,0.40906,0.75068,0.38648,0.75403,0.35893,0.74734,0.34498,0.75164,0.32735,0.74829,0.27928,0.73252,0.23191,0.71101,0.19592,0.71064,0.14269,0.67384,0.07218,0.64564,0.01636,0.61697,0.00057,0.44828,0,0.3417,0.00032,0.2485,0.0286,0.16726,0.05724,0.06734,0.12849,0.02767,0.16044,0.00425,0.20818,0.00617,0.25335,0.03771,0.32952,0.05348,0.38607,0.11049,0.48089,0.15446,0.51431,0.22662,0.52679,0.24574,0.54001,0.29671,0.61005,0.32204,0.64273,0.35406,0.67578,0.38226,0.69561,0.41906,0.70443,0.52776,0.71646,0.62,0.70985,0.6721,0.70177,0.71702,0.68378,0.78145,0.64224,0.79675,0.57394,0.79914,0.55117],"triangles":[27,26,25,25,24,27,16,28,27,15,29,28,6,30,29,32,31,33,22,21,20,19,22,20,23,22,19,6,9,8,6,8,7,18,24,23,4,6,5,10,9,6,3,6,4,19,18,23,27,18,17,27,24,18,39,0,40,17,16,27,15,28,16,11,29,15,14,12,15,13,12,14,1,39,37,39,1,0,12,11,15,10,29,11,10,6,29,3,30,6,31,30,3,2,31,3,1,31,2,39,38,37,33,31,1,37,36,1,33,1,34,36,35,1,35,34,1],"vertices":[1,2,-40.67,-35.13,1,1,2,-24.17,-41.2,1,1,2,-9.11,-47.91,1,1,2,3.17,-54.42,1,1,2,7.79,-61.28,1,1,2,14.49,-68.41,1,1,2,19.4,-70.32,1,1,2,23.3,-75.32,1,1,2,36.66,-85.91,1,1,2,52.07,-93.79,1,1,2,65.49,-97.84,1,1,2,79.69,-110.24,1,1,2,105.02,-119.26,1,1,2,124.91,-126.59,1,1,2,134.26,-124.44,1,1,2,164.78,-90.18,1,1,2,183.89,-68.38,1,1,2,193.17,-42.75,1,2,2,200.19,-19.48,0.99962,22,-80.52,124.47,0.00038,2,2,199.28,17.59,0.97737,22,-107.7,99.24,0.02263,2,2,197.94,33.16,0.95744,22,-118.49,87.93,0.04256,2,2,189.49,49.13,0.92643,22,-124.86,71.03,0.07357,2,2,177.16,59.32,0.88478,22,-124.34,55.04,0.11522,2,2,151.27,70.74,0.73262,22,-115.76,28.08,0.26738,2,2,133.43,80.77,0.56521,22,-111.47,8.06,0.43479,2,2,98,91.37,0.24589,22,-95.96,-25.51,0.75411,2,2,81.22,90.24,0.14862,22,-84,-37.34,0.85138,2,2,64.91,78.45,0.03923,22,-64.37,-41.76,0.96077,2,2,57.96,77.65,0.00774,22,-59.17,-46.44,0.99226,2,2,30.2,83.67,0.1061,22,-45.31,-71.23,0.8939,2,2,16.97,86.16,0.20539,22,-38.42,-82.8,0.79461,2,2,2.43,87.38,0.31213,22,-29.71,-94.5,0.68787,2,2,-7.9,86.28,0.37644,22,-22.04,-101.52,0.62356,2,2,-16.87,80.84,0.44608,22,-12.03,-104.64,0.55392,2,2,-39.63,61.5,0.69217,22,17.54,-108.9,0.30783,2,2,-54.49,41.14,0.85857,22,42.63,-106.56,0.14143,2,2,-61.72,28.63,0.92059,22,56.8,-103.7,0.07941,2,2,-65.04,15.25,0.95886,22,69.02,-97.33,0.04114,2,2,-65.62,-7.62,0.99276,22,86.54,-82.62,0.00724,1,2,-50.25,-26.74,1,1,2,-44.64,-32.56,1],"hull":41,"edges":[0,2,2,4,4,6,6,8,8,10,10,12,12,14,14,16,16,18,18,20,20,22,22,24,24,26,26,28,28,30,30,32,32,34,34,36,36,38,38,40,40,42,42,44,44,46,46,48,48,50,50,52,52,54,54,56,56,58,58,60,60,62,62,64,64,66,66,68,68,70,70,72,72,74,74,76,76,78,78,80,0,80],"width":272,"height":354}},"Layer 26":{"Layer 26":{"type":"mesh","uvs":[0.25416,0.61215,0.34707,0.4968,0.42837,0.46085,0.44347,0.35599,0.50386,0.29008,0.56542,0.22118,0.60839,0.15976,0.69433,0.10584,0.81047,0.08486,0.93358,0.09086,0.97306,0.17324,0.98003,0.26761,0.96842,0.36199,0.9568,0.45037,0.91616,0.52526,0.87086,0.55972,0.77795,0.5687,0.70943,0.61514,0.69201,0.67057,0.65484,0.69004,0.584,0.74546,0.5236,0.81137,0.43302,0.84882,0.32965,0.83834,0.28087,0.88477,0.2321,0.93271,0.17867,0.99712,0.14848,1,0.14151,0.91623,0.18564,0.82635,0.21584,0.72449,0.24603,0.6466],"triangles":[2,3,4,4,17,2,17,19,2,20,2,19,20,1,2,20,0,1,21,0,20,31,0,21,23,30,31,31,22,23,29,30,23,21,22,31,24,29,23,25,28,29,24,25,29,26,28,25,27,28,26,8,10,11,10,8,9,8,11,12,7,8,12,13,14,12,12,14,16,12,6,7,12,5,6,12,16,5,16,4,5,16,14,15,16,17,4,18,19,17],"vertices":[1,4,82.85,-34.47,1,2,23,-75.34,78.7,0.00205,4,43.69,-45.74,0.99795,2,23,-51.93,64.92,0.0891,4,16.86,-41.53,0.9109,2,23,-29.32,78.02,0.30937,4,0.64,-62.01,0.69063,2,23,-4.64,74.04,0.54143,4,-23.78,-67.37,0.45857,2,23,20.83,70.26,0.7971,4,-48.86,-73.21,0.2029,2,23,41.09,69.74,0.91138,4,-67.9,-80.17,0.08862,2,23,68.8,57.72,0.98277,4,-98.08,-79.16,0.01723,1,23,96.58,33.2,1,1,23,120.79,2.7,1,1,23,113.58,-19.91,1,1,23,97.46,-36.62,1,1,23,77.52,-48.89,1,1,23,58.69,-60.19,1,1,23,36.4,-62.38,1,1,23,20.67,-57.01,1,2,23,-0.11,-36.15,0.97917,4,-68.46,33.45,0.02083,2,23,-22.84,-27.11,0.69983,4,-44,33.39,0.30017,2,23,-36.73,-31.77,0.47869,4,-32.79,42.83,0.52131,2,23,-47.99,-25.96,0.32576,4,-20.17,41.56,0.67424,2,23,-72.87,-17.8,0.05144,4,5.96,43.1,0.94856,2,23,-97.55,-13.82,0.00069,4,30.38,48.46,0.99931,1,4,59.98,43.2,1,1,4,87.65,25.67,1,1,4,106.6,28.53,1,1,4,125.71,31.71,1,1,4,148.01,37.77,1,1,4,156.78,33.94,1,1,4,149.14,14.76,1,1,4,126.52,1.81,1,1,4,106.42,-15.8,1,1,4,89.07,-28.21,1],"hull":32,"edges":[0,2,2,4,4,6,6,8,8,10,10,12,12,14,14,16,16,18,18,20,20,22,22,24,24,26,26,28,28,30,30,32,32,34,34,36,36,38,38,40,40,42,42,44,44,46,46,48,48,50,50,52,52,54,54,56,56,58,58,60,60,62,0,62],"width":316,"height":245}},"Layer 27":{"Layer 27":{"type":"mesh","uvs":[0.02095,0.52094,0.01445,0.39967,0.00517,0.29889,0.01492,0.2579,0.05485,0.19641,0.10545,0.16567,0.14863,0.13407,0.19831,0.10418,0.24056,0.09052,0.28006,0.08311,0.34506,0.08908,0.38824,0.09848,0.43374,0.10446,0.47134,0.10702,0.56569,0.08411,0.61584,0.04909,0.66551,0.0303,0.71241,0.01493,0.81848,0,0.8793,0.00607,0.91551,0.06756,0.93826,0.13417,0.95869,0.19651,0.97726,0.27508,0.99119,0.3434,0.99955,0.39465,1,0.42368,0.96175,0.41125,0.9246,0.42913,0.92228,0.46329,0.926,0.5077,0.93435,0.55723,0.9325,0.58371,0.91996,0.59652,0.91393,0.7018,0.87168,0.66422,0.81225,0.62835,0.79043,0.5959,0.76303,0.55149,0.73239,0.49171,0.71289,0.50281,0.692,0.52758,0.67296,0.55832,0.64989,0.67429,0.64571,0.70589,0.64246,0.75713,0.63318,0.78873,0.62204,0.83912,0.60207,0.88352,0.57607,0.92281,0.56029,0.94843,0.49905,0.97363,0.45727,0.97704,0.41223,0.96252,0.36859,0.92922,0.31334,0.86431,0.30873,0.90701,0.29202,0.93519,0.26416,0.94629,0.25906,0.97106,0.25302,1,0.2052,0.99497,0.15181,0.96508,0.08104,0.9073,0.04715,0.83215,0.03461,0.76126,0.0295,0.6394,0.02811,0.57962],"triangles":[22,23,39,24,28,23,27,24,25,27,25,26,17,20,21,22,39,21,24,27,28,28,39,23,16,17,21,21,39,16,14,15,16,39,14,16,18,20,17,20,18,19,29,39,28,40,14,39,38,39,29,30,38,29,37,38,30,40,41,13,30,31,37,31,33,37,32,33,31,36,37,33,35,36,33,34,35,33,40,13,14,42,13,41,42,12,13,42,43,12,12,43,44,11,44,6,12,44,11,45,46,44,44,55,64,44,46,55,47,55,46,47,54,55,47,48,54,48,49,54,49,53,54,49,51,53,50,51,49,52,53,51,44,64,66,64,65,66,8,9,10,6,7,8,8,10,6,11,6,10,6,0,5,6,44,0,55,63,64,63,55,58,55,56,58,56,57,58,62,63,58,58,61,62,59,61,58,60,61,59,4,1,2,3,4,2,5,0,1,44,67,0,1,4,5,44,66,67],"vertices":[2,41,-10.56,16.76,0.77158,42,-33.54,-18.04,0.22842,1,41,2.97,6.99,1,2,41,14.87,-0.39,0.96148,42,-36.11,12.53,0.03852,2,41,17.45,-5.95,0.90749,42,-33.4,18.03,0.09251,2,41,17.11,-19.07,0.66403,42,-22.96,25.99,0.33597,2,41,11.82,-31.41,0.33674,42,-10.03,29.61,0.66326,2,41,7.87,-42.44,0.12534,42,1.04,33.43,0.87466,3,41,2.65,-54.53,0.02661,42,13.73,36.95,0.97052,43,-48.81,38.65,0.00286,3,41,-3,-63.75,0.00332,42,24.45,38.33,0.97062,43,-38.07,39.93,0.02606,2,42,34.44,38.89,0.91473,43,-28.08,40.4,0.08527,2,42,50.77,37.31,0.6814,43,-11.77,38.68,0.3186,3,42,61.58,35.53,0.43842,43,-0.97,36.8,0.56138,44,-60.22,32.32,0.0002,3,42,72.99,34.18,0.19949,43,10.43,35.36,0.7912,44,-48.74,31.61,0.00931,3,42,82.45,33.4,0.0752,43,19.87,34.49,0.87957,44,-39.26,31.35,0.04523,3,42,106.34,35.44,0.00032,43,43.79,36.32,0.5903,44,-15.52,34.72,0.40939,2,43,56.67,40.41,0.29003,44,-2.93,39.64,0.70997,2,43,69.31,42.3,0.11001,44,9.56,42.33,0.88999,2,43,81.22,43.75,0.02931,44,21.36,44.56,0.97069,1,44,48.07,46.86,1,1,44,63.4,46.18,1,1,44,72.61,37.84,1,1,44,78.43,28.77,1,1,44,83.66,20.28,1,1,44,88.44,9.56,1,1,44,92.05,0.24,1,1,44,94.22,-6.76,1,1,44,94.37,-10.74,1,1,44,84.72,-9.13,1,1,44,75.38,-11.67,1,1,44,74.84,-16.35,1,1,44,75.84,-22.43,1,1,44,78.01,-29.19,1,1,44,77.58,-32.82,1,1,44,74.43,-34.61,1,1,44,73.05,-49.05,1,1,44,62.36,-44,1,1,44,47.33,-39.23,1,1,44,41.79,-34.84,1,2,43,89.93,-30.35,0.00167,44,34.83,-28.83,0.99833,2,43,82.67,-21.75,0.04024,44,27.03,-20.71,0.95976,2,43,77.68,-23,0.12247,44,22.13,-22.28,0.87753,2,43,72.23,-26.09,0.2706,44,16.9,-25.72,0.7294,3,42,130.36,-30.7,0.00012,43,67.21,-30.04,0.46709,44,12.14,-29.98,0.53278,3,42,123.82,-46.3,0.00834,43,60.54,-45.58,0.79475,44,6.48,-45.93,0.19691,3,42,122.57,-50.58,0.01325,43,59.25,-49.85,0.83715,44,5.47,-50.26,0.1496,3,42,121.43,-57.55,0.02135,43,58.05,-56.81,0.87598,44,4.72,-57.29,0.10267,3,42,118.89,-61.77,0.02793,43,55.47,-61.01,0.89142,44,2.42,-61.64,0.08065,3,42,115.77,-68.54,0.03975,43,52.29,-67.74,0.90575,44,-0.32,-68.57,0.0545,3,42,110.47,-74.38,0.05402,43,46.93,-73.54,0.90984,44,-5.29,-74.71,0.03614,3,42,103.68,-79.46,0.07391,43,40.09,-78.56,0.90472,44,-11.79,-80.15,0.02137,3,42,99.54,-82.78,0.08601,43,35.93,-81.84,0.89844,44,-15.73,-83.7,0.01555,4,41,-136.8,-32.49,0.00048,42,83.97,-85.52,0.14002,43,20.33,-84.44,0.85557,44,-31.13,-87.3,0.00393,4,41,-130.18,-24.29,0.002,42,73.43,-85.51,0.18815,43,9.79,-84.33,0.80913,44,-41.65,-87.87,0.00072,3,41,-121.18,-17.1,0.00584,42,62.18,-83,0.25374,43,-1.43,-81.72,0.74042,3,41,-110.48,-11.87,0.0145,42,51.4,-77.93,0.34342,43,-12.16,-76.57,0.64207,3,41,-94.6,-7.32,0.05764,42,37.9,-68.41,0.564,43,-25.58,-66.92,0.37836,3,41,-98.21,-2.58,0.08204,42,36.48,-74.2,0.62841,43,-27.05,-72.7,0.28955,3,41,-98.32,3.13,0.09447,42,32.09,-77.87,0.65229,43,-31.47,-76.32,0.25324,3,41,-94.81,9.4,0.11794,42,25.01,-79.06,0.68392,43,-38.56,-77.46,0.19814,3,41,-96.5,12.61,0.12863,42,23.57,-82.39,0.69504,43,-40.04,-80.77,0.17633,3,41,-98.47,16.37,0.1343,42,21.87,-86.28,0.7001,43,-41.77,-84.65,0.16559,3,41,-89.97,24.95,0.15641,42,9.86,-85.04,0.70917,43,-53.77,-83.3,0.13441,3,41,-78,32.33,0.20362,42,-3.39,-80.33,0.70857,43,-66.98,-78.47,0.0878,3,41,-60.26,40.45,0.28502,42,-20.84,-71.61,0.67562,43,-84.35,-69.59,0.03937,3,41,-46.89,40.04,0.33879,42,-28.9,-60.93,0.63943,43,-92.31,-58.84,0.02178,3,41,-37.52,35.98,0.38634,42,-31.61,-51.08,0.60087,43,-94.93,-48.97,0.01279,3,41,-24.15,25.89,0.51922,42,-32.13,-34.35,0.47815,43,-95.3,-32.23,0.00264,3,41,-17.78,20.73,0.62825,42,-32.11,-26.15,0.37133,43,-95.2,-24.04,0.00041],"hull":68,"edges":[0,2,2,4,4,6,6,8,8,10,10,12,12,14,14,16,16,18,18,20,20,22,22,24,24,26,26,28,28,30,30,32,32,34,34,36,36,38,38,40,40,42,42,44,44,46,46,48,48,50,50,52,52,54,54,56,56,58,58,60,60,62,62,64,64,66,66,68,68,70,70,72,72,74,74,76,76,78,78,80,80,82,82,84,84,86,86,88,88,90,90,92,92,94,94,96,96,98,98,100,100,102,102,104,104,106,106,108,108,110,110,112,112,114,114,116,116,118,118,120,120,122,122,124,124,126,126,128,128,130,130,132,132,134,0,134],"width":252,"height":137}},"Layer 28":{"Layer 28":{"type":"mesh","uvs":[0.25843,0.6536,0.31099,0.69593,0.3577,0.74007,0.38203,0.81214,0.41317,0.88601,0.46086,0.94456,0.50271,0.9887,0.58835,1,0.63409,0.9887,0.59419,0.90222,0.57667,0.85358,0.67399,0.85178,0.74601,0.83286,0.79759,0.79232,0.81414,0.75269,0.76547,0.72386,0.65745,0.74728,0.59224,0.73287,0.66231,0.71575,0.74017,0.68512,0.78299,0.65179,0.79564,0.61486,0.84953,0.51905,0.87776,0.41365,0.91571,0.33078,0.96729,0.21214,0.92544,0.14908,0.83688,0.14458,0.7853,0.14548,0.74735,0.14277,0.77849,0.08422,0.82715,0.03738,0.84369,0,0.74443,0.00405,0.65489,0.03558,0.60623,0.0653,0.54005,0.15268,0.45247,0.20493,0.40672,0.23196,0.34249,0.28691,0.31232,0.31843,0.20844,0.448,0.21525,0.50925,0.21623,0.5633,0.23375,0.60564],"triangles":[42,40,1,1,0,44,42,1,44,44,43,42,42,41,40,17,40,39,18,37,21,39,38,17,37,18,38,36,21,37,36,35,29,23,21,29,36,29,21,22,21,23,28,23,29,35,34,29,28,24,23,24,28,27,25,27,26,25,24,27,29,34,30,30,34,33,30,33,31,31,33,32,8,7,9,7,6,9,6,5,9,5,10,9,5,4,10,4,3,10,10,16,11,10,17,16,10,3,17,11,16,12,12,15,13,12,16,15,3,2,17,13,15,14,2,1,17,17,38,18,17,1,40,19,18,21,20,19,21],"vertices":[2,32,-10.57,-16.52,0.40086,30,-7.77,14.8,0.59914,2,32,-2.89,-15.13,0.6919,30,-15.5,13.78,0.3081,2,32,4.55,-14.38,0.92298,30,-22.97,13.39,0.07702,2,32,13.06,-17.7,0.99678,30,-31.31,17.12,0.00322,1,32,22.22,-20.56,1,1,32,31.09,-20.81,1,1,32,38.18,-20.49,1,1,32,45.24,-13.85,1,1,32,47.38,-9,1,1,32,36.41,-5.95,1,1,32,30.59,-3.81,1,1,32,37.23,4.84,1,1,32,40.48,12.57,1,1,32,40.26,20.15,1,1,32,37.67,24.59,1,1,32,31.54,22.51,1,2,32,26.2,11.29,0.99777,31,2.49,-44.47,0.00223,2,32,20.28,6.68,0.94507,31,-3.08,-39.43,0.05493,2,32,23.56,14.1,0.74021,31,4.8,-41.38,0.25979,2,32,26.11,23.23,0.58367,31,14.23,-42.33,0.41633,2,32,25.96,29.49,0.50665,31,20.37,-41.1,0.49335,2,32,23.36,33.39,0.44036,31,23.76,-37.86,0.55964,2,32,18.07,45.34,0.23021,31,34.63,-30.6,0.76979,2,32,10.09,55.78,0.07633,31,43.53,-20.93,0.92367,2,32,4.92,65.36,0.01453,31,52.08,-14.19,0.98547,1,31,64.05,-4.38,1,1,31,63.61,4.57,1,1,31,55.17,9.81,1,1,31,50.05,12.5,1,1,31,46.48,14.83,1,1,31,52.95,19.36,1,1,31,60.45,21.71,1,1,31,64.25,24.79,1,1,31,54.27,29.7,1,1,31,43.64,31.18,1,1,31,37.13,30.65,1,1,31,25.55,24.94,1,2,31,13.91,24.11,0.99353,30,18.54,-37.42,0.00647,2,31,7.85,23.71,0.96945,30,19.48,-31.42,0.03055,2,31,-1.66,21.34,0.85447,30,19.26,-21.63,0.14553,2,31,-6.46,19.62,0.74186,30,18.64,-16.57,0.25814,2,31,-24.2,11.47,0.12891,30,14.59,2.53,0.87109,3,32,-27.23,-9.39,0.0046,31,-27.09,4.6,0.02409,30,8.53,6.86,0.97131,2,32,-22.05,-13.39,0.07126,30,3.55,11.11,0.92874,2,32,-16.83,-15.06,0.19905,30,-1.59,13.03,0.80095],"hull":45,"edges":[0,2,2,4,4,6,6,8,8,10,10,12,12,14,14,16,16,18,18,20,20,22,22,24,24,26,26,28,28,30,30,32,32,34,34,36,36,38,38,40,40,42,42,44,44,46,46,48,48,50,50,52,52,54,54,56,56,58,58,60,60,62,62,64,64,66,66,68,68,70,70,72,72,74,74,76,76,78,78,80,80,82,82,84,84,86,86,88,0,88],"width":112,"height":121}},"Layer 29":{"Layer 29":{"type":"mesh","uvs":[0.53379,0.02334,0.59679,0.1869,0.69879,0.3843,0.74679,0.50838,0.86979,0.71142,0.92979,0.86652,0.68979,0.86934,0.57579,0.64938,0.58779,0.84114,0.48579,0.8214,0.37479,0.69732,0.28179,0.61554,0.30279,0.50556,0.12279,0.52812,0.19779,0.39276,0.36279,0.30816,0.30579,0.21228,0.39579,0.09102,0.44979,0.00078,0.50979,0],"triangles":[15,16,17,18,19,0,17,18,0,17,0,1,12,14,15,13,14,12,15,17,1,2,7,15,2,15,1,7,2,3,12,15,7,10,11,12,7,10,12,7,3,4,9,10,7,9,7,8,4,6,7,5,6,4],"vertices":[-3.12,2.6,5.24,5,15.41,9.12,21.75,10.95,32.27,16.03,40.2,18.32,39.58,7.06,28.24,2.46,37.85,2.37,36.54,-2.35,29.99,-7.13,25.62,-11.22,20.2,-9.86,20.75,-18.38,14.24,-14.4,10.54,-6.38,5.58,-8.73,-0.19,-4.1,-4.52,-1.26,-4.36,1.56],"hull":20,"edges":[0,2,2,4,4,6,6,8,8,10,10,12,12,14,14,16,16,18,18,20,20,22,22,24,24,26,26,28,28,30,30,32,32,34,34,36,36,38,0,38],"width":47,"height":50}},"Layer 30":{"Layer 30":{"type":"mesh","uvs":[0.04586,0.40536,0.14648,0.41796,0.22573,0.44176,0.27855,0.50756,0.3427,0.68395,0.3754,0.80155,0.38924,0.91495,0.42697,0.98075,0.51879,1,0.6408,0.99335,0.69615,0.94155,0.74017,0.88555,0.81825,0.7717,0.86479,0.6457,0.88114,0.5071,0.88743,0.3713,0.86605,0.2579,0.778,0.1613,0.68744,0.1277,0.53651,0.11371,0.40066,0.11511,0.28117,0.1487,0.17929,0.1809,0.08998,0.2159,0.01577,0.2719,0,0.3265,0,0.3629,0,0.4161],"triangles":[0,26,25,1,0,24,0,25,24,27,26,0,1,23,22,1,24,23,2,22,21,1,22,2,15,17,16,20,3,2,18,17,14,15,14,17,21,20,2,19,4,3,19,3,20,19,14,4,18,14,19,13,4,14,12,4,13,5,4,12,11,5,12,5,8,6,11,10,5,6,8,7,8,5,10,10,9,8],"vertices":[1,36,-37.25,15.96,1,1,36,-25.23,11.12,1,1,36,-16.19,5.76,1,1,36,-11.7,-3.34,1,1,36,-9.21,-25.08,1,1,36,-8.8,-39.23,1,1,36,-10.58,-52.27,1,1,36,-7.96,-60.85,1,1,36,2.78,-66.13,1,1,36,18.03,-69.58,1,1,36,26.45,-65.73,1,1,36,33.6,-61.03,1,1,36,46.74,-51.09,1,1,36,56.35,-38.73,1,1,36,62.64,-23.93,1,1,36,67.59,-9.1,1,1,36,68.44,4.2,1,1,36,60.56,17.92,1,1,36,50.42,24.74,1,1,36,32.24,31.47,1,1,36,15.44,35.97,1,1,36,-0.33,36.34,1,1,36,-13.88,36.26,1,1,36,-25.98,35.44,1,1,36,-36.85,31.78,1,1,36,-40.48,26.27,1,1,36,-41.6,22.23,1,1,36,-43.23,16.34,1],"hull":28,"edges":[0,2,2,4,4,6,6,8,8,10,10,12,12,14,14,16,16,18,18,20,20,22,22,24,24,26,26,28,28,30,30,32,32,34,34,36,36,38,38,40,40,42,42,44,44,46,46,48,48,50,50,52,52,54,0,54],"width":128,"height":115}},"Layer 31":{"Layer 31":{"type":"mesh","uvs":[0.07662,0.52579,0.15159,0.48443,0.26123,0.45156,0.3636,0.43565,0.4418,0.43778,0.51676,0.48474,0.57158,0.59184,0.56997,0.68091,0.56594,0.77317,0.55626,0.83467,0.50883,0.88793,0.46449,0.92186,0.39113,0.95262,0.32584,0.96322,0.14768,0.95474,0.05095,0.87627,0.03644,0.72781,0.04128,0.64616,0.04531,0.58678,0.0574,0.54648],"triangles":[6,4,5,6,7,4,4,7,8,18,1,17,17,1,16,15,16,1,8,3,4,9,10,8,10,11,8,3,8,2,11,12,8,8,13,2,13,1,2,18,19,0,1,18,0,15,13,14,15,1,13,13,8,12],"vertices":[1,38,-19.56,25.97,1,1,38,-5.01,32.47,1,1,38,16.36,37.86,1,1,38,36.36,40.69,1,1,38,51.69,40.73,1,1,38,66.54,34.07,1,1,38,77.65,18.36,1,1,38,77.64,5.09,1,1,38,77.17,-8.67,1,1,38,75.48,-17.88,1,1,38,66.37,-26.03,1,1,38,57.8,-31.28,1,1,38,43.53,-36.19,1,1,38,30.77,-38.06,1,1,38,-4.17,-37.6,1,1,38,-23.39,-26.35,1,1,38,-26.74,-4.3,1,1,38,-26.08,7.88,1,1,38,-25.49,16.75,1,1,38,-23.26,22.8,1],"hull":20,"edges":[0,2,2,4,4,6,6,8,8,10,10,12,12,14,14,16,16,18,18,20,20,22,22,24,24,26,26,28,28,30,30,32,32,34,34,36,36,38,0,38],"width":196,"height":149}},"Layer 32":{"Layer 32":{"type":"mesh","uvs":[0.21733,0.71103,0.30121,0.54381,0.36918,0.40133,0.43859,0.2905,0.53982,0.23509,0.7365,0.28952,0.93173,0.33602,0.97367,0.39341,1,0.48246,0.98235,0.52897,1,0.6289,0.99102,0.70015,0.97222,0.76743,0.96065,0.82977,0.92161,0.88122,0.84207,0.93762,0.72979,0.98758,0.64157,1,0.53745,0.99154,0.49262,0.96779,0.43044,0.98956,0.37259,0.99649,0.30317,0.96186,0.27425,0.94009,0.25256,0.91238,0.21785,0.81838,0.20339,0.76099],"triangles":[9,7,8,11,9,10,6,9,5,9,6,7,11,5,9,23,24,25,26,0,25,11,2,5,12,2,11,13,14,12,25,0,23,3,4,5,14,15,12,23,19,22,2,3,5,2,12,1,0,1,19,12,15,1,0,19,23,1,16,19,15,16,1,20,22,19,17,18,19,21,22,20,16,17,19],"vertices":[1,37,-16.16,-11.13,1,1,37,-6.66,2.72,1,1,37,1.22,14.58,1,1,37,8.39,23.51,1,1,37,16.14,26.82,1,1,37,27.07,18.42,1,1,37,38.12,10.77,1,1,37,39.28,4.78,1,1,37,38.67,-3.83,1,1,37,36.38,-7.77,1,1,37,34.95,-17.23,1,1,37,32.57,-23.59,1,1,37,29.68,-29.43,1,1,37,27.37,-34.93,1,1,37,23.62,-38.96,1,1,37,17.2,-42.74,1,1,37,8.9,-45.36,1,1,37,3.06,-44.96,1,1,37,-3.24,-42.38,1,1,37,-5.45,-39.42,1,1,37,-9.9,-40.33,1,1,37,-13.7,-39.96,1,1,37,-17.16,-35.58,1,1,37,-18.42,-33.09,1,1,37,-19.07,-30.17,1,1,37,-18.86,-20.97,1,1,37,-18.3,-15.46,1],"hull":27,"edges":[0,2,2,4,4,6,6,8,8,10,10,12,12,14,14,16,16,18,18,20,20,22,22,24,24,26,26,28,28,30,30,32,32,34,34,36,36,38,38,40,40,42,42,44,44,46,46,48,48,50,50,52,0,52],"width":65,"height":95}},"Layer 33":{"Layer 33":{"type":"mesh","uvs":[0.31132,0.22289,0.36504,0.26411,0.46639,0.26754,0.54848,0.26067,0.60423,0.23892,0.64375,0.19884,0.65592,0.15418,0.68936,0.15189,0.75321,0.17136,0.80896,0.20228,0.83936,0.25266,0.83733,0.32136,0.84139,0.37861,0.84139,0.41296,0.86094,0.44452,0.88019,0.4949,0.87209,0.53498,0.83965,0.56704,0.82952,0.59796,0.84371,0.64605,0.83256,0.693,0.81837,0.73193,0.80418,0.7617,0.79735,0.86879,0.71931,0.92032,0.64735,0.94436,0.54296,0.96039,0.46289,0.95696,0.38485,0.92833,0.31289,0.87681,0.26931,0.7978,0.24296,0.66497,0.22573,0.56765,0.1751,0.45082,0.20348,0.27678,0.22882,0.25388,0.29064,0.22754],"triangles":[11,9,10,9,11,12,15,17,14,9,12,13,17,13,14,16,17,15,34,1,33,1,32,33,36,0,1,35,36,1,35,1,34,9,13,8,17,18,13,2,31,32,2,32,1,20,18,19,8,13,18,21,18,20,5,8,4,21,22,18,22,29,30,5,6,7,8,5,7,8,18,4,18,3,4,18,22,3,3,31,2,30,31,22,31,3,22,28,29,26,23,24,22,27,28,26,24,25,22,26,29,22,25,26,22],"vertices":[1,39,81.5,35.13,1,1,39,75.35,27.68,1,1,39,74.01,12.74,1,1,39,74.19,0.55,1,1,39,76.55,-7.85,1,1,39,81.44,-14,1,1,39,87.17,-16.14,1,1,39,87.18,-21.1,1,1,39,84.08,-30.39,1,1,39,79.54,-38.38,1,1,39,72.69,-42.48,1,1,39,63.72,-41.65,1,1,39,56.2,-41.8,1,1,39,51.71,-41.54,1,1,39,47.41,-44.18,1,1,39,40.65,-46.64,1,1,39,35.48,-45.13,1,1,39,31.57,-40.09,1,1,39,27.62,-38.35,1,1,39,21.21,-40.07,1,1,39,15.17,-38.06,1,1,39,10.2,-35.66,1,1,39,6.43,-33.34,1,1,39,-7.51,-31.5,1,1,39,-13.57,-19.57,1,1,39,-16.08,-8.75,1,1,39,-17.26,6.8,1,1,39,-16.11,18.6,1,1,39,-11.69,29.91,1,1,39,-4.32,40.14,1,1,39,6.4,45.97,1,1,39,24,48.83,1,1,39,36.88,50.62,1,1,39,52.6,57.19,1,1,39,75.11,51.65,1,1,39,77.88,47.73,1,1,39,80.78,38.39,1],"hull":37,"edges":[0,2,2,4,4,6,6,8,8,10,10,12,12,14,14,16,16,18,18,20,20,22,22,24,24,26,26,28,28,30,30,32,32,34,34,36,36,38,38,40,40,42,42,44,44,46,46,48,48,50,50,52,52,54,54,56,56,58,58,60,60,62,62,64,64,66,66,68,68,70,70,72,0,72],"width":148,"height":131}},"Layer 34":{"Layer 34":{"type":"mesh","uvs":[0.86463,0.8415,0.88176,0.88111,0.96741,0.92906,0.95337,0.85679,0.93512,0.79841,0.96966,0.79563,0.94663,0.72475,0.98538,0.70599,0.9851,0.65109,0.93203,0.5955,0.90591,0.57813,0.89917,0.60106,0.88437,0.51987,0.86387,0.51918,0.84561,0.55253,0.83326,0.56643,0.72837,0.44216,0.72725,0.39074,0.71939,0.35113,0.69804,0.33584,0.68878,0.34696,0.67325,0.29044,0.65246,0.27029,0.64348,0.28697,0.62635,0.22929,0.60894,0.21539,0.59405,0.22164,0.58816,0.23415,0.56298,0.18429,0.55035,0.17803,0.56972,0.13147,0.56972,0.05781,0.54445,0.04461,0.51328,0.06198,0.47705,0.10229,0.43418,0.03243,0.34909,0.01297,0.30725,0.00811,0.19607,0.00463,0,0,0.00572,0.10262,0.01864,0.16377,0.07761,0.2138,0.10148,0.20477,0.13153,0.23048,0.19173,0.3081,0.20324,0.33381,0.19173,0.42762,0.21925,0.41511,0.2083,0.46098,0.258,0.48712,0.34899,0.47669,0.39504,0.47947,0.41655,0.49456,0.41879,0.53278,0.41598,0.5717,0.38594,0.60575,0.36319,0.63007,0.34803,0.66065,0.35336,0.69331,0.39391,0.72612,0.44052,0.71709,0.4585,0.69138,0.47759,0.6608,0.48181,0.70388,0.50399,0.75044,0.52,0.76782,0.58303,0.78449,0.61476,0.7838,0.65408,0.75739,0.67626,0.73307,0.71645,0.67911,0.7215,0.64019,0.75014,0.6673,0.77317,0.69509,0.7962,0.72706,0.80799,0.75833,0.80165,0.85269,0.81794,0.87979,0.84405,0.87145,0.84883,0.84713],"triangles":[40,39,38,33,32,31,30,33,31,34,33,30,43,41,40,29,34,30,38,43,40,42,41,43,44,43,38,23,22,21,37,45,44,37,44,38,36,46,45,51,48,46,37,36,45,36,34,46,35,34,36,47,46,48,51,46,52,29,46,34,50,49,48,46,29,52,27,29,28,27,52,29,26,25,24,27,26,24,27,24,23,51,50,48,53,52,27,53,27,23,53,16,54,23,20,53,20,23,21,11,10,9,16,20,17,17,20,18,72,16,15,16,63,54,55,54,63,56,55,63,20,19,18,53,20,16,72,63,16,73,72,15,72,70,63,62,56,63,57,56,62,59,58,57,62,59,57,74,73,15,14,13,12,14,12,11,15,14,11,74,15,11,70,64,63,62,60,59,8,11,9,6,8,7,6,11,8,75,74,11,61,60,62,6,75,11,72,71,70,64,67,65,70,69,64,76,75,6,65,67,66,67,64,69,69,68,67,4,76,6,4,6,5,0,76,4,80,76,0,77,76,80,0,4,3,79,77,80,78,77,79,1,0,3,1,3,2],"vertices":[1,40,-29.9,-76.31,1,1,40,-35.4,-80.38,1,1,40,-45.51,-103.94,1,1,40,-36.38,-101.46,1,1,40,-28.64,-97.47,1,1,40,-30.15,-107.45,1,1,40,-20.7,-102.36,1,1,40,-20.58,-113.89,1,1,40,-14.19,-114.98,1,1,40,-4.93,-100.93,1,1,40,-1.53,-93.81,1,1,40,-3.83,-91.38,1,1,40,6.38,-88.87,1,1,40,7.54,-83,1,1,40,4.64,-77.04,1,1,40,3.69,-73.2,1,1,40,23.67,-45.75,1,1,40,29.7,-46.53,1,1,40,34.71,-45.12,1,1,40,37.62,-39.32,1,1,40,36.82,-36.42,1,1,40,44.2,-33.17,1,1,40,47.64,-27.63,1,1,40,46.18,-24.7,1,1,40,53.78,-21.01,1,1,40,56.32,-16.31,1,1,40,56.39,-11.91,1,1,40,55.25,-9.94,1,1,40,62.37,-3.78,1,1,40,63.76,-0.29,1,1,40,68.14,-6.85,1,1,40,76.69,-8.43,1,1,40,79.56,-1.46,1,1,40,79.2,7.87,1,1,40,76.44,19.13,1,1,40,86.82,29.94,1,1,40,93.6,53.96,1,1,40,96.38,65.87,1,1,40,102.68,97.72,1,1,40,113.62,153.92,1,1,40,101.41,154.48,1,1,40,93.63,152.08,1,1,40,84.7,136.22,1,1,40,84.48,129.17,1,1,40,79.9,121.09,1,1,40,67.7,105.47,1,1,40,64.11,102.72,1,1,40,53.83,108.04,1,1,40,53.82,99.86,1,1,40,49.08,103.99,1,1,40,43.41,90.28,1,1,40,39.79,63.93,1,1,40,37.03,50.77,1,1,40,34.14,44.92,1,1,40,29.58,45.09,1,1,40,25.21,46.73,1,1,40,22.86,56.09,1,1,40,21.24,63.14,1,1,40,18.5,68.15,1,1,40,14.43,67.32,1,1,40,8.47,56.38,1,1,40,7.04,42.8,1,1,40,9.07,37.09,1,1,40,11.61,30.95,1,1,40,6.38,30.67,1,1,40,-0.2,25.29,1,1,40,-3.06,21.07,1,1,40,-8.34,3.33,1,1,40,-9.94,-5.8,1,1,40,-8.97,-17.65,1,1,40,-7.32,-24.54,1,1,40,-3.19,-37.24,1,1,40,1.06,-39.53,1,1,40,-3.61,-47.17,1,1,40,-8.06,-53.19,1,1,40,-12.99,-59.11,1,1,40,-17.24,-61.83,1,1,40,-27.85,-57.98,1,1,40,-31.86,-62.08,1,1,40,-32.28,-69.76,1,1,40,-29.71,-71.65,1],"hull":81,"edges":[0,2,2,4,4,6,6,8,8,10,10,12,12,14,14,16,16,18,18,20,20,22,22,24,24,26,26,28,28,30,30,32,32,34,34,36,36,38,38,40,40,42,42,44,44,46,46,48,48,50,50,52,52,54,54,56,56,58,58,60,60,62,62,64,64,66,66,68,68,70,70,72,72,74,74,76,76,78,78,80,80,82,82,84,84,86,86,88,88,90,90,92,92,94,94,96,96,98,98,100,100,102,102,104,104,106,106,108,108,110,110,112,112,114,114,116,116,118,118,120,120,122,122,124,124,126,126,128,128,130,130,132,132,134,134,136,136,138,138,140,140,142,142,144,144,146,146,148,148,150,150,152,152,154,154,156,156,158,158,160,0,160],"width":292,"height":118}},"Layer 35":{"Layer 35":{"type":"mesh","uvs":[0.12004,0.42705,0.28945,0.35083,0.53444,0.23759,0.69343,0.17009,0.81592,0.11129,0.87587,0.13307,0.87587,0.23542,0.9306,0.33123,0.98794,0.41834,1,0.46624,0.97491,0.54899,0.87326,0.64699,0.75858,0.70796,0.62306,0.75369,0.50838,0.79724,0.33897,0.83426,0.18259,0.80813,0.08355,0.73191,0.03403,0.66659,0.02622,0.61868,0.05749,0.51633,0.08616,0.45318],"triangles":[4,5,6,10,7,8,10,8,9,6,3,4,7,3,6,11,7,10,3,7,2,7,12,2,17,18,19,11,12,7,0,17,20,17,19,20,13,2,12,1,2,13,14,1,13,16,0,1,15,16,1,0,20,21,16,17,0,14,15,1],"vertices":[1,5,75.19,-37.18,1,1,5,51.13,-32.94,1,1,5,16.04,-27.17,1,1,5,-6.16,-22.71,1,1,5,-23.91,-20.09,1,1,5,-27.84,-12.77,1,1,5,-18.2,-0.56,1,1,5,-14.63,15.17,1,1,5,-12.14,30.08,1,1,5,-8.83,36.74,1,1,5,1.47,44.64,1,1,5,20.83,48.33,1,1,5,38,46.58,1,1,5,55.82,41.37,1,1,5,71.35,37.54,1,1,5,91.72,28.63,1,1,5,104.85,13.21,1,1,5,107.54,-3.68,1,1,5,106.33,-15.37,1,1,5,102.6,-21.7,1,1,5,89.84,-31.45,1,1,5,81.03,-36.73,1],"hull":22,"edges":[0,2,2,4,4,6,6,8,8,10,10,12,12,14,14,16,16,18,18,20,20,22,22,24,24,26,26,28,28,30,30,32,32,34,34,36,36,38,38,40,40,42,0,42],"width":127,"height":152}},"Layer 36":{"Layer 36":{"type":"mesh","uvs":[0.47194,0.88078,0.4388,0.75076,0.42224,0.62929,0.44354,0.49755,0.39147,0.44794,0.42224,0.38121,0.4317,0.31962,0.42934,0.25803,0.46247,0.21526,0.46247,0.1742,0.48377,0.12288,0.56187,0.06813,0.64944,0.02707,0.81274,0.03391,0.87664,0.09722,0.94527,0.10577,1,0.15196,0.99734,0.2529,0.9287,0.31791,0.86007,0.30423,0.8435,0.3795,0.83877,0.43767,0.81984,0.46847,0.90977,0.56085,0.9571,0.64297,1,0.74733,0.99024,0.84143,0.96894,0.90644,0.90267,0.9475,0.81984,0.99027,0.67074,0.98343,0.5666,0.96119,0.5027,0.94237],"triangles":[8,9,10,17,15,16,14,12,13,19,14,15,19,15,17,18,19,17,6,7,8,14,19,12,20,12,19,21,22,20,6,22,5,3,5,22,4,5,3,20,11,12,11,8,10,11,20,8,22,1,2,20,6,8,25,28,24,6,20,22,23,1,22,24,1,23,28,0,24,3,22,2,1,24,0,28,25,26,0,31,32,26,27,28,0,30,31,28,30,0,29,30,28],"vertices":[1,6,-7.84,33.81,1,1,6,14.32,35.53,1,1,6,34.58,35.45,1,1,6,56.07,30.67,1,1,6,64.9,36.04,1,1,6,75.55,31.24,1,1,6,85.6,29.06,1,1,6,95.8,28.3,1,1,6,102.46,23.62,1,1,6,109.24,22.92,1,1,6,117.45,19.51,1,1,6,125.53,9.26,1,1,6,131.24,-1.89,1,1,6,128.11,-21.27,1,1,6,116.87,-27.82,1,1,6,114.62,-35.87,1,1,6,106.32,-41.62,1,1,6,89.68,-39.59,1,1,6,79.79,-30.29,1,1,6,82.89,-22.33,1,1,6,70.66,-19.08,1,1,6,61.11,-17.53,1,1,6,56.26,-14.74,1,1,6,39.9,-23.91,1,1,6,25.76,-28.17,1,1,6,8,-31.52,1,1,6,-7.42,-28.76,1,1,6,-17.89,-25.11,1,1,6,-23.86,-16.51,1,1,6,-29.91,-5.89,1,1,6,-26.95,11.79,1,1,6,-22,23.84,1,1,6,-18.11,31.15,1],"hull":33,"edges":[0,2,2,4,4,6,6,8,8,10,10,12,12,14,14,16,16,18,18,20,20,22,22,24,24,26,26,28,28,30,30,32,32,34,34,36,36,38,38,40,40,42,42,44,44,46,46,48,48,50,50,52,52,54,54,56,56,58,58,60,60,62,62,64,0,64],"width":120,"height":166}},"Layer 37":{"Layer 37":{"type":"mesh","uvs":[0.65962,0.71974,0.7266,0.73635,0.78346,0.71974,0.79047,0.68284,0.84266,0.67177,0.8816,0.57582,0.93145,0.47802,0.98753,0.31379,0.99221,0.23076,0.98753,0.18832,0.95248,0.22522,0.88316,0.24921,0.83565,0.26582,0.84422,0.17725,0.81929,0.08498,0.75386,0.0573,0.70479,0.14403,0.71492,0.23998,0.70402,0.32117,0.6752,0.37284,0.62067,0.42082,0.55135,0.41897,0.49683,0.39683,0.46022,0.37284,0.42439,0.28796,0.38155,0.29349,0.38155,0.34516,0.33404,0.38391,0.27874,0.45034,0.23278,0.49278,0.19462,0.57028,0.17326,0.64909,0.17716,0.71183,0.20208,0.71736,0.23713,0.67308,0.25972,0.62325,0.28465,0.59373,0.3197,0.60849,0.34852,0.64724,0.37656,0.69153,0.41706,0.7229,0.44198,0.73028,0.49261,0.75427,0.53389,0.7598,0.53467,0.83546,0.55336,0.88343,0.59153,0.88897,0.62424,0.87421,0.65306,0.8373,0.63904,0.77641,0.64761,0.73766],"triangles":[10,9,8,16,13,17,14,16,15,13,16,14,12,17,13,7,10,8,18,17,12,26,25,24,26,24,23,11,7,12,7,11,10,6,12,7,6,18,12,6,19,18,5,19,6,37,36,28,29,28,36,30,29,36,28,22,37,35,30,36,22,28,27,23,27,26,22,27,23,38,37,22,31,30,35,5,20,19,5,3,20,34,31,35,4,3,5,41,40,39,33,32,31,34,33,31,0,20,3,3,1,0,41,39,38,21,38,22,38,21,41,0,21,20,21,42,41,2,1,3,21,0,42,0,43,42,50,43,0,49,43,50,44,43,49,44,49,48,47,44,48,46,45,44,47,46,44],"vertices":[51.78,-57.2,78.44,-59.99,101.07,-57.2,103.86,-51,124.63,-49.14,140.13,-33.02,159.97,-16.59,182.29,11,184.15,24.95,182.29,32.08,168.34,25.88,140.75,21.85,121.84,19.06,125.25,33.94,115.33,49.44,89.29,54.09,69.76,39.52,73.79,23.4,69.45,9.76,57.98,1.08,36.28,-6.98,8.69,-6.67,-13.01,-2.95,-27.58,1.08,-41.84,15.34,-58.89,14.41,-58.89,5.73,-77.8,-0.78,-99.81,-11.94,-118.1,-19.07,-133.29,-32.09,-141.79,-45.33,-140.24,-55.87,-130.32,-56.8,-116.37,-49.36,-107.38,-40.99,-97.46,-36.03,-83.51,-38.51,-72.04,-45.02,-60.88,-52.46,-44.76,-57.73,-34.84,-58.97,-14.69,-63,1.74,-63.93,2.05,-76.64,9.49,-84.7,24.68,-85.63,37.7,-83.15,49.17,-76.95,43.59,-66.72,47,-60.21],"hull":51,"edges":[0,2,2,4,4,6,6,8,8,10,10,12,12,14,14,16,16,18,18,20,20,22,22,24,24,26,26,28,28,30,30,32,32,34,34,36,36,38,38,40,40,42,42,44,44,46,46,48,48,50,50,52,52,54,54,56,56,58,58,60,60,62,62,64,64,66,66,68,68,70,70,72,72,74,74,76,76,78,78,80,80,82,82,84,84,86,86,88,88,90,90,92,92,94,94,96,96,98,98,100,0,100],"width":398,"height":168}},"Layer 38":{"Layer 38":{"type":"mesh","uvs":[0.20684,0.80326,0.24912,0.81285,0.26944,0.82883,0.27493,0.86079,0.28646,0.87357,0.27822,0.91192,0.29689,0.93908,0.3194,0.93429,0.3507,0.92151,0.37047,0.91192,0.4111,0.84481,0.44569,0.848,0.46436,0.80326,0.47754,0.7793,0.5039,0.7729,0.54563,0.78728,0.56375,0.83522,0.58846,0.86398,0.63664,0.89115,0.64762,0.82723,0.67398,0.78569,0.68935,0.74414,0.71406,0.69301,0.73328,0.65466,0.74591,0.58595,0.77007,0.53162,0.75744,0.47889,0.72394,0.4757,0.69374,0.49168,0.72943,0.44374,0.75469,0.38302,0.77446,0.33189,0.80631,0.2456,0.79423,0.14973,0.74426,0.11298,0.71241,0.08102,0.67288,0.03468,0.63279,0.06504,0.60863,0.1002,0.57294,0.13055,0.52243,0.14973,0.49717,0.18968,0.45928,0.18488,0.42304,0.23761,0.39888,0.25359,0.37054,0.26166,0.26456,0.24089,0.21405,0.27764,0.16078,0.33677,0.13772,0.41826,0.09999,0.49209,0.08571,0.53683,0.08516,0.58477,0.05442,0.59595,0.04508,0.64389,0.0308,0.71899,0.02751,0.75414,0.0621,0.76693,0.09834,0.78131,0.12415,0.7877,0.1862,0.79409],"triangles":[18,17,19,17,16,19,19,15,20,20,15,21,22,21,15,13,45,28,28,45,44,28,44,43,43,41,28,22,14,28,22,28,23,23,28,24,24,28,25,25,27,26,27,25,28,28,41,30,39,30,41,39,41,40,30,39,38,30,38,37,37,35,30,30,29,28,31,30,35,37,36,35,31,35,34,32,34,33,32,31,34,11,10,12,12,10,13,16,15,19,14,13,28,14,22,15,43,42,41,52,13,1,60,52,1,60,1,0,52,60,59,13,50,49,50,13,52,45,49,48,48,47,45,59,58,54,52,59,54,50,52,51,56,55,57,57,55,58,54,58,55,52,54,53,13,2,1,13,49,45,47,46,45,6,5,7,8,7,4,9,8,4,4,7,5,9,4,10,10,4,2,4,3,2,13,10,2],"vertices":[2,14,94.39,49.52,0.07345,15,38.26,44.69,0.92655,3,9,-84.43,-57.62,0.00123,14,71.22,52.23,0.34945,15,15.72,50.67,0.64932,3,9,-73.25,-60.64,0.00761,14,60.17,55.67,0.57041,15,5.28,55.66,0.42198,3,9,-70.84,-66.68,0.0127,14,57.99,61.8,0.65217,15,3.99,62.04,0.33514,4,9,-63.89,-69.1,0.01991,14,51.14,64.48,0.71788,15,-2.4,65.67,0.26179,10,-106.2,-47.48,0.00042,4,9,-68.42,-76.34,0.02308,14,55.95,71.55,0.7481,15,3.36,71.98,0.22877,10,-112.41,-53.36,0.00005,4,9,-58.15,-81.48,0.02798,14,45.88,77.08,0.7636,15,-5.81,78.89,0.20664,10,-103.77,-60.91,0.00178,4,9,-45.77,-80.57,0.04366,14,33.48,76.65,0.78476,15,-18.15,80.24,0.16181,10,-91.56,-63.15,0.00977,4,9,-28.56,-78.16,0.08772,14,16.18,74.9,0.78174,15,-35.52,80.97,0.09028,10,-74.29,-65.15,0.04026,4,9,-17.69,-76.34,0.12299,14,5.25,73.5,0.74648,15,-46.54,81.15,0.05816,10,-63.31,-66.13,0.07237,4,9,4.66,-63.66,0.236,14,-17.57,61.69,0.4908,15,-70.81,72.72,0.00997,10,-38.49,-59.48,0.26323,5,9,23.69,-64.26,0.25769,14,-36.56,63.02,0.27788,15,-89.41,76.75,0.00042,10,-20.23,-64.85,0.46387,11,-97.27,-44.16,0.00015,4,9,33.96,-55.81,0.22469,14,-47.14,54.97,0.17563,10,-8.16,-59.25,0.5948,11,-84.18,-41.8,0.00488,4,9,41.2,-51.28,0.17158,14,-54.56,50.72,0.09912,10,-0.01,-56.69,0.71169,11,-75.64,-41.39,0.01762,4,9,55.7,-50.07,0.07893,14,-69.09,50.07,0.02725,10,14.33,-59.17,0.81812,11,-62.4,-47.42,0.0757,4,9,78.65,-52.79,0.01122,14,-91.92,53.67,0.00071,10,35.85,-67.58,0.70245,11,-43.71,-61.01,0.28562,3,9,88.62,-61.85,0.00221,10,43.22,-78.86,0.59374,11,-39.44,-73.78,0.40405,3,9,102.21,-67.28,0.00014,10,55,-87.54,0.50836,11,-30.24,-85.16,0.4915,2,10,79.36,-99.18,0.4003,11,-9.63,-102.59,0.5997,2,10,88.24,-89.01,0.3511,11,1.54,-95.01,0.6489,2,10,104.25,-85.06,0.24576,11,18.03,-95.24,0.75424,2,10,114.41,-79.59,0.18081,11,29.24,-92.52,0.81919,2,10,129.99,-73.66,0.09994,11,45.82,-90.73,0.90006,2,10,142.05,-69.3,0.06362,11,58.59,-89.57,0.93638,2,10,152.04,-58.48,0.03555,11,70.99,-81.64,0.96445,2,10,167.48,-51.89,0.02169,11,87.6,-79.17,0.97831,2,10,163.27,-40.5,0.02196,11,86.41,-67.08,0.97804,2,10,145.59,-35.28,0.03059,11,70.64,-57.55,0.96941,2,10,128.76,-34.02,0.03449,11,54.67,-52.07,0.96551,2,10,150.04,-30.19,0.002,11,76.22,-53.76,0.998,1,11,93.95,-50.53,1,1,11,108.16,-47.42,1,1,11,131.41,-41.75,1,1,11,134.47,-22.69,1,1,11,113.89,-3.2,1,1,11,101.56,10.63,1,1,11,86.86,28.89,1,1,11,64.83,34.66,1,2,10,102.08,49.37,0.00404,11,49.99,35.36,0.99596,3,9,93.68,71.33,0.00118,10,81.64,48.76,0.0776,11,30.05,39.95,0.92121,3,9,65.89,67.71,0.02355,10,53.84,52.25,0.40674,11,4.04,50.36,0.56972,4,9,52,60.16,0.07173,14,-69.63,-60.22,0.00011,10,38.49,48.44,0.6295,11,-11.77,50.56,0.29866,4,9,31.16,61.07,0.18943,14,-48.84,-61.93,0.0125,10,18.55,54.56,0.71352,11,-29.5,61.54,0.08455,4,9,11.23,51.1,0.35479,14,-28.54,-52.74,0.10376,10,-3.25,49.93,0.52741,11,-51.76,62.58,0.01404,5,9,-2.06,48.08,0.42116,14,-15.15,-50.23,0.26443,15,-84.4,-38.4,0.00036,10,-16.87,50.36,0.31265,11,-64.83,66.44,0.0014,4,9,-17.65,46.55,0.34401,14,0.49,-49.3,0.52429,15,-68.79,-39.71,0.01051,10,-32.34,52.8,0.12119,3,9,-75.93,50.48,0.01522,14,58.58,-55.47,0.44987,15,-12.17,-54.11,0.53491,3,9,-103.72,43.53,0.00023,14,86.61,-49.59,0.1105,15,16.41,-52.3,0.88928,2,14,116.31,-39.55,0.00092,15,47.24,-46.61,0.99908,1,15,62.5,-33.75,1,1,15,85.43,-23.78,1,1,15,94.68,-16.88,1,1,15,96.62,-8.02,1,1,15,113.63,-9,1,1,15,120.32,-1.02,1,1,15,130.61,11.52,1,1,15,133.59,17.73,1,1,15,115.32,23.54,1,1,15,96.2,29.82,1,1,15,82.46,33.57,1,2,14,105.67,47.35,0.02128,15,49.12,40.93,0.97872],"hull":61,"edges":[0,2,2,4,4,6,6,8,8,10,10,12,12,14,14,16,16,18,18,20,20,22,22,24,24,26,26,28,28,30,30,32,32,34,34,36,36,38,38,40,40,42,42,44,44,46,46,48,48,50,50,52,52,54,54,56,56,58,58,60,60,62,62,64,64,66,66,68,68,70,70,72,72,74,74,76,76,78,78,80,80,82,82,84,84,86,86,88,88,90,90,92,92,94,94,96,96,98,98,100,100,102,102,104,104,106,106,108,108,110,110,112,112,114,114,116,116,118,118,120,0,120],"width":550,"height":189}},"Layer 39":{"Layer 39":{"type":"mesh","uvs":[0.8256,0.04213,0.86588,0.1988,0.86319,0.31045,0.82023,0.4401,0.74506,0.58417,0.63766,0.71563,0.77459,0.68682,0.87662,0.66341,0.87125,0.72103,0.83634,0.78406,0.71821,0.8777,0.64303,1,0.05505,1,0,0.99656,0.03089,0.85969,0.03357,0.76965,0.04431,0.69942,0.08727,0.6436,0.13023,0.53915,0.18124,0.44191,0.21346,0.36087,0.19198,0.27803,0.19198,0.2186,0.72626,0,0.80949,0],"triangles":[20,21,22,0,1,23,23,20,22,0,23,24,1,2,23,20,2,3,2,20,23,4,20,3,5,19,20,4,5,20,18,19,5,8,6,7,9,6,8,10,5,6,10,6,9,17,15,16,17,14,15,5,12,14,13,14,12,11,5,10,17,18,5,17,5,14,11,12,5],"vertices":[1,20,-64.87,32.36,1,1,20,-29.29,48.62,1,1,20,-2.62,55.19,1,2,21,-15.44,70.28,0.01755,20,30.03,56.47,0.98245,2,21,19.56,56.68,0.33655,20,67.46,53.52,0.66345,2,21,51.28,37.87,0.91684,20,103.25,44.63,0.08316,2,21,44.96,60.69,0.9952,20,90.63,64.67,0.0048,1,21,39.78,77.71,1,1,21,53.91,76.35,1,1,21,69.21,70.07,1,1,21,91.58,49.8,1,1,21,121.22,36.39,1,1,21,117.94,-60.57,1,1,21,116.78,-69.62,1,1,21,83.31,-63.39,1,1,21,61.19,-62.2,1,1,21,43.98,-59.84,1,1,21,30.49,-52.29,1,2,21,5.05,-44.34,0.98832,20,82.62,-47.4,0.01168,2,21,-18.57,-35.11,0.74182,20,57.34,-45.36,0.25818,2,21,-38.31,-29.12,0.32347,20,36.71,-45.31,0.67653,2,21,-58.8,-31.98,0.10486,20,17.91,-53.93,0.89514,2,21,-73.41,-31.48,0.05887,20,3.77,-57.66,0.94113,1,20,-70.71,13.87,1,1,20,-74.21,27.15,1],"hull":25,"edges":[0,2,2,4,4,6,6,8,8,10,10,12,12,14,14,16,16,18,18,20,20,22,22,24,24,26,26,28,28,30,30,32,32,34,34,36,36,38,38,40,40,42,42,44,44,46,46,48,0,48],"width":165,"height":246}},"Layer 40":{"Layer 40":{"type":"mesh","uvs":[0.56873,0.22597,0.7521,0.2779,0.94957,0.30943,1,0.33539,1,0.41514,0.93829,0.53013,0.85647,0.6173,0.75492,0.69705,0.66464,0.76011,0.81416,0.73415,0.75774,0.8343,0.73799,0.93631,0.69568,1,0.18507,1,0.15121,0.85656,0.11172,0.73786,0.08915,0.61174,0.14557,0.50788,0.27252,0.40216,0.38254,0.31128,0.46435,0.25564],"triangles":[2,3,4,5,1,2,5,2,4,6,1,5,7,1,6,15,16,17,0,7,20,7,0,1,7,19,20,8,19,7,18,19,8,18,15,17,10,8,9,15,18,8,14,15,8,11,8,10,13,14,8,12,13,8,11,12,8],"vertices":[1,18,-12.28,-49.51,1,1,18,-23.73,-13.56,1,1,18,-41.01,20.96,1,1,18,-41.47,33.13,1,2,19,-68.9,111.02,0.00191,18,-23.88,48.01,0.99809,2,19,-35.46,99.89,0.04102,18,9.06,60.53,0.95898,2,19,-9.99,84.8,0.16656,18,38.34,64.93,0.83344,2,19,13.4,65.93,0.46219,18,68.39,65.09,0.53781,2,19,31.93,49.1,0.87666,18,93.39,63.77,0.12334,2,19,23.91,77.37,0.9826,18,69.31,80.61,0.0174,2,19,53.05,67.18,0.98958,18,98.33,91.12,0.01042,1,19,82.59,63.96,1,1,19,101.14,56.25,1,1,19,102.89,-40.75,1,2,19,61.55,-47.93,0.99586,18,177.68,7.3,0.00414,2,19,27.39,-56.05,0.86718,18,156.34,-20.58,0.13282,2,19,-8.98,-60.99,0.47197,18,131.28,-47.4,0.52803,2,19,-39.18,-50.82,0.14851,18,101.44,-58.6,0.85149,2,19,-70.16,-27.25,0.00209,18,62.54,-59.93,0.99791,1,18,28.99,-60.93,1,1,18,6.67,-59.45,1],"hull":21,"edges":[0,2,2,4,4,6,6,8,8,10,10,12,12,14,14,16,16,18,18,20,20,22,22,24,24,26,26,28,28,30,30,32,32,34,34,36,36,38,38,40,0,40],"width":190,"height":289}},"Layer 41":{"Layer 41":{"type":"mesh","uvs":[1,0.35456,0.87994,0.52726,0.76039,0.65866,0.6504,0.75627,0.53324,0.86515,0.4376,1,0.31804,1,0.25587,0.7375,0.21523,0.42589,0.19849,0.22691,0.20327,0.06547,0.33478,0,0.43999,0,0.58106,0.01666,0.703,0,0.80343,0,0.89429,0.12929,0.94928,0.23442],"triangles":[11,9,10,12,8,9,12,9,11,13,8,12,15,16,14,1,16,17,1,17,0,14,16,13,1,2,16,2,13,16,8,13,2,3,7,8,2,3,8,4,7,3,6,7,4,5,6,4],"vertices":[1,24,-18.64,42.73,1,1,24,10.5,42.06,1,1,24,36.31,38.06,1,1,24,58.22,32.46,1,1,24,81.95,26.9,1,1,24,104.94,26.15,1,1,24,120.39,11.33,1,1,24,107.7,-17.97,1,1,24,88.36,-48.64,1,1,24,74.82,-67.08,1,1,24,61.47,-79.77,1,1,24,39.31,-68.86,1,1,24,25.72,-55.83,1,1,24,8.81,-36.98,1,1,24,-8.26,-23.24,1,1,24,-21.23,-10.8,1,1,24,-22.76,11.1,1,1,24,-21.57,26.56,1],"hull":18,"edges":[0,2,2,4,4,6,6,8,8,10,10,12,12,14,14,16,16,18,18,20,20,22,22,24,24,26,26,28,28,30,30,32,32,34,0,34],"width":179,"height":114}},"Layer 42":{"Layer 42":{"type":"mesh","uvs":[0.98969,0.55096,0.77006,0.67579,0.52675,0.7278,0.33942,0.79022,0.21022,0.85263,0.10256,0.93932,0.03797,0.8561,0,0.70006,0.04012,0.63418,0,0.54749,0.03797,0.44,0.20161,0.34637,0.37387,0.24928,0.54182,0.20074,0.64087,0.1938,0.69254,0.35331,0.74853,0.43306,0.8605,0.4608],"triangles":[5,6,4,6,7,4,7,8,4,4,8,3,2,3,11,2,16,1,2,15,16,15,12,13,13,14,15,3,8,11,11,12,2,15,2,12,1,17,0,1,16,17,9,10,8,8,10,11],"vertices":[1,16,-13.62,0.87,1,1,16,15.25,0.12,1,1,16,44.86,-6.92,1,1,16,68.27,-10.74,1,1,16,84.95,-11.97,1,1,16,99.8,-10.51,1,1,16,104.99,-19.36,1,1,16,105.1,-32.26,1,1,16,98.64,-35.22,1,1,16,100.9,-43.23,1,1,16,93.54,-49.28,1,1,16,72.02,-48.76,1,1,16,49.4,-48.11,1,1,16,28.61,-44.16,1,1,16,16.95,-40.27,1,1,16,15.35,-26.51,1,1,16,11.06,-18.29,1,1,16,-1.14,-11.34,1],"hull":18,"edges":[0,2,2,4,4,6,6,8,8,10,10,12,12,14,14,16,16,18,18,20,20,22,22,24,24,26,26,28,28,30,30,32,32,34,0,34],"width":124,"height":77}},"Layer 43":{"Layer 43":{"type":"mesh","uvs":[0.32241,0.4947,0.38276,0.67064,0.40837,0.75089,0.38825,0.83423,0.40288,0.8898,0.43397,0.97314,0.48517,1,0.66988,0.99937,0.65708,0.94844,0.76863,0.91912,0.89116,0.89597,0.96797,0.83886,1,0.78485,0.94236,0.66447,0.9003,0.53174,0.83995,0.40981,0.78875,0.34191,0.60039,0.38666,0.4614,0.42525,0.39556,0.44685],"triangles":[17,1,18,15,17,16,15,14,17,17,2,1,18,1,19,1,0,19,6,8,7,8,6,4,6,5,4,4,2,8,9,8,2,14,9,2,13,10,9,2,17,14,10,13,11,13,9,14,4,3,2,11,13,12],"vertices":[2,13,-28.94,-44.71,0.02692,12,-40.41,16.05,0.97308,2,13,2.74,-43.89,0.44995,12,-38.48,-15.58,0.55005,2,13,17.12,-43.78,0.74774,12,-37.87,-29.95,0.25226,2,13,30.32,-50.27,0.90378,12,-43.89,-43.37,0.09622,2,13,40.16,-50.63,0.949,12,-43.91,-53.22,0.051,2,13,55.26,-49.89,0.98559,12,-42.64,-68.28,0.01441,2,13,61.65,-43.83,0.99259,12,-36.36,-74.45,0.00741,1,13,68.36,-17.71,1,2,13,59.36,-17.29,0.99971,12,-9.92,-71.24,0.00029,1,13,58.57,-0.25,1,1,13,59.22,18.07,1,1,13,52.5,31.42,1,1,13,44.64,38.31,1,2,13,22.36,35.43,0.99482,12,41.48,-32.42,0.00518,2,13,-1.4,35.3,0.80859,12,40.51,-8.67,0.19141,2,13,-24.04,32.1,0.37508,12,36.53,13.84,0.62492,2,13,-37.3,27.84,0.23324,12,31.81,26.94,0.76676,2,13,-36.76,-0.72,0.01909,12,3.28,25.4,0.98091,1,12,-17.98,23.33,1,2,13,-34.25,-32.29,0.00412,12,-28.18,21.79,0.99588],"hull":20,"edges":[0,2,2,4,4,6,6,8,8,10,10,12,12,14,14,16,16,18,18,20,20,22,22,24,24,26,26,28,28,30,30,32,32,34,34,36,36,38,0,38],"width":146,"height":173}},"Layer 44":{"Layer 44":{"type":"mesh","uvs":[1,0.12451,0.94733,0.24767,0.86825,0.35714,0.77719,0.45977,0.7077,0.51451,0.61184,0.43924,0.56991,0.31267,0.6406,0.18609,0.69691,0.12793,0.79157,0.06293,0.86705,0.03214,0.93654,0,0.98926,0],"triangles":[11,0,10,0,11,12,1,10,0,9,10,1,1,8,9,2,8,1,7,8,2,6,7,2,3,5,6,2,3,6,4,5,3],"vertices":[1,16,-13.02,6.03,1,1,16,1,10.69,1,1,16,20,12.33,1,1,16,41.25,12.55,1,1,16,56.82,11.05,1,1,16,74.2,-1.72,1,1,16,79.26,-13.96,1,1,16,61.5,-17.46,1,1,16,48.5,-17.23,1,1,16,27.55,-14.5,1,1,16,11.42,-10.83,1,1,16,-3.54,-7.72,1,1,16,-14.22,-3.64,1],"hull":13,"edges":[0,2,2,4,4,6,6,8,8,10,10,12,12,14,14,16,16,18,18,20,20,22,22,24,0,24],"width":217,"height":76}},"phong-bg copy":{"phong-bg copy":{"x":1.75,"y":-116.28,"width":321,"height":152}}}},"animations":{"animation":{"bones":{"Layer 26":{"rotate":[{"time":0,"angle":0,"curve":[0.25,0,0.75,1]},{"time":1.4667,"angle":-10.34,"curve":[0.25,0,0.75,1]},{"time":2.9333,"angle":0}]},"bone":{"translate":[{"time":0,"x":0,"y":0,"curve":[0.25,0,0.75,1]},{"time":1.6667,"x":-7.14,"y":3.3,"curve":[0.25,0,0.75,1]},{"time":3.3333,"x":0,"y":0}],"shear":[{"time":0,"x":0,"y":0,"curve":[0.25,0,0.75,1]},{"time":1.6667,"x":-21.61,"y":0,"curve":[0.25,0,0.75,1]},{"time":3.3333,"x":0,"y":0}]},"Layer 23":{"rotate":[{"time":0,"angle":0,"curve":[0.25,0,0.75,1]},{"time":1.6667,"angle":-3.54,"curve":[0.25,0,0.75,1]},{"time":3.3333,"angle":0}]},"Layer 63":{"rotate":[{"time":0,"angle":0,"curve":[0.25,0,0.75,1]},{"time":1.4667,"angle":-2.63,"curve":[0.25,0,0.75,1]},{"time":2.9333,"angle":0}]},"Layer 24":{"rotate":[{"time":0,"angle":0,"curve":[0.25,0,0.75,1]},{"time":1.2667,"angle":-3.95,"curve":[0.25,0,0.75,1]},{"time":2.5,"angle":0}]},"Layer 37":{"rotate":[{"time":0,"angle":0,"curve":[0.25,0,0.75,1]},{"time":1.2667,"angle":-12.93,"curve":[0.25,0,0.75,1]},{"time":2.5,"angle":0}]},"Layer 52":{"rotate":[{"time":0,"angle":0,"curve":[0.25,0,0.75,1]},{"time":1.4667,"angle":-12.93,"curve":[0.25,0,0.75,1]},{"time":2.9333,"angle":0}]},"Layer 53":{"rotate":[{"time":0,"angle":0,"curve":[0.25,0,0.75,1]},{"time":1.6667,"angle":-12.93,"curve":[0.25,0,0.75,1]},{"time":3.3333,"angle":0}]},"Layer 54":{"rotate":[{"time":0,"angle":0,"curve":[0.25,0,0.75,1]},{"time":1.2667,"angle":-0.41,"curve":[0.25,0,0.75,1]},{"time":2.5,"angle":0}]},"Layer 56":{"rotate":[{"time":0,"angle":0,"curve":[0.25,0,0.75,1]},{"time":1.6667,"angle":-8.36,"curve":[0.25,0,0.75,1]},{"time":3.3333,"angle":0}]},"Layer 58":{"rotate":[{"time":0,"angle":0,"curve":[0.25,0,0.75,1]},{"time":1.6667,"angle":-9.09,"curve":[0.25,0,0.75,1]},{"time":3.3333,"angle":0}]},"Layer 39":{"rotate":[{"time":0,"angle":0,"curve":[0.25,0,0.75,1]},{"time":1.6667,"angle":-16.89,"curve":[0.25,0,0.75,1]},{"time":3.3333,"angle":0}]},"Layer 41":{"rotate":[{"time":0,"angle":0,"curve":[0.25,0,0.75,1]},{"time":1.6667,"angle":-15.74,"curve":[0.25,0,0.75,1]},{"time":3.3333,"angle":0}]},"Layer 45":{"rotate":[{"time":0,"angle":0,"curve":[0.25,0,0.75,1]},{"time":1.6667,"angle":19.09,"curve":[0.25,0,0.75,1]},{"time":3.3333,"angle":0}]},"Layer 46":{"rotate":[{"time":0,"angle":0,"curve":[0.25,0,0.75,1]},{"time":1.6667,"angle":-6.54,"curve":[0.25,0,0.75,1]},{"time":3.3333,"angle":0}]},"Layer 51":{"rotate":[{"time":0,"angle":0,"curve":[0.25,0,0.75,1]},{"time":1.6667,"angle":43.24,"curve":[0.25,0,0.75,1]},{"time":3.3333,"angle":0}]},"Layer 57":{"rotate":[{"time":0,"angle":0,"curve":[0.25,0,0.75,1]},{"time":1.2667,"angle":-12.98,"curve":[0.25,0,0.75,1]},{"time":2.5,"angle":0}]},"Layer 61":{"rotate":[{"time":0,"angle":0,"curve":[0.25,0,0.75,1]},{"time":1.4667,"angle":-12.98,"curve":[0.25,0,0.75,1]},{"time":2.9333,"angle":0}]},"Layer 60":{"rotate":[{"time":0,"angle":0,"curve":[0.25,0,0.75,1]},{"time":1.6667,"angle":-12.98,"curve":[0.25,0,0.75,1]},{"time":3.3333,"angle":0}]}}}}},"_atlasText":"\n5000.png\nsize: 2048,512\nformat: RGBA8888\nfilter: Linear,Linear\nrepeat: none\n5\n  rotate: true\n  xy: 1067, 5\n  size: 211, 61\n  orig: 211, 61\n  offset: 0, 0\n  index: -1\nLayer 22\n  rotate: false\n  xy: 2, 9\n  size: 256, 501\n  orig: 256, 501\n  offset: 0, 0\n  index: -1\nLayer 23\n  rotate: false\n  xy: 1712, 148\n  size: 168, 171\n  orig: 168, 171\n  offset: 0, 0\n  index: -1\nLayer 24\n  rotate: true\n  xy: 1288, 313\n  size: 197, 168\n  orig: 197, 168\n  offset: 0, 0\n  index: -1\nLayer 25\n  rotate: false\n  xy: 430, 156\n  size: 272, 354\n  orig: 272, 354\n  offset: 0, 0\n  index: -1\nLayer 26\n  rotate: true\n  xy: 704, 194\n  size: 316, 245\n  orig: 316, 245\n  offset: 0, 0\n  index: -1\nLayer 27\n  rotate: true\n  xy: 1071, 258\n  size: 252, 137\n  orig: 252, 137\n  offset: 0, 0\n  index: -1\nLayer 28\n  rotate: false\n  xy: 1715, 25\n  size: 112, 121\n  orig: 112, 121\n  offset: 0, 0\n  index: -1\nLayer 29\n  rotate: false\n  xy: 1288, 261\n  size: 47, 50\n  orig: 47, 50\n  offset: 0, 0\n  index: -1\nLayer 30\n  rotate: true\n  xy: 1448, 2\n  size: 128, 115\n  orig: 128, 115\n  offset: 0, 0\n  index: -1\nLayer 31\n  rotate: true\n  xy: 1297, 63\n  size: 196, 149\n  orig: 196, 149\n  offset: 0, 0\n  index: -1\nLayer 32\n  rotate: false\n  xy: 260, 15\n  size: 65, 95\n  orig: 65, 95\n  offset: 0, 0\n  index: -1\nLayer 33\n  rotate: false\n  xy: 1565, 13\n  size: 148, 131\n  orig: 148, 131\n  offset: 0, 0\n  index: -1\nLayer 34\n  rotate: true\n  xy: 951, 218\n  size: 292, 118\n  orig: 292, 118\n  offset: 0, 0\n  index: -1\nLayer 35\n  rotate: true\n  xy: 1882, 192\n  size: 127, 152\n  orig: 127, 152\n  offset: 0, 0\n  index: -1\nLayer 36\n  rotate: false\n  xy: 1882, 24\n  size: 120, 166\n  orig: 120, 166\n  offset: 0, 0\n  index: -1\nLayer 37\n  rotate: true\n  xy: 260, 112\n  size: 398, 168\n  orig: 398, 168\n  offset: 0, 0\n  index: -1\nLayer 38\n  rotate: false\n  xy: 1458, 321\n  size: 550, 189\n  orig: 550, 189\n  offset: 0, 0\n  index: -1\nLayer 39\n  rotate: false\n  xy: 1130, 10\n  size: 165, 246\n  orig: 165, 246\n  offset: 0, 0\n  index: -1\nLayer 40\n  rotate: true\n  xy: 776, 2\n  size: 190, 289\n  orig: 190, 289\n  offset: 0, 0\n  index: -1\nLayer 41\n  rotate: true\n  xy: 1448, 132\n  size: 179, 114\n  orig: 179, 114\n  offset: 0, 0\n  index: -1\nLayer 42\n  rotate: false\n  xy: 327, 33\n  size: 124, 77\n  orig: 124, 77\n  offset: 0, 0\n  index: -1\nLayer 43\n  rotate: false\n  xy: 1564, 146\n  size: 146, 173\n  orig: 146, 173\n  offset: 0, 0\n  index: -1\nLayer 44\n  rotate: true\n  xy: 1210, 293\n  size: 217, 76\n  orig: 217, 76\n  offset: 0, 0\n  index: -1\nphong-bg copy\n  rotate: false\n  xy: 453, 2\n  size: 321, 152\n  orig: 321, 152\n  offset: 0, 0\n  index: -1\n","textures":[{"__uuid__":"45RxN5jiZO6pdE2Dcw/m07"}],"textureNames":["5000.png"]}