{"__type__":"dragonBones.DragonBonesAsset","_name":"kyby_jinbi_ske","_dragonBonesJson":"{\"frameRate\":24,\"name\":\"kyby_jinbi\",\"version\":\"5.5\",\"compatibleVersion\":\"5.5\",\"armature\":[{\"type\":\"Armature\",\"frameRate\":24,\"name\":\"kyby_jinbi\",\"aabb\":{\"x\":-29.5,\"y\":-34,\"width\":59,\"height\":68},\"bone\":[{\"name\":\"root\",\"transform\":{\"scX\":0.8,\"scY\":0.8}},{\"name\":\"bone\",\"parent\":\"root\"}],\"slot\":[{\"displayIndex\":4,\"name\":\"bone\",\"parent\":\"bone\"}],\"skin\":[{\"slot\":[{\"name\":\"bone\",\"display\":[{\"name\":\"kyby_common_gold_5\"},{\"name\":\"kyby_common_gold_4\"},{\"name\":\"kyby_common_gold_3\"},{\"name\":\"kyby_common_gold_2\"},{\"name\":\"kyby_common_gold_1\"}]}]}],\"animation\":[{\"duration\":20,\"name\":\"drop\",\"bone\":[{\"name\":\"bone\",\"translateFrame\":[{\"duration\":4,\"curve\":[0,0,0.5,1]},{\"duration\":4,\"curve\":[0.5,0,1,1],\"x\":1,\"y\":-150},{\"duration\":4,\"curve\":[0,0,0.5,1],\"y\":20.68},{\"duration\":3,\"curve\":[0.5,0,1,1],\"y\":-100.45},{\"duration\":3,\"curve\":[0,0,0.5,1]},{\"duration\":2,\"tweenEasing\":0,\"y\":-55.14},{\"duration\":0}]}],\"slot\":[{\"name\":\"bone\",\"displayFrame\":[{\"duration\":2,\"value\":4},{\"duration\":2,\"value\":3},{\"duration\":2,\"value\":2},{\"duration\":2,\"value\":1},{\"duration\":2},{\"duration\":2,\"value\":4},{\"duration\":2,\"value\":3},{\"duration\":2,\"value\":2},{\"duration\":2,\"value\":1},{\"duration\":2},{\"duration\":0,\"value\":4}]}]},{\"duration\":18,\"playTimes\":0,\"name\":\"rotation\",\"slot\":[{\"name\":\"bone\",\"displayFrame\":[{\"duration\":2,\"value\":3},{\"duration\":2,\"value\":2},{\"duration\":2,\"value\":1},{\"duration\":2},{\"duration\":2,\"value\":4},{\"duration\":2,\"value\":3},{\"duration\":2,\"value\":2},{\"duration\":2,\"value\":1},{\"duration\":2},{\"duration\":0,\"value\":4}]}]}],\"defaultActions\":[{\"gotoAndPlay\":\"drop\"}]}]}"}