{"__type__":"sp.SkeletonData","_name":"icon_baucua","_skeletonJson":{"skeleton":{"hash":"hsPlEAGdLDLv0z8YfMuUbaJzIds","spine":"3.6.52","width":332.07,"height":332.07,"images":""},"bones":[{"name":"root"},{"name":"bone4","parent":"root","length":37.92,"rotation":90,"scaleX":0.9,"scaleY":0.9},{"name":"bone","parent":"bone4","length":26.73,"rotation":-39.24,"x":-14.28,"y":-44.4},{"name":"bone2","parent":"bone4","length":29.23,"rotation":-11.58,"x":40.23,"y":-7.14},{"name":"bone3","parent":"bone4","length":29.47,"rotation":27.16,"x":6.07,"y":45.3},{"name":"bone5","parent":"root","length":26.11},{"name":"bone6","parent":"root","length":66.3,"rotation":180,"x":-7.09,"y":-56.43},{"name":"bone7","parent":"root","length":77.78,"x":4.92,"y":-56.43},{"name":"bone8","parent":"root","length":26.11,"y":-57.02,"scaleX":0.5,"scaleY":0.5}],"slots":[{"name":"bg_baucua","bone":"root","attachment":"bg_baucua"},{"name":"outlight","bone":"bone5","color":"ffffff00","attachment":"outlight","blend":"additive"},{"name":"dice3","bone":"bone3","attachment":"dice3"},{"name":"dice2","bone":"bone2","attachment":"dice2"},{"name":"dice1","bone":"bone","attachment":"dice1"},{"name":"txt_bau","bone":"bone6","attachment":"txt_bau"},{"name":"txt_cua","bone":"bone7","attachment":"txt_cua"},{"name":"outlight2","bone":"bone8","color":"ffffff00","attachment":"outlight","blend":"additive"}],"skins":{"default":{"bg_baucua":{"bg_baucua":{"width":215,"height":205}},"dice1":{"dice1":{"x":0.16,"y":-2.25,"rotation":-50.76,"width":98,"height":82}},"dice2":{"dice2":{"x":-2.25,"y":-1.23,"rotation":-78.42,"width":91,"height":96}},"dice3":{"dice3":{"x":3.6,"y":0.48,"rotation":-117.16,"width":85,"height":90}},"outlight":{"outlight":{"x":1.51,"y":7.73,"rotation":50.76,"width":236,"height":236}},"outlight2":{"outlight":{"x":1.51,"y":7.73,"rotation":50.76,"width":236,"height":236}},"txt_bau":{"txt_bau":{"x":39.49,"y":0.35,"rotation":180,"width":97,"height":56}},"txt_cua":{"txt_cua":{"x":41.93,"y":-5.15,"width":97,"height":46}}}},"animations":{"animation":{"slots":{"outlight":{"color":[{"time":0,"color":"ffffff00"},{"time":0.3333,"color":"ffffffff"},{"time":0.6667,"color":"ffffff00","curve":"stepped"},{"time":1.3333,"color":"ffffff00"},{"time":1.6667,"color":"ffffffff"},{"time":2,"color":"ffffff00"}]},"outlight2":{"color":[{"time":0.3333,"color":"ffffff00"},{"time":0.5667,"color":"ffffffff"},{"time":0.8333,"color":"ffffff00"}]},"txt_bau":{"color":[{"time":0,"color":"ffffff00","curve":[0.389,0.01,0.561,1]},{"time":0.3333,"color":"ffffffff"}]},"txt_cua":{"color":[{"time":0,"color":"ffffff00","curve":[0.389,0.01,0.561,1]},{"time":0.3333,"color":"ffffffff"}]}},"bones":{"bone":{"rotate":[{"time":0,"angle":0,"curve":[0.276,0,0.621,0.4]},{"time":0.3333,"angle":-7.14,"curve":[0.314,0.27,0.657,0.64]},{"time":0.6667,"angle":0,"curve":"stepped"},{"time":1.3333,"angle":0,"curve":[0.276,0,0.621,0.4]},{"time":1.6667,"angle":-7.14,"curve":[0.314,0.27,0.657,0.64]},{"time":2,"angle":0}],"translate":[{"time":0,"x":0,"y":0,"curve":[0.25,0,0.75,1]},{"time":0.3333,"x":5.3,"y":-7.96,"curve":[0.25,0,0.75,1]},{"time":0.6667,"x":0,"y":0,"curve":"stepped"},{"time":1.3333,"x":0,"y":0,"curve":[0.25,0,0.75,1]},{"time":1.6667,"x":5.3,"y":-7.96,"curve":[0.25,0,0.75,1]},{"time":2,"x":0,"y":0}],"scale":[{"time":0,"x":1,"y":1,"curve":[0.25,0,0.75,1]},{"time":0.3333,"x":1.03,"y":1.03,"curve":[0.25,0,0.75,1]},{"time":0.6667,"x":1,"y":1,"curve":"stepped"},{"time":1.3333,"x":1,"y":1,"curve":[0.25,0,0.75,1]},{"time":1.6667,"x":1.03,"y":1.03,"curve":[0.25,0,0.75,1]},{"time":2,"x":1,"y":1}]},"bone2":{"rotate":[{"time":0.1667,"angle":0,"curve":[0.25,0,0.625,0.5]},{"time":0.5,"angle":-7.16,"curve":[0.375,0.5,0.75,1]},{"time":0.8333,"angle":0,"curve":"stepped"},{"time":1.5,"angle":0,"curve":[0.25,0,0.625,0.5]},{"time":1.8333,"angle":-7.16,"curve":[0.375,0.5,0.75,1]},{"time":2.1667,"angle":0}],"translate":[{"time":0.1667,"x":0,"y":0,"curve":[0.25,0,0.75,1]},{"time":0.5,"x":7.51,"y":-0.88,"curve":[0.25,0,0.75,1]},{"time":0.8333,"x":0,"y":0,"curve":"stepped"},{"time":1.5,"x":0,"y":0,"curve":[0.25,0,0.75,1]},{"time":1.8333,"x":7.51,"y":-0.88,"curve":[0.25,0,0.75,1]},{"time":2.1667,"x":0,"y":0}],"scale":[{"time":0.1667,"x":1,"y":1,"curve":[0.25,0,0.75,1]},{"time":0.5,"x":1.03,"y":1.03,"curve":[0.25,0,0.75,1]},{"time":0.8333,"x":1,"y":1,"curve":"stepped"},{"time":1.5,"x":1,"y":1,"curve":[0.25,0,0.75,1]},{"time":1.8333,"x":1.03,"y":1.03,"curve":[0.25,0,0.75,1]},{"time":2.1667,"x":1,"y":1}]},"bone3":{"rotate":[{"time":0.3333,"angle":0,"curve":[0.25,0,0.625,0.5]},{"time":0.6667,"angle":10.97,"curve":[0.375,0.5,0.75,1]},{"time":1,"angle":0,"curve":"stepped"},{"time":1.6667,"angle":0,"curve":[0.25,0,0.625,0.5]},{"time":2,"angle":10.97,"curve":[0.375,0.5,0.75,1]},{"time":2.3333,"angle":0}],"translate":[{"time":0.3333,"x":0,"y":0,"curve":[0.25,0,0.75,1]},{"time":0.6667,"x":0.88,"y":5.3,"curve":[0.25,0,0.75,1]},{"time":1,"x":0,"y":0,"curve":"stepped"},{"time":1.6667,"x":0,"y":0,"curve":[0.25,0,0.75,1]},{"time":2,"x":0.88,"y":5.3,"curve":[0.25,0,0.75,1]},{"time":2.3333,"x":0,"y":0}],"scale":[{"time":0.3333,"x":1,"y":1,"curve":[0.25,0,0.75,1]},{"time":0.6667,"x":1.03,"y":1.03,"curve":[0.25,0,0.75,1]},{"time":1,"x":1,"y":1,"curve":"stepped"},{"time":1.6667,"x":1,"y":1,"curve":[0.25,0,0.75,1]},{"time":2,"x":1.03,"y":1.03,"curve":[0.25,0,0.75,1]},{"time":2.3333,"x":1,"y":1}]},"bone4":{"rotate":[{"time":0,"angle":0,"curve":"stepped"},{"time":1.3333,"angle":0,"curve":"stepped"},{"time":2.6667,"angle":0}],"translate":[{"time":0,"x":0,"y":0,"curve":"stepped"},{"time":1.3333,"x":0,"y":0,"curve":"stepped"},{"time":2.6667,"x":0,"y":0}],"scale":[{"time":0,"x":1,"y":1,"curve":[0.299,0,0.636,0.36]},{"time":0.6667,"x":1.111,"y":1.111,"curve":[0.312,0.24,0.648,0.59]},{"time":1.3333,"x":1,"y":1,"curve":[0.299,0,0.636,0.36]},{"time":2,"x":1.111,"y":1.111,"curve":[0.312,0.24,0.648,0.59]},{"time":2.6667,"x":1,"y":1}]},"bone5":{"rotate":[{"time":0,"angle":0,"curve":"stepped"},{"time":1.3333,"angle":0}],"translate":[{"time":0,"x":0,"y":0,"curve":"stepped"},{"time":1.3333,"x":0,"y":0}],"scale":[{"time":0,"x":0.5,"y":0.5},{"time":0.6667,"x":1,"y":1},{"time":1.3333,"x":0.5,"y":0.5},{"time":2,"x":1,"y":1}]},"bone6":{"rotate":[{"time":0.3333,"angle":0}],"translate":[{"time":0,"x":-81.95,"y":0,"curve":[0.389,0.01,0.561,1]},{"time":0.3333,"x":4.9,"y":0},{"time":0.4333,"x":0,"y":0}],"scale":[{"time":0,"x":1,"y":0.551},{"time":0.3333,"x":1,"y":1}]},"bone7":{"rotate":[{"time":0.3333,"angle":0}],"translate":[{"time":0,"x":65.25,"y":0,"curve":[0.389,0.01,0.561,1]},{"time":0.3333,"x":-3.77,"y":0},{"time":0.4333,"x":-0.75,"y":0}],"scale":[{"time":0,"x":1,"y":0.551},{"time":0.3333,"x":1,"y":1}]},"bone8":{"rotate":[{"time":0.3333,"angle":0}],"translate":[{"time":0.3333,"x":0,"y":0}],"scale":[{"time":0.3333,"x":0.5,"y":0.5},{"time":0.8333,"x":1,"y":1}]}}}}},"_atlasText":"\nicon_baucua.png\nsize: 1024,256\nformat: RGBA8888\nfilter: Linear,Linear\nrepeat: none\nbg_baucua\n  rotate: false\n  xy: 240, 33\n  size: 215, 205\n  orig: 215, 205\n  offset: 0, 0\n  index: -1\ndice1\n  rotate: true\n  xy: 457, 42\n  size: 98, 82\n  orig: 98, 82\n  offset: 0, 0\n  index: -1\ndice2\n  rotate: false\n  xy: 457, 142\n  size: 91, 96\n  orig: 91, 96\n  offset: 0, 0\n  index: -1\ndice3\n  rotate: false\n  xy: 550, 148\n  size: 85, 90\n  orig: 85, 90\n  offset: 0, 0\n  index: -1\noutlight\n  rotate: false\n  xy: 2, 2\n  size: 236, 236\n  orig: 236, 236\n  offset: 0, 0\n  index: -1\ntxt_bau\n  rotate: false\n  xy: 637, 182\n  size: 97, 56\n  orig: 97, 56\n  offset: 0, 0\n  index: -1\ntxt_cua\n  rotate: false\n  xy: 736, 192\n  size: 97, 46\n  orig: 97, 46\n  offset: 0, 0\n  index: -1\n","textures":[{"__uuid__":"0a2fZSX2RDxIUPTIq+OsL0"}],"textureNames":["icon_baucua.png"]}