{"__type__":"dragonBones.DragonBonesAtlasAsset","_name":"kyby_eff_bomb_tex","_atlasJson":"{\"width\":2048,\"height\":2048,\"name\":\"kyby_eff_bomb\",\"imagePath\":\"kyby_eff_bomb_tex.png\",\"SubTexture\":[{\"frameHeight\":411,\"y\":809,\"frameWidth\":429,\"frameX\":-26,\"width\":355,\"frameY\":-25,\"height\":369,\"name\":\"eff_bomb08\",\"x\":1015},{\"frameHeight\":411,\"y\":408,\"frameWidth\":429,\"frameX\":-14,\"width\":390,\"frameY\":-12,\"height\":399,\"name\":\"eff_bomb10\",\"x\":1059},{\"frameHeight\":411,\"y\":782,\"frameWidth\":429,\"frameX\":-17,\"width\":376,\"frameY\":-22,\"height\":382,\"name\":\"eff_bomb09\",\"x\":1451},{\"frameHeight\":411,\"y\":411,\"frameWidth\":429,\"frameX\":-36,\"width\":361,\"frameY\":0,\"height\":411,\"name\":\"eff_bomb15\",\"x\":652},{\"frameHeight\":411,\"y\":974,\"frameWidth\":429,\"frameX\":-94,\"width\":220,\"frameY\":-87,\"height\":239,\"name\":\"eff_bomb04\",\"x\":337},{\"frameHeight\":411,\"y\":579,\"frameWidth\":429,\"frameX\":-124,\"width\":166,\"frameY\":-121,\"height\":170,\"name\":\"eff_bomb01\",\"x\":1865},{\"frameHeight\":411,\"y\":824,\"frameWidth\":429,\"frameX\":-73,\"width\":262,\"frameY\":-63,\"height\":288,\"name\":\"eff_bomb05\",\"x\":647},{\"frameHeight\":411,\"y\":1,\"frameWidth\":429,\"frameX\":-8,\"width\":405,\"frameY\":-3,\"height\":408,\"name\":\"eff_bomb11\",\"x\":652},{\"frameHeight\":411,\"y\":642,\"frameWidth\":429,\"frameX\":-49,\"width\":308,\"frameY\":-43,\"height\":330,\"name\":\"eff_bomb06\",\"x\":337},{\"frameHeight\":411,\"y\":384,\"frameWidth\":429,\"frameX\":-115,\"width\":182,\"frameY\":-110,\"height\":193,\"name\":\"eff_bomb02\",\"x\":1865},{\"frameHeight\":411,\"y\":1,\"frameWidth\":429,\"frameX\":-25,\"width\":404,\"frameY\":-3,\"height\":405,\"name\":\"eff_bomb14\",\"x\":1059},{\"frameHeight\":411,\"y\":782,\"frameWidth\":429,\"frameX\":-105,\"width\":200,\"frameY\":-99,\"height\":215,\"name\":\"eff_bomb03\",\"x\":1829},{\"frameHeight\":411,\"y\":1,\"frameWidth\":429,\"frameX\":0,\"width\":423,\"frameY\":-11,\"height\":381,\"name\":\"eff_bomb12\",\"x\":1465},{\"frameHeight\":411,\"y\":384,\"frameWidth\":429,\"frameX\":-25,\"width\":398,\"frameY\":-3,\"height\":396,\"name\":\"eff_bomb13\",\"x\":1465},{\"frameHeight\":411,\"y\":642,\"frameWidth\":429,\"frameX\":-37,\"width\":334,\"frameY\":-33,\"height\":351,\"name\":\"eff_bomb07\",\"x\":1},{\"width\":649,\"y\":1,\"height\":639,\"name\":\"bomb_glow_00000\",\"x\":1}]}","_texture":{"__uuid__":"63t0AdMDxPZoPuRBcto8zL"},"texture":{"__uuid__":"63t0AdMDxPZoPuRBcto8zL"}}