{"__type__":"sp.SkeletonData","_name":"skeleton","_skeletonJson":{"skeleton":{"hash":"EvuISklyXx4mYTREafCtMIQI+VE","spine":"3.6.53","width":162,"height":162},"bones":[{"name":"root"},{"name":"JT-JacK","parent":"root","length":51.89,"rotation":0.96,"x":-56.02,"y":-43.39},{"name":"JT-PoT","parent":"root","length":43.6,"rotation":180,"x":55.59,"y":-42.96},{"name":"JT-khung-light","parent":"root","length":40.56},{"name":"JT-khung-light2","parent":"root","length":45.83},{"name":"No hu","parent":"root","length":44.04}],"slots":[{"name":"No hu","bone":"No hu","attachment":"No hu"},{"name":"JT-khung-light","bone":"JT-khung-light","attachment":"JT-khung-light"},{"name":"JT-khung-light2","bone":"JT-khung-light2","attachment":"JT-khung-light"},{"name":"JT-JacK","bone":"JT-JacK","attachment":"JT-JacK"},{"name":"JT-PoT","bone":"JT-PoT","attachment":"JT-PoT"}],"skins":{"default":{"JT-JacK":{"JT-JacK":{"x":31.95,"y":0.59,"rotation":-0.96,"width":78,"height":41}},"JT-PoT":{"JT-PoT":{"x":21.96,"y":-1.19,"rotation":180,"width":60,"height":40}},"JT-khung-light":{"JT-khung-light":{"width":162,"height":162}},"JT-khung-light2":{"JT-khung-light":{"width":162,"height":162}},"No hu":{"No hu":{"width":118,"height":117}}}},"animations":{"animation":{"slots":{"JT-khung-light":{"color":[{"time":0,"color":"ffffff00","curve":"stepped"},{"time":0.6667,"color":"ffffff00"},{"time":1,"color":"ffffffff"},{"time":1.1667,"color":"ffffff00"}]},"JT-khung-light2":{"color":[{"time":0,"color":"ffffff00","curve":"stepped"},{"time":0.9,"color":"ffffff00"},{"time":1.2333,"color":"ffffffff"},{"time":1.4,"color":"ffffff00"},{"time":2.6667,"color":"ffffff00"}]}},"bones":{"JT-khung-light2":{"scale":[{"time":0,"x":1,"y":1,"curve":"stepped"},{"time":0.9,"x":1,"y":1,"curve":"stepped"},{"time":1.2333,"x":1,"y":1},{"time":1.4,"x":1.2,"y":1.2},{"time":2.6667,"x":1,"y":1}]},"JT-khung-light":{"scale":[{"time":0,"x":1,"y":1,"curve":"stepped"},{"time":0.6667,"x":1,"y":1,"curve":"stepped"},{"time":1,"x":1,"y":1},{"time":1.1667,"x":1.2,"y":1.2}]},"JT-JacK":{"translate":[{"time":0,"x":0,"y":0,"curve":"stepped"},{"time":0.1667,"x":0,"y":0},{"time":0.3333,"x":0,"y":4.42},{"time":0.5,"x":0,"y":0},{"time":0.6333,"x":0,"y":1.89},{"time":0.7333,"x":0,"y":0}],"scale":[{"time":0,"x":1,"y":1,"curve":"stepped"},{"time":0.1667,"x":1,"y":1},{"time":0.3333,"x":1.05,"y":1.05},{"time":0.5,"x":1,"y":1},{"time":0.6333,"x":1.02,"y":1.02},{"time":0.7333,"x":1,"y":1}]},"JT-PoT":{"translate":[{"time":0,"x":0,"y":0,"curve":"stepped"},{"time":0.5,"x":0,"y":0},{"time":0.6667,"x":0,"y":4.42},{"time":0.8333,"x":0,"y":0},{"time":0.9667,"x":0,"y":1.89},{"time":1.0667,"x":0,"y":0}],"scale":[{"time":0,"x":1,"y":1,"curve":"stepped"},{"time":0.5,"x":1,"y":1},{"time":0.6667,"x":1.05,"y":1.05},{"time":0.8333,"x":1,"y":1},{"time":0.9667,"x":1.02,"y":1.02},{"time":1.0667,"x":1,"y":1}]}}},"win":{"slots":{"JT-khung-light":{"color":[{"time":0,"color":"ffffff00","curve":"stepped"},{"time":0.5,"color":"ffffff00"},{"time":0.7667,"color":"ffffffff"},{"time":0.9,"color":"ffffff00"}]},"JT-khung-light2":{"color":[{"time":0,"color":"ffffff00","curve":"stepped"},{"time":0.8333,"color":"ffffff00"},{"time":1.1,"color":"ffffffff"},{"time":1.2667,"color":"ffffff00"}]}},"bones":{"No hu":{"scale":[{"time":0,"x":1,"y":1},{"time":0.5,"x":1.05,"y":1.05,"curve":"stepped"},{"time":1.4667,"x":1.05,"y":1.05},{"time":1.5,"x":1,"y":1}]},"JT-khung-light":{"scale":[{"time":0,"x":1.05,"y":1.05},{"time":0.5,"x":1.4,"y":1.4},{"time":0.8333,"x":1.05,"y":1.05}]},"JT-khung-light2":{"scale":[{"time":0,"x":1.05,"y":1.05},{"time":0.8333,"x":1.4,"y":1.4},{"time":1.1667,"x":1.05,"y":1.05}]},"JT-PoT":{"translate":[{"time":0,"x":0,"y":0},{"time":0.5,"x":-20.82,"y":12.62}],"scale":[{"time":0,"x":1,"y":1},{"time":0.5,"x":1.5,"y":1.5}]},"JT-JacK":{"translate":[{"time":0,"x":0,"y":0},{"time":0.5,"x":8.83,"y":56.79}],"scale":[{"time":0,"x":1,"y":1},{"time":0.5,"x":1.5,"y":1.5}]}}}}},"_atlasText":"\nskeleton.png\nsize: 304,164\nformat: RGBA8888\nfilter: Linear,Linear\nrepeat: none\nJT-JacK\n  rotate: false\n  xy: 164, 4\n  size: 78, 41\n  orig: 78, 41\n  offset: 0, 0\n  index: -1\nJT-PoT\n  rotate: false\n  xy: 243, 5\n  size: 60, 40\n  orig: 60, 40\n  offset: 0, 0\n  index: -1\nJT-khung-light\n  rotate: false\n  xy: 1, 1\n  size: 162, 162\n  orig: 162, 162\n  offset: 0, 0\n  index: -1\nNo hu\n  rotate: false\n  xy: 164, 46\n  size: 118, 117\n  orig: 118, 117\n  offset: 0, 0\n  index: -1\n","textures":[{"__uuid__":"e9mTeW1FpCU7MrjD1hJZLN"}],"textureNames":["skeleton.png"]}