{"__type__":"dragonBones.DragonBonesAsset","_name":"gswz_effect_hall_girl_ske","_dragonBonesJson":"{\"frameRate\":24,\"name\":\"gswz_effect_hall_girl\",\"version\":\"5.5\",\"compatibleVersion\":\"5.5\",\"armature\":[{\"type\":\"Armature\",\"frameRate\":24,\"name\":\"gswz_effect_hall_girl\",\"aabb\":{\"x\":-185.94,\"y\":-458.18,\"width\":408.22,\"height\":936},\"bone\":[{\"name\":\"root\",\"transform\":{\"y\":2.3764,\"scX\":0.6,\"scY\":0.6}},{\"name\":\"身体\",\"parent\":\"root\"},{\"name\":\"星光总\",\"parent\":\"身体\"},{\"name\":\"star\",\"parent\":\"身体\",\"transform\":{\"x\":-52.13136,\"y\":-207.39168,\"skX\":4,\"skY\":4}},{\"length\":316.8,\"name\":\"身体1\",\"parent\":\"身体\",\"transform\":{\"x\":35,\"y\":37.2,\"skX\":-95.1402,\"skY\":-95.1402}},{\"name\":\"星光\",\"parent\":\"星光总\",\"transform\":{\"x\":-63.63232000000001,\"y\":-199.2696}},{\"name\":\"右臂\",\"parent\":\"身体1\",\"transform\":{\"x\":175.51408,\"y\":218.61832,\"skX\":95.1402,\"skY\":95.1402}},{\"name\":\"头\",\"parent\":\"身体1\",\"transform\":{\"x\":466.15152,\"y\":12.05512,\"skX\":95.1402,\"skY\":95.1402}},{\"name\":\"左臂\",\"parent\":\"身体1\",\"transform\":{\"x\":222.7572,\"y\":-155.53192,\"skX\":95.1402,\"skY\":95.1402}},{\"name\":\"星光1\",\"parent\":\"星光总\",\"transform\":{\"x\":-63.63232000000001,\"y\":-199.2696}},{\"name\":\"领结\",\"parent\":\"身体1\",\"transform\":{\"x\":357.48656000000005,\"y\":-7.741840000000001,\"skX\":95.1402,\"skY\":95.1402}},{\"name\":\"星光3\",\"parent\":\"星光总\",\"transform\":{\"x\":-63.63232000000001,\"y\":-199.2696}},{\"name\":\"星光4\",\"parent\":\"星光总\",\"transform\":{\"x\":-63.63232000000001,\"y\":-199.2696}},{\"name\":\"星光5\",\"parent\":\"星光总\",\"transform\":{\"x\":-63.63232000000001,\"y\":-199.2696}},{\"name\":\"星光2\",\"parent\":\"星光总\",\"transform\":{\"x\":-63.63232000000001,\"y\":-199.2696}},{\"name\":\"头发总\",\"parent\":\"头\"},{\"name\":\"耳环右\",\"parent\":\"头\",\"transform\":{\"x\":56.6576,\"y\":56.930080000000004}},{\"name\":\"项链\",\"parent\":\"领结\",\"transform\":{\"x\":24.585520000000002,\"y\":66.44472}},{\"name\":\"耳环左\",\"parent\":\"头\",\"transform\":{\"x\":-56.278639999999996,\"y\":58.00336}},{\"length\":32,\"name\":\"左臂1\",\"parent\":\"左臂\",\"transform\":{\"x\":22.16928,\"y\":-112.98984000000002,\"skX\":131.1523,\"skY\":131.1523}},{\"length\":74.4,\"name\":\"右臂1\",\"parent\":\"右臂\",\"transform\":{\"x\":-168.40768000000003,\"y\":-148.40288,\"skX\":53.6855,\"skY\":53.6855}},{\"length\":28,\"name\":\"耳环左1\",\"parent\":\"耳环左\",\"transform\":{\"x\":-0.07776,\"y\":-13.081200000000003,\"skX\":89.6758,\"skY\":89.6758}},{\"name\":\"头发\",\"parent\":\"头发总\"},{\"length\":195.20000000000002,\"name\":\"左臂2\",\"parent\":\"左臂1\",\"transform\":{\"x\":31.938560000000003,\"y\":1.41104,\"skX\":-39.3857,\"skY\":-39.3857}},{\"name\":\"发梢3\",\"parent\":\"头发总\",\"transform\":{\"x\":143.31552,\"y\":170.21208000000001}},{\"name\":\"头发1\",\"parent\":\"头发总\",\"transform\":{\"x\":150.37575999999999,\"y\":70.70592}},{\"length\":216.8,\"name\":\"右臂2\",\"parent\":\"右臂1\",\"transform\":{\"x\":75.10752000000001,\"skX\":-3.1579,\"skY\":-3.1579}},{\"length\":27.200000000000003,\"name\":\"耳环右1\",\"parent\":\"耳环右\",\"transform\":{\"x\":0.46824000000000005,\"y\":-13.413120000000001,\"skX\":89.4982,\"skY\":89.4982}},{\"name\":\"发梢6\",\"parent\":\"头发总\",\"transform\":{\"x\":-148.83936000000003,\"y\":233.15216}},{\"name\":\"发梢4\",\"parent\":\"头发总\",\"transform\":{\"x\":287.44096,\"y\":-44.811440000000005}},{\"name\":\"发梢5\",\"parent\":\"头发总\",\"transform\":{\"x\":195.86136,\"y\":259.3192}},{\"name\":\"发梢1\",\"parent\":\"头发总\",\"transform\":{\"x\":-56.04752,\"y\":113.42648}},{\"name\":\"发梢2\",\"parent\":\"头发总\",\"transform\":{\"x\":76.76688,\"y\":29.093360000000004,\"skX\":2.7097,\"skY\":2.7097}},{\"name\":\"星光7\",\"parent\":\"耳环左1\",\"transform\":{\"x\":25.26208,\"skX\":-89.6758,\"skY\":-89.6758,\"scX\":0.6,\"scY\":0.6}},{\"name\":\"左手\",\"parent\":\"左臂2\",\"transform\":{\"x\":58.58744000000001,\"y\":-25.587200000000003,\"skX\":-91.7665,\"skY\":-91.7665}},{\"length\":31.200000000000003,\"name\":\"发梢11\",\"parent\":\"发梢1\",\"transform\":{\"x\":-6.359920000000001,\"y\":-52.62952000000001,\"skX\":120.288,\"skY\":120.288}},{\"name\":\"星光6\",\"parent\":\"耳环右1\",\"transform\":{\"x\":26.55752,\"skX\":-89.4982,\"skY\":-89.4982,\"scX\":0.5,\"scY\":0.5}},{\"length\":32.800000000000004,\"name\":\"发梢41\",\"parent\":\"发梢4\",\"transform\":{\"x\":-296.83672,\"y\":-49.88304,\"skX\":-41.8011,\"skY\":-41.8011}},{\"name\":\"右手\",\"parent\":\"右臂2\",\"transform\":{\"x\":262.77488,\"y\":124.40056,\"skX\":-50.5275,\"skY\":-50.5275}},{\"length\":29.6,\"name\":\"发梢31\",\"parent\":\"发梢3\",\"transform\":{\"x\":-37.13344,\"y\":-46.45512,\"skX\":52.7047,\"skY\":52.7047}},{\"length\":40,\"name\":\"发梢42\",\"parent\":\"发梢41\",\"transform\":{\"x\":32.94592,\"skX\":99.8746,\"skY\":99.8746}},{\"length\":28,\"name\":\"发梢12\",\"parent\":\"发梢11\",\"transform\":{\"x\":31.407040000000002,\"skX\":-38.2592,\"skY\":-38.2592}},{\"length\":17.6,\"name\":\"左手1\",\"parent\":\"左手\",\"transform\":{\"x\":-15.5888,\"y\":189.79648,\"skX\":-85.7398,\"skY\":-85.7398}},{\"length\":8.8,\"name\":\"右手1\",\"parent\":\"右手\",\"transform\":{\"x\":70.98944,\"y\":-112.45440000000002,\"skX\":81.7976,\"skY\":81.7976}},{\"length\":26.400000000000002,\"name\":\"发梢32\",\"parent\":\"发梢31\",\"transform\":{\"x\":30.1688,\"skX\":-22.4482,\"skY\":-22.4482}},{\"length\":45.6,\"name\":\"发梢43\",\"parent\":\"发梢42\",\"transform\":{\"x\":40.0128,\"skX\":14.0632,\"skY\":14.0632}},{\"length\":264.8,\"name\":\"左手2\",\"parent\":\"左手1\",\"transform\":{\"x\":17.76912,\"skX\":2.1562,\"skY\":2.1562}},{\"length\":26.400000000000002,\"name\":\"发梢33\",\"parent\":\"发梢32\",\"transform\":{\"x\":26.673520000000003,\"skX\":69.0369,\"skY\":69.0369}},{\"length\":185.60000000000002,\"name\":\"右手2\",\"parent\":\"右手1\",\"transform\":{\"x\":8.971760000000002,\"skX\":31.0982,\"skY\":31.0982}},{\"length\":34.4,\"name\":\"发梢13\",\"parent\":\"发梢12\",\"transform\":{\"x\":28.55592,\"skX\":-48.8818,\"skY\":-48.8818}},{\"length\":92,\"name\":\"右手3\",\"parent\":\"右手2\",\"transform\":{\"x\":185.88520000000003,\"skX\":55.1693,\"skY\":55.1693}},{\"length\":64,\"name\":\"左手3\",\"parent\":\"左手2\",\"transform\":{\"x\":265.14191999999997,\"y\":0.00944,\"skX\":-48.3401,\"skY\":-48.3401}},{\"length\":35.2,\"name\":\"发梢14\",\"parent\":\"发梢13\",\"transform\":{\"x\":35.11408,\"skX\":29.5405,\"skY\":29.5405}},{\"length\":28.8,\"name\":\"发梢34\",\"parent\":\"发梢33\",\"transform\":{\"x\":26.75112,\"skX\":-31.2388,\"skY\":-31.2388}},{\"length\":51.2,\"name\":\"发梢44\",\"parent\":\"发梢43\",\"transform\":{\"x\":45.640240000000006,\"skX\":-8.2617,\"skY\":-8.2617}},{\"length\":28.8,\"name\":\"发梢35\",\"parent\":\"发梢34\",\"transform\":{\"x\":29.540480000000002,\"skX\":-46.08,\"skY\":-46.08}},{\"length\":54.400000000000006,\"name\":\"发梢45\",\"parent\":\"发梢44\",\"transform\":{\"x\":51.234320000000004,\"skX\":-33.0049,\"skY\":-33.0049}},{\"length\":32.800000000000004,\"name\":\"左手4\",\"parent\":\"左手3\",\"transform\":{\"x\":64.29792,\"skX\":45.7835,\"skY\":45.7835}},{\"length\":32.800000000000004,\"name\":\"牌1\",\"parent\":\"左手4\",\"transform\":{\"x\":33.27552,\"skX\":77.6675,\"skY\":77.6675}},{\"length\":66.4,\"name\":\"牌\",\"parent\":\"牌1\",\"transform\":{\"x\":11.94392,\"y\":-16.69048,\"skX\":-103.8287,\"skY\":-103.8287}}],\"slot\":[{\"name\":\"右臂\",\"parent\":\"右臂2\"},{\"name\":\"发梢6\",\"parent\":\"发梢6\"},{\"name\":\"发梢5\",\"parent\":\"发梢5\"},{\"name\":\"身体\",\"parent\":\"身体\"},{\"name\":\"头\",\"parent\":\"头\"},{\"name\":\"头发\",\"parent\":\"头发\"},{\"name\":\"发梢3\",\"parent\":\"发梢35\"},{\"name\":\"头发1\",\"parent\":\"头发1\"},{\"name\":\"发梢1\",\"parent\":\"发梢14\"},{\"name\":\"发梢2\",\"parent\":\"发梢2\"},{\"name\":\"发梢4\",\"parent\":\"发梢45\"},{\"name\":\"左臂\",\"parent\":\"左臂2\"},{\"name\":\"牌\",\"parent\":\"牌\"},{\"name\":\"左手\",\"parent\":\"左手4\"},{\"name\":\"右手\",\"parent\":\"右手3\"},{\"name\":\"耳环左\",\"parent\":\"耳环左1\"},{\"name\":\"耳环右\",\"parent\":\"耳环右1\"},{\"name\":\"领结\",\"parent\":\"领结\"},{\"name\":\"项链\",\"parent\":\"项链\"},{\"blendMode\":\"add\",\"name\":\"星光\",\"parent\":\"星光\"},{\"blendMode\":\"add\",\"name\":\"星光1\",\"parent\":\"星光1\"},{\"blendMode\":\"add\",\"name\":\"星光2\",\"parent\":\"星光2\"},{\"blendMode\":\"add\",\"name\":\"星光3\",\"parent\":\"星光3\"},{\"blendMode\":\"add\",\"name\":\"星光4\",\"parent\":\"星光4\"},{\"blendMode\":\"add\",\"name\":\"星光5\",\"parent\":\"星光5\"},{\"blendMode\":\"add\",\"name\":\"星光6\",\"parent\":\"星光6\"},{\"blendMode\":\"add\",\"name\":\"星光7\",\"parent\":\"星光7\"},{\"name\":\"star\",\"parent\":\"star\"}],\"skin\":[{\"slot\":[{\"name\":\"发梢6\",\"display\":[{\"name\":\"发梢6\"}]},{\"name\":\"耳环右\",\"display\":[{\"type\":\"mesh\",\"name\":\"耳环右\",\"width\":10,\"height\":31,\"vertices\":[60.1,-386.83,56.7,-369.75,56.7,-361.43,59.06,-355.63,64.82,-355.63,67.1,-361.51,67.1,-369.91,63.3,-386.83,59.24,-382.51,64.27,-382.5],\"uvs\":[0.32692,0,0,0.54744,0,0.8141,0.22692,1,0.78077,1,1,0.81154,1,0.54231,0.63462,0,0.24429,0.13837,0.72802,0.13863],\"triangles\":[8,1,9,9,1,6,3,4,5,2,3,5,6,1,5,1,2,5,0,8,7,7,8,9],\"weights\":[1,27,1,1,27,1,1,27,1,1,27,1,1,27,1,1,27,1,1,27,1,1,27,1,1,27,1,1,27,1],\"slotPose\":[1,0,0,1,0,0],\"bonePose\":[27,0.008759,0.999962,-0.999962,0.008759,62.368652,-384.64],\"edges\":[1,2,2,3,3,4,4,5,5,6,7,0,0,8,8,1,6,9,9,7],\"userEdges\":[8,9]}]},{\"name\":\"发梢2\",\"display\":[{\"type\":\"mesh\",\"name\":\"发梢2\",\"width\":114,\"height\":258,\"vertices\":[-57.24,-118.6,-48.24,-83.64,-35.6,-49.68,-19.92,-21.76,-4.72,4.56,0.88,23.8,-0.16,44.08,-11.28,62.32,-19.36,84.6,-13.28,111.96,4.4,129.2,26.24,129.2,42.96,129.2,57.2,113,57.2,97.28,43.52,109.44,34.32,106.92,33.84,96.76,40.48,85.64,51.56,72.44,57.2,60.8,57.2,43.04,57.2,16.72,48.52,-5.6,35.84,-23.84,10,-38.04,-8.24,-54.24,-13.28,-86.16,-18.88,-115,-28,-129.2,-57.24,-129.2],\"uvs\":[-0.00035,0.04102,0.07832,0.17632,0.18881,0.30774,0.32587,0.41579,0.45874,0.51765,0.50769,0.59211,0.4986,0.67059,0.4014,0.74118,0.33077,0.8274,0.38392,0.93328,0.53846,1,0.72937,1,0.87552,1,1,0.93731,1,0.87647,0.88042,0.92353,0.8,0.91378,0.7958,0.87446,0.85385,0.83142,0.9507,0.78034,1,0.73529,1,0.66656,1,0.56471,0.92413,0.47833,0.81329,0.40774,0.58741,0.35279,0.42797,0.29009,0.38392,0.16656,0.33497,0.05495,0.25524,0,-0.00035,0],\"triangles\":[14,15,13,15,12,13,23,5,22,6,19,20,22,5,21,5,6,21,6,20,21,6,18,19,24,4,23,4,5,23,6,7,18,16,11,12,16,12,15,7,17,18,7,8,17,25,4,24,10,11,16,17,9,16,9,10,16,8,9,17,3,4,25,26,3,25,27,2,26,2,3,26,1,2,27,28,1,27,29,0,28,0,1,28,30,0,29],\"edges\":[0,1,1,2,2,3,3,4,4,5,5,6,6,7,7,8,8,9,9,10,10,11,11,12,12,13,13,14,14,15,15,16,16,17,17,18,18,19,19,20,20,21,21,22,22,23,23,24,24,25,25,26,26,27,27,28,28,29,29,30,30,0],\"userEdges\":[]}]},{\"name\":\"星光7\",\"display\":[{\"name\":\"星光\"}]},{\"name\":\"星光\",\"display\":[{\"name\":\"星光\"}]},{\"name\":\"发梢5\",\"display\":[{\"type\":\"mesh\",\"name\":\"发梢5\",\"width\":127,\"height\":157,\"vertices\":[-63.6,-54.76,-55.84,-41.28,-44.08,-33.04,-34.96,-23.88,-27.32,-14.52,-21.68,-6.68,-18.2,2.44,-17.32,12.88,-16.84,21.32,-17.52,26.28,-18.76,30.04,-20.16,33.56,-20.28,38,-23.8,48.08,-29.56,55.6,-34.56,60.16,-20.68,68,-9.4,69.76,8.92,68.52,24.2,58.6,34.48,41.68,46.52,28.04,54.28,14.88,54.04,-4.56,49.52,-24,43.12,-38.24,33.48,-50.8,20.92,-60.68,-0.48,-71.48,-14.88,-76.6,-31.2,-78.8,-63.6,-78.8],\"uvs\":[0,0.15254,0.06101,0.23807,0.15346,0.29036,0.22516,0.34848,0.28522,0.40787,0.32956,0.45761,0.35692,0.51548,0.36384,0.58173,0.36761,0.63528,0.36226,0.66675,0.35252,0.69061,0.34151,0.71294,0.34057,0.74112,0.31289,0.80508,0.26761,0.85279,0.2283,0.88173,0.33742,0.93147,0.4261,0.94264,0.57013,0.93477,0.69025,0.87183,0.77107,0.76447,0.86572,0.67792,0.92673,0.59442,0.92484,0.47107,0.88931,0.34772,0.83899,0.25736,0.76321,0.17766,0.66447,0.11497,0.49623,0.04645,0.38302,0.01396,0.25472,0,0,0],\"triangles\":[6,7,21,6,21,23,23,21,22,24,6,23,7,20,21,25,5,24,5,6,24,7,8,20,26,5,25,4,5,27,27,5,26,10,19,20,9,10,20,8,9,20,3,4,28,28,4,27,12,18,19,10,12,19,2,3,29,12,13,17,29,3,28,12,17,18,11,12,10,30,2,29,13,16,17,13,14,16,1,2,30,0,1,30,14,15,16,31,0,30],\"edges\":[0,1,1,2,2,3,3,4,4,5,5,6,6,7,7,8,8,9,9,10,10,11,11,12,12,13,13,14,14,15,15,16,16,17,17,18,18,19,19,20,20,21,21,22,22,23,23,24,24,25,25,26,26,27,27,28,28,29,29,30,30,31,31,0],\"userEdges\":[]}]},{\"name\":\"头发\",\"display\":[{\"type\":\"mesh\",\"name\":\"头发\",\"width\":404,\"height\":437,\"vertices\":[-174.52,-150.1,230.28,-150.1,-174.52,287.5,230.28,287.5],\"uvs\":[0,0,1,0,0,1,1,1],\"triangles\":[1,0,3,0,2,3],\"edges\":[0,1,1,3,3,2,2,0],\"userEdges\":[]}]},{\"name\":\"头\",\"display\":[{\"name\":\"头\"}]},{\"name\":\"星光4\",\"display\":[{\"name\":\"星光\"}]},{\"name\":\"领结\",\"display\":[{\"name\":\"领结\"}]},{\"name\":\"发梢3\",\"display\":[{\"type\":\"mesh\",\"name\":\"发梢3\",\"width\":96,\"height\":120,\"vertices\":[420.07,-317.94,411.11,-310.42,411.11,-301.1,411.79,-290.94,414.79,-282.66,421.15,-274.18,430.23,-271.22,438.07,-270.18,444.23,-265.5,446.99,-258.1,446.99,-249.18,446.55,-239.7,446.71,-228.54,450.39,-218.58,459.43,-209.86,470.31,-204.18,478.11,-201.22,487.75,-197.94,497.55,-197.94,505.35,-202.5,507.11,-208.02,507.11,-216.14,500.15,-209.54,493.71,-207.86,487.75,-209.1,482.55,-212.9,476.87,-218.26,473.95,-224.1,473.51,-232.66,475.79,-239.7,478.27,-247.22,479.75,-255.82,477.79,-266.38,473.51,-274.94,467.99,-282.62,460.91,-288.42,455.55,-291.18,449.15,-293.02,442.71,-297.46,437.51,-303.9,432.11,-310.94,431.03,-317.94],\"uvs\":[0.09333,0,0,0.06267,0,0.14033,0.00708,0.225,0.03833,0.294,0.10458,0.36467,0.19917,0.38933,0.28083,0.398,0.345,0.437,0.37375,0.49867,0.37375,0.573,0.36917,0.652,0.37083,0.745,0.40917,0.828,0.50333,0.90067,0.61667,0.948,0.69792,0.97267,0.79833,1,0.90042,1,0.98167,0.962,1,0.916,1,0.84833,0.9275,0.90333,0.86042,0.91733,0.79833,0.907,0.74417,0.87533,0.685,0.83067,0.65458,0.782,0.65,0.71067,0.67375,0.652,0.69958,0.58933,0.715,0.51767,0.69458,0.42967,0.65,0.35833,0.5925,0.29433,0.51875,0.246,0.46292,0.223,0.39625,0.20767,0.32917,0.17067,0.275,0.117,0.21875,0.05833,0.2075,0],\"triangles\":[22,19,20,22,20,21,22,18,19,23,18,22,23,17,18,24,17,23,16,17,24,25,16,24,15,16,25,26,15,25,9,30,31,32,9,31,10,29,30,9,10,30,33,9,32,27,14,26,14,15,26,11,28,29,10,11,29,13,14,27,13,27,28,12,13,28,11,12,28,34,8,33,8,9,33,35,8,34,37,7,36,7,8,36,36,8,35,6,7,38,38,7,37,5,6,38,4,5,38,3,4,39,39,4,38,40,2,39,2,3,39,0,1,40,1,2,40,41,0,40],\"weights\":[1,39,1,1,39,1,1,39,1,1,39,1,1,39,1,1,39,1,1,44,1,1,44,1,1,44,1,4,39,0.133435,47,0.379318,44,0.313416,53,0.173831,1,47,1,1,47,1,1,53,1,1,53,1,1,53,1,1,53,1,1,55,1,1,55,1,1,55,1,1,55,1,1,55,1,1,55,1,1,55,1,1,55,1,1,55,1,1,55,1,1,53,1,1,53,1,1,53,1,1,53,1,1,47,1,1,47,1,1,47,1,1,44,1,1,44,1,1,44,1,1,44,1,1,44,1,1,39,1,1,39,1,1,39,1,1,39,1],\"slotPose\":[1,0,0,1,0,0],\"bonePose\":[39,0.605923,0.795523,-0.795523,0.605923,421.52,-304.4,44,0.863779,0.503871,-0.503871,0.863779,439.8,-280.4,47,-0.161489,0.986875,-0.986875,-0.161489,462.84,-266.96,53,0.373724,0.92754,-0.92754,0.373724,458.52,-240.56,55,0.92735,0.374194,-0.374194,0.92735,469.56,-213.16],\"edges\":[0,1,1,2,2,3,3,4,4,5,5,6,6,7,7,8,8,9,9,10,10,11,11,12,12,13,13,14,14,15,15,16,16,17,17,18,18,19,19,20,20,21,21,22,22,23,23,24,24,25,25,26,26,27,27,28,28,29,29,30,30,31,31,32,32,33,33,34,34,35,35,36,36,37,37,38,38,39,39,40,40,41,41,0],\"userEdges\":[]}]},{\"name\":\"发梢1\",\"display\":[{\"type\":\"mesh\",\"name\":\"发梢1\",\"width\":81,\"height\":135,\"vertices\":[-384.56,-382.33,-386.92,-373.45,-390.96,-366.17,-396.92,-359.37,-403.72,-355.73,-410.32,-348.69,-414,-340.61,-415.92,-331.85,-415.92,-324.41,-415.92,-313.33,-412.28,-304.13,-407.8,-297.09,-400.56,-290.09,-395.44,-286.25,-387.72,-282.61,-381.16,-280.25,-376.04,-278.97,-370.92,-276.41,-369.16,-268.97,-368.36,-262.13,-365.12,-254.45,-362.8,-250.21,-356,-247.13,-347.48,-247.13,-338.28,-249.13,-334.28,-259.17,-334.28,-276.41,-337.64,-288.37,-347.68,-299.65,-359.6,-308.41,-367.28,-315.01,-369.64,-323.97,-369.64,-341.25,-370.28,-358.53,-374.76,-370.01,-377.32,-382.33],\"uvs\":[0.38431,0,0.35539,0.06568,0.30588,0.11953,0.23284,0.16982,0.14951,0.19675,0.06863,0.24882,0.02353,0.30858,0,0.37337,0,0.4284,0,0.51036,0.04461,0.5784,0.09951,0.63047,0.18824,0.68225,0.25098,0.71065,0.34559,0.73757,0.42598,0.75503,0.48873,0.7645,0.55147,0.78343,0.57304,0.83846,0.58284,0.88905,0.62255,0.94586,0.65098,0.97722,0.73431,1,0.83873,1,0.95147,0.98521,1.00049,0.91095,1.00049,0.78343,0.95931,0.69497,0.83627,0.61154,0.6902,0.54675,0.59608,0.49793,0.56716,0.43166,0.56716,0.30385,0.55931,0.17604,0.50441,0.09112,0.47304,0],\"triangles\":[20,23,25,19,20,25,18,19,25,23,24,25,27,17,26,17,18,26,18,25,26,20,22,23,28,17,27,20,21,22,29,17,28,15,16,29,16,17,29,14,15,30,30,15,29,13,14,30,12,13,30,31,10,30,10,11,30,11,12,30,6,31,32,3,32,33,9,10,31,8,9,31,6,7,31,7,8,31,3,4,32,4,5,32,5,6,32,34,2,33,2,3,33,0,1,35,35,1,34,1,2,34],\"weights\":[1,35,1,1,35,1,1,35,1,1,35,1,3,41,0.85,49,0.11,52,0.04,3,41,0.85,49,0.12,52,0.03,3,41,0.78,49,0.17,52,0.05,3,41,0.66,49,0.28,52,0.06,3,41,0.57,49,0.36,52,0.07,3,41,0.48,49,0.45,52,0.07,3,49,0.47,41,0.46,52,0.07,3,49,0.48,41,0.43,52,0.09,3,49,0.45,41,0.39,52,0.16,3,49,0.45,41,0.33,52,0.22,3,49,0.47,52,0.31,41,0.22,3,49,0.47,52,0.39,41,0.14,3,52,0.49,49,0.42,41,0.09,3,52,0.6,49,0.34,41,0.06,3,52,0.68,49,0.26,41,0.06,3,52,0.71,49,0.22,41,0.07,3,52,0.77,49,0.17,41,0.06,3,52,0.79,49,0.15,41,0.06,3,52,0.86,49,0.1,41,0.04,3,52,0.89,49,0.08,41,0.03,3,52,0.89,49,0.08,41,0.03,3,52,0.89,49,0.08,41,0.03,3,52,0.74,49,0.21,41,0.05,3,52,0.58,49,0.35,41,0.07,3,52,0.49,49,0.45,41,0.06,3,49,0.49,52,0.42,41,0.09,3,49,0.52,52,0.28,41,0.2,3,49,0.44,41,0.35,52,0.21,3,41,0.54,49,0.29,52,0.17,1,35,1,1,35,1,1,35,1],\"slotPose\":[1,0,0,1,0,0],\"bonePose\":[35,-0.504346,0.863502,-0.863502,-0.504346,-381.48,-367.36,41,0.138675,0.990338,-0.990338,0.138675,-397.32,-340.24,49,0.837271,0.546789,-0.546789,0.837271,-393.36,-311.96,52,0.458843,0.888517,-0.888517,0.458843,-363.96,-292.76],\"edges\":[0,1,1,2,2,3,3,4,4,5,5,6,6,7,7,8,8,9,9,10,10,11,11,12,12,13,13,14,14,15,15,16,16,17,17,18,18,19,19,20,20,21,21,22,22,23,23,24,24,25,25,26,26,27,27,28,28,29,29,30,30,31,31,32,32,33,33,34,34,35,35,0],\"userEdges\":[]}]},{\"name\":\"星光3\",\"display\":[{\"name\":\"星光\"}]},{\"name\":\"左手\",\"display\":[{\"type\":\"mesh\",\"name\":\"左手\",\"width\":116,\"height\":383,\"vertices\":[-284.13,-6.2,-297.09,-10.04,-303.01,-21.6,-310.33,-36.88,-315.97,-54.04,-320.17,-70.12,-322.25,-84.76,-322.25,-103.92,-315.65,-126.44,-309.45,-139.68,-302.97,-161.92,-297.89,-181.12,-294.25,-196.84,-289.45,-216.04,-301.61,-217.56,-299.41,-237.2,-298.05,-255.56,-297.65,-266.92,-296.93,-278.96,-291.61,-278.68,-281.65,-281.36,-275.77,-284.6,-273.69,-291.88,-279.01,-297.04,-293.57,-305.32,-306.33,-313.2,-316.29,-320.2,-319.81,-325.8,-321.05,-341.8,-322.17,-352.56,-322.25,-370.24,-314.61,-374.44,-311.53,-383.44,-301.41,-387.36,-284.33,-389.4,-272.69,-389.4,-249.29,-383.56,-254.05,-375.16,-244.81,-370.68,-243.69,-358.76,-250.13,-356.64,-260.21,-356.44,-255.05,-347.92,-245.37,-339.64,-237.93,-328.12,-231.73,-317.52,-226.85,-306.32,-226.85,-294.4,-228.37,-282.6,-223.21,-272.52,-227.57,-251.76,-227.29,-236.48,-226.29,-222.88,-226.29,-214.6,-233.57,-210.56,-234.57,-195.28,-233.13,-179.16,-231.89,-160.64,-231.05,-143.96,-229.77,-129.36,-229.37,-116.04,-229.09,-99.52,-231.05,-81.84,-234.29,-63.76,-239.05,-50.44,-245.49,-34.48,-251.53,-18.76,-256.85,-9.24,-264.29,-6.2],\"uvs\":[0.32637,1,0.21541,0.98998,0.16473,0.95981,0.10205,0.91994,0.05377,0.87516,0.01781,0.83319,0,0.79499,0,0.74499,0.05651,0.68622,0.10959,0.65167,0.16507,0.59363,0.20856,0.54353,0.23973,0.50251,0.28082,0.4524,0.17671,0.44843,0.19555,0.39718,0.20719,0.34927,0.21062,0.31962,0.21678,0.2882,0.26233,0.28894,0.3476,0.28194,0.39795,0.27349,0.41575,0.25449,0.37021,0.24102,0.24555,0.21942,0.1363,0.19885,0.05103,0.18058,0.02089,0.16597,0.01027,0.12422,0.00068,0.09614,0,0.05,0.06541,0.03904,0.09178,0.01555,0.17842,0.00532,0.32466,0,0.42432,0,0.62466,0.01524,0.5839,0.03716,0.66301,0.04885,0.6726,0.07996,0.61747,0.08549,0.53116,0.08601,0.57534,0.10825,0.65822,0.12985,0.72192,0.15992,0.775,0.18758,0.81678,0.21681,0.81678,0.24791,0.80377,0.27871,0.84795,0.30501,0.81062,0.35919,0.81301,0.39906,0.82158,0.43455,0.82158,0.45616,0.75925,0.4667,0.75068,0.50658,0.76301,0.54864,0.77363,0.59697,0.78082,0.6405,0.79178,0.6786,0.79521,0.71336,0.7976,0.75647,0.78082,0.80261,0.75308,0.84979,0.71233,0.88455,0.65719,0.9262,0.60548,0.96722,0.55993,0.99207,0.49623,1],\"triangles\":[48,50,49,46,22,47,48,21,50,51,54,52,52,54,53,45,22,46,22,48,47,15,13,51,13,54,51,15,51,50,16,15,50,21,20,50,20,16,50,22,21,48,7,62,61,60,8,61,8,7,61,7,6,62,59,9,60,9,8,60,58,9,59,44,22,45,5,63,62,6,5,62,57,10,58,10,9,58,56,11,57,11,10,57,23,22,44,13,55,54,55,12,56,12,11,56,5,4,63,13,12,55,4,64,63,43,23,44,3,65,64,4,3,64,42,23,43,37,40,38,38,40,39,24,23,42,3,2,65,37,41,40,2,66,65,2,0,66,35,37,36,0,68,66,68,67,66,41,25,42,25,24,42,35,41,37,17,16,20,35,34,41,28,25,41,34,31,41,31,29,41,29,28,41,33,31,34,2,1,0,19,17,20,28,27,26,28,26,25,15,14,13,18,17,19,32,31,33,30,29,31],\"weights\":[1,42,1,1,42,1,1,42,1,1,42,1,1,42,1,1,42,1,2,42,0.31,46,0.69,2,42,0.25,46,0.75,2,42,0.16,46,0.84,2,42,0.11,46,0.89,2,42,0.06,46,0.94,3,42,0.04,46,0.92,57,0.04,2,46,0.96,57,0.04,3,46,0.92,57,0.05,58,0.03,3,46,0.85,57,0.09,58,0.06,3,46,0.79,57,0.14,58,0.07,3,46,0.7,57,0.2,58,0.1,3,46,0.65,57,0.25,58,0.1,3,46,0.55,57,0.33,58,0.12,3,46,0.61,57,0.29,58,0.1,3,46,0.72,57,0.2,58,0.08,3,46,0.78,57,0.16,58,0.06,3,46,0.75,57,0.19,58,0.06,4,51,0.650685,46,0.199609,57,0.113308,58,0.036398,4,51,0.537161,57,0.275771,46,0.121226,58,0.065841,4,51,0.432092,57,0.398903,58,0.088863,46,0.080143,4,57,0.4103,51,0.409158,58,0.114196,46,0.066346,4,57,0.406923,51,0.404146,58,0.130134,46,0.058798,4,57,0.388182,51,0.379018,58,0.189856,46,0.042944,4,57,0.376099,51,0.313925,58,0.270096,46,0.03988,4,57,0.383312,58,0.38157,51,0.200548,46,0.034571,4,58,0.41822,57,0.4166,51,0.141449,46,0.023731,4,58,0.435569,57,0.428364,51,0.113373,46,0.022694,4,58,0.461369,57,0.445561,51,0.07675,46,0.01632,4,58,0.510428,57,0.414357,51,0.06032,46,0.014894,4,58,0.654813,57,0.271027,51,0.057454,46,0.016705,4,58,0.894323,57,0.063978,51,0.028961,46,0.012738,4,58,0.990746,57,0.005736,51,0.002547,46,0.000972,4,58,0.865175,57,0.071023,51,0.0429,46,0.020902,4,58,0.680989,57,0.13954,51,0.118852,46,0.060619,4,58,0.655977,57,0.158177,51,0.131066,46,0.054779,4,58,0.597353,57,0.215351,51,0.146489,46,0.040807,4,58,0.414547,51,0.258365,57,0.240772,46,0.086316,4,51,0.327259,58,0.306343,57,0.202416,46,0.163983,4,51,0.395231,46,0.273928,58,0.17695,57,0.153891,4,51,0.418032,46,0.373143,58,0.104509,57,0.104317,4,51,0.441255,46,0.43341,57,0.065622,58,0.059713,4,51,0.467713,46,0.462391,57,0.038635,58,0.031261,3,46,0.94,57,0.04,58,0.02,3,46,0.91,57,0.05,58,0.04,3,46,0.94,57,0.04,58,0.02,3,46,0.95,57,0.03,58,0.02,3,46,0.95,57,0.03,58,0.02,2,46,0.97,57,0.03,2,46,0.98,57,0.02,2,46,0.99,57,0.01,1,46,1,2,42,0.03,46,0.97,2,42,0.05,46,0.95,2,42,0.08,46,0.92,2,42,0.11,46,0.89,2,42,0.16,46,0.84,2,42,0.22,46,0.78,2,42,0.3,46,0.7,1,42,1,1,42,1,1,42,1,1,42,1,1,42,1],\"slotPose\":[1,0,0,1,0,0],\"bonePose\":[42,0.074286,-0.997237,0.997237,0.074286,-279.44,-8,46,0.111754,-0.993736,0.993736,0.111754,-278.12,-25.72,51,-0.668139,-0.744036,0.744036,-0.668139,-248.48,-289.2,57,0.067317,-0.997732,0.997732,0.067317,-291.44,-337.04,58,0.989086,-0.147336,0.147336,0.989086,-289.2,-370.24],\"edges\":[0,1,1,2,2,3,3,4,4,5,5,6,6,7,7,8,8,9,9,10,10,11,11,12,12,13,13,14,14,15,15,16,16,17,17,18,18,19,19,20,20,21,21,22,22,23,23,24,24,25,25,26,26,27,27,28,28,29,29,30,30,31,31,32,32,33,33,34,34,35,35,36,36,37,37,38,38,39,39,40,40,41,41,42,42,43,43,44,44,45,45,46,46,47,47,48,48,49,49,50,50,51,51,52,52,53,53,54,54,55,55,56,56,57,57,58,58,59,59,60,60,61,61,62,62,63,63,64,64,65,65,66,66,67,67,68,68,0],\"userEdges\":[]}]},{\"name\":\"发梢4\",\"display\":[{\"type\":\"mesh\",\"name\":\"发梢4\",\"width\":143,\"height\":164,\"vertices\":[221.04,-538.85,229.88,-548.97,243.76,-555.37,261.48,-555.37,271.56,-544.53,278.68,-532.65,285.96,-517.09,290.6,-505.77,296.04,-488.65,299.84,-470.85,302.56,-458.09,306.52,-447.01,313.2,-438.41,323.48,-426.29,332.48,-414.57,344.16,-404.53,356.6,-396.65,364.28,-392.89,364.28,-390.57,353.32,-390.57,340.64,-392.89,328.32,-393.69,315.84,-397.49,305.16,-404.37,297.6,-415.05,290.52,-426.09,284.76,-436.73,278.84,-449.41,274.24,-462.21,270.48,-473.53,266.04,-486.45,261,-497.41,255.68,-505.49,251.64,-514.49,247.04,-522.21,241.72,-523.21,235.96,-521.73,231.36,-515.53,226.6,-507.97,221.08,-508.73,221.07,-519.64,250.96,-544.44,272.16,-511,285.48,-468.4,308.56,-421.84,348.56,-395.96],\"uvs\":[-0.00028,0.10024,0.06145,0.03883,0.15838,0,0.28212,0,0.35251,0.06578,0.40223,0.13786,0.45307,0.23228,0.48547,0.30097,0.52346,0.40485,0.55,0.51286,0.56899,0.59029,0.59665,0.65752,0.6433,0.70971,0.71508,0.78325,0.77793,0.85437,0.8595,0.91529,0.94637,0.96311,1,0.98592,1,1,0.92346,1,0.83492,0.98592,0.74888,0.98107,0.66173,0.95801,0.58715,0.91626,0.53436,0.85146,0.48492,0.78447,0.44469,0.7199,0.40335,0.64296,0.37123,0.56529,0.34497,0.4966,0.31397,0.4182,0.27877,0.3517,0.24162,0.30267,0.21341,0.24806,0.18128,0.20121,0.14413,0.19515,0.10391,0.20413,0.07179,0.24175,0.03855,0.28762,0,0.28301,-0.0001,0.2168,0.20863,0.06631,0.35668,0.26923,0.44969,0.52772,0.61087,0.81025,0.8902,0.96728],\"triangles\":[17,16,18,16,19,18,45,19,16,15,45,16,45,20,19,13,44,14,44,23,22,12,44,13,24,23,44,25,24,44,8,43,9,9,43,10,28,27,43,6,42,7,31,30,42,5,42,6,29,28,43,33,32,42,32,31,42,3,41,4,2,41,3,35,34,41,2,1,41,40,37,36,40,38,37,40,39,38,36,35,41,40,36,41,0,1,41,40,0,41,41,34,42,34,33,42,4,41,5,41,42,5,42,30,43,30,29,43,7,42,8,42,43,8,43,27,26,26,25,44,43,26,44,11,44,12,11,43,44,10,43,11,21,20,45,44,21,45,44,22,21,15,14,45,14,44,45],\"weights\":[1,37,1,1,37,1,3,40,0.94,45,0.05,54,0.01,3,40,0.9,45,0.09,54,0.01,3,40,0.78,45,0.19,54,0.03,3,40,0.63,45,0.34,54,0.03,3,45,0.49,40,0.47,54,0.04,3,45,0.55,40,0.36,54,0.09,4,45,0.57,54,0.27,40,0.13,56,0.03,4,54,0.47,45,0.45,40,0.04,56,0.04,4,54,0.7,45,0.22,56,0.06,40,0.02,4,54,0.8,56,0.11,45,0.08,40,0.01,4,54,0.65,56,0.29,45,0.05,40,0.01,4,56,0.62053,54,0.343833,45,0.027058,40,0.008579,1,56,1,1,56,1,1,56,1,1,56,1,1,56,1,1,56,1,1,56,1,1,56,1,4,56,0.657913,54,0.296748,45,0.032561,40,0.012778,4,56,0.508606,54,0.448434,45,0.031812,40,0.011147,4,56,0.482639,54,0.48241,45,0.027009,40,0.007942,4,54,0.578552,56,0.339414,45,0.066626,40,0.015408,4,54,0.65,56,0.18,45,0.15,40,0.02,4,54,0.58,45,0.31,56,0.07,40,0.04,4,54,0.47,45,0.47,40,0.03,56,0.03,4,45,0.57,54,0.34,40,0.07,56,0.02,3,45,0.68,40,0.17,54,0.15,3,45,0.55,40,0.38,54,0.07,3,40,0.49,45,0.46,54,0.05,3,40,0.63,45,0.34,54,0.03,3,40,0.74,45,0.23,54,0.03,3,40,0.73,45,0.24,54,0.03,1,37,1,1,37,1,1,37,1,1,37,1,1,37,1,1,40,1,1,45,1,1,54,1,1,56,1,1,56,1],\"slotPose\":[1,0,0,1,0,0],\"bonePose\":[37,0.745464,-0.666546,0.666546,0.745464,226.24,-523.08,40,0.52883,0.848728,-0.848728,0.52883,250.8,-545.04,45,0.306747,0.951791,-0.951791,0.306747,271.96,-511.08,54,0.44033,0.897836,-0.897836,0.44033,285.96,-467.64,56,0.858333,0.513094,-0.513094,0.858333,308.52,-421.64],\"edges\":[0,1,1,2,2,3,3,4,4,5,5,6,6,7,7,8,8,9,9,10,10,11,11,12,12,13,13,14,14,15,15,16,16,17,17,18,18,19,19,20,20,21,21,22,22,23,23,24,24,25,25,26,26,27,27,28,28,29,29,30,30,31,31,32,32,33,33,34,34,35,35,36,36,37,37,38,38,39,39,40,40,0],\"userEdges\":[40,41,41,42,42,43,43,44,44,45]}]},{\"name\":\"星光5\",\"display\":[{\"name\":\"星光\"}]},{\"name\":\"星光2\",\"display\":[{\"name\":\"星光\"}]},{\"name\":\"项链\",\"display\":[{\"name\":\"项链\"}]},{\"name\":\"左臂\",\"display\":[{\"type\":\"mesh\",\"name\":\"左胳膊\",\"width\":64,\"height\":237,\"vertices\":[-368.6,-289.09,-384.88,-283.09,-396.44,-274.41,-401.84,-264.33,-405.52,-251.33,-405.52,-230.05,-405.52,-206.21,-405.52,-183.49,-405.52,-153.17,-405.52,-119.61,-405.52,-87.17,-405.52,-68.41,-398.32,-57.57,-388.56,-51.49,-370.16,-51.49,-356.4,-60.45,-346.36,-83.17,-341.6,-104.85,-340.72,-128.65,-340.72,-166.53,-340.72,-194.61,-340.72,-227.81,-340.72,-259.25,-340.72,-278.37,-344.96,-289.09,-358.2,-289.09],\"uvs\":[0.56975,0,0.31852,0.02525,0.14012,0.06178,0.05679,0.10421,0,0.15892,0,0.24848,0,0.34882,0,0.44444,0,0.57205,0,0.7133,0,0.84983,0,0.92879,0.11111,0.97441,0.26173,1,0.54568,1,0.75802,0.96229,0.91296,0.86667,0.98642,0.77542,1,0.67525,1,0.51582,1,0.39764,1,0.25791,1,0.12559,1,0.04512,0.93457,0,0.73025,0],\"triangles\":[7,8,19,24,25,23,9,17,18,19,8,18,8,9,18,1,3,22,3,4,22,23,25,22,25,0,22,0,1,22,5,6,21,22,4,21,4,5,21,7,19,20,6,7,20,21,6,20,10,16,17,9,10,17,2,3,1,10,15,16,10,11,12,12,13,14,10,12,14,10,14,15],\"weights\":[1,19,1,2,19,0.507577,23,0.492423,2,19,0.475431,23,0.524569,2,19,0.480436,23,0.519564,2,19,0.466745,23,0.533255,2,19,0.3354,23,0.6646,2,19,0.194582,23,0.805418,2,19,0.116843,23,0.883157,2,19,0.064421,23,0.935579,2,19,0.037012,23,0.962988,1,23,1,1,23,1,1,23,1,1,23,1,1,23,1,1,23,1,1,23,1,2,19,0.050306,23,0.949694,2,19,0.06832,23,0.93168,2,19,0.114589,23,0.885411,2,19,0.186136,23,0.813864,1,19,1,1,19,1,1,19,1,1,19,1,1,19,1],\"slotPose\":[1,0,0,1,0,0],\"bonePose\":[19,-0.658062,0.752963,-0.752963,-0.658062,-350.950596,-283.28,23,-0.030827,0.999525,-0.999525,-0.030827,-373.030596,-260.16],\"edges\":[0,1,1,2,2,3,3,4,4,5,5,6,6,7,7,8,8,9,9,10,10,11,11,12,12,13,13,14,14,15,15,16,16,17,17,18,18,19,19,20,20,21,21,22,22,23,23,24,24,25,25,0],\"userEdges\":[]}]},{\"name\":\"头发1\",\"display\":[{\"name\":\"头发1\"}]},{\"name\":\"star\",\"display\":[{\"name\":\"star\"}]},{\"name\":\"星光1\",\"display\":[{\"name\":\"星光\"}]},{\"name\":\"右手\",\"display\":[{\"type\":\"mesh\",\"name\":\"右手\",\"width\":219,\"height\":242,\"vertices\":[504.65,-134.31,485.53,-115.43,476.57,-73.15,459.69,-25.51,446.77,-0.11,429.85,31.05,426.61,38.77,413.25,30.17,402.65,22.53,386.49,23.89,372.49,27.69,358.89,36.57,349.37,47.81,342.05,53.53,342.05,63.53,348.09,66.77,342.05,79.05,348.29,87.37,354.65,86.21,354.25,99.17,362.93,108.13,371.01,108.13,383.73,100.01,393.49,108.13,417.49,103.01,430.65,108.13,449.97,108.13,468.45,80.69,481.37,86.65,502.81,66.77,513.41,34.45,503.01,25.61,531.49,-23.31,552.49,-63.23,561.25,-97.19,561.25,-119.27,537.21,-134.31],\"uvs\":[0.74179,0,0.65456,0.07789,0.61369,0.25231,0.53668,0.44884,0.47774,0.55363,0.40055,0.68218,0.38577,0.71403,0.32482,0.67855,0.27646,0.64703,0.20274,0.65264,0.13887,0.66832,0.07682,0.70495,0.03339,0.75132,0,0.77492,0,0.81617,0.02755,0.82954,0,0.8802,0.02847,0.91452,0.05748,0.90974,0.05566,0.9632,0.09526,1.00017,0.13212,1.00017,0.19015,0.96667,0.23467,1.00017,0.34416,0.97904,0.4042,1.00017,0.49234,1.00017,0.57664,0.88696,0.63558,0.91155,0.73339,0.82954,0.78175,0.6962,0.73431,0.65974,0.86423,0.45792,0.96004,0.29323,1,0.15314,1,0.06205,0.89033,0],\"triangles\":[1,33,34,36,1,34,36,34,35,0,1,36,2,32,33,1,2,33,3,31,32,2,3,32,3,4,31,31,29,30,27,29,31,5,27,31,4,5,31,27,28,29,5,6,27,24,25,27,6,24,27,25,26,27,22,24,6,7,22,6,9,22,7,10,22,9,10,11,22,11,15,22,22,23,24,15,18,22,8,9,7,12,15,11,18,21,22,19,20,21,18,19,21,13,15,12,15,16,18,13,14,15,16,17,18],\"weights\":[1,43,1,1,43,1,1,48,1,1,48,1,1,48,1,1,48,1,1,50,1,1,50,1,1,50,1,1,50,1,1,50,1,1,50,1,1,50,1,1,50,1,1,50,1,1,50,1,1,50,1,1,50,1,1,50,1,1,50,1,1,50,1,1,50,1,1,50,1,1,50,1,1,50,1,1,50,1,1,50,1,1,50,1,1,48,1,1,48,1,1,48,1,1,48,1,1,48,1,1,48,1,2,43,0.497138,48,0.502862,1,43,1,1,43,1],\"slotPose\":[1,0,0,1,0,0],\"bonePose\":[43,0.14267,0.98977,-0.98977,0.14267,522.64,-125.56,48,-0.389057,0.921214,-0.921214,-0.389057,523.92,-116.68,50,-0.978384,0.206799,-0.206799,-0.978384,451.6,54.56],\"edges\":[0,1,1,2,2,3,3,4,4,5,5,6,6,7,7,8,8,9,9,10,10,11,11,12,12,13,13,14,14,15,15,16,16,17,17,18,18,19,19,20,20,21,21,22,22,23,23,24,24,25,25,26,26,27,27,28,28,29,29,30,30,31,31,32,32,33,33,34,34,35,35,36,36,0],\"userEdges\":[]}]},{\"name\":\"耳环左\",\"display\":[{\"type\":\"mesh\",\"name\":\"耳环左\",\"width\":9,\"height\":31,\"vertices\":[-2.53,1.87,12.05,4.79,22.93,4.85,28.66,3.08,28.7,-2.72,22.99,-4.75,12.55,-4.81,-2.51,-1.45],\"uvs\":[0.29583,0,0,0.46795,0,0.81667,0.1875,1,0.79167,1,1,0.81667,1,0.48205,0.64167,0],\"triangles\":[0,1,7,2,3,4,1,2,6,7,1,6,6,2,5,2,4,5],\"edges\":[0,1,1,2,2,3,3,4,4,5,5,6,6,7,7,0],\"userEdges\":[]}]},{\"name\":\"星光6\",\"display\":[{\"name\":\"星光\"}]},{\"name\":\"右臂\",\"display\":[{\"type\":\"mesh\",\"name\":\"右臂\",\"width\":229,\"height\":296,\"vertices\":[415.01,-360.72,415.01,-319.4,505.41,-174.08,589.77,-63.92,644.69,-63.92,644.69,-102.52,563.09,-228.6,460.45,-360.72],\"uvs\":[-0.00017,0.00013,-0.00017,0.13935,0.39355,0.62898,0.76098,1.00013,1.00017,1.00013,1.00017,0.87008,0.64477,0.44528,0.19774,0.00013],\"triangles\":[2,3,5,6,2,5,5,3,4,1,2,6,7,1,6,0,1,7],\"weights\":[1,20,1,1,20,1,1,20,1,1,26,1,1,26,1,1,26,1,1,26,1,1,20,1],\"slotPose\":[1,0,0,1,0,0],\"bonePose\":[20,0.592218,0.805778,-0.805778,0.592218,419.92,-337.2,26,0.635707,0.77193,-0.77193,0.635707,464.4,-276.68],\"edges\":[0,1,1,2,2,3,3,4,4,5,5,6,6,7,7,0],\"userEdges\":[]}]},{\"name\":\"身体\",\"display\":[{\"type\":\"mesh\",\"name\":\"身体\",\"width\":365,\"height\":936,\"vertices\":[-42.34,-379.79,-46.66,-369.87,-50.42,-355.87,-54.98,-338.91,-59.3,-326.79,-66.82,-312.27,-74.9,-301.79,-87.02,-297.19,-99.66,-294.51,-116.62,-295.03,-110.98,-283.75,-104.78,-271.91,-101.54,-258.47,-100.46,-244.99,-100.46,-232.07,-101.02,-215.91,-101.82,-200.47,-101.26,-185.95,-103.42,-172.51,-106.38,-161.99,-102.86,-146.51,-100.18,-127.11,-96.42,-103.99,-91.3,-92.39,-89.42,-87.55,-89.94,-74.07,-87.74,-60.07,-83.38,-43.03,-76.82,-25.79,-70.74,-11.35,-65.46,0.85,-61.3,11.17,-58.06,19.69,-58.06,32.73,-58.3,43.65,-58.94,55.69,-66.38,65.29,-74.66,75.97,-81.82,85.13,-89.5,94.97,-100.22,108.53,-109.18,121.65,-118.14,135.85,-125.34,148.97,-133.42,163.81,-138.86,177.57,-143.9,191.53,-148.5,206.17,-152.42,221.25,-155.06,236.09,-157.9,252.89,-160.26,267.73,-162.9,289.13,-164.86,312.97,-164.86,335.25,-164.86,360.17,-164.86,374.85,-164.86,394.89,-164.86,415.21,-164.86,435.81,-164.86,459.97,-164.86,475.29,-101.1,475.21,-26.02,475.21,41.74,475.21,101.26,475.21,132.38,475.21,146.14,452.01,159.62,423.05,172.34,388.41,180.5,358.01,187.22,328.33,191.46,294.41,192.86,259.41,192.86,231.49,188.62,203.21,177.98,170.33,169.5,144.57,159.94,114.85,151.5,89.09,146.54,66.09,146.54,50.25,154.34,25.13,161.74,6.81,167.38,-10.91,174.14,-31.03,175.54,-55.07,175.22,-85.47,190.06,-95.71,199.22,-109.83,200.74,-126.43,200.7,-157.19,196.38,-178.75,185.06,-196.43,173.42,-211.63,156.82,-229.27,137.02,-249.43,121.82,-265.67,106.3,-282.63,90.38,-299.95,78.38,-315.51,65.3,-322.91,49.38,-326.11,38.1,-332.47,35.7,-341.31,37.38,-357.23,39.5,-371.35,-67.86,-77.87,-35.58,-71.59,2.58,-74.35,26.98,-86.15,45.86,-109.35,52.18,-138.47,46.66,-169.19,36.82,-188.83,14.38,-208.51,-17.5,-221.91,-52.1,-225.03,-86.74,-220.31,92.7,-239.99,72.22,-206.95,64.74,-178.23,67.5,-148.71,83.66,-119.59,107.26,-101.11,131.66,-89.71,155.26,-86.95,-36.84,-190.76,-79.68,-150.32,-22.44,-103.48,26.04,-165.96,125.72,-205.2,166.16,-120.32,53.12,6.56],\"uvs\":[0.33512,0.08645,0.3233,0.09705,0.31302,0.11201,0.30055,0.13013,0.28873,0.14308,0.26816,0.15859,0.24606,0.16979,0.21291,0.1747,0.17834,0.17756,0.13195,0.17701,0.14737,0.18906,0.16433,0.20171,0.17319,0.21607,0.17615,0.23047,0.17615,0.24427,0.17462,0.26154,0.17243,0.27803,0.17396,0.29355,0.16805,0.30791,0.15996,0.31915,0.16958,0.33568,0.17691,0.35641,0.1872,0.38111,0.2012,0.3935,0.20635,0.39868,0.20492,0.41308,0.21094,0.42803,0.22287,0.44624,0.24081,0.46466,0.25744,0.48009,0.27188,0.49312,0.28326,0.50415,0.29212,0.51325,0.29212,0.52718,0.29147,0.53885,0.28972,0.55171,0.26937,0.56197,0.24672,0.57338,0.22713,0.58316,0.20613,0.59368,0.17681,0.60816,0.1523,0.62218,0.12779,0.63735,0.1081,0.65137,0.086,0.66722,0.07112,0.68192,0.05733,0.69684,0.04475,0.71248,0.03403,0.72859,0.02681,0.74444,0.01904,0.76239,0.01258,0.77825,0.00536,0.80111,0,0.82658,0,0.85038,0,0.87701,0,0.89269,0,0.9141,0,0.93581,0,0.95782,0,0.98363,0,1,0.1744,0.99991,0.37976,0.99991,0.5651,0.99991,0.7279,0.99991,0.81302,0.99991,0.85066,0.97513,0.88753,0.94419,0.92232,0.90718,0.94464,0.8747,0.96302,0.84299,0.97462,0.80675,0.97845,0.76936,0.97845,0.73953,0.96685,0.70932,0.93775,0.67419,0.91455,0.64667,0.8884,0.61491,0.86532,0.58739,0.85175,0.56282,0.85175,0.5459,0.87309,0.51906,0.89333,0.49949,0.90875,0.48056,0.92724,0.45906,0.93107,0.43338,0.9302,0.4009,0.97079,0.38996,0.99584,0.37487,1,0.35714,0.99989,0.32427,0.98807,0.30124,0.95711,0.28235,0.92527,0.26611,0.87987,0.24726,0.82571,0.22573,0.78414,0.20838,0.74168,0.19026,0.69814,0.17175,0.66532,0.15513,0.62954,0.14722,0.586,0.1438,0.55514,0.13701,0.54858,0.12756,0.55317,0.11056,0.55897,0.09547,0.26532,0.40902,0.35361,0.41573,0.45799,0.41278,0.52473,0.40017,0.57637,0.37538,0.59365,0.34427,0.57856,0.31145,0.55164,0.29047,0.49026,0.26944,0.40306,0.25513,0.30842,0.25179,0.21368,0.25684,0.70449,0.23581,0.64847,0.27111,0.62801,0.30179,0.63556,0.33333,0.67976,0.36444,0.74431,0.38419,0.81105,0.39637,0.8756,0.39932,0.35017,0.28841,0.23299,0.33162,0.38956,0.38166,0.52216,0.31491,0.79481,0.27298,0.90542,0.36367,0.59623,0.49922],\"triangles\":[132,89,90,132,90,91,92,132,91,132,88,89,131,132,93,93,132,92,75,45,74,45,46,74,49,72,73,48,49,73,74,46,73,46,47,73,47,48,73,76,45,75,51,71,72,50,51,72,49,50,72,43,45,76,64,70,71,52,64,71,51,52,71,94,131,93,42,43,76,40,41,77,87,126,86,77,41,76,41,42,76,64,69,70,52,63,64,39,40,77,131,123,132,125,85,86,126,125,86,123,124,132,125,84,85,38,39,77,64,68,69,95,131,94,78,38,77,37,38,78,125,133,84,64,65,68,125,126,132,133,83,84,124,125,132,122,123,131,79,36,78,36,37,78,133,82,83,52,53,63,35,36,79,65,67,68,133,35,79,96,131,95,124,133,125,133,81,82,80,133,79,121,122,131,133,80,81,65,66,67,53,54,63,119,131,96,97,119,96,110,133,124,120,121,131,119,120,131,98,119,97,44,45,43,99,119,98,123,111,124,111,110,124,100,101,99,101,102,99,115,120,119,99,102,119,102,115,119,54,55,63,116,115,102,122,112,123,112,111,123,110,109,133,103,116,102,34,35,133,121,113,122,115,114,120,114,121,120,113,112,122,114,113,121,55,56,63,5,116,103,4,5,103,113,130,112,31,32,133,32,33,133,33,34,133,130,111,112,130,129,111,129,110,111,114,130,113,3,4,103,0,105,106,104,3,103,56,62,63,1,104,105,0,1,105,1,2,104,115,130,114,2,3,104,115,127,130,127,129,130,129,109,110,56,57,62,6,117,116,5,6,116,116,127,115,127,128,129,129,108,109,28,29,108,117,127,116,6,12,117,27,28,108,22,107,129,128,22,129,107,108,129,57,58,62,7,12,6,22,23,107,12,13,117,17,128,127,107,27,108,117,118,127,118,17,127,21,22,128,16,17,118,26,27,107,13,118,117,11,12,7,17,18,128,23,24,107,58,59,62,13,14,118,25,26,107,24,25,107,8,11,7,18,19,128,20,21,128,15,16,118,19,20,128,14,15,118,10,11,8,59,60,62,9,10,8,60,61,62,87,126,88,126,132,88,29,30,133,30,31,133,109,29,133,108,29,109],\"weights\":[1,4,1,1,4,1,1,4,1,1,4,1,1,4,1,1,4,1,1,4,1,1,4,1,1,4,1,1,4,1,1,4,1,1,4,1,1,4,1,1,4,1,1,4,1,1,4,1,1,4,1,1,4,1,1,4,1,1,4,1,1,4,1,1,4,1,1,4,1,1,4,1,1,4,1,1,4,1,1,4,1,1,4,1,1,4,1,1,4,1,1,4,1,1,4,1,1,4,1,1,4,1,1,4,1,1,4,1,1,4,1,1,4,1,1,4,1,1,4,1,1,4,1,1,4,1,1,4,1,1,4,1,1,4,1,1,4,1,1,4,1,1,4,1,1,4,1,1,4,1,1,4,1,1,4,1,1,4,1,1,4,1,1,4,1,1,4,1,1,4,1,1,4,1,1,4,1,1,4,1,1,4,1,1,4,1,1,4,1,1,4,1,1,4,1,1,4,1,1,4,1,1,4,1,1,4,1,1,4,1,1,4,1,1,4,1,1,4,1,1,4,1,1,4,1,1,4,1,1,4,1,1,4,1,1,4,1,1,4,1,1,4,1,1,4,1,1,4,1,1,4,1,1,4,1,1,4,1,1,4,1,1,4,1,1,4,1,1,4,1,1,4,1,1,4,1,1,4,1,1,4,1,1,4,1,1,4,1,1,4,1,1,4,1,1,4,1,1,4,1,1,4,1,1,4,1,1,4,1,1,4,1,1,4,1,1,4,1,1,4,1,1,4,1,1,4,1,1,4,1,1,4,1,1,4,1,1,4,1,1,4,1,1,4,1,1,4,1,1,4,1,1,4,1,1,4,1,1,4,1,1,4,1,1,4,1,1,4,1,1,4,1,1,4,1,1,4,1,1,4,1,1,4,1,1,4,1,1,4,1,1,4,1,1,4,1,1,4,1,1,4,1],\"slotPose\":[1,0,0,1,0,0],\"bonePose\":[4,-0.089593,-0.995978,0.995978,-0.089593,35,37.2],\"edges\":[0,1,1,2,2,3,3,4,4,5,5,6,6,7,7,8,8,9,9,10,10,11,11,12,12,13,13,14,14,15,15,16,16,17,17,18,18,19,19,20,20,21,21,22,22,23,23,24,24,25,25,26,26,27,27,28,28,29,29,30,30,31,31,32,32,33,33,34,34,35,35,36,36,37,37,38,38,39,39,40,40,41,41,42,42,43,43,44,44,45,45,46,46,47,47,48,48,49,49,50,50,51,51,52,52,53,53,54,54,55,55,56,56,57,57,58,58,59,59,60,60,61,61,62,62,63,63,64,64,65,65,66,66,67,67,68,68,69,69,70,70,71,71,72,72,73,73,74,74,75,75,76,76,77,77,78,78,79,79,80,80,81,81,82,82,83,83,84,84,85,85,86,86,87,87,88,88,89,89,90,90,91,91,92,92,93,93,94,94,95,95,96,96,97,97,98,98,99,99,100,100,101,101,102,102,103,103,104,104,105,105,106,106,0],\"userEdges\":[24,107,107,108,108,109,109,110,110,111,111,112,112,113,113,114,114,115,115,116,116,117,117,118,118,15,97,119,119,120,120,121,121,122,122,123,123,124,124,125,125,126,126,88,29,133,84,133]}]},{\"name\":\"牌\",\"display\":[{\"type\":\"mesh\",\"name\":\"牌\",\"width\":112,\"height\":103,\"vertices\":[-193.85,-472.06,-81.85,-472.06,-193.85,-368.86,-81.85,-368.86],\"uvs\":[0,0,1,0,0,1,1,1],\"triangles\":[1,0,3,0,2,3],\"weights\":[1,59,1,1,59,1,1,59,1,1,59,1],\"slotPose\":[1,0,0,1,0,0],\"bonePose\":[59,-0.379477,-0.925201,0.925201,-0.379477,-132,-391.96],\"edges\":[0,1,1,3,3,2,2,0],\"userEdges\":[]}]}]}],\"animation\":[{\"duration\":100,\"playTimes\":0,\"name\":\"newAnimation\",\"bone\":[{\"name\":\"头发\",\"translateFrame\":[{\"duration\":21,\"tweenEasing\":0},{\"duration\":29,\"tweenEasing\":0,\"y\":2.11},{\"duration\":21,\"tweenEasing\":0},{\"duration\":29,\"tweenEasing\":0,\"y\":2.11},{\"duration\":0}],\"scaleFrame\":[{\"duration\":21,\"tweenEasing\":0,\"y\":1.02},{\"duration\":29,\"tweenEasing\":0},{\"duration\":21,\"tweenEasing\":0,\"y\":1.02},{\"duration\":29,\"tweenEasing\":0},{\"duration\":0,\"y\":1.02}]},{\"name\":\"头发1\",\"translateFrame\":[{\"duration\":31,\"tweenEasing\":0,\"x\":-1.36,\"y\":-4.81},{\"duration\":19,\"tweenEasing\":0,\"x\":2.72,\"y\":-4.81},{\"duration\":31,\"tweenEasing\":0,\"x\":-1.36,\"y\":-4.81},{\"duration\":19,\"tweenEasing\":0,\"x\":2.72,\"y\":-4.81},{\"duration\":0,\"x\":-1.36,\"y\":-4.81}],\"scaleFrame\":[{\"duration\":31,\"tweenEasing\":0},{\"duration\":19,\"tweenEasing\":0,\"x\":1.1},{\"duration\":31,\"tweenEasing\":0},{\"duration\":19,\"tweenEasing\":0,\"x\":1.1},{\"duration\":0}]},{\"name\":\"发梢5\",\"translateFrame\":[{\"duration\":25,\"tweenEasing\":0,\"x\":7.75},{\"duration\":25,\"tweenEasing\":0,\"x\":6.08,\"y\":-2.4},{\"duration\":25,\"tweenEasing\":0,\"x\":7.75},{\"duration\":25,\"tweenEasing\":0,\"x\":6.08,\"y\":-2.4},{\"duration\":0,\"x\":7.75}],\"scaleFrame\":[{\"duration\":25,\"tweenEasing\":0},{\"duration\":25,\"tweenEasing\":0,\"x\":1.1},{\"duration\":25,\"tweenEasing\":0},{\"duration\":25,\"tweenEasing\":0,\"x\":1.1},{\"duration\":0}]},{\"name\":\"发梢6\",\"translateFrame\":[{\"duration\":25,\"tweenEasing\":0},{\"duration\":25,\"tweenEasing\":0,\"x\":-9.96,\"y\":16.6},{\"duration\":25,\"tweenEasing\":0},{\"duration\":25,\"tweenEasing\":0,\"x\":-9.96,\"y\":16.6},{\"duration\":0}]},{\"name\":\"左臂2\",\"rotateFrame\":[{\"duration\":50,\"tweenEasing\":0},{\"duration\":50,\"tweenEasing\":0,\"rotate\":2},{\"duration\":0}]},{\"name\":\"左手2\",\"rotateFrame\":[{\"duration\":33,\"tweenEasing\":0},{\"duration\":67,\"tweenEasing\":0,\"rotate\":2},{\"duration\":0}]},{\"name\":\"左手3\",\"rotateFrame\":[{\"duration\":67,\"tweenEasing\":0,\"rotate\":-3},{\"duration\":33,\"tweenEasing\":0,\"rotate\":9},{\"duration\":0,\"rotate\":-3}]},{\"name\":\"身体1\",\"scaleFrame\":[{\"duration\":25,\"curve\":[0.5,0,0.5,1],\"x\":0.99},{\"duration\":25,\"curve\":[0.5,0,0.5,1]},{\"duration\":25,\"tweenEasing\":0,\"x\":0.99},{\"duration\":25,\"curve\":[0.5,0,0.5,1]},{\"duration\":0,\"x\":0.99}]},{\"name\":\"牌\",\"rotateFrame\":[{\"duration\":25,\"curve\":[0.5,0,0.5,1]},{\"duration\":25,\"curve\":[0.5,0,0.5,1],\"rotate\":16},{\"duration\":25,\"tweenEasing\":0},{\"duration\":25,\"curve\":[0.5,0,0.5,1],\"rotate\":16},{\"duration\":0}]},{\"name\":\"右臂2\",\"rotateFrame\":[{\"duration\":42,\"tweenEasing\":0},{\"duration\":58,\"tweenEasing\":0,\"rotate\":-2},{\"duration\":0}]},{\"name\":\"右手2\",\"rotateFrame\":[{\"duration\":59,\"tweenEasing\":0},{\"duration\":41,\"tweenEasing\":0,\"rotate\":5},{\"duration\":0}]},{\"name\":\"发梢42\",\"rotateFrame\":[{\"duration\":13,\"curve\":[0.5,0,0.5,1]},{\"duration\":30,\"curve\":[0.5,0,0.5,1],\"rotate\":2},{\"duration\":28,\"curve\":[0.5,0,0.5,1]},{\"duration\":29,\"curve\":[0.5,0,0.5,1],\"rotate\":2},{\"duration\":0}]},{\"name\":\"发梢43\",\"rotateFrame\":[{\"duration\":17,\"curve\":[0.5,0,0.5,1]},{\"duration\":31,\"curve\":[0.5,0,0.5,1],\"rotate\":2},{\"duration\":27,\"curve\":[0.5,0,0.5,1]},{\"duration\":25,\"curve\":[0.5,0,0.5,1],\"rotate\":2},{\"duration\":0}]},{\"name\":\"发梢44\",\"rotateFrame\":[{\"duration\":21,\"curve\":[0.5,0,0.5,1]},{\"duration\":32,\"curve\":[0.5,0,0.5,1],\"rotate\":4},{\"duration\":26,\"curve\":[0.5,0,0.5,1]},{\"duration\":21,\"curve\":[0.5,0,0.5,1],\"rotate\":4},{\"duration\":0}]},{\"name\":\"发梢45\",\"rotateFrame\":[{\"duration\":25,\"curve\":[0.5,0,0.5,1]},{\"duration\":33,\"curve\":[0.5,0,0.5,1],\"rotate\":-3},{\"duration\":26,\"curve\":[0.5,0,0.5,1]},{\"duration\":16,\"curve\":[0.5,0,0.5,1],\"rotate\":-3},{\"duration\":0}]},{\"name\":\"发梢11\",\"rotateFrame\":[{\"duration\":17,\"tweenEasing\":0},{\"duration\":30,\"tweenEasing\":0,\"rotate\":2},{\"duration\":28,\"tweenEasing\":0},{\"duration\":25,\"tweenEasing\":0,\"rotate\":2},{\"duration\":0}]},{\"name\":\"发梢12\",\"rotateFrame\":[{\"duration\":21,\"tweenEasing\":0},{\"duration\":29,\"tweenEasing\":0,\"rotate\":3},{\"duration\":29,\"tweenEasing\":0},{\"duration\":21,\"tweenEasing\":0,\"rotate\":3},{\"duration\":0}]},{\"name\":\"发梢13\",\"rotateFrame\":[{\"duration\":25,\"tweenEasing\":0},{\"duration\":28,\"tweenEasing\":0,\"rotate\":3},{\"duration\":31,\"tweenEasing\":0},{\"duration\":16,\"tweenEasing\":0,\"rotate\":3},{\"duration\":0}]},{\"name\":\"发梢14\",\"rotateFrame\":[{\"duration\":29,\"tweenEasing\":0},{\"duration\":29,\"tweenEasing\":0,\"rotate\":12},{\"duration\":30,\"tweenEasing\":0},{\"duration\":12,\"tweenEasing\":0,\"rotate\":12},{\"duration\":0}]},{\"name\":\"发梢32\",\"rotateFrame\":[{\"duration\":13,\"tweenEasing\":0},{\"duration\":31,\"tweenEasing\":0,\"rotate\":1},{\"duration\":31,\"tweenEasing\":0},{\"duration\":25,\"tweenEasing\":0,\"rotate\":1},{\"duration\":0}]},{\"name\":\"发梢33\",\"rotateFrame\":[{\"duration\":17,\"tweenEasing\":0},{\"duration\":31,\"tweenEasing\":0,\"rotate\":4},{\"duration\":31,\"tweenEasing\":0},{\"duration\":21,\"tweenEasing\":0,\"rotate\":4},{\"duration\":0}]},{\"name\":\"发梢34\",\"rotateFrame\":[{\"duration\":21,\"tweenEasing\":0},{\"duration\":32,\"tweenEasing\":0,\"rotate\":6},{\"duration\":31,\"tweenEasing\":0},{\"duration\":16,\"tweenEasing\":0,\"rotate\":6},{\"duration\":0}]},{\"name\":\"发梢35\",\"rotateFrame\":[{\"duration\":25,\"tweenEasing\":0},{\"duration\":32,\"tweenEasing\":0,\"rotate\":-14},{\"duration\":31,\"tweenEasing\":0},{\"duration\":12,\"tweenEasing\":0,\"rotate\":-14},{\"duration\":0}]},{\"name\":\"星光\",\"translateFrame\":[{\"duration\":100,\"x\":12.25,\"y\":15.65}],\"rotateFrame\":[{\"duration\":18,\"tweenEasing\":0},{\"duration\":82,\"rotate\":27}],\"scaleFrame\":[{\"duration\":5,\"tweenEasing\":0,\"x\":0.01,\"y\":0.01},{\"duration\":13,\"tweenEasing\":0,\"x\":0.7,\"y\":0.7},{\"duration\":82}]},{\"name\":\"耳环右1\",\"rotateFrame\":[{\"duration\":13,\"curve\":[0.5,0,0.5,1]},{\"duration\":25,\"curve\":[0.5,0,0.5,1],\"rotate\":-12},{\"duration\":24,\"curve\":[0.5,0,0.5,1],\"rotate\":13},{\"duration\":24,\"curve\":[0.5,0,0.5,1],\"rotate\":-12},{\"duration\":14,\"curve\":[0.5,0,0.5,1],\"rotate\":13},{\"duration\":0}]},{\"name\":\"耳环左1\",\"rotateFrame\":[{\"duration\":17,\"curve\":[0.5,0,0.5,1]},{\"duration\":25,\"curve\":[0.5,0,0.5,1],\"rotate\":12},{\"duration\":24,\"curve\":[0.5,0,0.5,1],\"rotate\":-8},{\"duration\":21,\"curve\":[0.5,0,0.5,1],\"rotate\":12},{\"duration\":13,\"curve\":[0.5,0,0.5,1],\"rotate\":-8},{\"duration\":0}]},{\"name\":\"星光1\",\"translateFrame\":[{\"duration\":100,\"x\":12.25,\"y\":15.65}],\"rotateFrame\":[{\"duration\":18,\"tweenEasing\":0},{\"duration\":82,\"rotate\":27}],\"scaleFrame\":[{\"duration\":6,\"tweenEasing\":0,\"x\":0.01,\"y\":0.01},{\"duration\":12,\"tweenEasing\":0,\"x\":0.7,\"y\":0.7},{\"duration\":82}]},{\"name\":\"星光2\",\"translateFrame\":[{\"duration\":23},{\"duration\":77,\"x\":-68.42,\"y\":-66.66}],\"rotateFrame\":[{\"duration\":23},{\"duration\":20,\"tweenEasing\":0},{\"duration\":57,\"rotate\":-19}],\"scaleFrame\":[{\"duration\":23},{\"duration\":7,\"tweenEasing\":0,\"x\":0.01,\"y\":0.01},{\"duration\":13,\"tweenEasing\":0,\"x\":0.7,\"y\":0.7},{\"duration\":57}]},{\"name\":\"星光3\",\"translateFrame\":[{\"duration\":36},{\"duration\":64,\"x\":211.01,\"y\":95.65}],\"rotateFrame\":[{\"duration\":36},{\"duration\":19,\"tweenEasing\":0},{\"duration\":45,\"rotate\":27}],\"scaleFrame\":[{\"duration\":36},{\"duration\":7,\"tweenEasing\":0,\"x\":0.01,\"y\":0.01},{\"duration\":12,\"tweenEasing\":0,\"x\":0.7,\"y\":0.7},{\"duration\":45}]},{\"name\":\"星光4\",\"translateFrame\":[{\"duration\":68},{\"duration\":32,\"x\":66.09,\"y\":58.1}],\"rotateFrame\":[{\"duration\":68},{\"duration\":17,\"tweenEasing\":0},{\"duration\":15,\"rotate\":27}],\"scaleFrame\":[{\"duration\":68},{\"duration\":5,\"tweenEasing\":0,\"x\":0.01,\"y\":0.01},{\"duration\":12,\"tweenEasing\":0,\"x\":0.7,\"y\":0.7},{\"duration\":15}]},{\"name\":\"星光5\",\"translateFrame\":[{\"duration\":48},{\"duration\":52,\"x\":104.54,\"y\":-123.59}],\"rotateFrame\":[{\"duration\":48},{\"duration\":19,\"tweenEasing\":0},{\"duration\":33,\"rotate\":27}],\"scaleFrame\":[{\"duration\":48},{\"duration\":5,\"tweenEasing\":0,\"x\":0.01,\"y\":0.01},{\"duration\":14,\"tweenEasing\":0,\"x\":0.7,\"y\":0.7},{\"duration\":33}]},{\"name\":\"星光6\",\"rotateFrame\":[{\"duration\":33},{\"duration\":17,\"tweenEasing\":0},{\"duration\":50,\"rotate\":27}],\"scaleFrame\":[{\"duration\":33},{\"duration\":5,\"tweenEasing\":0,\"x\":0.01,\"y\":0.01},{\"duration\":12,\"tweenEasing\":0,\"x\":0.7,\"y\":0.7},{\"duration\":50}]},{\"name\":\"星光7\",\"rotateFrame\":[{\"duration\":76},{\"duration\":21,\"tweenEasing\":0},{\"duration\":3,\"rotate\":27}],\"scaleFrame\":[{\"duration\":76},{\"duration\":8,\"tweenEasing\":0,\"x\":0.01,\"y\":0.01},{\"duration\":13,\"tweenEasing\":0,\"x\":0.7,\"y\":0.7},{\"duration\":3}]},{\"name\":\"star\",\"translateFrame\":[{\"duration\":12,\"curve\":[0,0,0.3358662613981763,1],\"y\":1.46},{\"duration\":18,\"curve\":[0,0,0.5,1],\"y\":3.18},{\"duration\":30,\"tweenEasing\":0},{\"duration\":22,\"curve\":[0,0,0.5,1],\"y\":5.01},{\"duration\":18,\"curve\":[0,0,0.5,1],\"y\":-0.45},{\"duration\":0,\"y\":1.46}]}],\"slot\":[{\"name\":\"星光\",\"colorFrame\":[{\"duration\":3,\"tweenEasing\":0,\"value\":{\"aM\":0}},{\"duration\":5,\"tweenEasing\":0},{\"duration\":10,\"tweenEasing\":0},{\"duration\":82,\"value\":{\"aM\":0}}]},{\"name\":\"星光1\",\"colorFrame\":[{\"duration\":3,\"tweenEasing\":0,\"value\":{\"aM\":0}},{\"duration\":5,\"tweenEasing\":0},{\"duration\":10,\"tweenEasing\":0},{\"duration\":82,\"value\":{\"aM\":0}}]},{\"name\":\"星光2\",\"colorFrame\":[{\"duration\":23,\"tweenEasing\":0,\"value\":{\"aM\":0}},{\"duration\":4,\"tweenEasing\":0,\"value\":{\"aM\":0}},{\"duration\":6,\"tweenEasing\":0},{\"duration\":10,\"tweenEasing\":0},{\"duration\":57,\"value\":{\"aM\":0}}]},{\"name\":\"星光3\",\"colorFrame\":[{\"duration\":36,\"tweenEasing\":0,\"value\":{\"aM\":0}},{\"duration\":3,\"tweenEasing\":0,\"value\":{\"aM\":0}},{\"duration\":6,\"tweenEasing\":0},{\"duration\":10,\"tweenEasing\":0},{\"duration\":45,\"value\":{\"aM\":0}}]},{\"name\":\"星光4\",\"colorFrame\":[{\"duration\":68,\"tweenEasing\":0,\"value\":{\"aM\":0}},{\"duration\":3,\"tweenEasing\":0,\"value\":{\"aM\":0}},{\"duration\":4,\"tweenEasing\":0},{\"duration\":10,\"tweenEasing\":0},{\"duration\":15,\"value\":{\"aM\":0}}]},{\"name\":\"星光5\",\"colorFrame\":[{\"duration\":48,\"tweenEasing\":0,\"value\":{\"aM\":0}},{\"duration\":3,\"tweenEasing\":0,\"value\":{\"aM\":0}},{\"duration\":6,\"tweenEasing\":0},{\"duration\":10,\"tweenEasing\":0},{\"duration\":33,\"value\":{\"aM\":0}}]},{\"name\":\"星光6\",\"colorFrame\":[{\"duration\":33,\"tweenEasing\":0,\"value\":{\"aM\":0}},{\"duration\":3,\"tweenEasing\":0,\"value\":{\"aM\":0}},{\"duration\":4,\"tweenEasing\":0},{\"duration\":10,\"tweenEasing\":0},{\"duration\":50,\"value\":{\"aM\":0}}]},{\"name\":\"星光7\",\"colorFrame\":[{\"duration\":76,\"tweenEasing\":0,\"value\":{\"aM\":0}},{\"duration\":4,\"tweenEasing\":0,\"value\":{\"aM\":0}},{\"duration\":7,\"tweenEasing\":0},{\"duration\":10,\"tweenEasing\":0},{\"duration\":3,\"value\":{\"aM\":0}}]}],\"ffd\":[{\"name\":\"身体\",\"slot\":\"身体\",\"frame\":[{\"duration\":9,\"tweenEasing\":0},{\"duration\":10,\"tweenEasing\":0,\"offset\":30,\"vertices\":[-0.56,3.72,-0.56,3.72,-0.56,3.72,-0.56,3.72,-0.56,3.72,-0.56,3.72,-0.56,3.72,-0.56,3.72,-0.56,3.72,-0.56,3.72,0,0,0.84,0,0.84,0,0.84,0,0.84,0,0.84,0,0.84,0,0.84,0,0.84,0,0.84,0,0.84,0,0,0,0,0,0,0,0,0,0,0,0,0,0,0,0,0,0,0,0,0,0,0,0,0,0,0,0,0,0,0,0,0,0,0,0,0,0,0,0,0,0,0,0,0,0,0,0,0,0,0,0,0,0,0,0,0,0,0,0,0,0,0,0,0,0,0,0,0,0,0,0,0,0,0,0,0,0,0,0,0,0,0,0,0,0,0,0,0,-0.84,0,-0.84,0,-0.88,0,-0.88,0,-0.88,0,-0.88,0,-0.88,0,0,0,1.56,3.05,2.28,2.04,2.16,2.61,1.12,2.04,0.52,2.04,0,2.04,0,2.04,0,2.04,0,2.04,0,0,0,0,0,0,0,0,0,0,0,0,0,0,0,0,0,0,0,0,-0.56,3.72,-0.56,3.72,-0.56,3.72,-0.56,3.72,0.48,3.72,-0.56,3.72,-0.56,3.72,-0.56,3.72,-0.56,3.72,-0.56,3.72,-0.56,3.72,-0.56,3.72,0,2.04,0,2.04,0,2.04,0,2.04,0,3.05,0,3.05,0,3.05,0,3.05,-0.56,3.72,-0.56,3.72,-0.56,3.72,-0.56,3.72,0.76,2.04,0.76,2.04]},{\"duration\":12,\"tweenEasing\":0,\"offset\":30,\"vertices\":[-0.47,1.42,-0.47,1.42,-0.47,1.42,-0.47,1.42,-0.47,1.42,-0.47,1.42,-0.47,1.42,-0.47,2.94,-0.47,2.94,-0.47,2.94,0,0,0.88,0,0.88,0,0.88,0,0.88,0,0.88,0,0.88,0,0.88,0,0.88,0,0.88,0,0.88,0,0,0,0,0,0,0,0,0,0,0,0,0,0,0,0,0,0,0,0,0,0,0,0,0,0,0,0,0,0,0,0,0,0,0,0,0,0,0,0,0,0,0,0,0,0,0,0,0,0,0,0,0,0,0,0,0,0,0,0,0,0,0,0,0,0,0,0,0,0,0,0,0,0,0,0,0,0,0,0,0,0,0,0,0,0,0,0,0,-0.88,0,-0.88,0,-0.88,0,-0.88,0,-0.88,0,-0.88,0,-0.88,0,0,0,0,0,0.96,2.96,2.52,3.52,2.08,2.96,0.96,2.96,0,1.96,0,0,0,0,0,0,0,0,0,0,0,0,0,0,0,0,0,0,0,0,0,0,0,0,0,0,-0.47,4.46,-0.47,5.26,-0.47,5.1,-0.47,2.94,-0.47,3.7,-0.47,1.42,-0.47,1.42,-0.47,1.42,-0.47,1.42,-0.47,1.42,-0.47,1.42,-0.47,1.42,0,0,0,0,0,0,0,0,0,0,0,0,0,0,0,0,-1.07,1.18,-2.03,5.22,-1.67,3.3,-1.03,2.94,2.28,1.96,2.28,1.96,0,2.76]},{\"duration\":8,\"tweenEasing\":0,\"offset\":30,\"vertices\":[-0.26,-1.02,-0.26,-1.02,-0.26,-1.02,-0.26,-1.02,-0.26,-1.02,-0.26,-1.02,-0.26,-1.02,-0.26,-1.02,-0.26,-1.02,-0.26,-1.02,0,0,0,0,0,0,0,0,0,0,0,0,0,0,0,0,0,0,0,0,0,0,0,0,0,0,0,0,0,0,0,0,0,0,0,0,0,0,0,0,0,0,0,0,0,0,0,0,0,0,0,0,0,0,0,0,0,0,0,0,0,0,0,0,0,0,0,0,0,0,0,0,0,0,0,0,0,0,0,0,0,0,0,0,0,0,0,0,0,0,0,0,0,0,0,0,0,0,0,0,0,0,0,0,0,0,0,0,0,0,0,0,0,0,0,0,0,0,0,0,0,0,0,0,0,0,0,-2.32,0.64,-2.32,0.64,-2.32,0.64,-2.32,0.64,-2.32,0,-2.32,0,-2.32,0,-2.32,0,-2.32,0,0,0,0,0,0,0,0,0,0,0,0,0,0,0,0,0,0,0,0,-0.26,-1.02,-0.26,-1.02,-0.26,-1.02,-0.26,-1.02,-0.26,-1.02,-0.26,-1.02,-0.26,-1.02,-0.26,-1.02,-0.26,-1.02,-0.26,-1.02,-0.26,-1.02,-0.26,-1.02,0,-2.32,0,-2.32,0,-2.32,0,-2.32,0,-2.32,0,-2.32,0,-2.32,0,-2.32,-1,-1.39,-0.56,0.33,-0.56,0.33,-0.56,0.33,0,-2.32,0,-2.32,0,4.49]},{\"duration\":11,\"tweenEasing\":0,\"offset\":30,\"vertices\":[-0.18,-0.68,-0.18,-0.68,-0.18,-0.68,-0.18,-0.68,-0.18,-0.68,-0.18,-0.68,-0.18,-0.68,-0.18,-2.42,-0.18,-2.42,-0.18,-2.42,0,0,0,0,0,0,0,0,0,0,0,0,0,0,0,0,0,0,0,0,0,0,0,0,0,0,0,0,0,0,0,0,0,0,0,0,0,0,0,0,0,0,0,0,0,0,0,0,0,0,0,0,0,0,0,0,0,0,0,0,0,0,0,0,0,0,0,0,0,0,0,0,0,0,0,0,0,0,0,0,0,0,0,0,0,0,0,0,0,0,0,0,0,0,0,0,0,0,0,0,0,0,0,0,0,0,0,0,0,0,0,0,0,0,0,0,0,0,0,0,0,0,0,0,0,0,0.56,-1.21,0.72,-1.37,1.28,-1.33,1.24,-2.37,0.68,-2.37,0.56,-1.64,0,-1.04,0,0,0,0,0,0,0,0,0,0,0,0,0,0,0,0,0,0,0,0,0,0,0,0,-0.18,-2.42,-0.18,-1.33,-0.18,-1.25,-0.18,-1.29,-0.18,-1.25,-0.18,-0.68,-0.18,-0.68,-0.18,-0.68,-0.18,-0.68,-0.18,-0.68,-0.18,-0.68,-0.18,-0.68,0,0,0,0,0,0,0,0,0,-1.13,0,-1.13,0,-1.13,0,-0.52,-0.5,-1.78,-0.46,-1.9,-0.5,-2.34,0.26,-2.46,0,-2.64,0.56,-2.64]},{\"duration\":9,\"tweenEasing\":0,\"offset\":180,\"vertices\":[1.12,0.57]},{\"duration\":10,\"tweenEasing\":0,\"offset\":30,\"vertices\":[-0.56,3.72,-0.56,3.72,-0.56,3.72,-0.56,3.72,-0.56,3.72,-0.56,3.72,-0.56,3.72,-0.56,3.72,-0.56,3.72,-0.56,3.72,0,0,0.84,0,0.84,0,0.84,0,0.84,0,0.84,0,0.84,0,0.84,0,0.84,0,0.84,0,0.84,0,0,0,0,0,0,0,0,0,0,0,0,0,0,0,0,0,0,0,0,0,0,0,0,0,0,0,0,0,0,0,0,0,0,0,0,0,0,0,0,0,0,0,0,0,0,0,0,0,0,0,0,0,0,0,0,0,0,0,0,0,0,0,0,0,0,0,0,0,0,0,0,0,0,0,0,0,0,0,0,0,0,0,0,0,0,0,0,0,-0.84,0,-0.84,0,-0.88,0,-0.88,0,-0.88,0,-0.88,0,-0.88,0,0,0,1.56,3.05,2.28,2.04,2.16,2.61,1.12,2.04,0.52,2.04,0,2.04,0,2.04,0,2.04,0,2.04,0,0,0,0,0,0,0,0,0,0,0,0,0,0,0,0,0,0,0,0,-0.56,3.72,-0.56,3.72,-0.56,3.72,-0.56,3.72,0.48,3.72,-0.56,3.72,-0.56,3.72,-0.56,3.72,-0.56,3.72,-0.56,3.72,-0.56,3.72,-0.56,3.72,0,2.04,0,2.04,0,2.04,0,2.04,0,3.05,0,3.05,0,3.05,0,3.05,-0.56,3.72,-0.56,3.72,-0.56,3.72,-0.56,3.72,0.76,2.04,0.76,2.04]},{\"duration\":12,\"tweenEasing\":0,\"offset\":30,\"vertices\":[-0.47,1.42,-0.47,1.42,-0.47,1.42,-0.47,1.42,-0.47,1.42,-0.47,1.42,-0.47,1.42,-0.47,2.94,-0.47,2.94,-0.47,2.94,0,0,0.88,0,0.88,0,0.88,0,0.88,0,0.88,0,0.88,0,0.88,0,0.88,0,0.88,0,0.88,0,0,0,0,0,0,0,0,0,0,0,0,0,0,0,0,0,0,0,0,0,0,0,0,0,0,0,0,0,0,0,0,0,0,0,0,0,0,0,0,0,0,0,0,0,0,0,0,0,0,0,0,0,0,0,0,0,0,0,0,0,0,0,0,0,0,0,0,0,0,0,0,0,0,0,0,0,0,0,0,0,0,0,0,0,0,0,0,0,-0.88,0,-0.88,0,-0.88,0,-0.88,0,-0.88,0,-0.88,0,-0.88,0,0,0,0,0,0.96,2.96,2.52,3.52,2.08,2.96,0.96,2.96,0,1.96,0,0,0,0,0,0,0,0,0,0,0,0,0,0,0,0,0,0,0,0,0,0,0,0,0,0,-0.47,4.46,-0.47,5.26,-0.47,5.1,-0.47,2.94,-0.47,3.7,-0.47,1.42,-0.47,1.42,-0.47,1.42,-0.47,1.42,-0.47,1.42,-0.47,1.42,-0.47,1.42,0,0,0,0,0,0,0,0,0,0,0,0,0,0,0,0,-1.07,1.18,-2.03,5.22,-1.67,3.3,-1.03,2.94,2.28,1.96,2.28,1.96,0,2.76]},{\"duration\":8,\"tweenEasing\":0,\"offset\":30,\"vertices\":[-0.26,-1.02,-0.26,-1.02,-0.26,-1.02,-0.26,-1.02,-0.26,-1.02,-0.26,-1.02,-0.26,-1.02,-0.26,-1.02,-0.26,-1.02,-0.26,-1.02,0,0,0,0,0,0,0,0,0,0,0,0,0,0,0,0,0,0,0,0,0,0,0,0,0,0,0,0,0,0,0,0,0,0,0,0,0,0,0,0,0,0,0,0,0,0,0,0,0,0,0,0,0,0,0,0,0,0,0,0,0,0,0,0,0,0,0,0,0,0,0,0,0,0,0,0,0,0,0,0,0,0,0,0,0,0,0,0,0,0,0,0,0,0,0,0,0,0,0,0,0,0,0,0,0,0,0,0,0,0,0,0,0,0,0,0,0,0,0,0,0,0,0,0,0,0,0,-2.32,0.64,-2.32,0.64,-2.32,0.64,-2.32,0.64,-2.32,0,-2.32,0,-2.32,0,-2.32,0,-2.32,0,0,0,0,0,0,0,0,0,0,0,0,0,0,0,0,0,0,0,0,-0.26,-1.02,-0.26,-1.02,-0.26,-1.02,-0.26,-1.02,-0.26,-1.02,-0.26,-1.02,-0.26,-1.02,-0.26,-1.02,-0.26,-1.02,-0.26,-1.02,-0.26,-1.02,-0.26,-1.02,0,-2.32,0,-2.32,0,-2.32,0,-2.32,0,-2.32,0,-2.32,0,-2.32,0,-2.32,-1,-1.39,-0.56,0.33,-0.56,0.33,-0.56,0.33,0,-2.32,0,-2.32,0,4.49]},{\"duration\":11,\"tweenEasing\":0,\"offset\":30,\"vertices\":[-0.18,-0.68,-0.18,-0.68,-0.18,-0.68,-0.18,-0.68,-0.18,-0.68,-0.18,-0.68,-0.18,-0.68,-0.18,-2.42,-0.18,-2.42,-0.18,-2.42,0,0,0,0,0,0,0,0,0,0,0,0,0,0,0,0,0,0,0,0,0,0,0,0,0,0,0,0,0,0,0,0,0,0,0,0,0,0,0,0,0,0,0,0,0,0,0,0,0,0,0,0,0,0,0,0,0,0,0,0,0,0,0,0,0,0,0,0,0,0,0,0,0,0,0,0,0,0,0,0,0,0,0,0,0,0,0,0,0,0,0,0,0,0,0,0,0,0,0,0,0,0,0,0,0,0,0,0,0,0,0,0,0,0,0,0,0,0,0,0,0,0,0,0,0,0,0.56,-1.21,0.72,-1.37,1.28,-1.33,1.24,-2.37,0.68,-2.37,0.56,-1.64,0,-1.04,0,0,0,0,0,0,0,0,0,0,0,0,0,0,0,0,0,0,0,0,0,0,0,0,-0.18,-2.42,-0.18,-1.33,-0.18,-1.25,-0.18,-1.29,-0.18,-1.25,-0.18,-0.68,-0.18,-0.68,-0.18,-0.68,-0.18,-0.68,-0.18,-0.68,-0.18,-0.68,-0.18,-0.68,0,0,0,0,0,0,0,0,0,-1.13,0,-1.13,0,-1.13,0,-0.52,-0.5,-1.78,-0.46,-1.9,-0.5,-2.34,0.26,-2.46,0,-2.64,0.56,-2.64]},{\"duration\":0,\"offset\":180,\"vertices\":[1.12,0.57]}]},{\"name\":\"头发\",\"slot\":\"头发\",\"frame\":[{\"duration\":21,\"tweenEasing\":0},{\"duration\":29,\"tweenEasing\":0,\"offset\":1,\"vertices\":[-4.79,5.08,-0.24,-10.56,-2.07]},{\"duration\":21,\"tweenEasing\":0},{\"duration\":29,\"tweenEasing\":0,\"offset\":1,\"vertices\":[-4.79,5.08,-0.24,-10.56,-2.07]},{\"duration\":0}]}]}],\"defaultActions\":[{\"gotoAndPlay\":\"newAnimation\"}],\"canvas\":{\"width\":1024,\"height\":576}}]}"}