[{"__type__":"cc.Prefab","_name":"AngryBirds-itemR","data":{"__id__":1}},{"__type__":"cc.Node","_name":"AngryBirds-itemR","_children":[{"__id__":2}],"_components":[{"__type__":"778daCpzslOUbNzvpIkVWDh","node":{"__id__":1},"icon":{"__id__":3}}],"_prefab":{"__type__":"cc.PrefabInfo","root":{"__id__":1},"asset":{"__id__":0},"fileId":"42eSe/WMZA36voOisR45GP"},"_contentSize":{"__type__":"cc.Size","width":90.9,"height":80},"_trs":{"__type__":"TypedArray","ctor":"Float64Array","array":[0,40,0,0,0,0,1,1,1,1]}},{"__type__":"cc.Node","_name":"icon","_parent":{"__id__":1},"_components":[{"__id__":3}],"_prefab":{"__type__":"cc.PrefabInfo","root":{"__id__":1},"asset":{"__id__":0},"fileId":"19zOwglIpHQIIjR3k3O6sa"},"_contentSize":{"__type__":"cc.Size","width":101,"height":60},"_trs":{"__type__":"TypedArray","ctor":"Float64Array","array":[0,0,0,0,0,0,1,0.9,0.9,1]}},{"__type__":"cc.Sprite","node":{"__id__":2},"_materials":[{"__uuid__":"ecpdLyjvZBwrvm+cedCcQy"}]}]