{"__type__":"sp.SkeletonData","_name":"icon_minipoker","_skeletonJson":{"skeleton":{"hash":"Hss14zUHthOB2OA45HbLydIqzWU","spine":"3.6.52","width":215.63,"height":205,"images":""},"bones":[{"name":"root"},{"name":"bone5","parent":"root","length":46.71,"rotation":90,"y":-25.2},{"name":"bone","parent":"bone5","length":40.36,"rotation":-5.14,"x":24.71,"y":-83.36},{"name":"bone2","parent":"bone5","length":19.92,"x":31.79,"y":46.41},{"name":"bone3","parent":"bone5","length":19.92,"x":31.79,"y":-0.97},{"name":"bone4","parent":"bone5","length":19.92,"x":31.79,"y":-48.34},{"name":"bone6","parent":"root","length":27.48,"rotation":84.03,"x":4.9,"scaleY":-1},{"name":"bone7","parent":"root","length":27.48,"rotation":90,"x":4.9},{"name":"bone8","parent":"root","length":22.42,"rotation":90,"x":1.78,"y":58.98},{"name":"bone9","parent":"root","length":20.24,"rotation":90,"x":0.69,"y":-63.13},{"name":"bone10","parent":"root","length":46.71,"rotation":90,"y":-25.2},{"name":"bone11","parent":"bone10","length":40.36,"rotation":-5.14,"x":24.71,"y":-83.36},{"name":"bone12","parent":"bone10","length":19.92,"x":31.79,"y":46.41},{"name":"bone13","parent":"bone10","length":19.92,"x":31.79,"y":-0.97},{"name":"bone14","parent":"bone10","length":19.92,"x":31.79,"y":-48.34}],"slots":[{"name":"bg_minipoker","bone":"root","attachment":"bg_minipoker"},{"name":"cangat","bone":"bone","attachment":"cangat"},{"name":"cangat2","bone":"bone11","attachment":"cangat"},{"name":"mayslot","bone":"bone5","attachment":"mayslot2"},{"name":"mayslot2","bone":"bone10","color":"ffffff00","attachment":"mayslot2","blend":"additive"},{"name":"co","bone":"bone2","attachment":"ro"},{"name":"co4","bone":"bone12","attachment":"ro"},{"name":"co2","bone":"bone3","attachment":"tep"},{"name":"co5","bone":"bone13","attachment":"tep"},{"name":"co3","bone":"bone4","attachment":"co"},{"name":"co6","bone":"bone14","attachment":"co"},{"name":"txt_mini","bone":"bone8","attachment":"txt_mini"},{"name":"txt_ppookkeerr","bone":"bone9","attachment":"txt_ppookkeerr"},{"name":"coin2","bone":"bone6","color":"ffffff00","attachment":"coin2"},{"name":"coin3","bone":"bone7","color":"ffffff00","attachment":"coin2"}],"skins":{"default":{"bg_minipoker":{"bg_minipoker":{"width":215,"height":205}},"cangat":{"cangat":{"x":34.59,"y":-3.18,"rotation":-84.86,"width":37,"height":70}},"cangat2":{"cangat":{"x":34.59,"y":-3.18,"rotation":-84.86,"width":37,"height":70}},"co":{"co":{"x":1.83,"y":-0.4,"rotation":-90,"width":45,"height":42},"mo1":{"x":1.83,"y":-0.4,"rotation":-90,"width":45,"height":57},"mo2":{"x":1.83,"y":-0.4,"rotation":-90,"width":41,"height":57},"mo3":{"x":1.83,"y":-0.4,"rotation":-90,"width":40,"height":62},"ro":{"x":1.83,"y":-0.4,"rotation":-90,"width":44,"height":46},"tep":{"x":1.83,"y":-0.4,"rotation":-90,"width":45,"height":41}},"co2":{"co":{"x":1.83,"y":-0.4,"rotation":-90,"width":45,"height":42},"mo1":{"x":1.83,"y":-0.4,"rotation":-90,"width":45,"height":57},"mo2":{"x":1.83,"y":-0.4,"rotation":-90,"width":41,"height":57},"mo3":{"x":1.83,"y":-0.4,"rotation":-90,"width":40,"height":62},"ro":{"x":1.83,"y":-0.4,"rotation":-90,"width":44,"height":46},"tep":{"x":1.83,"y":-0.4,"rotation":-90,"width":45,"height":41}},"co3":{"co":{"x":1.83,"y":-0.4,"rotation":-90,"width":45,"height":42},"mo1":{"x":1.83,"y":-0.4,"rotation":-90,"width":45,"height":57},"mo2":{"x":1.83,"y":-0.4,"rotation":-90,"width":41,"height":57},"mo3":{"x":1.83,"y":-0.4,"rotation":-90,"width":40,"height":62},"ro":{"x":1.83,"y":-0.4,"rotation":-90,"width":44,"height":46},"tep":{"x":1.83,"y":-0.4,"rotation":-90,"width":45,"height":41}},"co4":{"co":{"x":1.83,"y":-0.4,"rotation":-90,"width":45,"height":42},"mo1":{"x":1.83,"y":-0.4,"rotation":-90,"width":45,"height":57},"mo2":{"x":1.83,"y":-0.4,"rotation":-90,"width":41,"height":57},"mo3":{"x":1.83,"y":-0.4,"rotation":-90,"width":40,"height":62},"ro":{"x":1.83,"y":-0.4,"rotation":-90,"width":44,"height":46},"tep":{"x":1.83,"y":-0.4,"rotation":-90,"width":45,"height":41}},"co5":{"co":{"x":1.83,"y":-0.4,"rotation":-90,"width":45,"height":42},"mo1":{"x":1.83,"y":-0.4,"rotation":-90,"width":45,"height":57},"mo2":{"x":1.83,"y":-0.4,"rotation":-90,"width":41,"height":57},"mo3":{"x":1.83,"y":-0.4,"rotation":-90,"width":40,"height":62},"ro":{"x":1.83,"y":-0.4,"rotation":-90,"width":44,"height":46},"tep":{"x":1.83,"y":-0.4,"rotation":-90,"width":45,"height":41}},"co6":{"co":{"x":1.83,"y":-0.4,"rotation":-90,"width":45,"height":42},"mo1":{"x":1.83,"y":-0.4,"rotation":-90,"width":45,"height":57},"mo2":{"x":1.83,"y":-0.4,"rotation":-90,"width":41,"height":57},"mo3":{"x":1.83,"y":-0.4,"rotation":-90,"width":40,"height":62},"ro":{"x":1.83,"y":-0.4,"rotation":-90,"width":44,"height":46},"tep":{"x":1.83,"y":-0.4,"rotation":-90,"width":45,"height":41}},"coin2":{"coin2":{"x":9.78,"y":3.58,"rotation":-90,"width":167,"height":96}},"coin3":{"coin2":{"x":9.78,"y":3.58,"rotation":-90,"width":167,"height":96}},"mayslot":{"mayslot2":{"x":32.16,"y":0.17,"rotation":-90,"width":193,"height":179}},"mayslot2":{"mayslot2":{"x":25.7,"y":0.17,"rotation":-90,"width":193,"height":179}},"txt_mini":{"txt_mini":{"x":2.65,"y":1.78,"rotation":-90,"width":93,"height":54}},"txt_ppookkeerr":{"txt_ppookkeerr":{"x":-4.53,"y":-0.86,"rotation":-90,"width":177,"height":61}}}},"animations":{"animation":{"slots":{"co":{"attachment":[{"time":0,"name":"ro"},{"time":0.2,"name":"mo3"},{"time":0.2667,"name":"mo2"},{"time":0.3333,"name":"mo1"},{"time":0.4,"name":"mo2"},{"time":0.4667,"name":"mo3"},{"time":0.5333,"name":"mo2"},{"time":0.6,"name":"mo1"},{"time":0.6667,"name":"mo2"},{"time":0.7333,"name":"mo3"},{"time":0.8,"name":"mo2"},{"time":0.8667,"name":"mo1"},{"time":0.9333,"name":"mo2"},{"time":1,"name":"mo3"},{"time":1.0667,"name":"mo2"},{"time":1.1333,"name":"mo1"},{"time":1.2,"name":"mo2"},{"time":1.2667,"name":"mo3"},{"time":1.3333,"name":"mo2"},{"time":1.4,"name":"mo1"},{"time":1.4667,"name":"mo2"},{"time":1.5333,"name":"mo3"},{"time":1.6,"name":"mo2"},{"time":1.6667,"name":"mo1"},{"time":1.7333,"name":"mo2"},{"time":1.8,"name":"ro"},{"time":2.8333,"name":"ro"}]},"co2":{"attachment":[{"time":0,"name":"tep"},{"time":0.2,"name":"mo1"},{"time":0.2667,"name":"mo2"},{"time":0.3333,"name":"mo1"},{"time":0.4,"name":"mo3"},{"time":0.4667,"name":"mo2"},{"time":0.5333,"name":"mo1"},{"time":0.6,"name":"mo3"},{"time":0.6667,"name":"mo2"},{"time":0.7333,"name":"mo1"},{"time":0.8,"name":"mo3"},{"time":0.8667,"name":"mo2"},{"time":0.9333,"name":"mo1"},{"time":1,"name":"mo3"},{"time":1.0667,"name":"mo2"},{"time":1.1333,"name":"mo1"},{"time":1.2,"name":"mo3"},{"time":1.2667,"name":"mo2"},{"time":1.3333,"name":"mo1"},{"time":1.4,"name":"mo2"},{"time":1.4667,"name":"mo1"},{"time":1.5333,"name":"mo1"},{"time":1.6,"name":"mo2"},{"time":1.6667,"name":"mo3"},{"time":1.7333,"name":"mo1"},{"time":1.8,"name":"tep"},{"time":2.8333,"name":"tep"}]},"co3":{"attachment":[{"time":0,"name":"co"},{"time":0.2,"name":"mo2"},{"time":0.2667,"name":"mo3"},{"time":0.3333,"name":"mo2"},{"time":0.4,"name":"mo1"},{"time":0.4667,"name":"mo3"},{"time":0.5333,"name":"mo2"},{"time":0.6,"name":"mo1"},{"time":0.6667,"name":"mo2"},{"time":0.7333,"name":"mo3"},{"time":0.8,"name":"mo2"},{"time":0.8667,"name":"mo3"},{"time":0.9333,"name":"mo2"},{"time":1,"name":"mo1"},{"time":1.0667,"name":"mo3"},{"time":1.1333,"name":"mo2"},{"time":1.2,"name":"mo1"},{"time":1.2667,"name":"mo2"},{"time":1.3333,"name":"mo3"},{"time":1.4,"name":"mo1"},{"time":1.4667,"name":"mo3"},{"time":1.5333,"name":"mo2"},{"time":1.6,"name":"mo1"},{"time":1.6667,"name":"mo2"},{"time":1.7333,"name":"mo3"},{"time":1.8,"name":"co"},{"time":2.8333,"name":"co"}]},"co4":{"attachment":[{"time":0,"name":"ro"},{"time":0.2,"name":"mo3"},{"time":0.2667,"name":"mo2"},{"time":0.3333,"name":"mo1"},{"time":0.4,"name":"mo2"},{"time":0.4667,"name":"mo3"},{"time":0.5333,"name":"mo2"},{"time":0.6,"name":"mo1"},{"time":0.6667,"name":"mo2"},{"time":0.7333,"name":"mo3"},{"time":0.8,"name":"mo2"},{"time":0.8667,"name":"mo1"},{"time":0.9333,"name":"mo2"},{"time":1,"name":"mo3"},{"time":1.0667,"name":"mo2"},{"time":1.1333,"name":"mo1"},{"time":1.2,"name":"mo2"},{"time":1.2667,"name":"mo3"},{"time":1.3333,"name":"mo2"},{"time":1.4,"name":"mo1"},{"time":1.4667,"name":"mo2"},{"time":1.5333,"name":"mo3"},{"time":1.6,"name":"mo2"},{"time":1.6667,"name":"mo1"},{"time":1.7333,"name":"mo2"},{"time":1.8,"name":"ro"},{"time":2.8333,"name":"ro"}]},"co5":{"attachment":[{"time":0,"name":"tep"},{"time":0.2,"name":"mo1"},{"time":0.2667,"name":"mo2"},{"time":0.3333,"name":"mo1"},{"time":0.4,"name":"mo3"},{"time":0.4667,"name":"mo2"},{"time":0.5333,"name":"mo1"},{"time":0.6,"name":"mo3"},{"time":0.6667,"name":"mo2"},{"time":0.7333,"name":"mo1"},{"time":0.8,"name":"mo3"},{"time":0.8667,"name":"mo2"},{"time":0.9333,"name":"mo1"},{"time":1,"name":"mo3"},{"time":1.0667,"name":"mo2"},{"time":1.1333,"name":"mo1"},{"time":1.2,"name":"mo3"},{"time":1.2667,"name":"mo2"},{"time":1.3333,"name":"mo1"},{"time":1.4,"name":"mo2"},{"time":1.4667,"name":"mo1"},{"time":1.5333,"name":"mo1"},{"time":1.6,"name":"mo2"},{"time":1.6667,"name":"mo3"},{"time":1.7333,"name":"mo1"},{"time":1.8,"name":"tep"},{"time":2.8333,"name":"tep"}]},"co6":{"attachment":[{"time":0,"name":"co"},{"time":0.2,"name":"mo2"},{"time":0.2667,"name":"mo3"},{"time":0.3333,"name":"mo2"},{"time":0.4,"name":"mo1"},{"time":0.4667,"name":"mo3"},{"time":0.5333,"name":"mo2"},{"time":0.6,"name":"mo1"},{"time":0.6667,"name":"mo2"},{"time":0.7333,"name":"mo3"},{"time":0.8,"name":"mo2"},{"time":0.8667,"name":"mo3"},{"time":0.9333,"name":"mo2"},{"time":1,"name":"mo1"},{"time":1.0667,"name":"mo3"},{"time":1.1333,"name":"mo2"},{"time":1.2,"name":"mo1"},{"time":1.2667,"name":"mo2"},{"time":1.3333,"name":"mo3"},{"time":1.4,"name":"mo1"},{"time":1.4667,"name":"mo3"},{"time":1.5333,"name":"mo2"},{"time":1.6,"name":"mo1"},{"time":1.6667,"name":"mo2"},{"time":1.7333,"name":"mo3"},{"time":1.8,"name":"co"},{"time":2.8333,"name":"co"}]},"coin2":{"color":[{"time":2.4667,"color":"ffffff00"},{"time":2.5333,"color":"ffffffff","curve":"stepped"},{"time":2.8333,"color":"ffffffff"},{"time":3,"color":"ffffff00"}]},"coin3":{"color":[{"time":1.9333,"color":"ffffff00"},{"time":2,"color":"ffffffff","curve":"stepped"},{"time":2.3,"color":"ffffffff"},{"time":2.4667,"color":"ffffff00"}]},"mayslot2":{"color":[{"time":1.9333,"color":"ffffff00"},{"time":2,"color":"ffffff82"},{"time":2.0667,"color":"ffffff00"},{"time":2.1333,"color":"ffffff49"},{"time":2.2,"color":"ffffff00"}]}},"bones":{"bone":{"rotate":[{"time":0,"angle":0},{"time":0.1,"angle":-17.3,"curve":"stepped"},{"time":0.2,"angle":-17.3},{"time":0.6667,"angle":0}],"translate":[{"time":0,"x":0,"y":0},{"time":0.1,"x":-14.27,"y":0.59,"curve":"stepped"},{"time":0.2,"x":-14.27,"y":0.59},{"time":0.6667,"x":0,"y":0}],"scale":[{"time":0,"x":1,"y":1,"curve":"stepped"},{"time":0.6667,"x":1,"y":1}]},"bone5":{"rotate":[{"time":0,"angle":0,"curve":"stepped"},{"time":2.6333,"angle":0,"curve":"stepped"},{"time":3.6,"angle":0,"curve":"stepped"},{"time":3.8667,"angle":0,"curve":"stepped"},{"time":4.1,"angle":0}],"translate":[{"time":0,"x":0,"y":0,"curve":"stepped"},{"time":2.6333,"x":0,"y":0,"curve":"stepped"},{"time":3.6,"x":0,"y":0,"curve":"stepped"},{"time":3.8667,"x":0,"y":0,"curve":"stepped"},{"time":4.1,"x":0,"y":0}],"scale":[{"time":0,"x":1,"y":1,"curve":"stepped"},{"time":2.2,"x":1,"y":1},{"time":2.6333,"x":0.97,"y":0.97,"curve":"stepped"},{"time":3.6,"x":0.97,"y":0.97},{"time":3.8667,"x":1,"y":1,"curve":"stepped"},{"time":4.1,"x":1,"y":1}]},"bone6":{"rotate":[{"time":2.4667,"angle":0}],"translate":[{"time":2.4667,"x":0,"y":0}],"scale":[{"time":2.4667,"x":0.5,"y":0.5},{"time":3,"x":1.4,"y":1.4}]},"bone7":{"rotate":[{"time":1.9333,"angle":0}],"translate":[{"time":1.9333,"x":0,"y":0}],"scale":[{"time":1.9333,"x":0.5,"y":0.5},{"time":2.4667,"x":1.4,"y":1.4}]},"bone8":{"rotate":[{"time":1.9333,"angle":0,"curve":"stepped"},{"time":2.0667,"angle":0,"curve":"stepped"},{"time":2.2,"angle":0,"curve":"stepped"},{"time":2.3333,"angle":0}],"translate":[{"time":1.9333,"x":0,"y":0},{"time":2,"x":0,"y":3.11},{"time":2.0667,"x":0,"y":0},{"time":2.1333,"x":0,"y":3.11},{"time":2.2,"x":0,"y":0},{"time":2.2667,"x":0,"y":3.11},{"time":2.3333,"x":0,"y":0}],"scale":[{"time":1.9333,"x":1,"y":1,"curve":"stepped"},{"time":2.0667,"x":1,"y":1,"curve":"stepped"},{"time":2.2,"x":1,"y":1,"curve":"stepped"},{"time":2.3333,"x":1,"y":1}]},"bone9":{"rotate":[{"time":1.9333,"angle":0,"curve":"stepped"},{"time":2.0667,"angle":0,"curve":"stepped"},{"time":2.2,"angle":0,"curve":"stepped"},{"time":2.3333,"angle":0}],"translate":[{"time":1.9333,"x":0,"y":0},{"time":2,"x":0,"y":3.41},{"time":2.0667,"x":0,"y":0},{"time":2.1333,"x":0,"y":3.41},{"time":2.2,"x":0,"y":0},{"time":2.2667,"x":0,"y":3.41},{"time":2.3333,"x":0,"y":0}],"scale":[{"time":1.9333,"x":1,"y":1,"curve":"stepped"},{"time":2.0667,"x":1,"y":1,"curve":"stepped"},{"time":2.2,"x":1,"y":1,"curve":"stepped"},{"time":2.3333,"x":1,"y":1}]},"bone11":{"rotate":[{"time":0,"angle":0},{"time":0.1,"angle":-17.3,"curve":"stepped"},{"time":0.2,"angle":-17.3},{"time":0.6667,"angle":0}],"translate":[{"time":0,"x":0,"y":0},{"time":0.1,"x":-14.27,"y":0.59,"curve":"stepped"},{"time":0.2,"x":-14.27,"y":0.59},{"time":0.6667,"x":0,"y":0}],"scale":[{"time":0,"x":1,"y":1,"curve":"stepped"},{"time":0.6667,"x":1,"y":1}]},"bone10":{"rotate":[{"time":0,"angle":0,"curve":"stepped"},{"time":2.6333,"angle":0,"curve":"stepped"},{"time":3.6,"angle":0,"curve":"stepped"},{"time":3.8667,"angle":0,"curve":"stepped"},{"time":4.1,"angle":0}],"translate":[{"time":0,"x":0,"y":0,"curve":"stepped"},{"time":2.6333,"x":0,"y":0,"curve":"stepped"},{"time":3.6,"x":0,"y":0,"curve":"stepped"},{"time":3.8667,"x":0,"y":0,"curve":"stepped"},{"time":4.1,"x":0,"y":0}],"scale":[{"time":0,"x":1,"y":1,"curve":"stepped"},{"time":2.2,"x":1,"y":1},{"time":2.6333,"x":0.97,"y":0.97,"curve":"stepped"},{"time":3.6,"x":0.97,"y":0.97},{"time":3.8667,"x":1,"y":1,"curve":"stepped"},{"time":4.1,"x":1,"y":1}]}}}}},"_atlasText":"\nicon_minipoker.png\nsize: 1024,256\nformat: RGBA8888\nfilter: Linear,Linear\nrepeat: none\nbg_minipoker\n  rotate: false\n  xy: 2, 49\n  size: 215, 205\n  orig: 215, 205\n  offset: 0, 0\n  index: -1\ncangat\n  rotate: true\n  xy: 762, 217\n  size: 37, 70\n  orig: 37, 70\n  offset: 0, 0\n  index: -1\nco\n  rotate: true\n  xy: 61, 2\n  size: 45, 42\n  orig: 45, 42\n  offset: 0, 0\n  index: -1\ncoin2\n  rotate: false\n  xy: 414, 158\n  size: 167, 96\n  orig: 167, 96\n  offset: 0, 0\n  index: -1\nmayslot2\n  rotate: false\n  xy: 219, 75\n  size: 193, 179\n  orig: 193, 179\n  offset: 0, 0\n  index: -1\nmo1\n  rotate: true\n  xy: 2, 2\n  size: 45, 57\n  orig: 45, 57\n  offset: 0, 0\n  index: -1\nmo2\n  rotate: true\n  xy: 148, 6\n  size: 41, 57\n  orig: 41, 57\n  offset: 0, 0\n  index: -1\nmo3\n  rotate: true\n  xy: 509, 116\n  size: 40, 62\n  orig: 40, 62\n  offset: 0, 0\n  index: -1\nro\n  rotate: true\n  xy: 834, 210\n  size: 44, 46\n  orig: 44, 46\n  offset: 0, 0\n  index: -1\ntep\n  rotate: true\n  xy: 105, 2\n  size: 45, 41\n  orig: 45, 41\n  offset: 0, 0\n  index: -1\ntxt_mini\n  rotate: false\n  xy: 414, 102\n  size: 93, 54\n  orig: 93, 54\n  offset: 0, 0\n  index: -1\ntxt_ppookkeerr\n  rotate: false\n  xy: 583, 193\n  size: 177, 61\n  orig: 177, 61\n  offset: 0, 0\n  index: -1\n","textures":[{"__uuid__":"7bIk8PAodGWbDAI0ODb+Yk"}],"textureNames":["icon_minipoker.png"]}