{"__type__":"cc.AnimationClip","_name":"bigWin","_duration":4,"curveData":{"paths":{"logo":{"props":{"scale":[{"frame":0.6666666666666666,"value":{"__type__":"cc.Vec2","x":1,"y":1}},{"frame":0.8333333333333334,"value":{"__type__":"cc.Vec2","x":1.3,"y":1.3}},{"frame":1,"value":{"__type__":"cc.Vec2","x":1,"y":1}},{"frame":1.1666666666666667,"value":{"__type__":"cc.Vec2","x":1.3,"y":1.3}},{"frame":1.3333333333333333,"value":{"__type__":"cc.Vec2","x":1,"y":1}},{"frame":2.0166666666666666,"value":{"__type__":"cc.Vec2","x":1,"y":1}},{"frame":2.183333333333333,"value":{"__type__":"cc.Vec2","x":1.3,"y":1.3}},{"frame":2.35,"value":{"__type__":"cc.Vec2","x":1,"y":1}},{"frame":2.5166666666666666,"value":{"__type__":"cc.Vec2","x":1.3,"y":1.3}},{"frame":2.683333333333333,"value":{"__type__":"cc.Vec2","x":1,"y":1}},{"frame":3.3333333333333335,"value":{"__type__":"cc.Vec2","x":1,"y":1}},{"frame":3.5,"value":{"__type__":"cc.Vec2","x":1.3,"y":1.3}},{"frame":3.6666666666666665,"value":{"__type__":"cc.Vec2","x":1,"y":1}},{"frame":3.8333333333333335,"value":{"__type__":"cc.Vec2","x":1.3,"y":1.3}},{"frame":4,"value":{"__type__":"cc.Vec2","x":1,"y":1}}],"position":[{"frame":0,"value":[-39,-557],"motionPath":[]},{"frame":0.08333333333333333,"value":[-337,-338],"motionPath":[]},{"frame":0.16666666666666666,"value":[-444,-92],"motionPath":[]},{"frame":0.25,"value":[-255,86]},{"frame":0.3333333333333333,"value":[0,0],"motionPath":[]}],"angle":[{"frame":0,"value":360},{"frame":0.3333333333333333,"value":0}]}},"star1":{"props":{"active":[{"frame":0,"value":false},{"frame":0.3333333333333333,"value":true}]}},"star1/star3":{"props":{"angle":[{"frame":0.3333333333333333,"value":0},{"frame":4,"value":-5}]}},"star1/star2":{"props":{"angle":[{"frame":0.3333333333333333,"value":0},{"frame":4,"value":90}]}}}}}