{"__type__":"sp.SkeletonData","_name":"Icon-LoDe","_skeletonJson":{"skeleton":{"hash":"dCJP7s9fLZN6glHp8iLwyCMZw10","spine":"3.7.94","width":461.02,"height":192,"images":"./Icon-LoDe-P/","audio":"C:/Users/Asus/Desktop/Project_X/Cong-2/Icon-Cong/Icon-Lode"},"bones":[{"name":"root"},{"name":"bone","parent":"root","length":24.3,"rotation":90,"x":12.88,"y":6.27},{"name":"bone2","parent":"bone","x":4.64,"y":-27.05,"color":"abe323ff"},{"name":"bone3","parent":"bone","x":4.28,"y":1.39},{"name":"bone4","parent":"root","length":24.3,"rotation":90,"x":7.05,"y":6.21},{"name":"bone5","parent":"bone4","x":4.64,"y":-27.05,"color":"abe323ff"},{"name":"bone6","parent":"bone4","x":3.89,"y":1.32},{"name":"bone7","parent":"root","length":16.27,"x":-32.01,"y":-52.62},{"name":"bone8","parent":"root","length":16.27,"x":27.84,"y":-52.62},{"name":"bone9","parent":"root","length":23.06,"rotation":-52.36,"x":-70.8,"y":-10.23}],"slots":[{"name":"1","bone":"root","attachment":"1"},{"name":"4","bone":"bone","attachment":"4"},{"name":"8","bone":"bone4","attachment":"4"},{"name":"5","bone":"bone9","attachment":"5"},{"name":"6","bone":"bone7","attachment":"6"},{"name":"7","bone":"bone8","attachment":"7"}],"transform":[{"name":"bone2","order":0,"bones":["bone3"],"target":"bone2","rotateMix":-1,"translateMix":-1,"scaleMix":1.16},{"name":"bone5","order":1,"bones":["bone6"],"target":"bone5","rotateMix":1.227,"translateMix":-1}],"skins":{"default":{"1":{"1":{"x":0.04,"y":0.18,"width":192,"height":192}},"4":{"4":{"type":"mesh","uvs":[0.91433,0.16532,1,0.65913,0.58504,1,0.10398,0.85079,0,0.32198,0.40504,0,0.56818,0.87763,0.86879,0.62052,0.81,0.2415,0.42205,0.10949,0.13202,0.36647,0.19838,0.77594,0.49842,0.51093],"triangles":[3,11,2,11,6,2,2,7,1,2,6,7,11,12,6,6,12,7,3,10,11,3,4,10,11,10,12,12,8,7,0,1,8,1,7,8,10,9,12,12,9,8,9,10,5,10,4,5,0,8,5,5,8,9],"vertices":[2,2,43.79,-28.74,0.97034,3,44.51,-85.62,0.02966,2,2,-26.33,-40.22,0.99638,3,-25.61,-97.1,0.00362,2,2,-74.74,15.39,0.58084,3,-74.02,-41.5,0.41916,2,2,-53.55,79.85,0.08683,3,-52.83,22.97,0.91317,2,2,21.54,93.78,0.00157,3,22.26,36.9,0.99843,2,2,67.26,39.51,0.42506,3,67.98,-17.38,0.57494,2,2,-57.36,17.65,0.58683,3,-56.64,-39.24,0.41317,2,2,-20.85,-22.64,0.98877,3,-20.13,-79.52,0.01123,2,2,32.97,-14.76,0.95411,3,33.69,-71.64,0.04589,2,2,51.72,37.23,0.42356,3,52.44,-19.66,0.57644,2,2,15.23,76.09,0.00756,3,15.95,19.21,0.99244,2,2,-42.92,67.2,0.10402,3,-42.2,10.32,0.89598,2,2,-5.29,26.99,0.53097,3,-4.57,-29.89,0.46903],"hull":6,"edges":[0,2,2,4,8,10,10,0,4,12,12,14,14,2,14,16,16,0,16,18,18,10,18,20,20,8,20,22,4,6,22,6,6,8,22,12,12,24,24,18,16,24,24,22,14,24,24,20],"width":134,"height":142}},"5":{"5":{"x":30.66,"y":65.81,"rotation":52.36,"width":182,"height":161}},"6":{"6":{"x":-4.45,"y":0.3,"width":63,"height":63}},"7":{"7":{"x":4.2,"y":3.8,"width":76,"height":70}},"8":{"4":{"type":"mesh","uvs":[0.91433,0.16532,1,0.65913,0.58504,1,0.10398,0.85079,0,0.32198,0.40504,0,0.56818,0.87763,0.86879,0.62052,0.81,0.2415,0.42205,0.10949,0.13202,0.36647,0.19838,0.77594,0.49842,0.51093],"triangles":[3,11,2,11,6,2,2,7,1,2,6,7,11,12,6,6,12,7,3,10,11,3,4,10,11,10,12,12,8,7,0,1,8,1,7,8,10,9,12,12,9,8,9,10,5,10,4,5,0,8,5,5,8,9],"vertices":[2,5,43.79,-28.74,0.97034,6,44.51,-85.62,0.02966,2,5,-26.33,-40.22,0.99638,6,-25.61,-97.1,0.00362,2,5,-74.74,15.39,0.58084,6,-74.02,-41.5,0.41916,2,5,-53.55,79.85,0.08683,6,-52.83,22.97,0.91317,2,5,21.54,93.78,0.00157,6,22.26,36.9,0.99843,2,5,67.26,39.51,0.42506,6,67.98,-17.38,0.57494,2,5,-57.36,17.65,0.58683,6,-56.64,-39.24,0.41317,2,5,-20.85,-22.64,0.98877,6,-20.13,-79.52,0.01123,2,5,32.97,-14.76,0.95411,6,33.69,-71.64,0.04589,2,5,51.72,37.23,0.42356,6,52.44,-19.66,0.57644,2,5,15.23,76.09,0.00756,6,15.95,19.21,0.99244,2,5,-42.92,67.2,0.10402,6,-42.2,10.32,0.89598,2,5,-5.29,26.99,0.53097,6,-4.57,-29.89,0.46903],"hull":6,"edges":[0,2,2,4,8,10,10,0,4,12,12,14,14,2,14,16,16,0,16,18,18,10,18,20,20,8,20,22,4,6,22,6,6,8,22,12,12,24,24,18,16,24,24,22,14,24,24,20],"width":134,"height":142}}}},"animations":{"Idle":{"slots":{"4":{"color":[{"time":0,"color":"ffffffff","curve":"stepped"},{"time":0.2333,"color":"ffffffff","curve":"stepped"},{"time":0.2667,"color":"ffffffff"},{"time":0.4333,"color":"7e4949ff"},{"time":0.6,"color":"ffffffff","curve":"stepped"},{"time":0.9,"color":"ffffffff","curve":"stepped"},{"time":0.9333,"color":"ffffffff"},{"time":1.1,"color":"7e4949ff"},{"time":1.2667,"color":"ffffffff"}]},"5":{"color":[{"time":0.8,"color":"ffffffff"},{"time":0.9333,"color":"ffffff00","curve":"stepped"},{"time":1.1,"color":"ffffff00"},{"time":1.2,"color":"ffffffff"}]},"8":{"color":[{"time":0,"color":"ffffffff","curve":"stepped"},{"time":0.1,"color":"ffffffff","curve":"stepped"},{"time":0.2667,"color":"ffffffff","curve":"stepped"},{"time":0.6,"color":"ffffffff"},{"time":0.7667,"color":"7d4545ff"},{"time":0.9333,"color":"ffffffff"}],"attachment":[{"time":0.2667,"name":"4"},{"time":0.9333,"name":"4"}]}},"bones":{"root":{"rotate":[{"time":0,"angle":0,"curve":"stepped"},{"time":0.6,"angle":0,"curve":"stepped"},{"time":3.1667,"angle":0,"curve":"stepped"},{"time":3.2333,"angle":0,"curve":"stepped"},{"time":3.3,"angle":0,"curve":"stepped"},{"time":3.3667,"angle":0,"curve":"stepped"},{"time":3.4333,"angle":0}],"translate":[{"time":0,"x":0,"y":0,"curve":"stepped"},{"time":0.6,"x":0,"y":0,"curve":"stepped"},{"time":3.1667,"x":0,"y":0,"curve":"stepped"},{"time":3.2333,"x":0,"y":0,"curve":"stepped"},{"time":3.3,"x":0,"y":0,"curve":"stepped"},{"time":3.3667,"x":0,"y":0,"curve":"stepped"},{"time":3.4333,"x":0,"y":0}],"scale":[{"time":0,"x":1,"y":1,"curve":"stepped"},{"time":0.6,"x":1,"y":1,"curve":"stepped"},{"time":3.1667,"x":1,"y":1},{"time":3.2,"x":1.009,"y":1.009},{"time":3.2333,"x":1,"y":1},{"time":3.2667,"x":1.009,"y":1.009},{"time":3.3,"x":1,"y":1},{"time":3.3333,"x":1.009,"y":1.009},{"time":3.3667,"x":1,"y":1},{"time":3.4,"x":1.009,"y":1.009},{"time":3.4333,"x":1,"y":1}],"shear":[{"time":0,"x":0,"y":0,"curve":"stepped"},{"time":0.6,"x":0,"y":0,"curve":"stepped"},{"time":3.1667,"x":0,"y":0,"curve":"stepped"},{"time":3.2333,"x":0,"y":0,"curve":"stepped"},{"time":3.3,"x":0,"y":0,"curve":"stepped"},{"time":3.3667,"x":0,"y":0,"curve":"stepped"},{"time":3.4333,"x":0,"y":0}]},"bone2":{"rotate":[{"time":0,"angle":0,"curve":"stepped"},{"time":0.6,"angle":0,"curve":"stepped"},{"time":1.2667,"angle":0}],"translate":[{"time":0,"x":0,"y":0},{"time":0.2667,"x":-3.75,"y":58.31},{"time":0.6,"x":0,"y":0},{"time":0.9333,"x":-3.75,"y":58.31},{"time":1.2667,"x":0,"y":0}],"scale":[{"time":0,"x":1,"y":1,"curve":"stepped"},{"time":0.6,"x":1,"y":1,"curve":"stepped"},{"time":1.2667,"x":1,"y":1}],"shear":[{"time":0,"x":0,"y":0,"curve":"stepped"},{"time":0.6,"x":0,"y":0,"curve":"stepped"},{"time":1.2667,"x":0,"y":0}]},"bone":{"rotate":[{"time":0,"angle":0,"curve":"stepped"},{"time":0.6,"angle":0,"curve":"stepped"},{"time":1.2667,"angle":0}],"translate":[{"time":0,"x":0,"y":0,"curve":"stepped"},{"time":0.6,"x":0,"y":0,"curve":"stepped"},{"time":1.2667,"x":0,"y":0}],"scale":[{"time":0,"x":1,"y":1,"curve":"stepped"},{"time":0.6,"x":1,"y":1,"curve":"stepped"},{"time":1.2667,"x":1,"y":1}],"shear":[{"time":0,"x":0,"y":0,"curve":"stepped"},{"time":0.6,"x":0,"y":0,"curve":"stepped"},{"time":1.2667,"x":0,"y":0}]},"bone3":{"rotate":[{"time":0,"angle":0,"curve":"stepped"},{"time":0.6,"angle":0,"curve":"stepped"},{"time":1.2667,"angle":0}],"translate":[{"time":0,"x":0,"y":0,"curve":"stepped"},{"time":0.6,"x":0,"y":0,"curve":"stepped"},{"time":1.2667,"x":0,"y":0}],"scale":[{"time":0,"x":1,"y":1,"curve":"stepped"},{"time":0.6,"x":1,"y":1,"curve":"stepped"},{"time":1.2667,"x":1,"y":1}],"shear":[{"time":0,"x":0,"y":0,"curve":"stepped"},{"time":0.6,"x":0,"y":0,"curve":"stepped"},{"time":1.2667,"x":0,"y":0}]},"bone4":{"rotate":[{"time":0,"angle":0,"curve":"stepped"},{"time":0.2667,"angle":0,"curve":"stepped"},{"time":0.6,"angle":0,"curve":"stepped"},{"time":0.9333,"angle":0,"curve":"stepped"},{"time":1.2667,"angle":0}],"translate":[{"time":0,"x":0,"y":0},{"time":0.2667,"x":-3.72,"y":0},{"time":0.6,"x":0,"y":0},{"time":0.9333,"x":-3.72,"y":0},{"time":1.2667,"x":5.49,"y":0}],"scale":[{"time":0,"x":1,"y":1,"curve":"stepped"},{"time":0.2667,"x":1,"y":1,"curve":"stepped"},{"time":0.6,"x":1,"y":1,"curve":"stepped"},{"time":0.9333,"x":1,"y":1,"curve":"stepped"},{"time":1.2667,"x":1,"y":1}],"shear":[{"time":0,"x":0,"y":0,"curve":"stepped"},{"time":0.2667,"x":0,"y":0,"curve":"stepped"},{"time":0.6,"x":0,"y":0,"curve":"stepped"},{"time":0.9333,"x":0,"y":0,"curve":"stepped"},{"time":1.2667,"x":0,"y":0}]},"bone5":{"rotate":[{"time":0,"angle":0,"curve":"stepped"},{"time":0.2667,"angle":0,"curve":"stepped"},{"time":0.6,"angle":0,"curve":"stepped"},{"time":0.9333,"angle":0,"curve":"stepped"},{"time":1.2667,"angle":0}],"translate":[{"time":0,"x":0.67,"y":-4.66},{"time":0.1,"x":-4.34,"y":31.37},{"time":0.2667,"x":-6.52,"y":54.44},{"time":0.6,"x":0.67,"y":-4.66},{"time":0.7667,"x":-4.34,"y":31.37},{"time":0.9333,"x":-6.52,"y":54.44},{"time":1.2667,"x":0,"y":0}],"scale":[{"time":0,"x":1,"y":1,"curve":"stepped"},{"time":0.2667,"x":1,"y":1,"curve":"stepped"},{"time":0.6,"x":1,"y":1,"curve":"stepped"},{"time":0.9333,"x":1,"y":1,"curve":"stepped"},{"time":1.2667,"x":1,"y":1}],"shear":[{"time":0,"x":0,"y":0,"curve":"stepped"},{"time":0.2667,"x":0,"y":0,"curve":"stepped"},{"time":0.6,"x":0,"y":0,"curve":"stepped"},{"time":0.9333,"x":0,"y":0,"curve":"stepped"},{"time":1.2667,"x":0,"y":0}]},"bone6":{"rotate":[{"time":0,"angle":0,"curve":"stepped"},{"time":0.2667,"angle":0,"curve":"stepped"},{"time":0.6,"angle":0,"curve":"stepped"},{"time":0.9333,"angle":0,"curve":"stepped"},{"time":1.2667,"angle":0}],"translate":[{"time":0,"x":0.67,"y":-5.99},{"time":0.1,"x":-2.93,"y":-3.07},{"time":0.2667,"x":-0.88,"y":-2},{"time":0.6,"x":0.67,"y":-5.99},{"time":0.7667,"x":-2.93,"y":-3.07},{"time":0.9333,"x":-0.88,"y":-2},{"time":1.2667,"x":0,"y":0}],"scale":[{"time":0,"x":1,"y":1,"curve":"stepped"},{"time":0.2667,"x":1,"y":1,"curve":"stepped"},{"time":0.6,"x":1,"y":1,"curve":"stepped"},{"time":0.9333,"x":1,"y":1,"curve":"stepped"},{"time":1.2667,"x":1,"y":1}],"shear":[{"time":0,"x":0,"y":0,"curve":"stepped"},{"time":0.2667,"x":0,"y":0,"curve":"stepped"},{"time":0.6,"x":0,"y":0,"curve":"stepped"},{"time":0.9333,"x":0,"y":0,"curve":"stepped"},{"time":1.2667,"x":0,"y":0}]},"bone9":{"rotate":[{"time":0,"angle":0,"curve":"stepped"},{"time":0.9333,"angle":0},{"time":0.9667,"angle":44.02},{"time":1.4667,"angle":2.9},{"time":1.9333,"angle":0}],"translate":[{"time":0,"x":0,"y":0,"curve":"stepped"},{"time":0.9333,"x":0,"y":0},{"time":0.9667,"x":88.42,"y":-64.7,"curve":[0.277,0,0.621,0.4]},{"time":1.2,"x":63.77,"y":-55.09,"curve":[0.331,0.33,0.758,1]},{"time":1.9333,"x":0,"y":0}],"scale":[{"time":0,"x":1,"y":1,"curve":"stepped"},{"time":0.9333,"x":1,"y":1},{"time":0.9667,"x":0.649,"y":0.649},{"time":1.9333,"x":1,"y":1}],"shear":[{"time":0,"x":0,"y":0,"curve":"stepped"},{"time":0.9333,"x":0,"y":0,"curve":"stepped"},{"time":1.9333,"x":0,"y":0,"curve":"stepped"},{"time":3.4667,"x":0,"y":0}]},"bone7":{"rotate":[{"time":1.6667,"angle":0,"curve":"stepped"},{"time":1.8667,"angle":0,"curve":"stepped"},{"time":2.0667,"angle":0,"curve":"stepped"},{"time":2.2667,"angle":0,"curve":"stepped"},{"time":2.4667,"angle":0}],"translate":[{"time":1.6667,"x":0,"y":0,"curve":"stepped"},{"time":1.8667,"x":0,"y":0,"curve":"stepped"},{"time":2.0667,"x":0,"y":0,"curve":"stepped"},{"time":2.2667,"x":0,"y":0,"curve":"stepped"},{"time":2.4667,"x":0,"y":0}],"scale":[{"time":1.6667,"x":1,"y":1,"curve":[0.315,0.02,0.699,1]},{"time":1.7667,"x":1.125,"y":1.125,"curve":[0.315,0.02,0.699,1]},{"time":1.8667,"x":1,"y":1,"curve":[0.315,0.02,0.699,1]},{"time":1.9667,"x":1.125,"y":1.125,"curve":[0.315,0.02,0.699,1]},{"time":2.0667,"x":1,"y":1,"curve":[0.315,0.02,0.699,1]},{"time":2.1667,"x":1.125,"y":1.125,"curve":[0.315,0.02,0.699,1]},{"time":2.2667,"x":1,"y":1,"curve":[0.315,0.02,0.699,1]},{"time":2.3667,"x":1.125,"y":1.125,"curve":[0.315,0.02,0.699,1]},{"time":2.4667,"x":1,"y":1}],"shear":[{"time":1.6667,"x":0,"y":0,"curve":"stepped"},{"time":1.8667,"x":0,"y":0,"curve":"stepped"},{"time":2.0667,"x":0,"y":0,"curve":"stepped"},{"time":2.2667,"x":0,"y":0,"curve":"stepped"},{"time":2.4667,"x":0,"y":0}]},"bone8":{"rotate":[{"time":2.1667,"angle":0,"curve":"stepped"},{"time":2.3667,"angle":0,"curve":"stepped"},{"time":2.5667,"angle":0,"curve":"stepped"},{"time":2.7667,"angle":0,"curve":"stepped"},{"time":2.9667,"angle":0}],"translate":[{"time":2.1667,"x":0,"y":0,"curve":"stepped"},{"time":2.3667,"x":0,"y":0,"curve":"stepped"},{"time":2.5667,"x":0,"y":0,"curve":"stepped"},{"time":2.7667,"x":0,"y":0,"curve":"stepped"},{"time":2.9667,"x":0,"y":0}],"scale":[{"time":2.1667,"x":1,"y":1,"curve":[0.315,0.02,0.699,1]},{"time":2.2667,"x":1.125,"y":1.125,"curve":[0.315,0.02,0.699,1]},{"time":2.3667,"x":1,"y":1,"curve":[0.315,0.02,0.699,1]},{"time":2.4667,"x":1.125,"y":1.125,"curve":[0.315,0.02,0.699,1]},{"time":2.5667,"x":1,"y":1,"curve":[0.315,0.02,0.699,1]},{"time":2.6667,"x":1.125,"y":1.125,"curve":[0.315,0.02,0.699,1]},{"time":2.7667,"x":1,"y":1,"curve":[0.315,0.02,0.699,1]},{"time":2.8667,"x":1.125,"y":1.125,"curve":[0.315,0.02,0.699,1]},{"time":2.9667,"x":1,"y":1}],"shear":[{"time":2.1667,"x":0,"y":0,"curve":"stepped"},{"time":2.3667,"x":0,"y":0,"curve":"stepped"},{"time":2.5667,"x":0,"y":0,"curve":"stepped"},{"time":2.7667,"x":0,"y":0,"curve":"stepped"},{"time":2.9667,"x":0,"y":0}]}},"deform":{"default":{"4":{"4":[{"time":0},{"time":0.2667,"offset":1,"vertices":[0.91047,0,0.91042,0,9.30505,0.00001,9.30511,0,2.21716,0,2.21719,0,-4.51139,0,-4.5114,0,-8.38758,0,-8.38758,0,-3.64044,0,-3.64045,0,22.84695,0.00001,22.84695,-0.04894,15.22556,-0.04893,15.22556,0.04896,13.41839,0.04896,13.41839,0,22.84695,0.00001,22.84695,-0.01645,33.06331,-0.01644,33.06331,0.01647,27.63458,0.01648,27.63458,0,22.84695,0.00001,22.84695],"curve":"stepped"},{"time":0.3333,"offset":1,"vertices":[0.91047,0,0.91042,0,9.30505,0.00001,9.30511,0,2.21716,0,2.21719,0,-4.51139,0,-4.5114,0,-8.38758,0,-8.38758,0,-3.64044,0,-3.64045,0,22.84695,0.00001,22.84695,-0.04894,15.22556,-0.04893,15.22556,0.04896,13.41839,0.04896,13.41839,0,22.84695,0.00001,22.84695,-0.01645,33.06331,-0.01644,33.06331,0.01647,27.63458,0.01648,27.63458,0,22.84695,0.00001,22.84695]},{"time":0.6},{"time":0.9333,"offset":1,"vertices":[0.91047,0,0.91042,0,9.30505,0.00001,9.30511,0,2.21716,0,2.21719,0,-4.51139,0,-4.5114,0,-8.38758,0,-8.38758,0,-3.64044,0,-3.64045,0,22.84695,0.00001,22.84695,-0.04894,15.22556,-0.04893,15.22556,0.04896,13.41839,0.04896,13.41839,0,22.84695,0.00001,22.84695,-0.01645,33.06331,-0.01644,33.06331,0.01647,27.63458,0.01648,27.63458,0,22.84695,0.00001,22.84695],"curve":"stepped"},{"time":1,"offset":1,"vertices":[0.91047,0,0.91042,0,9.30505,0.00001,9.30511,0,2.21716,0,2.21719,0,-4.51139,0,-4.5114,0,-8.38758,0,-8.38758,0,-3.64044,0,-3.64045,0,22.84695,0.00001,22.84695,-0.04894,15.22556,-0.04893,15.22556,0.04896,13.41839,0.04896,13.41839,0,22.84695,0.00001,22.84695,-0.01645,33.06331,-0.01644,33.06331,0.01647,27.63458,0.01648,27.63458,0,22.84695,0.00001,22.84695]},{"time":1.2667}]},"8":{"4":[{"time":0},{"time":0.2667,"offset":1,"vertices":[4.1377,0,4.13773,0,12.72125,0,12.72128,0,3.17763,0,3.17764,0,-6.52773,0,-6.52771,0,-11.00737,0,-11.00735,0,-3.67168,0,-3.67163,-0.00002,-27.94464,0,-27.94461,-0.00002,-32.20107,0,-32.20105,-0.00002,-36.2328,0,-36.2327,-0.00002,-29.43127,0,-29.43121,-0.00003,-22.20314,0,-22.203,-0.00003,-23.9987,0,-23.99875,-0.00002,-31.09891,0,-31.09888]},{"time":0.6},{"time":0.9333,"offset":1,"vertices":[4.1377,0,4.13773,0,12.72125,0,12.72128,0,3.17763,0,3.17764,0,-6.52773,0,-6.52771,0,-11.00737,0,-11.00735,0,-3.67168,0,-3.67163,-0.00002,-27.94464,0,-27.94461,-0.00002,-32.20107,0,-32.20105,-0.00002,-36.2328,0,-36.2327,-0.00002,-29.43127,0,-29.43121,-0.00003,-22.20314,0,-22.203,-0.00003,-23.9987,0,-23.99875,-0.00002,-31.09891,0,-31.09888]},{"time":1.2667}]}}},"drawOrder":[{"time":0},{"time":0.2667,"offsets":[{"slot":"4","offset":1}]},{"time":0.3},{"time":0.6,"offsets":[{"slot":"4","offset":1}]},{"time":0.9333},{"time":0.9667}]}}},"_atlasText":"\nIcon-LoDe.png\nsize: 512,256\nformat: RGBA8888\nfilter: Linear,Linear\nrepeat: none\n1\n  rotate: false\n  xy: 2, 57\n  size: 192, 192\n  orig: 192, 192\n  offset: 0, 0\n  index: -1\n4\n  rotate: true\n  xy: 359, 115\n  size: 134, 142\n  orig: 134, 142\n  offset: 0, 0\n  index: -1\n5\n  rotate: true\n  xy: 196, 67\n  size: 182, 161\n  orig: 182, 161\n  offset: 0, 0\n  index: -1\n6\n  rotate: false\n  xy: 196, 2\n  size: 63, 63\n  orig: 63, 63\n  offset: 0, 0\n  index: -1\n7\n  rotate: true\n  xy: 359, 37\n  size: 76, 70\n  orig: 76, 70\n  offset: 0, 0\n  index: -1\n","textures":[{"__uuid__":"c1Uj53j0tDpaW0P2KkBjad"}],"textureNames":["Icon-LoDe.png"]}