{"__type__":"sp.SkeletonData","_name":"cowboy_ani","_skeletonJson":{"skeleton":{"hash":"OmrcqCsufYllBDvBo0MPqnICnfg","spine":"3.6.53","width":252.3,"height":482},"bones":[{"name":"root"},{"name":"bg","parent":"root","length":110.61,"rotation":-177.3,"x":-4.83,"y":-48.97},{"name":"board","parent":"bg","length":77.9,"rotation":-94.08,"x":-3,"y":28.94},{"name":"body","parent":"root","length":122.77,"rotation":91.65,"x":10.15,"y":-33.68,"scaleX":1.028,"scaleY":1.028},{"name":"body2","parent":"body","x":62.13,"y":34.59},{"name":"body3","parent":"body","x":63.06,"y":-38.19},{"name":"face","parent":"body","length":52.99,"rotation":6.02,"x":128.16,"y":2.37},{"name":"hair_L","parent":"face","length":18.1,"rotation":142.19,"x":32.04,"y":29.83},{"name":"hair_L2","parent":"hair_L","length":22.7,"rotation":51,"x":18.1},{"name":"hair_L3","parent":"hair_L2","length":27.88,"rotation":-56.27,"x":22.7},{"name":"hair_L4","parent":"hair_L3","length":25.83,"rotation":39.9,"x":27.88},{"name":"hair_L5","parent":"hair_L4","length":20.3,"rotation":1.23,"x":25.83},{"name":"hair_L6","parent":"hair_L5","length":15.86,"rotation":-86.55,"x":20.3},{"name":"hair_R","parent":"face","length":28.51,"rotation":-164.73,"x":40.34,"y":-33.46},{"name":"hair_R1","parent":"face","length":41.15,"rotation":-158.27,"x":54.41,"y":-15.99},{"name":"hair_R2","parent":"hair_R","length":23.54,"rotation":-0.22,"x":28.51},{"name":"hair_R3","parent":"hair_R2","length":20.76,"rotation":48.85,"x":23.54},{"name":"hair_R4","parent":"hair_R3","length":25.81,"rotation":-12.14,"x":20.76},{"name":"hair_R5","parent":"hair_R1","length":33.29,"rotation":-51.68,"x":41.84,"y":0.19},{"name":"hair_R6","parent":"hair_R5","length":23.21,"rotation":68.17,"x":33.29},{"name":"hand_L1","parent":"body","length":101.25,"rotation":160.64,"x":110.37,"y":44.51},{"name":"hand_L3","parent":"hand_L1","length":95.79,"rotation":-155.39,"x":107.28,"y":-0.33},{"name":"hand_L4","parent":"hand_L3","length":122.62,"rotation":0.36,"x":95.79},{"name":"hand_R1","parent":"body","length":116.73,"rotation":-172.19,"x":108.6,"y":-53.14},{"name":"hat","parent":"face","length":64.99,"rotation":149.95,"x":96.66,"y":-12.5},{"name":"star1","parent":"board","length":42.75,"rotation":44.6,"x":68.03,"y":21.57},{"name":"star2","parent":"board","length":51.86,"rotation":-53.41,"x":69.78,"y":-25.12},{"name":"star3","parent":"board","length":42.75,"rotation":44.6,"x":49.85,"y":52.3},{"name":"star4","parent":"board","length":51.86,"rotation":-53.41,"x":50.41,"y":-49.27},{"name":"text","parent":"board","length":94.14,"rotation":-88.15,"x":32.99,"y":5.64}],"slots":[{"name":"bg","bone":"bg","attachment":"bg"},{"name":"hand_R1","bone":"hand_R1","attachment":"hand_R1"},{"name":"hand_L1","bone":"hand_L1","attachment":"hand_L1"},{"name":"hand_L2","bone":"hand_L3","attachment":"hand_L2"},{"name":"body","bone":"body","attachment":"body"},{"name":"hair_L","bone":"hair_L","attachment":"hair_L"},{"name":"face","bone":"face","attachment":"face"},{"name":"hair_R","bone":"hair_R","attachment":"hair_R"},{"name":"hair_R1","bone":"hair_R1","attachment":"hair_R1"},{"name":"hat","bone":"hat","attachment":"hat"},{"name":"star1","bone":"star1","attachment":"star1"},{"name":"star3","bone":"star3","attachment":"star1"},{"name":"star2","bone":"star2","attachment":"star2"},{"name":"star4","bone":"star4","attachment":"star2"},{"name":"board","bone":"board","attachment":"board"},{"name":"text","bone":"text","attachment":"text"}],"skins":{"default":{"bg":{"bg":{"x":-7.35,"y":-45.91,"rotation":177.3,"width":251,"height":482}},"board":{"board":{"x":20.63,"y":-2.62,"rotation":-88.63,"width":249,"height":144}},"body":{"body":{"type":"mesh","uvs":[1,1,0,1,0,0,1,0],"triangles":[1,2,3,1,3,0],"vertices":[2,3,-8.76,-59.5,0.60215,5,-71.83,-21.3,0.39785,2,3,-5.22,63.45,0.45517,4,-67.35,28.87,0.54483,2,3,126.72,59.65,0.51879,4,64.6,25.07,0.48121,2,3,123.18,-63.3,0.36833,5,60.12,-25.11,0.63167],"hull":4}},"face":{"face":{"x":22.67,"y":-1.69,"rotation":-97.67,"width":71,"height":82}},"hair_L":{"hair_L":{"type":"mesh","uvs":[0.83357,0.02113,0.85494,0.08286,0.88008,0.18793,0.97814,0.22011,0.96808,0.36459,0.96126,0.44044,0.92895,0.50731,0.78105,0.57418,0.63564,0.66508,0.53621,0.74039,0.50261,0.77156,0.50261,0.88422,0.4709,0.92729,0.3525,0.96043,0.20027,0.9549,0.16644,0.91735,0.16855,0.87207,0.2489,0.8312,0.20238,0.81243,0.1897,0.75499,0.23833,0.72407,0.28072,0.72214,0.27949,0.70482,0.25123,0.67273,0.23772,0.62395,0.25001,0.57903,0.23772,0.55656,0.24509,0.48918,0.20209,0.49431,0.11609,0.48212,0.09466,0.44954,0.08373,0.39689,0.10801,0.36264,0.19059,0.34678,0.20394,0.36517,0.17723,0.40641,0.19423,0.43241,0.26466,0.42607,0.3278,0.39372,0.35087,0.37596,0.35816,0.36264,0.30716,0.37088,0.24401,0.36517,0.22337,0.3398,0.21366,0.32141,0.24037,0.2954,0.2853,0.28208,0.3193,0.28525,0.32294,0.30999,0.29744,0.32648,0.32416,0.33663,0.34359,0.32711,0.33382,0.29819,0.32628,0.27914,0.28291,0.2601,0.26371,0.21456,0.29914,0.14794,0.425,0.03886,0.50131,0,0.56454,0,0.70534,0,0.51969,0.01249,0.54443,0.03492,0.39657,0.10629,0.46211,0.10537,0.4196,0.08131],"triangles":[12,13,17,15,16,14,13,14,17,14,16,17,12,17,11,11,17,10,17,21,10,18,20,17,17,20,21,18,19,20,9,10,22,9,22,38,22,10,21,22,23,38,24,25,23,38,23,25,26,27,25,38,39,9,9,39,8,39,40,8,27,37,38,7,8,40,53,63,64,2,7,40,38,25,27,2,40,64,2,64,62,5,6,7,2,60,1,1,60,0,62,60,2,4,5,7,29,36,28,28,36,27,27,36,37,29,35,36,29,30,35,35,31,32,35,30,31,2,4,7,35,33,34,35,32,33,42,49,41,41,50,40,41,49,50,42,43,49,4,2,3,50,51,40,64,40,51,43,45,49,43,44,45,64,51,52,45,46,49,48,46,47,48,49,46,64,52,53,53,55,56,53,56,63,53,54,55,63,56,57,63,65,64,65,63,57,65,57,64,64,61,62,64,57,61,57,58,61,62,59,60,62,61,59,61,58,59],"vertices":[4,7,-16.62,7.7,0.83694,8,-15.87,31.83,0.13262,9,-47.89,-14.4,0.01093,11,-92.38,39.54,0.01951,4,7,-10.22,13.15,0.78299,8,-7.61,30.28,0.12603,9,-42.02,-8.39,0.01446,11,-84,40.21,0.07652,4,7,1.07,21.74,0.69237,8,6.17,26.92,0.11298,9,-31.56,1.2,0.02109,11,-69.81,40.56,0.17355,4,7,1.35,29.84,0.65493,8,12.65,31.8,0.12373,9,-32.02,9.3,0.01807,11,-64.84,46.96,0.20327,4,7,18.45,38.95,0.53512,8,30.49,24.25,0.09851,9,-15.84,19.94,0.02969,11,-45.65,44.33,0.33669,6,7,27.48,43.64,0.47124,8,39.82,20.18,0.08675,9,-7.28,25.44,0.03446,10,-10.65,42.08,0.00002,11,-35.58,42.85,0.39692,12,-46.13,-53.2,0.01061,6,7,36.36,46.19,0.41492,8,47.38,14.88,0.07638,9,1.33,28.79,0.03666,10,-1.9,39.12,0.0001,11,-26.89,39.7,0.42573,12,-42.47,-44.71,0.0462,6,7,49.31,41.73,0.35943,8,52.07,2.01,0.06476,9,14.64,25.55,0.03103,10,6.23,28.1,0.0004,11,-19,28.51,0.35489,12,-30.83,-37.52,0.18949,6,7,64.96,39.05,0.2827,8,59.83,-11.84,0.05094,9,30.46,24.31,0.02604,10,17.57,17,0.00071,11,-7.9,17.17,0.29881,12,-18.84,-27.11,0.34079,6,7,77.18,38.09,0.21913,8,66.78,-21.93,0.03948,9,42.72,24.49,0.02351,10,27.09,9.27,0.00093,11,1.45,9.24,0.2718,12,-10.36,-18.26,0.44514,6,7,81.97,38.16,0.19282,8,69.85,-25.62,0.03474,9,47.49,24.99,0.02305,10,31.07,6.6,0.00101,11,5.38,6.49,0.26759,12,-7.37,-14.51,0.48079,6,7,95.03,45.74,0.09773,8,83.96,-30.99,0.01761,9,59.79,33.74,0.03065,10,46.12,5.42,0.00102,11,20.4,4.98,0.36452,12,-4.97,0.4,0.48846,6,7,101.13,46.72,0.06137,8,88.56,-35.12,0.01106,9,65.78,35.28,0.03113,10,51.7,2.75,0.0011,11,25.92,2.2,0.3723,12,-1.86,5.74,0.52305,6,7,109.13,41.78,0.0334,8,89.76,-44.45,0.00602,9,74.2,31.1,0.0243,10,55.48,-5.86,0.00135,11,29.51,-6.49,0.29147,12,7.03,8.8,0.64345,6,7,113.84,32.19,0.03806,8,85.27,-54.14,0.00686,9,79.77,21.98,0.01228,10,53.91,-16.42,0.00167,11,27.72,-17.02,0.14614,12,17.43,6.38,0.79499,6,7,110.68,27.62,0.07427,8,79.73,-54.56,0.0057,9,77.05,17.14,0.01274,10,48.71,-18.39,0.00164,11,22.47,-18.87,0.12146,12,18.97,1.03,0.78419,6,7,105.36,24.7,0.11665,8,74.11,-52.26,0.00627,9,72.01,13.74,0.01497,10,42.67,-17.77,0.00155,11,16.45,-18.12,0.12017,12,17.86,-4.94,0.74039,6,7,97.8,26.81,0.15013,8,71,-45.06,0.01403,9,64.29,15.15,0.01711,10,37.65,-11.73,0.0014,11,11.56,-11.98,0.15048,12,11.43,-9.45,0.66686,6,7,97.26,22.73,0.17051,8,67.49,-47.21,0.00999,9,64.13,11.04,0.01788,10,34.89,-14.78,0.0014,11,8.73,-14.97,0.13042,12,14.25,-12.45,0.66979,6,7,91.05,18.1,0.22501,8,59.98,-45.3,0.00955,9,58.37,5.85,0.02048,10,27.14,-15.06,0.0013,11,0.99,-15.09,0.12118,12,13.9,-20.19,0.62247,6,7,85.76,18.96,0.25039,8,57.32,-40.64,0.01537,9,53.02,6.23,0.02121,10,23.28,-11.35,0.00121,11,-2.8,-11.29,0.13318,12,9.88,-23.74,0.57864,6,7,84.04,21.4,0.24983,8,58.13,-37.77,0.01898,9,51.09,8.5,0.02163,10,23.25,-8.37,0.00117,11,-2.76,-8.31,0.15189,12,6.91,-23.52,0.5565,6,7,82.08,20.16,0.26562,8,55.93,-37.03,0.01985,9,49.25,7.08,0.0218,10,20.93,-8.27,0.00114,11,-5.08,-8.17,0.14581,12,6.62,-25.82,0.54577,6,7,79.35,16.29,0.29755,8,51.21,-37.35,0.01735,9,46.89,2.98,0.02346,10,16.49,-9.91,0.0011,11,-9.55,-9.71,0.13389,12,7.89,-30.38,0.52664,6,7,74.18,12.19,0.34391,8,44.76,-35.9,0.01688,9,42.11,-1.58,0.02555,10,9.9,-10.34,0.00102,11,-16.15,-10,0.12409,12,7.78,-36.99,0.48855,6,7,68.54,9.91,0.3839,8,39.45,-32.96,0.02056,9,36.71,-4.37,0.02601,10,3.97,-9.01,0.00095,11,-22.06,-8.54,0.1146,12,5.98,-42.79,0.45398,6,7,66.37,7.66,0.40591,8,36.33,-32.69,0.01933,9,34.75,-6.81,0.02732,10,0.9,-9.63,0.00091,11,-25.14,-9.1,0.1102,12,6.35,-45.9,0.43631,6,7,58.3,3.57,0.46711,8,28.07,-28.99,0.02302,9,27.1,-11.63,0.02867,10,-8.06,-8.41,0.00081,11,-34.07,-7.69,0.09618,12,4.4,-54.74,0.38422,6,7,60.41,1.31,0.46658,8,27.64,-32.05,0.01644,9,29.4,-13.68,0.03043,10,-7.61,-11.47,0.00082,11,-33.69,-10.75,0.09369,12,7.48,-54.54,0.39204,6,7,62.02,-4.72,0.48268,8,23.97,-37.09,0.00945,9,31.56,-19.53,0.03021,10,-9.71,-17.34,0.00089,11,-35.91,-16.58,0.05382,12,13.16,-57.11,0.42295,6,7,58.99,-8.21,0.51458,8,19.36,-36.94,0.00771,9,28.87,-23.29,0.03181,10,-14.18,-18.5,0.00084,11,-40.4,-17.64,0.04388,12,13.95,-61.66,0.40118,6,7,53.28,-12.41,0.56485,8,12.49,-35.14,0.00684,9,23.56,-28,0.03463,10,-21.28,-18.71,0.00074,11,-47.5,-17.7,0.03874,12,13.58,-68.74,0.3542,6,7,48.45,-13.24,0.59416,8,8.81,-31.92,0.01144,9,18.84,-29.27,0.03466,10,-25.72,-16.65,0.00068,11,-51.9,-15.55,0.03511,12,11.17,-73,0.32394,6,7,43.71,-9.31,0.60149,8,8.88,-25.76,0.02307,9,13.76,-25.79,0.03243,10,-27.39,-10.73,0.00062,11,-53.44,-9.58,0.04556,12,5.13,-74.18,0.29683,6,7,45.38,-7.27,0.58359,8,11.52,-25.77,0.02389,9,15.22,-23.6,0.03175,10,-24.85,-9.99,0.00064,11,-50.89,-8.9,0.05324,12,4.6,-71.6,0.30688,6,7,51.09,-6.11,0.54776,8,16.02,-29.48,0.01918,9,20.81,-21.93,0.03123,10,-19.49,-12.28,0.00073,11,-45.58,-11.31,0.05523,12,7.32,-66.44,0.34588,6,7,53.51,-3.33,0.52283,8,19.7,-29.61,0.01976,9,22.96,-18.94,0.0306,10,-15.93,-11.37,0.00075,11,-41.99,-10.47,0.06763,12,6.7,-62.81,0.35842,6,7,50.3,0.51,0.52293,8,20.66,-24.7,0.02872,9,19.41,-15.41,0.02907,10,-16.39,-6.39,0.00071,11,-42.35,-5.48,0.082,12,1.7,-62.87,0.33657,6,7,44.33,2.15,0.54802,8,18.18,-19.03,0.03702,9,13.32,-14.32,0.02898,10,-20.36,-1.64,0.00061,11,-46.22,-0.65,0.09335,12,-3.35,-66.44,0.29202,6,7,41.46,2.35,0.56231,8,16.53,-16.67,0.04078,9,10.44,-14.39,0.02869,10,-22.61,0.15,0.00057,11,-48.43,1.19,0.09338,12,-5.33,-68.53,0.27426,6,7,39.66,1.9,0.57379,8,15.04,-15.56,0.04246,9,8.69,-15,0.02863,10,-24.35,0.8,0.00055,11,-50.15,1.88,0.09062,12,-6.11,-70.21,0.26395,6,7,42.41,-0.63,0.57032,8,14.81,-19.29,0.03589,9,11.66,-17.27,0.0296,10,-23.53,-2.84,0.00059,11,-49.41,-1.79,0.0807,12,-2.41,-69.69,0.2829,6,7,43.97,-4.84,0.58047,8,12.52,-23.15,0.02864,9,13.6,-21.32,0.03097,10,-24.64,-7.19,0.00062,11,-50.61,-6.11,0.06338,12,1.83,-71.15,0.29592,6,7,41.75,-7.8,0.60516,8,8.83,-23.29,0.02752,9,11.66,-24.47,0.03172,10,-28.14,-8.36,0.0006,11,-54.14,-7.21,0.05068,12,2.71,-74.74,0.28433,6,7,39.96,-9.62,0.62324,8,6.28,-23.04,0.02643,9,10.05,-26.45,0.03289,10,-30.65,-8.85,0.00056,11,-56.66,-7.64,0.0479,12,2.99,-77.28,0.26897,6,7,36.01,-9.76,0.64459,8,3.69,-20.06,0.0313,9,6.13,-26.94,0.03243,10,-33.98,-6.71,0.00052,11,-59.94,-5.43,0.04497,12,0.59,-80.42,0.24618,6,7,32.89,-7.93,0.65291,8,3.14,-16.48,0.03778,9,2.85,-25.42,0.03136,10,-35.51,-3.44,0.00048,11,-61.4,-2.12,0.04984,12,-2.8,-81.68,0.22763,6,7,32.06,-5.66,0.6472,8,4.39,-14.41,0.04192,9,1.82,-23.23,0.03042,10,-34.9,-1.1,0.00047,11,-60.74,0.2,0.05779,12,-5.08,-80.89,0.22221,6,7,34.8,-3.78,0.62442,8,7.57,-15.35,0.04104,9,4.37,-21.1,0.03003,10,-31.58,-1.1,0.0005,11,-57.42,0.13,0.06615,12,-4.8,-77.57,0.23786,6,7,37.61,-4.21,0.61144,8,9,-17.81,0.0371,9,7.21,-21.28,0.03036,10,-29.51,-3.06,0.00054,11,-55.4,-1.87,0.06488,12,-2.69,-75.67,0.25568,6,7,37.84,-1.91,0.60011,8,10.94,-16.54,0.03976,9,7.23,-18.96,0.02967,10,-28.01,-1.3,0.00054,11,-53.86,-0.15,0.07449,12,-4.32,-74.03,0.25543,6,7,36.06,-1.37,0.60721,8,10.23,-14.82,0.04262,9,5.4,-18.59,0.02937,10,-29.17,0.16,0.00051,11,-54.99,1.33,0.07622,12,-5.87,-75.08,0.24406,6,7,33.05,-3.91,0.63426,8,6.37,-14.08,0.04303,9,2.64,-21.4,0.02991,10,-33.09,-0.22,0.00048,11,-58.92,1.04,0.06494,12,-5.81,-79.01,0.22739,6,7,31.11,-5.65,0.65215,8,3.79,-13.66,0.04315,9,0.87,-23.31,0.0303,10,-35.68,-0.55,0.00045,11,-61.51,0.77,0.05725,12,-5.69,-81.62,0.2167,6,7,30.42,-9.56,0.67343,8,0.33,-15.59,0.03813,9,0.55,-27.26,0.03212,10,-38.46,-3.37,0.00044,11,-64.35,-2,0.0456,12,-3.1,-84.62,0.21028,6,7,25.82,-13.78,0.71748,8,-5.85,-14.67,0.03651,9,-3.65,-31.89,0.03452,10,-44.65,-4.24,0.00036,11,-70.56,-2.73,0.03708,12,-2.75,-90.86,0.17405,6,7,16.86,-16.12,0.775,8,-13.31,-9.18,0.0447,9,-12.36,-35.04,0.03431,10,-53.35,-1.07,0.00026,11,-79.19,0.63,0.02348,12,-6.62,-99.28,0.12226,5,7,-0.21,-15.84,0.86174,8,-23.83,4.26,0.06939,9,-29.38,-36.33,0.03001,10,-67.24,8.86,0.00008,12,-17.64,-112.3,0.03878,3,7,-7.39,-13.84,0.89025,8,-26.8,11.1,0.08184,9,-36.72,-35,0.02791,3,7,-9.62,-10.01,0.88346,8,-25.22,15.24,0.09216,9,-39.28,-31.39,0.02437,3,7,-14.56,-1.49,0.86837,8,-21.71,24.45,0.11514,9,-44.99,-23.36,0.01649,5,7,-6.59,-11.88,0.87648,8,-24.78,11.71,0.08484,9,-36.1,-32.98,0.02618,10,-70.24,15.74,0.00003,12,-24.75,-114.74,0.01247,6,7,-4.86,-8.88,0.85546,8,-21.35,12.26,0.08461,9,-34.65,-29.83,0.02701,10,-67.11,17.24,0.00002,11,-92.55,19.22,0.02415,12,-25.98,-111.49,0.00875,6,7,8.61,-13.02,0.803,8,-16.1,-0.82,0.06191,9,-20.86,-32.72,0.03013,10,-58.38,6.17,0.00019,11,-84.07,7.97,0.01604,12,-14.24,-103.7,0.08874,6,7,6.2,-9.12,0.79841,8,-14.58,3.51,0.07022,9,-23.62,-29.05,0.02845,10,-58.15,10.75,0.00015,11,-83.73,12.55,0.02954,12,-18.79,-103.09,0.07323,6,7,4.9,-13.31,0.82373,8,-18.65,1.88,0.06626,9,-24.52,-33.35,0.02976,10,-61.6,8.04,0.00014,11,-87.24,9.91,0.01273,12,-16.36,-106.75,0.06738],"hull":61}},"hair_R":{"hair_R":{"type":"mesh","uvs":[0.37139,0.09852,0.45522,0.20039,0.62909,0.23096,0.84642,0.15965,0.86195,0.2386,0.85884,0.42197,1,0.51621,0.90231,0.56969,0.85574,0.54168,0.86775,0.58128,0.94897,0.63893,1,0.70684,1,0.73631,0.96771,0.76322,0.92398,0.69275,0.92242,0.77987,0.94116,0.84265,0.88806,0.90928,0.79434,0.86315,0.77716,0.82215,0.68188,0.92081,0.62253,0.88365,0.55693,0.90415,0.68813,0.9695,0.64441,0.97975,0.55381,0.97206,0.45541,0.92081,0.45853,0.8465,0.38512,0.87981,0.31328,0.87981,0.36482,0.83497,0.38044,0.80293,0.27111,0.76706,0.1852,0.75809,0.1321,0.69403,0.11023,0.58128,0.15552,0.45059,0.15709,0.32887,0.13834,0.21228,0.07587,0.14566,0,0.12516,0,0,0.23168,0],"triangles":[20,21,19,17,18,16,19,21,8,18,15,16,18,19,15,8,21,27,14,15,19,9,19,8,31,2,8,14,19,9,12,13,11,13,14,11,14,10,11,14,9,10,7,8,6,8,5,6,8,2,5,23,24,22,24,25,22,25,26,22,26,27,22,22,27,21,29,30,28,28,30,27,30,31,27,8,27,31,36,31,32,35,32,34,36,32,35,32,33,34,31,1,2,1,31,36,1,36,37,5,2,4,1,38,0,1,37,38,2,3,4,38,42,0,38,39,42,42,39,41,39,40,41],"vertices":[2,13,-7.67,12.76,0.99989,16,-29.83,53.32,0.00011,4,13,7.76,15.79,0.94434,15,-20.81,15.71,0.02088,16,-17.35,43.73,0.02648,17,-46.46,34.74,0.00829,4,13,18.48,31.08,0.50096,15,-10.15,31.04,0.19917,16,1.2,45.8,0.19618,17,-28.75,40.66,0.10368,4,13,18.97,55.65,0.32585,15,-9.76,55.62,0.20421,16,19.97,61.67,0.27641,17,-13.75,60.12,0.19353,4,13,28.91,53.22,0.30886,15,0.19,53.22,0.20318,16,24.71,52.6,0.27877,17,-7.21,52.25,0.20919,4,13,50.4,43.77,0.10556,15,21.72,43.85,0.12193,16,31.82,30.23,0.24167,17,4.45,31.88,0.53084,4,13,67.28,52.72,0.02729,15,38.57,52.87,0.04144,16,49.7,23.47,0.10798,17,23.35,29.03,0.82329,4,13,69.59,40.61,0.02694,15,40.92,40.76,0.04149,16,42.13,13.73,0.10944,17,18,17.92,0.82213,4,13,64.38,37.5,0.02608,15,35.73,37.64,0.04135,16,36.36,15.59,0.11329,17,11.97,18.52,0.81928,4,13,69.54,36.69,0.00815,15,40.89,36.84,0.01353,16,39.16,11.18,0.03199,17,15.63,14.8,0.94633,3,13,79.66,41.66,0.0001,15,50.99,41.86,0.0001,17,26.73,12.78,0.9998,1,17,35.76,8.03,1,1,17,37.68,4.78,1,1,17,36.52,0.09,1,1,17,27.97,5.52,1,2,16,52.64,-11.12,0.00026,17,33.51,-4.16,0.99974,1,17,39.29,-10.08,1,2,16,54.46,-27.98,0.00001,17,38.83,-20.26,0.99999,2,16,43.25,-25.49,0.02991,17,27.35,-20.18,0.97009,2,16,39.88,-21.08,0.10269,17,23.13,-16.58,0.89731,2,16,34.39,-36.22,0.35577,17,20.94,-32.54,0.64423,3,15,66.65,-1.85,0.00221,16,26.97,-33.68,0.44655,17,13.16,-31.62,0.55124,3,15,66.41,-9.22,0.00666,16,21.26,-38.35,0.59634,17,8.56,-37.38,0.39699,3,15,79.44,0.26,0,16,36.98,-41.93,0.62807,17,24.68,-37.58,0.37193,2,16,33.04,-44.62,0.62736,17,21.39,-41.04,0.37264,3,15,74.3,-12.88,0.00115,16,23.7,-46.7,0.62271,17,12.7,-45.03,0.37613,3,15,64.26,-19.88,0.01433,16,11.83,-43.74,0.62792,17,0.47,-44.64,0.35775,3,15,55.61,-15.9,0.07428,16,9.13,-34.61,0.65326,17,-4.09,-36.29,0.27246,3,15,56.57,-24.66,0.12541,16,3.17,-41.1,0.68993,17,-8.56,-43.88,0.18466,3,15,53.66,-31.62,0.12365,16,-3.99,-43.48,0.69807,17,-15.05,-47.72,0.17828,3,15,50.45,-24.41,0.14015,16,-0.67,-36.33,0.68103,17,-13.31,-40.02,0.17882,3,15,47.3,-21.31,0.21514,16,-0.41,-31.92,0.639,17,-13.99,-35.66,0.14586,4,13,67.03,-30.28,0.00006,15,38.63,-30.13,0.57685,16,-12.76,-31.19,0.39652,17,-26.2,-37.54,0.02658,4,13,62.46,-38.14,0.00288,15,34.09,-38.01,0.71215,16,-21.68,-32.95,0.28009,17,-34.55,-41.14,0.00488,4,13,52.74,-40.08,0.01754,15,24.37,-39.98,0.78305,16,-29.56,-26.94,0.19918,17,-43.53,-36.92,0.00023,4,13,38.55,-36.57,0.09395,15,10.18,-36.53,0.82725,16,-36.3,-13.97,0.0788,17,-52.84,-25.66,0,3,13,25,-25.67,0.43443,15,-3.42,-25.68,0.56169,16,-37.08,3.4,0.00388,2,13,10.71,-19.45,0.90233,15,-17.73,-19.52,0.09767,2,13,-3.8,-15.45,0.99968,15,-32.25,-15.57,0.00032,2,13,-14.21,-18.16,1,17,-84.32,20.51,0,2,13,-19.73,-24.48,1,17,-92.51,18.71,0,2,13,-34.48,-18.24,1,17,-100.66,32.5,0,2,13,-25,4.17,1,17,-79.72,44.88,0],"hull":43}},"hair_R1":{"hair_R1":{"type":"mesh","uvs":[0.45424,0.03467,0.572,0.09472,0.80317,0.16512,0.8686,0.34113,0.76828,0.49851,0.58509,0.59583,0.572,0.67037,0.69413,0.7532,0.91658,0.85467,1,0.90022,1,0.96441,0.88168,1,0.68977,1,0.84243,0.93128,0.81626,0.8878,0.66796,0.82982,0.58509,0.83189,0.37137,0.74492,0.33211,0.68487,0.34956,0.55442,0.44115,0.45709,0.46732,0.40739,0.4019,0.3577,0.27977,0.25623,0.24924,0.12992,0.1402,0.06987,0,0.03881,0,0,0.33211,0],"triangles":[17,18,6,7,16,6,15,16,7,17,6,16,14,15,7,8,14,7,13,14,8,8,9,10,11,13,8,10,11,8,12,13,11,4,2,3,4,21,2,5,21,4,20,21,5,19,20,5,6,19,5,18,19,6,25,26,27,28,25,27,24,25,28,0,23,24,0,24,28,22,23,0,22,0,1,21,22,1,2,21,1],"vertices":[1,14,7.9,8.35,1,1,14,15.79,10.25,1,2,14,27.2,16.3,0.99163,18,-21.71,-1.5,0.00837,2,14,43.89,10.42,0.40167,18,-6.76,7.95,0.59833,1,18,9.45,9.5,1,2,18,21.63,5.18,0.9816,19,0.47,12.75,0.0184,2,18,28.69,7.41,0.45636,19,5.17,7.03,0.54364,2,18,34.1,15.83,0.00058,19,15,5.14,0.99942,1,19,29.5,5.2,1,1,19,35.45,4.7,1,1,19,39.87,0.13,1,1,19,38.34,-6.27,1,1,19,31.86,-12.55,1,1,19,32.27,-2.67,1,1,19,28.39,-0.43,1,1,19,19.4,-1.16,1,1,19,16.74,-4.02,1,1,19,3.54,-4.83,1,2,18,34.29,-2.48,0.62665,19,-1.93,-1.85,0.37335,1,18,22.03,-6.62,1,2,14,44.03,-12.72,0.06345,18,11.48,-6.29,0.93655,2,14,40.35,-9.23,0.46476,18,6.47,-7.01,0.53524,2,14,34.55,-9.49,0.94047,18,3.08,-11.72,0.05953,1,14,22.98,-9.56,1,1,14,11.38,-4.68,1,1,14,3.69,-6.22,1,1,14,-2.23,-10.45,1,1,14,-5.57,-8.57,1,1,14,2.09,5.03,1],"hull":29}},"hand_L1":{"hand_L1":{"x":37.46,"y":5.58,"rotation":107.71,"width":58,"height":104}},"hand_L2":{"hand_L2":{"type":"mesh","uvs":[0.21998,0.01247,0.33621,0.19911,0.41268,0.21861,0.41574,0.24229,0.55339,0.24299,0.55645,0.2604,0.51974,0.28199,0.43715,0.29104,0.45856,0.3182,0.53503,0.32377,0.55951,0.33561,0.68492,0.3391,0.78892,0.39551,0.79197,0.46724,0.69715,0.50484,0.69715,0.53479,0.66278,0.54925,0.73617,0.66973,0.87909,0.76999,1,0.8945,0.8883,0.98445,0.62105,1,0.43966,0.96642,0.2395,0.89948,0.20197,0.66878,0.17303,0.54939,0.1942,0.52849,0.08479,0.45698,0,0.3935,0,0.34528,0.06479,0.322,0.08941,0.28766,0.05863,0.2393,0.10481,0.20075,0,0.02919,0,0.01317,0,0,0.06704,0,0.16186,0,0.3445,0.56933,0.52309,0.56933,0.30978,0.69922,0.50325,0.71955,0.66695,0.69922,0.43876,0.56933,0.32,0.38743,0.37206,0.46718,0.5975,0.47446],"triangles":[40,47,16,47,40,46,25,26,39,39,26,46,15,16,14,14,16,47,26,45,46,26,27,45,47,11,14,14,12,13,14,11,12,46,8,47,8,9,47,9,10,47,47,10,11,46,45,8,45,27,29,27,28,29,29,30,45,30,31,45,31,33,45,1,45,0,45,38,0,45,7,8,45,3,7,3,1,2,3,45,1,37,38,45,7,3,6,31,32,33,6,4,5,6,3,4,34,37,33,45,33,37,34,35,37,35,36,37,21,18,20,21,43,18,43,17,18,22,42,21,21,42,43,20,18,19,23,41,22,22,41,42,23,24,41,41,44,42,42,40,43,42,44,40,40,16,43,43,16,17,41,39,44,41,24,39,24,25,39,39,46,44,40,44,46],"vertices":[1,22,122.01,-5.75,1,1,22,79.79,-6.35,1,1,22,74.97,-9.66,1,1,22,69.68,-9.15,1,1,22,68.64,-16.09,1,1,22,64.76,-15.76,1,1,22,60.19,-13.29,1,1,22,58.71,-8.85,1,1,22,52.54,-9.17,1,1,22,50.81,-12.88,1,1,22,48.02,-13.78,1,1,22,46.44,-20.03,1,1,22,33.24,-23.7,1,1,22,17.28,-21.82,1,2,21,105.43,-15.9,0.02185,22,9.53,-15.96,0.97815,2,21,98.77,-15.1,0.16167,22,2.88,-15.11,0.83833,2,21,95.76,-12.97,0.34234,22,-0.11,-12.97,0.65766,1,21,68.52,-13.44,1,1,21,45.35,-17.98,1,1,21,16.92,-20.76,1,1,21,-2.4,-12.68,1,1,21,-4.22,1.27,1,1,21,4.36,9.55,1,1,21,20.47,17.88,1,1,21,72,13.58,1,2,21,98.73,11.83,0.35932,22,3.01,11.81,0.64068,2,21,103.25,10.2,0.09344,22,7.51,10.15,0.90656,1,22,24.11,13.66,1,1,22,38.76,16.16,1,1,22,49.48,14.8,1,1,22,54.23,10.86,1,1,22,61.71,8.64,1,1,22,72.65,8.83,1,1,22,80.92,5.41,1,1,22,119.72,5.86,1,1,22,123.27,5.4,1,1,22,126.2,5.03,1,1,22,125.77,1.64,1,1,22,125.16,-3.16,1,2,21,93.24,3.69,0.822,22,-2.53,3.7,0.178,2,21,92.15,-5.36,0.7492,22,-3.68,-5.33,0.2508,1,21,64.57,8.94,1,1,21,58.87,-0.31,1,1,21,62.39,-9.15,1,1,21,92.67,-1.09,1,1,22,38.05,-0.2,1,1,22,20,-0.58,1,1,22,16.93,-11.78,1],"hull":39}},"hand_R1":{"hand_R1":{"x":52.93,"y":2.21,"rotation":80.54,"width":65,"height":128}},"hat":{"hat":{"x":26.23,"y":23.59,"rotation":112.38,"width":149,"height":79}},"star1":{"star1":{"x":22.06,"y":1.12,"rotation":-133.23,"width":66,"height":64}},"star2":{"star2":{"x":25.71,"y":-0.18,"rotation":-35.22,"width":66,"height":64}},"star3":{"star1":{"x":22.06,"y":1.12,"rotation":-133.23,"width":66,"height":64}},"star4":{"star2":{"x":25.71,"y":-0.18,"rotation":-35.22,"width":66,"height":64}},"text":{"text":{"x":12.27,"y":-4.87,"rotation":-0.47,"width":190,"height":47}}}},"animations":{"animation":{"bones":{"root":{"rotate":[{"time":0,"angle":0,"curve":"stepped"},{"time":1.5,"angle":0}],"translate":[{"time":0,"x":0,"y":0,"curve":"stepped"},{"time":1.5,"x":0,"y":0}],"scale":[{"time":0,"x":1,"y":1,"curve":"stepped"},{"time":1.5,"x":1,"y":1}]},"bg":{"rotate":[{"time":0,"angle":0,"curve":"stepped"},{"time":1.5,"angle":0}],"translate":[{"time":0,"x":0,"y":0,"curve":"stepped"},{"time":1.5,"x":0,"y":0}],"scale":[{"time":0,"x":1,"y":1,"curve":"stepped"},{"time":1.5,"x":1,"y":1}]},"body":{"rotate":[{"time":0,"angle":0,"curve":"stepped"},{"time":1.5,"angle":0}],"translate":[{"time":0,"x":0,"y":0},{"time":0.7333,"x":0,"y":2.7},{"time":1.5,"x":0,"y":0}],"scale":[{"time":0,"x":1,"y":1,"curve":"stepped"},{"time":1.5,"x":1,"y":1}]},"body2":{"rotate":[{"time":0,"angle":0,"curve":"stepped"},{"time":1.5,"angle":0}],"translate":[{"time":0,"x":0,"y":0},{"time":0.7333,"x":-0.63,"y":1.37},{"time":1.5,"x":0,"y":0}],"scale":[{"time":0,"x":1,"y":1,"curve":"stepped"},{"time":1.5,"x":1,"y":1}]},"body3":{"rotate":[{"time":0,"angle":0,"curve":"stepped"},{"time":1.5,"angle":0}],"translate":[{"time":0,"x":0,"y":0},{"time":0.7333,"x":-1.85,"y":-7.05},{"time":1.5,"x":0,"y":0}],"scale":[{"time":0,"x":1,"y":1,"curve":"stepped"},{"time":1.5,"x":1,"y":1}]},"hand_L1":{"rotate":[{"time":0,"angle":0},{"time":0.7333,"angle":-3.77},{"time":1.5,"angle":0}],"translate":[{"time":0,"x":0,"y":0},{"time":0.7333,"x":-0.14,"y":-4.73},{"time":1.5,"x":0,"y":0}],"scale":[{"time":0,"x":1,"y":1,"curve":"stepped"},{"time":1.5,"x":1,"y":1}]},"hand_L3":{"rotate":[{"time":0,"angle":0.06},{"time":0.7333,"angle":5.17},{"time":1.5,"angle":0.06}],"translate":[{"time":0,"x":0,"y":0,"curve":"stepped"},{"time":1.5,"x":0,"y":0}],"scale":[{"time":0,"x":1,"y":1,"curve":"stepped"},{"time":1.5,"x":1,"y":1}]},"hand_R1":{"rotate":[{"time":0,"angle":0,"curve":"stepped"},{"time":1.5,"angle":0}],"translate":[{"time":0,"x":0,"y":0,"curve":"stepped"},{"time":1.5,"x":0,"y":0}],"scale":[{"time":0,"x":1,"y":1,"curve":"stepped"},{"time":1.5,"x":1,"y":1}]},"face":{"rotate":[{"time":0,"angle":0,"curve":"stepped"},{"time":1.5,"angle":0}],"translate":[{"time":0,"x":0,"y":0,"curve":"stepped"},{"time":1.5,"x":0,"y":0}],"scale":[{"time":0,"x":1,"y":1,"curve":"stepped"},{"time":1.5,"x":1,"y":1}]},"hat":{"rotate":[{"time":0,"angle":0},{"time":0.7333,"angle":-2.67},{"time":1.5,"angle":0}],"translate":[{"time":0,"x":0,"y":0},{"time":0.7333,"x":0.87,"y":-1.79},{"time":1.5,"x":0,"y":0}],"scale":[{"time":0,"x":1,"y":1,"curve":"stepped"},{"time":1.5,"x":1,"y":1}]},"hair_R":{"rotate":[{"time":0,"angle":0},{"time":0.7333,"angle":1.49},{"time":1.5,"angle":0}],"translate":[{"time":0,"x":0,"y":0,"curve":"stepped"},{"time":1.5,"x":0,"y":0}],"scale":[{"time":0,"x":1,"y":1,"curve":"stepped"},{"time":1.5,"x":1,"y":1}]},"hair_R2":{"rotate":[{"time":0,"angle":0},{"time":0.7333,"angle":1.49},{"time":1.5,"angle":0}],"translate":[{"time":0,"x":0,"y":0,"curve":"stepped"},{"time":1.5,"x":0,"y":0}],"scale":[{"time":0,"x":1,"y":1,"curve":"stepped"},{"time":1.5,"x":1,"y":1}]},"hair_R3":{"rotate":[{"time":0,"angle":0},{"time":0.7333,"angle":1.49},{"time":1.5,"angle":0}],"translate":[{"time":0,"x":0,"y":0,"curve":"stepped"},{"time":1.5,"x":0,"y":0}],"scale":[{"time":0,"x":1,"y":1,"curve":"stepped"},{"time":1.5,"x":1,"y":1}]},"hair_R4":{"rotate":[{"time":0,"angle":0},{"time":0.7333,"angle":1.49},{"time":1.5,"angle":0}],"translate":[{"time":0,"x":0,"y":0,"curve":"stepped"},{"time":1.5,"x":0,"y":0}],"scale":[{"time":0,"x":1,"y":1,"curve":"stepped"},{"time":1.5,"x":1,"y":1}]},"hair_L":{"rotate":[{"time":0,"angle":0},{"time":0.7333,"angle":-3.5},{"time":1.5,"angle":0}],"translate":[{"time":0,"x":0,"y":0},{"time":0.7333,"x":0.31,"y":-0.38},{"time":1.5,"x":0,"y":0}],"scale":[{"time":0,"x":1,"y":1,"curve":"stepped"},{"time":1.5,"x":1,"y":1}]},"hair_L2":{"rotate":[{"time":0,"angle":0},{"time":0.7333,"angle":10.1},{"time":1.5,"angle":0}],"translate":[{"time":0,"x":0,"y":0,"curve":"stepped"},{"time":1.5,"x":0,"y":0}],"scale":[{"time":0,"x":1,"y":1,"curve":"stepped"},{"time":1.5,"x":1,"y":1}]},"hair_L3":{"rotate":[{"time":0,"angle":0},{"time":0.7333,"angle":-6.74},{"time":1.5,"angle":0}],"translate":[{"time":0,"x":0,"y":0,"curve":"stepped"},{"time":1.5,"x":0,"y":0}],"scale":[{"time":0,"x":1,"y":1,"curve":"stepped"},{"time":1.5,"x":1,"y":1}]},"hair_L4":{"rotate":[{"time":0,"angle":0},{"time":0.7333,"angle":-29.19},{"time":1.5,"angle":0}],"translate":[{"time":0,"x":0,"y":0,"curve":"stepped"},{"time":1.5,"x":0,"y":0}],"scale":[{"time":0,"x":1,"y":1,"curve":"stepped"},{"time":1.5,"x":1,"y":1}]},"hair_L5":{"rotate":[{"time":0,"angle":0},{"time":0.7333,"angle":6.64},{"time":1.5,"angle":0}],"translate":[{"time":0,"x":0,"y":0,"curve":"stepped"},{"time":1.5,"x":0,"y":0}],"scale":[{"time":0,"x":1,"y":1,"curve":"stepped"},{"time":1.5,"x":1,"y":1}]},"hair_L6":{"rotate":[{"time":0,"angle":0},{"time":0.7333,"angle":-5.57},{"time":1.5,"angle":0}],"translate":[{"time":0,"x":0,"y":0,"curve":"stepped"},{"time":1.5,"x":0,"y":0}],"scale":[{"time":0,"x":1,"y":1,"curve":"stepped"},{"time":1.5,"x":1,"y":1}]},"hair_R1":{"rotate":[{"time":0,"angle":0},{"time":0.7333,"angle":3.19},{"time":1.5,"angle":0}],"translate":[{"time":0,"x":0,"y":0,"curve":"stepped"},{"time":1.5,"x":0,"y":0}],"scale":[{"time":0,"x":1,"y":1,"curve":"stepped"},{"time":1.5,"x":1,"y":1}]},"hair_R5":{"rotate":[{"time":0,"angle":0},{"time":0.7333,"angle":3.19},{"time":1.5,"angle":0}],"translate":[{"time":0,"x":0,"y":0,"curve":"stepped"},{"time":1.5,"x":0,"y":0}],"scale":[{"time":0,"x":1,"y":1,"curve":"stepped"},{"time":1.5,"x":1,"y":1}]},"hair_R6":{"rotate":[{"time":0,"angle":0},{"time":0.7333,"angle":3.19},{"time":1.5,"angle":0}],"translate":[{"time":0,"x":0,"y":0,"curve":"stepped"},{"time":1.5,"x":0,"y":0}],"scale":[{"time":0,"x":1,"y":1,"curve":"stepped"},{"time":1.5,"x":1,"y":1}]},"hand_L4":{"rotate":[{"time":0,"angle":-13.02},{"time":0.7333,"angle":-6},{"time":1.5,"angle":-13.02}],"translate":[{"time":0,"x":0,"y":0,"curve":"stepped"},{"time":1.5,"x":0,"y":0}],"scale":[{"time":0,"x":1,"y":1,"curve":"stepped"},{"time":1.5,"x":1,"y":1}]},"board":{"rotate":[{"time":0,"angle":0,"curve":"stepped"},{"time":1.5,"angle":0}],"translate":[{"time":0,"x":0,"y":0},{"time":0.7333,"x":0.29,"y":4.09},{"time":1.5,"x":0,"y":0}],"scale":[{"time":0,"x":1,"y":1,"curve":"stepped"},{"time":1.5,"x":1,"y":1}]},"star1":{"rotate":[{"time":0,"angle":0,"curve":"stepped"},{"time":1.5,"angle":0}],"translate":[{"time":0,"x":0,"y":0},{"time":0.7333,"x":-0.37,"y":-4.61},{"time":1.5,"x":0,"y":0}],"scale":[{"time":0,"x":1,"y":1},{"time":0.7333,"x":0.909,"y":0.909},{"time":1.5,"x":1,"y":1}]},"star2":{"rotate":[{"time":0,"angle":0,"curve":"stepped"},{"time":1.5,"angle":0}],"translate":[{"time":0,"x":0,"y":0},{"time":0.7333,"x":-2.11,"y":3.9},{"time":1.5,"x":0,"y":0}],"scale":[{"time":0,"x":1,"y":1},{"time":0.7333,"x":0.932,"y":0.932},{"time":1.5,"x":1,"y":1}]},"star3":{"rotate":[{"time":0,"angle":0,"curve":"stepped"},{"time":1.5,"angle":0}],"translate":[{"time":0,"x":0,"y":0},{"time":0.7333,"x":0.87,"y":1.58},{"time":1.5,"x":0,"y":0}],"scale":[{"time":0,"x":1,"y":1},{"time":0.7333,"x":1.161,"y":1.161},{"time":1.5,"x":1,"y":1}]},"star4":{"rotate":[{"time":0,"angle":0,"curve":"stepped"},{"time":1.5,"angle":0}],"translate":[{"time":0,"x":0,"y":0},{"time":0.7333,"x":1.45,"y":-13.52},{"time":1.5,"x":0,"y":0}],"scale":[{"time":0,"x":1,"y":1},{"time":0.7333,"x":1.176,"y":1.176},{"time":1.5,"x":1,"y":1}]},"text":{"rotate":[{"time":0,"angle":0,"curve":"stepped"},{"time":1.5,"angle":0}],"translate":[{"time":0,"x":0,"y":0},{"time":0.7333,"x":1.81,"y":0.06},{"time":1.5,"x":0,"y":0}],"scale":[{"time":0,"x":1,"y":1,"curve":"stepped"},{"time":1.5,"x":1,"y":1}]}}}}},"_atlasText":"\ncowboy_ani.png\nsize: 550,549\nformat: RGBA8888\nfilter: Linear,Linear\nrepeat: none\nbg\n  rotate: false\n  xy: 1, 66\n  size: 251, 482\n  orig: 251, 482\n  offset: 0, 0\n  index: -1\nboard\n  rotate: false\n  xy: 253, 404\n  size: 249, 144\n  orig: 249, 144\n  offset: 0, 0\n  index: -1\nbody\n  rotate: false\n  xy: 324, 143\n  size: 123, 132\n  orig: 123, 132\n  offset: 0, 0\n  index: -1\nface\n  rotate: true\n  xy: 403, 284\n  size: 71, 81\n  orig: 71, 82\n  offset: 0, 1\n  index: -1\nhair_L\n  rotate: false\n  xy: 253, 141\n  size: 70, 134\n  orig: 70, 134\n  offset: 0, 0\n  index: -1\nhair_R\n  rotate: false\n  xy: 253, 12\n  size: 105, 128\n  orig: 105, 128\n  offset: 0, 0\n  index: -1\nhair_R1\n  rotate: true\n  xy: 444, 356\n  size: 47, 99\n  orig: 47, 99\n  offset: 0, 0\n  index: -1\nhand_L1\n  rotate: false\n  xy: 425, 38\n  size: 58, 104\n  orig: 58, 104\n  offset: 0, 0\n  index: -1\nhand_L2\n  rotate: true\n  xy: 1, 14\n  size: 51, 224\n  orig: 51, 224\n  offset: 0, 0\n  index: -1\nhand_R1\n  rotate: false\n  xy: 359, 14\n  size: 65, 128\n  orig: 65, 128\n  offset: 0, 0\n  index: -1\nhat\n  rotate: false\n  xy: 253, 276\n  size: 149, 79\n  orig: 149, 79\n  offset: 0, 0\n  index: -1\nstar1\n  rotate: true\n  xy: 485, 289\n  size: 66, 64\n  orig: 66, 64\n  offset: 0, 0\n  index: -1\nstar2\n  rotate: true\n  xy: 485, 222\n  size: 66, 64\n  orig: 66, 64\n  offset: 0, 0\n  index: -1\ntext\n  rotate: false\n  xy: 253, 356\n  size: 190, 47\n  orig: 190, 47\n  offset: 0, 0\n  index: -1\n","textures":[{"__uuid__":"32bxS1YSND3Yku6EmW4kBV"}],"textureNames":["cowboy_ani.png"]}