{"__type__":"dragonBones.DragonBonesAtlasAsset","_name":"kyby_jihuo_tex","_atlasJson":"{\"width\":256,\"SubTexture\":[{\"width\":88,\"y\":113,\"height\":88,\"name\":\"kyby_zhujiemian_pic_iconkuang4\",\"x\":1},{\"width\":88,\"y\":113,\"height\":88,\"name\":\"kyby_zhujiemian_pic_iconkuang3\",\"x\":91},{\"frameY\":0,\"y\":1,\"frameWidth\":88,\"frameHeight\":88,\"width\":84,\"height\":84,\"name\":\"quan1\",\"frameX\":0,\"x\":113},{\"frameY\":0,\"y\":1,\"frameWidth\":114,\"frameHeight\":114,\"width\":110,\"height\":110,\"name\":\"quan2\",\"frameX\":0,\"x\":1}],\"height\":256,\"name\":\"kyby_jihuo\",\"imagePath\":\"kyby_jihuo_tex.png\"}","_texture":{"__uuid__":"9bIdXyJ7dKnZPAixfQlelw"},"texture":{"__uuid__":"9bIdXyJ7dKnZPAixfQlelw"}}