{"__type__":"dragonBones.DragonBonesAsset","_name":"kyby_zidan1-hit_ske","_dragonBonesJson":"{\"frameRate\":24,\"name\":\"kyby_zidan1-hit\",\"version\":\"5.5\",\"compatibleVersion\":\"5.5\",\"armature\":[{\"type\":\"Sheet\",\"frameRate\":24,\"name\":\"kyby_zidan1-hit\",\"aabb\":{\"x\":-153,\"y\":-153.5,\"width\":306,\"height\":307},\"bone\":[{\"name\":\"root\"}],\"slot\":[{\"displayIndex\":16,\"name\":\"sheetSlot\",\"parent\":\"root\"}],\"skin\":[{\"slot\":[{\"name\":\"sheetSlot\",\"display\":[{\"name\":\"出图_06\"},{\"name\":\"出图_07\"},{\"name\":\"出图_08\"},{\"name\":\"出图_09\"},{\"name\":\"出图_10\"},{\"name\":\"出图_11\"},{\"name\":\"出图_12\"},{\"name\":\"出图_13\"},{\"name\":\"出图_14\"},{\"name\":\"出图_15\"},{\"name\":\"出图_16\"},{\"name\":\"出图_17\"},{\"name\":\"出图_18\"},{\"name\":\"出图_19\"},{\"name\":\"出图_20\"},{\"name\":\"出图_21\"},{\"name\":\"出图_22\"}]}]}],\"animation\":[{\"duration\":17,\"playTimes\":0,\"name\":\"kyby_zidan1-hit\",\"slot\":[{\"name\":\"sheetSlot\",\"displayFrame\":[{},{\"value\":1},{\"value\":2},{\"value\":3},{\"value\":4},{\"value\":5},{\"value\":6},{\"value\":7},{\"value\":8},{\"value\":9},{\"value\":10},{\"value\":11},{\"value\":12},{\"value\":13},{\"value\":14},{\"value\":15},{\"value\":16}]}]}],\"defaultActions\":[{\"gotoAndPlay\":\"kyby_zidan1-hit\"}],\"canvas\":{\"width\":1280,\"height\":720}}]}"}