[{"__type__":"cc.Prefab","_name":"AngryBirds-item","data":{"__id__":1}},{"__type__":"cc.Node","_name":"AngryBirds-item","_children":[{"__id__":2}],"_components":[{"__type__":"efa70M1TdBLHa9pSAAOj37L","node":{"__id__":1},"icon":{"__id__":3}}],"_prefab":{"__type__":"cc.PrefabInfo","root":{"__id__":1},"asset":{"__uuid__":"4c5CYHoM1OK4xstQd+J4Ob"},"fileId":"76g0CbyehHZbpyzwwu1jYQ"},"_contentSize":{"__type__":"cc.Size","width":90,"height":90},"_trs":{"__type__":"TypedArray","ctor":"Float64Array","array":[0,45,0,0,0,0,1,1,1,1]}},{"__type__":"cc.Node","_name":"icon","_parent":{"__id__":1},"_components":[{"__id__":3}],"_prefab":{"__type__":"cc.PrefabInfo","root":{"__id__":1},"asset":{"__uuid__":"4c5CYHoM1OK4xstQd+J4Ob"},"fileId":"c3o8iBWrZMWKPG/n+lSFdk"},"_contentSize":{"__type__":"cc.Size","width":85,"height":85},"_trs":{"__type__":"TypedArray","ctor":"Float64Array","array":[0,0,0,0,0,0,1,0.9,0.9,1]}},{"__type__":"cc.Sprite","node":{"__id__":2},"_materials":[{"__uuid__":"ecpdLyjvZBwrvm+cedCcQy"}]}]