{"__type__":"dragonBones.DragonBonesAsset","_name":"kyby_shubiao_ske","_dragonBonesJson":"{\"frameRate\":24,\"name\":\"kyby_shubiao\",\"version\":\"5.5\",\"compatibleVersion\":\"5.5\",\"armature\":[{\"type\":\"Armature\",\"frameRate\":24,\"name\":\"kyby_shubiao\",\"aabb\":{\"x\":-99.5,\"y\":-93,\"width\":199,\"height\":186},\"bone\":[{\"name\":\"root\"},{\"name\":\"bone\",\"parent\":\"root\"}],\"slot\":[{\"displayIndex\":5,\"name\":\"quan0001\",\"parent\":\"bone\"}],\"skin\":[{\"slot\":[{\"name\":\"quan0001\",\"display\":[{\"name\":\"quan0006\"},{\"name\":\"quan0005\"},{\"name\":\"quan0004\"},{\"name\":\"quan0003\"},{\"name\":\"quan0002\"},{\"name\":\"quan0001\"}]}]}],\"animation\":[{\"duration\":23,\"name\":\"newAnimation\",\"slot\":[{\"name\":\"quan0001\",\"displayFrame\":[{\"duration\":3,\"value\":5},{\"duration\":3,\"value\":4},{\"duration\":4,\"value\":3},{\"duration\":4,\"value\":2},{\"duration\":4,\"value\":1},{\"duration\":5},{\"duration\":0,\"value\":-1}]}]}],\"defaultActions\":[{\"gotoAndPlay\":\"newAnimation\"}]}]}"}