{"__type__":"dragonBones.DragonBonesAtlasAsset","_name":"kyby_zidan3-hit_tex","_atlasJson":"{\"width\":2048,\"imagePath\":\"kyby_zidan3-hit_tex.png\",\"height\":1024,\"name\":\"kyby_zidan3-hit\",\"SubTexture\":[{\"frameHeight\":307,\"y\":505,\"frameX\":-53,\"width\":195,\"frameY\":-61,\"height\":190,\"name\":\"出图_23\",\"frameWidth\":306,\"x\":1761},{\"frameHeight\":307,\"y\":1,\"frameX\":-12,\"width\":285,\"frameY\":-10,\"height\":286,\"name\":\"出图_20\",\"frameWidth\":306,\"x\":1474},{\"frameHeight\":307,\"y\":1,\"frameX\":-12,\"width\":285,\"frameY\":0,\"height\":296,\"name\":\"出图_09\",\"frameWidth\":306,\"x\":906},{\"frameHeight\":307,\"y\":310,\"frameX\":0,\"width\":304,\"frameY\":0,\"height\":303,\"name\":\"出图_14\",\"frameWidth\":306,\"x\":1},{\"frameHeight\":307,\"y\":282,\"frameX\":-33,\"width\":240,\"frameY\":-31,\"height\":221,\"name\":\"出图_22\",\"frameWidth\":306,\"x\":1761},{\"frameHeight\":307,\"y\":597,\"frameX\":-10,\"width\":287,\"frameY\":-10,\"height\":286,\"name\":\"出图_19\",\"frameWidth\":306,\"x\":908},{\"frameHeight\":307,\"y\":289,\"frameX\":-65,\"width\":173,\"frameY\":-72,\"height\":167,\"name\":\"出图_25\",\"frameWidth\":306,\"x\":1481},{\"frameHeight\":307,\"y\":299,\"frameX\":-12,\"width\":285,\"frameY\":0,\"height\":296,\"name\":\"出图_08\",\"frameWidth\":306,\"x\":907},{\"frameHeight\":307,\"y\":615,\"frameX\":-2,\"width\":304,\"frameY\":-4,\"height\":303,\"name\":\"出图_13\",\"frameWidth\":306,\"x\":1},{\"frameHeight\":307,\"y\":300,\"frameX\":-4,\"width\":294,\"frameY\":-8,\"height\":296,\"name\":\"出图_18\",\"frameWidth\":306,\"x\":611},{\"frameHeight\":307,\"y\":1,\"frameX\":-12,\"width\":279,\"frameY\":0,\"height\":295,\"name\":\"出图_07\",\"frameWidth\":306,\"x\":1193},{\"frameHeight\":307,\"y\":1,\"frameX\":-5,\"width\":294,\"frameY\":0,\"height\":303,\"name\":\"出图_12\",\"frameWidth\":306,\"x\":309},{\"frameHeight\":307,\"y\":1,\"frameX\":-1,\"width\":299,\"frameY\":-10,\"height\":297,\"name\":\"出图_17\",\"frameWidth\":306,\"x\":605},{\"frameHeight\":307,\"y\":1,\"frameX\":-28,\"width\":245,\"frameY\":0,\"height\":279,\"name\":\"出图_06\",\"frameWidth\":306,\"x\":1761},{\"frameHeight\":307,\"y\":310,\"frameX\":-1,\"width\":302,\"frameY\":-3,\"height\":302,\"name\":\"出图_11\",\"frameWidth\":306,\"x\":307},{\"width\":306,\"y\":1,\"height\":307,\"name\":\"出图_16\",\"x\":1},{\"frameHeight\":307,\"y\":697,\"frameX\":-56,\"width\":191,\"frameY\":-63,\"height\":186,\"name\":\"出图_24\",\"frameWidth\":306,\"x\":1761},{\"frameHeight\":307,\"y\":298,\"frameX\":-12,\"width\":285,\"frameY\":-10,\"height\":286,\"name\":\"出图_21\",\"frameWidth\":306,\"x\":1194},{\"frameHeight\":307,\"y\":614,\"frameX\":-4,\"width\":294,\"frameY\":0,\"height\":302,\"name\":\"出图_10\",\"frameWidth\":306,\"x\":307},{\"frameHeight\":307,\"y\":614,\"frameX\":0,\"width\":303,\"frameY\":-10,\"height\":293,\"name\":\"出图_15\",\"frameWidth\":306,\"x\":603}]}","_texture":{"__uuid__":"467yIVVlpPsaJNUimKchUB"},"texture":{"__uuid__":"467yIVVlpPsaJNUimKchUB"}}