[{"__type__":"cc.SpriteFrame","content":{"name":"forestpartyResultZhengshuBig","texture":"e8Al+IyFNONpKZw9OYM4q+","rect":[0,0,121,119],"offset":[-3.5,4.5],"originalSize":[128,128],"capInsets":[0,0,0,0]}},{"__type__":"cc.BitmapFont","_name":"forestpartyResultZhengshuBig","spriteFrame":{"__uuid__":"48pvpxzq1K6q+jdTduidbt"},"fontSize":32,"_fntConfig":{"commonHeight":37,"fontSize":32,"atlasName":"forestpartyResultZhengshuBig.png","fontDefDictionary":{"43":{"rect":{"x":89,"y":77,"width":29,"height":32},"xOffset":0,"yOffset":4,"xAdvance":28},"44":{"rect":{"x":59,"y":78,"width":15,"height":22},"xOffset":0,"yOffset":18,"xAdvance":14},"46":{"rect":{"x":69,"y":105,"width":12,"height":14},"xOffset":0,"yOffset":22,"xAdvance":11},"48":{"rect":{"x":0,"y":39,"width":30,"height":39},"xOffset":0,"yOffset":0,"xAdvance":29},"49":{"rect":{"x":0,"y":78,"width":21,"height":39},"xOffset":0,"yOffset":0,"xAdvance":20},"50":{"rect":{"x":30,"y":39,"width":30,"height":38},"xOffset":0,"yOffset":0,"xAdvance":29},"51":{"rect":{"x":60,"y":39,"width":29,"height":39},"xOffset":0,"yOffset":0,"xAdvance":28},"52":{"rect":{"x":0,"y":0,"width":31,"height":39},"xOffset":0,"yOffset":0,"xAdvance":30},"53":{"rect":{"x":89,"y":39,"width":29,"height":38},"xOffset":0,"yOffset":0,"xAdvance":28},"54":{"rect":{"x":91,"y":0,"width":30,"height":39},"xOffset":0,"yOffset":0,"xAdvance":29},"55":{"rect":{"x":30,"y":77,"width":29,"height":38},"xOffset":0,"yOffset":0,"xAdvance":28},"56":{"rect":{"x":61,"y":0,"width":30,"height":39},"xOffset":0,"yOffset":0,"xAdvance":29},"57":{"rect":{"x":31,"y":0,"width":30,"height":39},"xOffset":0,"yOffset":0,"xAdvance":29}},"kerningDict":{}}}]