[{"__type__":"cc.SpriteFrame","content":{"name":"line_17","texture":"8dzuoMr1BMq4VjTQ9xckoV","rect":[795,910,241,118],"offset":[0,0],"originalSize":[241,118],"rotated":1,"capInsets":[0,0,0,0]}},{"__type__":"cc.SpriteFrame","content":{"name":"line_25","texture":"8dzuoMr1BMq4VjTQ9xckoV","rect":[222,1460,240,213],"offset":[0,0],"originalSize":[240,213],"capInsets":[0,0,0,0]}},{"__type__":"cc.SpriteFrame","content":{"name":"btn_plus","texture":"8dzuoMr1BMq4VjTQ9xckoV","rect":[356,1795,33,58],"offset":[0,0],"originalSize":[33,58],"rotated":1,"capInsets":[0,0,0,0]}},{"__type__":"cc.SpriteFrame","content":{"name":"line_18","texture":"8dzuoMr1BMq4VjTQ9xckoV","rect":[356,1848,239,116],"offset":[0,0],"originalSize":[239,116],"capInsets":[0,0,0,0]}},{"__type__":"cc.SpriteFrame","content":{"name":"icon_02","texture":"8dzuoMr1BMq4VjTQ9xckoV","rect":[917,1638,84,85],"offset":[0,0],"originalSize":[84,85],"capInsets":[0,0,0,0]}},{"__type__":"cc.SpriteFrame","content":{"name":"line_07","texture":"8dzuoMr1BMq4VjTQ9xckoV","rect":[575,529,240,211],"offset":[0,0],"originalSize":[240,211],"rotated":1,"capInsets":[0,0,0,0]}},{"__type__":"cc.SpriteFrame","content":{"name":"btn_spin","texture":"8dzuoMr1BMq4VjTQ9xckoV","rect":[1,1791,112,115],"offset":[0,0],"originalSize":[112,115],"capInsets":[0,0,0,0]}},{"__type__":"cc.SpriteFrame","content":{"name":"x02","texture":"8dzuoMr1BMq4VjTQ9xckoV","rect":[916,1331,78,59],"offset":[0,0],"originalSize":[78,59],"capInsets":[0,0,0,0]}},{"__type__":"cc.SpriteFrame","content":{"name":"line_02","texture":"8dzuoMr1BMq4VjTQ9xckoV","rect":[222,1675,241,118],"offset":[0,0],"originalSize":[241,118],"capInsets":[0,0,0,0]}},{"__type__":"cc.SpriteFrame","content":{"name":"line_06","texture":"8dzuoMr1BMq4VjTQ9xckoV","rect":[789,670,212,238],"offset":[0,0],"originalSize":[212,238],"capInsets":[0,0,0,0]}},{"__type__":"cc.SpriteFrame","content":{"name":"x5","texture":"8dzuoMr1BMq4VjTQ9xckoV","rect":[939,1013,78,60],"offset":[0,0],"originalSize":[78,60],"rotated":1,"capInsets":[0,0,0,0]}},{"__type__":"cc.SpriteFrame","content":{"name":"line_26","texture":"8dzuoMr1BMq4VjTQ9xckoV","rect":[822,1396,240,117],"offset":[0,0],"originalSize":[240,117],"rotated":1,"capInsets":[0,0,0,0]}},{"__type__":"cc.SpriteFrame","content":{"name":"btn_stop","texture":"8dzuoMr1BMq4VjTQ9xckoV","rect":[941,1392,64,62],"offset":[0,0],"originalSize":[64,62],"capInsets":[0,0,0,0]}},{"__type__":"cc.SpriteFrame","content":{"name":"icon_00","texture":"8dzuoMr1BMq4VjTQ9xckoV","rect":[930,1854,75,75],"offset":[0,0],"originalSize":[75,75],"capInsets":[0,0,0,0]}},{"__type__":"cc.SpriteFrame","content":{"name":"btn_minius","texture":"8dzuoMr1BMq4VjTQ9xckoV","rect":[751,432,34,57],"offset":[0,0],"originalSize":[34,57],"capInsets":[0,0,0,0]}},{"__type__":"cc.SpriteFrame","content":{"name":"btn_auto","texture":"8dzuoMr1BMq4VjTQ9xckoV","rect":[941,1093,64,62],"offset":[0,0],"originalSize":[64,62],"capInsets":[0,0,0,0]}},{"__type__":"cc.SpriteFrame","content":{"name":"help2","texture":"8dzuoMr1BMq4VjTQ9xckoV","rect":[1,1029,760,219],"offset":[0,0],"originalSize":[760,219],"rotated":1,"capInsets":[0,0,0,0]}},{"__type__":"cc.SpriteFrame","content":{"name":"line_10","texture":"8dzuoMr1BMq4VjTQ9xckoV","rect":[705,1736,237,116],"offset":[0,0],"originalSize":[237,116],"capInsets":[0,0,0,0]}},{"__type__":"cc.SpriteFrame","content":{"name":"icon_05","texture":"8dzuoMr1BMq4VjTQ9xckoV","rect":[916,1157,86,85],"offset":[0,0],"originalSize":[86,85],"capInsets":[0,0,0,0]}},{"__type__":"cc.SpriteFrame","content":{"name":"line_20","texture":"8dzuoMr1BMq4VjTQ9xckoV","rect":[583,1012,239,210],"offset":[0,0],"originalSize":[239,210],"rotated":1,"capInsets":[0,0,0,0]}},{"__type__":"cc.SpriteFrame","content":{"name":"x10","texture":"8dzuoMr1BMq4VjTQ9xckoV","rect":[939,910,101,60],"offset":[0,0],"originalSize":[101,60],"rotated":1,"capInsets":[0,0,0,0]}},{"__type__":"cc.SpriteAtlas","_name":"thienthu.plist","_spriteFrames":{"bg":{"__uuid__":"fdLZFXJnhDP6f1Nx94wt4y"},"btn_auto":{"__uuid__":"6a940gyXRKC5BAbN0E8RAW"},"btn_minius":{"__uuid__":"61uk+E3tBAN7HhvTUd8r2K"},"btn_plus":{"__uuid__":"138bNiGhNHDIvbksuXrbsg"},"btn_spin":{"__uuid__":"28fd5RrNFCNa9moFZhkDF2"},"btn_stop":{"__uuid__":"59fN2MUtZEVp5qmXhGmc4C"},"help1":{"__uuid__":"bc2M4+EvFBeK0u2lW2yu/P"},"help2":{"__uuid__":"6etvVBV5dEWIxxH2s1fZmq"},"icon_00":{"__uuid__":"5aKAwDFyNEy7vtQpNa0pm9"},"icon_01":{"__uuid__":"b4DnZmdUhFkpxgJqn9T/gh"},"icon_02":{"__uuid__":"22jobHR6tBHYFv92bIAA/M"},"icon_03":{"__uuid__":"b7oSGDoQREErMIo8ihdar6"},"icon_04":{"__uuid__":"d7It19SJFLT5VQSH37Wwe7"},"icon_05":{"__uuid__":"7bcAX7DR9GCZQyZUxkShDp"},"line_01":{"__uuid__":"ebQDDNSHpGToH7Z95x+qKE"},"line_02":{"__uuid__":"35EbHsF39OnJqiZF+pTrux"},"line_03":{"__uuid__":"cdFeF0DFxKjKfG0/4TV1HG"},"line_04":{"__uuid__":"cd74Yy8w9G4I5p0H9tPB+b"},"line_05":{"__uuid__":"bct8SnkCJK/YCN9P8Zplx1"},"line_06":{"__uuid__":"3bEObn/cdHaIUrfuC7Hz+u"},"line_07":{"__uuid__":"27PaUOsmRBgojWYNHLh/PC"},"line_08":{"__uuid__":"eefof8NVBGiJlB+ueGb6K4"},"line_09":{"__uuid__":"bf44vbJu1B05lEcg3a2Eal"},"line_10":{"__uuid__":"7amh9agH1NZIKa3n/79FyF"},"line_11":{"__uuid__":"ec26NCXaNKcqTeRbjc6D7i"},"line_12":{"__uuid__":"92hLmYzjdBAaKh8OmNreL3"},"line_13":{"__uuid__":"ccCKjPMF9MlazQOMDwCVz9"},"line_15":{"__uuid__":"8c8hZANVBCPoPFR5e9lFPQ"},"line_16":{"__uuid__":"afNm/YD5FMWrNtWZFjsNSn"},"line_17":{"__uuid__":"01JJRhefpMra1i0SkJHh5x"},"line_18":{"__uuid__":"1foNtPOntH14Ou5qQ6cVk0"},"line_19":{"__uuid__":"bdlObzwdRDhIt1debJD3Mq"},"line_20":{"__uuid__":"801nriA/NItY3o1Xwqe2IN"},"line_21":{"__uuid__":"adPlusNjtJB5F2geKvTnzn"},"line_22":{"__uuid__":"fe+oZyfU1K8Jki2uxC5IZy"},"line_23":{"__uuid__":"c5fVDtpzRNR4KXKt7zIr++"},"line_24":{"__uuid__":"feNPDIq7FMc451k4+et1/b"},"line_25":{"__uuid__":"05MpgvEEVBk7Nu+sKlzrz3"},"line_26":{"__uuid__":"47yugtciRFSJLShH9TUodY"},"x02":{"__uuid__":"2aHX4p/KJLbbGorjugFZtA"},"x10":{"__uuid__":"80/nzDlAVLN7m2CYKyCSD+"},"x3":{"__uuid__":"bdmoVOj1ZLl5iiUUiWLRAt"},"x5":{"__uuid__":"47n4l/2zdGSajd7c4QXZnj"}}},{"__type__":"cc.SpriteFrame","content":{"name":"line_15","texture":"8dzuoMr1BMq4VjTQ9xckoV","rect":[464,1515,239,118],"offset":[0,0],"originalSize":[239,118],"capInsets":[0,0,0,0]}},{"__type__":"cc.SpriteFrame","content":{"name":"line_12","texture":"8dzuoMr1BMq4VjTQ9xckoV","rect":[222,1245,240,213],"offset":[0,0],"originalSize":[240,213],"capInsets":[0,0,0,0]}},{"__type__":"cc.SpriteFrame","content":{"name":"line_21","texture":"8dzuoMr1BMq4VjTQ9xckoV","rect":[584,1253,239,211],"offset":[0,0],"originalSize":[239,211],"rotated":1,"capInsets":[0,0,0,0]}},{"__type__":"cc.SpriteFrame","content":{"name":"line_16","texture":"8dzuoMr1BMq4VjTQ9xckoV","rect":[751,1,241,215],"offset":[0,0],"originalSize":[241,215],"capInsets":[0,0,0,0]}},{"__type__":"cc.SpriteFrame","content":{"name":"icon_01","texture":"8dzuoMr1BMq4VjTQ9xckoV","rect":[916,1244,85,85],"offset":[0,0],"originalSize":[85,85],"capInsets":[0,0,0,0]}},{"__type__":"cc.SpriteFrame","content":{"name":"icon_03","texture":"8dzuoMr1BMq4VjTQ9xckoV","rect":[838,1854,90,85],"offset":[0,0],"originalSize":[90,85],"capInsets":[0,0,0,0]}},{"__type__":"cc.SpriteFrame","content":{"name":"line_05","texture":"8dzuoMr1BMq4VjTQ9xckoV","rect":[464,1029,241,117],"offset":[0,0],"originalSize":[241,117],"rotated":1,"capInsets":[0,0,0,0]}},{"__type__":"cc.SpriteFrame","content":{"name":"help1","texture":"8dzuoMr1BMq4VjTQ9xckoV","rect":[1,529,572,498],"offset":[0,0],"originalSize":[572,498],"capInsets":[0,0,0,0]}},{"__type__":"cc.SpriteFrame","content":{"name":"line_19","texture":"8dzuoMr1BMq4VjTQ9xckoV","rect":[795,432,236,210],"offset":[0,0],"originalSize":[236,210],"rotated":1,"capInsets":[0,0,0,0]}},{"__type__":"cc.SpriteFrame","content":{"name":"x3","texture":"8dzuoMr1BMq4VjTQ9xckoV","rect":[1,1908,78,60],"offset":[0,0],"originalSize":[78,60],"capInsets":[0,0,0,0]}},{"__type__":"cc.SpriteFrame","content":{"name":"line_09","texture":"8dzuoMr1BMq4VjTQ9xckoV","rect":[222,1029,240,214],"offset":[0,0],"originalSize":[240,214],"capInsets":[0,0,0,0]}},{"__type__":"cc.SpriteFrame","content":{"name":"line_23","texture":"8dzuoMr1BMq4VjTQ9xckoV","rect":[797,1153,241,117],"offset":[0,0],"originalSize":[241,117],"rotated":1,"capInsets":[0,0,0,0]}},{"__type__":"cc.SpriteFrame","content":{"name":"line_13","texture":"8dzuoMr1BMq4VjTQ9xckoV","rect":[705,1494,240,115],"offset":[0,0],"originalSize":[240,115],"rotated":1,"capInsets":[0,0,0,0]}},{"__type__":"cc.SpriteFrame","content":{"name":"line_03","texture":"8dzuoMr1BMq4VjTQ9xckoV","rect":[751,218,241,212],"offset":[0,0],"originalSize":[241,212],"capInsets":[0,0,0,0]}},{"__type__":"cc.SpriteFrame","content":{"name":"line_04","texture":"8dzuoMr1BMq4VjTQ9xckoV","rect":[115,1795,239,116],"offset":[0,0],"originalSize":[239,116],"capInsets":[0,0,0,0]}},{"__type__":"cc.SpriteFrame","content":{"name":"icon_04","texture":"8dzuoMr1BMq4VjTQ9xckoV","rect":[822,1638,93,92],"offset":[0,0],"originalSize":[93,92],"capInsets":[0,0,0,0]}},{"__type__":"cc.SpriteFrame","content":{"name":"line_01","texture":"8dzuoMr1BMq4VjTQ9xckoV","rect":[915,910,239,22],"offset":[0,0],"originalSize":[239,22],"rotated":1,"capInsets":[0,0,0,0]}},{"__type__":"cc.SpriteFrame","content":{"name":"line_11","texture":"8dzuoMr1BMq4VjTQ9xckoV","rect":[464,1272,241,118],"offset":[0,0],"originalSize":[241,118],"rotated":1,"capInsets":[0,0,0,0]}},{"__type__":"cc.SpriteFrame","content":{"name":"line_08","texture":"8dzuoMr1BMq4VjTQ9xckoV","rect":[575,771,239,212],"offset":[0,0],"originalSize":[239,212],"rotated":1,"capInsets":[0,0,0,0]}},{"__type__":"cc.SpriteFrame","content":{"name":"bg","texture":"8dzuoMr1BMq4VjTQ9xckoV","rect":[1,1,748,526],"offset":[0,0],"originalSize":[748,526],"capInsets":[0,0,0,0]}},{"__type__":"cc.SpriteFrame","content":{"name":"line_24","texture":"8dzuoMr1BMq4VjTQ9xckoV","rect":[597,1854,239,117],"offset":[0,0],"originalSize":[239,117],"capInsets":[0,0,0,0]}},{"__type__":"cc.SpriteFrame","content":{"name":"line_22","texture":"8dzuoMr1BMq4VjTQ9xckoV","rect":[465,1635,211,238],"offset":[0,0],"originalSize":[211,238],"rotated":1,"capInsets":[0,0,0,0]}}]