{"__type__":"dragonBones.DragonBonesAsset","_name":"douxia_shadow_ske","_dragonBonesJson":"{\"frameRate\":24,\"name\":\"douxia_shadow\",\"version\":\"5.5\",\"compatibleVersion\":\"5.5\",\"armature\":[{\"type\":\"Sheet\",\"frameRate\":24,\"name\":\"douxia_shadow\",\"aabb\":{\"x\":-564,\"y\":-370.5,\"width\":1020,\"height\":765},\"bone\":[{\"name\":\"root\"}],\"slot\":[{\"displayIndex\":2,\"name\":\"sheetSlot\",\"parent\":\"root\"}],\"skin\":[{\"slot\":[{\"name\":\"sheetSlot\",\"display\":[{\"name\":\"00000\",\"transform\":{\"x\":-54,\"y\":12}},{\"name\":\"00001\",\"transform\":{\"x\":-54,\"y\":12}},{\"name\":\"00002\",\"transform\":{\"x\":-54,\"y\":12}},{\"name\":\"00003\",\"transform\":{\"x\":-54,\"y\":12}},{\"name\":\"00004\",\"transform\":{\"x\":-54,\"y\":12}},{\"name\":\"00005\",\"transform\":{\"x\":-54,\"y\":12}},{\"name\":\"00006\",\"transform\":{\"x\":-54,\"y\":12}},{\"name\":\"00007\",\"transform\":{\"x\":-54,\"y\":12}},{\"name\":\"00008\",\"transform\":{\"x\":-54,\"y\":12}},{\"name\":\"00009\",\"transform\":{\"x\":-54,\"y\":12}}]}]}],\"animation\":[{\"duration\":10,\"playTimes\":0,\"name\":\"douxia_shadow\",\"slot\":[{\"name\":\"sheetSlot\",\"displayFrame\":[{},{\"value\":1},{\"value\":2},{\"value\":3},{\"value\":4},{\"value\":5},{\"value\":6},{\"value\":7},{\"value\":8},{\"value\":9}]}]}],\"defaultActions\":[{\"gotoAndPlay\":\"douxia_shadow\"}]}]}"}