[[{"__type__":"cc.Prefab","_name":"item9","data":{"__id__":1}},{"__type__":"cc.Node","_name":"item9","_components":[{"__type__":"cc.Sprite","node":{"__id__":1},"_materials":[{"__uuid__":"ecpdLyjvZBwrvm+cedCcQy"}],"_spriteFrame":{"__uuid__":"e9grCtYzJH0Kua0tDLZe1r"}}],"_prefab":{"__type__":"cc.PrefabInfo","root":{"__id__":1},"asset":{"__uuid__":"ceqIdPHgBKcoZwWrpLgdwV"},"fileId":"b8G0g2TUFLs4h/aXiwY1yo"},"_contentSize":{"__type__":"cc.Size","width":125,"height":124},"_trs":{"__type__":"TypedArray","ctor":"Float64Array","array":[0,0,0,0,0,0,1,0.8,0.8,1]}}],{"__type__":"cc.SpriteFrame","content":{"name":"5","texture":"e7WXng9p9KRZxvDIObOHU2","rect":[0,0,125,124],"offset":[-1,0],"originalSize":[127,124],"capInsets":[0,0,0,0]}}]