[{"__type__":"cc.SpriteFrame","content":{"name":"ads3","texture":"57N4fzwzJPxKacr7Ib9z06","rect":[0,0,285,424],"offset":[0,0],"originalSize":[285,424],"capInsets":[0,0,0,0]}},{"__type__":"cc.SpriteFrame","content":{"name":"ads1","texture":"9fvuSeOHhGyqvMR7jOY4XO","rect":[0,0,285,424],"offset":[0,0],"originalSize":[285,424],"capInsets":[0,0,0,0]}},{"__type__":"cc.SpriteFrame","content":{"name":"ads2","texture":"e8JhyDvX1KirfP5/HdnlVM","rect":[0,0,285,424],"offset":[0,0],"originalSize":[285,424],"capInsets":[0,0,0,0]}},{"__type__":"cc.SpriteFrame","content":{"name":"banner1","texture":"bc2N0AT9JCAqSOsXcc1DEJ","rect":[31,11,196,343],"offset":[-2.5,-3],"originalSize":[263,359],"capInsets":[0,0,0,0]}},{"__type__":"cc.SpriteFrame","content":{"name":"banner5","texture":"c84tHE19NLd5B5DzoMFxrP","rect":[11,3,252,351],"offset":[5.5,1],"originalSize":[263,359],"capInsets":[0,0,0,0]}},[{"__type__":"cc.Prefab","_name":"ads","data":{"__id__":1}},{"__type__":"cc.Node","_name":"ads","_children":[{"__id__":2}],"_components":[{"__type__":"cc.PageView","node":{"__id__":1},"bounceDuration":0.5,"_N$content":{"__id__":3},"content":{"__id__":3},"autoPageTurningThreshold":30,"pageTurningSpeed":0.5},{"__type__":"cc.Widget","node":{"__id__":1},"alignMode":2,"_alignFlags":8,"_left":-665.656}],"_prefab":{"__type__":"cc.PrefabInfo","root":{"__id__":1},"asset":{"__uuid__":"f9sEwanEBHKopgM+x5PPHn"},"fileId":"9aKtQC1mBGlqmm8cvnMKkc"},"_contentSize":{"__type__":"cc.Size","width":220,"height":345},"_anchorPoint":{"__type__":"cc.Vec2","y":0.5},"_trs":{"__type__":"TypedArray","ctor":"Float64Array","array":[-665.656,-29,0,0,0,0,1,1.15,1.15,1]}},{"__type__":"cc.Node","_name":"view","_parent":{"__id__":1},"_children":[{"__id__":3}],"_components":[{"__type__":"cc.Mask","node":{"__id__":2},"_materials":[{"__uuid__":"ecpdLyjvZBwrvm+cedCcQy"}],"_N$alphaThreshold":0}],"_prefab":{"__type__":"cc.PrefabInfo","root":{"__id__":1},"asset":{"__uuid__":"f9sEwanEBHKopgM+x5PPHn"},"fileId":"40FcFQG+hLj6PCGhtZfDTt"},"_contentSize":{"__type__":"cc.Size","width":220,"height":345},"_anchorPoint":{"__type__":"cc.Vec2","y":0.5},"_trs":{"__type__":"TypedArray","ctor":"Float64Array","array":[0,0,0,0,0,0,1,1,1,1]}},{"__type__":"cc.Node","_name":"content","_parent":{"__id__":2},"_children":[{"__id__":4},{"__id__":6},{"__id__":8},{"__id__":10},{"__id__":12}],"_components":[{"__type__":"cc.Layout","node":{"__id__":3},"_layoutSize":{"__type__":"cc.Size","width":660,"height":345},"_resize":1,"_N$layoutType":1,"_N$spacingY":15}],"_prefab":{"__type__":"cc.PrefabInfo","root":{"__id__":1},"asset":{"__uuid__":"f9sEwanEBHKopgM+x5PPHn"},"fileId":"3cYI2jwzdA863ZgobF8nPv"},"_contentSize":{"__type__":"cc.Size","width":660,"height":345},"_anchorPoint":{"__type__":"cc.Vec2","y":0.5},"_trs":{"__type__":"TypedArray","ctor":"Float64Array","array":[0,0,0,0,0,0,1,1,1,1]}},{"__type__":"cc.Node","_name":"page_1","_parent":{"__id__":3},"_children":[{"__id__":5}],"_prefab":{"__type__":"cc.PrefabInfo","root":{"__id__":1},"asset":{"__uuid__":"f9sEwanEBHKopgM+x5PPHn"},"fileId":"1eCjX2XgBOdb3fWCZmy05s"},"_contentSize":{"__type__":"cc.Size","width":220,"height":345},"_trs":{"__type__":"TypedArray","ctor":"Float64Array","array":[110,0,0,0,0,0,1,1,1,1]}},{"__type__":"cc.Node","_name":"img","_parent":{"__id__":4},"_components":[{"__type__":"cc.Sprite","node":{"__id__":5},"_materials":[{"__uuid__":"ecpdLyjvZBwrvm+cedCcQy"}],"_spriteFrame":{"__uuid__":"3cFnXxkPFJqJh5AY+lrLz/"},"_type":1,"_sizeMode":0}],"_prefab":{"__type__":"cc.PrefabInfo","root":{"__id__":1},"asset":{"__uuid__":"f9sEwanEBHKopgM+x5PPHn"},"fileId":"1d0eg+u5pAHpufDVTzxqXt"},"_contentSize":{"__type__":"cc.Size","width":220,"height":345},"_trs":{"__type__":"TypedArray","ctor":"Float64Array","array":[-2,0,0,0,0,0,1,1,1,1]}},{"__type__":"cc.Node","_name":"page_2","_parent":{"__id__":3},"_children":[{"__id__":7}],"_prefab":{"__type__":"cc.PrefabInfo","root":{"__id__":1},"asset":{"__uuid__":"f9sEwanEBHKopgM+x5PPHn"},"fileId":"7bLHF/s2NJAZ/fzzAyyw/J"},"_contentSize":{"__type__":"cc.Size","width":220,"height":345},"_trs":{"__type__":"TypedArray","ctor":"Float64Array","array":[330,0,0,0,0,0,1,1,1,1]}},{"__type__":"cc.Node","_name":"img","_parent":{"__id__":6},"_components":[{"__type__":"cc.Sprite","node":{"__id__":7},"_materials":[{"__uuid__":"ecpdLyjvZBwrvm+cedCcQy"}],"_spriteFrame":{"__uuid__":"47LTA1k/1EYo32fiQu19R8"},"_type":1,"_sizeMode":0}],"_prefab":{"__type__":"cc.PrefabInfo","root":{"__id__":1},"asset":{"__uuid__":"f9sEwanEBHKopgM+x5PPHn"},"fileId":"d6AOKBGllDprleu+B1pNnu"},"_contentSize":{"__type__":"cc.Size","width":220,"height":345},"_trs":{"__type__":"TypedArray","ctor":"Float64Array","array":[0,0,0,0,0,0,1,1,1,1]}},{"__type__":"cc.Node","_name":"page_3","_parent":{"__id__":3},"_children":[{"__id__":9}],"_prefab":{"__type__":"cc.PrefabInfo","root":{"__id__":1},"asset":{"__uuid__":"f9sEwanEBHKopgM+x5PPHn"},"fileId":"9b26K0S4pCI6KnvgKJ8up2"},"_contentSize":{"__type__":"cc.Size","width":220,"height":345},"_trs":{"__type__":"TypedArray","ctor":"Float64Array","array":[550,0,0,0,0,0,1,1,1,1]}},{"__type__":"cc.Node","_name":"page_3","_parent":{"__id__":8},"_components":[{"__type__":"cc.Sprite","node":{"__id__":9},"_materials":[{"__uuid__":"ecpdLyjvZBwrvm+cedCcQy"}],"_spriteFrame":{"__uuid__":"0byoPBMl1G4aK+CSiKYLz5"},"_type":1,"_sizeMode":0}],"_prefab":{"__type__":"cc.PrefabInfo","root":{"__id__":1},"asset":{"__uuid__":"f9sEwanEBHKopgM+x5PPHn"},"fileId":"09az7X4E5Gr5F5YSk+L/w7"},"_contentSize":{"__type__":"cc.Size","width":220,"height":345},"_trs":{"__type__":"TypedArray","ctor":"Float64Array","array":[0,0,0,0,0,0,1,1,1,1]}},{"__type__":"cc.Node","_name":"page_4","_parent":{"__id__":3},"_children":[{"__id__":11}],"_active":false,"_components":[{"__type__":"cc.Sprite","node":{"__id__":10},"_materials":[{"__uuid__":"ecpdLyjvZBwrvm+cedCcQy"}],"_type":1,"_sizeMode":0}],"_prefab":{"__type__":"cc.PrefabInfo","root":{"__id__":1},"asset":{"__uuid__":"f9sEwanEBHKopgM+x5PPHn"},"fileId":"26nL7a8+ZIfaYYyE45NQl0"},"_contentSize":{"__type__":"cc.Size","width":220,"height":345},"_trs":{"__type__":"TypedArray","ctor":"Float64Array","array":[770,0,0,0,0,0,1,1,1,1]}},{"__type__":"cc.Node","_name":"page_4","_parent":{"__id__":10},"_components":[{"__type__":"cc.Sprite","node":{"__id__":11},"_materials":[{"__uuid__":"ecpdLyjvZBwrvm+cedCcQy"}],"_spriteFrame":{"__uuid__":"f114j1ttJCQLqCp803QQP2"},"_sizeMode":0}],"_prefab":{"__type__":"cc.PrefabInfo","root":{"__id__":1},"asset":{"__uuid__":"f9sEwanEBHKopgM+x5PPHn"},"fileId":"0dc2dUWeJLEIClD1zgGdaL"},"_contentSize":{"__type__":"cc.Size","width":220,"height":345},"_trs":{"__type__":"TypedArray","ctor":"Float64Array","array":[0,0,0,0,0,0,1,1,1,1]}},{"__type__":"cc.Node","_name":"page_5","_parent":{"__id__":3},"_children":[{"__id__":13}],"_active":false,"_prefab":{"__type__":"cc.PrefabInfo","root":{"__id__":1},"asset":{"__uuid__":"f9sEwanEBHKopgM+x5PPHn"},"fileId":"bez8G6aZxGiZos2ohsbKVs"},"_contentSize":{"__type__":"cc.Size","width":220,"height":345},"_trs":{"__type__":"TypedArray","ctor":"Float64Array","array":[990,0,0,0,0,0,1,1,1,1]}},{"__type__":"cc.Node","_name":"page_5","_parent":{"__id__":12},"_components":[{"__type__":"cc.Sprite","node":{"__id__":13},"_materials":[{"__uuid__":"ecpdLyjvZBwrvm+cedCcQy"}],"_spriteFrame":{"__uuid__":"480XKB0DlN9pNMWwGnJcFg"},"_type":1,"_sizeMode":0}],"_prefab":{"__type__":"cc.PrefabInfo","root":{"__id__":1},"asset":{"__uuid__":"f9sEwanEBHKopgM+x5PPHn"},"fileId":"60l7xYLu1O7qfVjwLf7nhg"},"_contentSize":{"__type__":"cc.Size","width":220,"height":345},"_trs":{"__type__":"TypedArray","ctor":"Float64Array","array":[0,0,0,0,0,0,1,1,1,1]}}]]