[{"__type__":"cc.SpriteAtlas","_name":"pages.png.plist","_spriteFrames":{"next":{"__uuid__":"22GR3+GLNHjLgaRoTKbyDv"},"page.last":{"__uuid__":"f3wSwNKW1Aaah5HarVe2Df"},"page.number":{"__uuid__":"f4NpXN57NIXrSYd2fuWUqf"},"page.previous":{"__uuid__":"82jHrWpg1KfKtbLWjUzi6t"},"page.select":{"__uuid__":"2btpnzgYxHooO7fS6nQTqm"}}},{"__type__":"cc.SpriteFrame","content":{"name":"next","texture":"e5L2SZH9tD5ZmJVB+/CgwD","rect":[1,216,47,70],"offset":[0,0],"originalSize":[47,70],"capInsets":[0,0,0,0]}},{"__type__":"cc.SpriteFrame","content":{"name":"page.select","texture":"e5L2SZH9tD5ZmJVB+/CgwD","rect":[1,85,55,40],"offset":[0,0],"originalSize":[55,40],"capInsets":[0,0,0,0]}},{"__type__":"cc.SpriteFrame","content":{"name":"page.previous","texture":"e5L2SZH9tD5ZmJVB+/CgwD","rect":[1,43,55,40],"offset":[0,0],"originalSize":[55,40],"capInsets":[0,0,0,0]}},{"__type__":"cc.SpriteFrame","content":{"name":"page.last","texture":"e5L2SZH9tD5ZmJVB+/CgwD","rect":[1,1,55,40],"offset":[0,0],"originalSize":[55,40],"capInsets":[0,0,0,0]}},{"__type__":"cc.SpriteFrame","content":{"name":"page.number","texture":"e5L2SZH9tD5ZmJVB+/CgwD","rect":[1,127,87,52],"offset":[0,0],"originalSize":[87,52],"rotated":1,"capInsets":[0,0,0,0]}}]