{"__type__":"sp.SkeletonData","_name":"skeleton","_skeletonJson":{"skeleton":{"hash":"2OyH8L1DqZ1Pvtxar1mtj7kn4QM","spine":"3.6.53","width":202,"height":405},"bones":[{"name":"root"},{"name":"10.000","parent":"root","length":39.44,"x":-3.42,"y":108.08},{"name":"arrow","parent":"root","length":10.74,"x":35.69,"y":62.57},{"name":"beer","parent":"root","length":62.35,"rotation":2.47,"x":-0.29,"y":-111.42},{"name":"bg","parent":"root","length":49.48,"rotation":3.11,"x":4.01,"y":-37.31},{"name":"text-MC","parent":"root","length":30.07,"x":-21.23,"y":61.49}],"slots":[{"name":"bg","bone":"bg","attachment":"bg"},{"name":"beer","bone":"beer","attachment":"beer"},{"name":"arrow","bone":"arrow","attachment":"arrow"},{"name":"text-MC","bone":"text-MC","attachment":"text-MC"},{"name":"10.000","bone":"10.000","attachment":"10.000"}],"skins":{"default":{"10.000":{"10.000":{"x":4.64,"y":1.16,"width":84,"height":30}},"arrow":{"arrow":{"x":1.07,"width":26,"height":15}},"beer":{"beer":{"x":0.98,"y":4.38,"rotation":-2.47,"width":124,"height":83}},"bg":{"bg":{"x":-1.98,"y":37.48,"rotation":-3.11,"width":202,"height":405}},"text-MC":{"text-MC":{"x":6.98,"y":-0.54,"width":58,"height":19}}}},"animations":{"10k":{"slots":{"arrow":{"color":[{"time":0,"color":"ffffffff","curve":"stepped"},{"time":0.8333,"color":"ffffffff"},{"time":0.9333,"color":"ffffff00","curve":[0.25,0,0.371,1]},{"time":1.0333,"color":"ffffffff"},{"time":1.1333,"color":"ffffff00","curve":[0.25,0,0.288,1]},{"time":1.2333,"color":"ffffffff"}]},"beer":{"color":[{"time":0,"color":"ffffffff","curve":"stepped"},{"time":1.6667,"color":"ffffffff"},{"time":1.7667,"color":"ffffff00","curve":[0.25,0,0.371,1]},{"time":1.8667,"color":"ffffffff"},{"time":1.9667,"color":"ffffff00","curve":[0.25,0,0.288,1]},{"time":2.0667,"color":"ffffffff","curve":"stepped"},{"time":12,"color":"ffffffff"}]},"text-MC":{"color":[{"time":0,"color":"ffffffff","curve":"stepped"},{"time":0.1667,"color":"ffffffff"},{"time":0.2667,"color":"ffffff00","curve":[0.25,0,0.371,1]},{"time":0.3667,"color":"ffffffff"},{"time":0.4667,"color":"ffffff00","curve":[0.25,0,0.288,1]},{"time":0.5667,"color":"ffffffff"}]}},"bones":{"10.000":{"scale":[{"time":0.1667,"x":1,"y":1},{"time":0.3,"x":1.05,"y":1.05},{"time":0.4333,"x":1,"y":1},{"time":0.5667,"x":1.05,"y":1.05},{"time":0.7,"x":1,"y":1},{"time":0.8333,"x":1.05,"y":1.05},{"time":0.9667,"x":1,"y":1}]}}}}},"_atlasText":"\nskeleton.png\nsize: 492,204\nformat: RGBA8888\nfilter: Linear,Linear\nrepeat: none\n10.000\n  rotate: false\n  xy: 407, 48\n  size: 84, 30\n  orig: 84, 30\n  offset: 0, 0\n  index: -1\narrow\n  rotate: false\n  xy: 407, 12\n  size: 26, 15\n  orig: 26, 15\n  offset: 0, 0\n  index: -1\nbeer\n  rotate: true\n  xy: 407, 79\n  size: 124, 83\n  orig: 124, 83\n  offset: 0, 0\n  index: -1\nbg\n  rotate: true\n  xy: 1, 1\n  size: 202, 405\n  orig: 202, 405\n  offset: 0, 0\n  index: -1\ntext-MC\n  rotate: false\n  xy: 407, 28\n  size: 58, 19\n  orig: 58, 19\n  offset: 0, 0\n  index: -1\n","textures":[{"__uuid__":"e42ByXwVdHNogoHw28VvMh"}],"textureNames":["skeleton.png"]}