{"__type__":"dragonBones.DragonBonesAtlasAsset","_name":"zhangyuwang_shadow_tex","_atlasJson":"{\"width\":973,\"SubTexture\":[{\"frameHeight\":274,\"y\":1,\"frameWidth\":213,\"frameX\":-8,\"width\":202,\"frameY\":-16,\"height\":253,\"name\":\"yingzi0013\",\"x\":201},{\"frameHeight\":274,\"y\":1,\"frameWidth\":213,\"frameX\":-1,\"width\":187,\"frameY\":-1,\"height\":261,\"name\":\"yingzi0004\",\"x\":405},{\"frameHeight\":274,\"y\":259,\"frameWidth\":213,\"frameX\":-5,\"width\":183,\"frameY\":-16,\"height\":253,\"name\":\"yingzi0002\",\"x\":784},{\"frameHeight\":274,\"y\":264,\"frameWidth\":213,\"frameX\":-13,\"width\":161,\"frameY\":-1,\"height\":251,\"name\":\"yingzi0009\",\"x\":389},{\"frameHeight\":274,\"y\":256,\"frameWidth\":213,\"frameX\":-3,\"width\":186,\"frameY\":-19,\"height\":255,\"name\":\"yingzi0015\",\"x\":201},{\"frameHeight\":274,\"y\":514,\"frameWidth\":213,\"frameX\":-25,\"width\":156,\"frameY\":-7,\"height\":253,\"name\":\"yingzi0011\",\"x\":776},{\"frameHeight\":274,\"y\":1,\"frameWidth\":213,\"frameX\":-15,\"width\":198,\"frameY\":0,\"height\":260,\"name\":\"yingzi0005\",\"x\":1},{\"frameHeight\":274,\"y\":517,\"frameWidth\":213,\"frameX\":-23,\"width\":149,\"frameY\":0,\"height\":252,\"name\":\"yingzi0008\",\"x\":1},{\"frameHeight\":274,\"y\":515,\"frameWidth\":213,\"frameX\":-23,\"width\":153,\"frameY\":0,\"height\":253,\"name\":\"yingzi0006\",\"x\":552},{\"frameHeight\":274,\"y\":517,\"frameWidth\":213,\"frameX\":-23,\"width\":150,\"frameY\":0,\"height\":250,\"name\":\"yingzi0007\",\"x\":323},{\"frameHeight\":274,\"y\":263,\"frameWidth\":213,\"frameX\":-21,\"width\":163,\"frameY\":-13,\"height\":252,\"name\":\"yingzi0012\",\"x\":1},{\"frameHeight\":274,\"y\":1,\"frameWidth\":213,\"frameX\":0,\"width\":188,\"frameY\":-9,\"height\":257,\"name\":\"yingzi0003\",\"x\":594},{\"frameHeight\":274,\"y\":1,\"frameWidth\":213,\"frameX\":-2,\"width\":187,\"frameY\":-18,\"height\":256,\"name\":\"yingzi0001\",\"x\":784},{\"frameHeight\":274,\"y\":513,\"frameWidth\":213,\"frameX\":-23,\"width\":155,\"frameY\":-1,\"height\":255,\"name\":\"yingzi0010\",\"x\":166},{\"frameHeight\":274,\"y\":260,\"frameWidth\":213,\"frameX\":-8,\"width\":180,\"frameY\":-19,\"height\":253,\"name\":\"yingzi0014\",\"x\":594}],\"height\":771,\"name\":\"zhangyuwang_shadow\",\"imagePath\":\"zhangyuwang_shadow_tex.png\"}","_texture":{"__uuid__":"97oczTJ7FEbrrmIPuEcvRQ"},"texture":{"__uuid__":"97oczTJ7FEbrrmIPuEcvRQ"}}