{"__type__":"cc.AnimationClip","_name":"Rung1","_duration":0.3333333333333333,"speed":1.7,"wrapMode":0,"curveData":{"props":{"scale":[{"frame":0,"value":{"__type__":"cc.Vec2","x":1,"y":1}},{"frame":0.16666666666666666,"value":{"__type__":"cc.Vec2","x":1.04,"y":1.04}},{"frame":0.3333333333333333,"value":{"__type__":"cc.Vec2","x":1,"y":1}}],"position":[{"frame":0,"value":[0,0,0]},{"frame":0.03333333333333333,"value":[0,10,0]},{"frame":0.06666666666666667,"value":[0,-10,0]},{"frame":0.1,"value":[0,0,0]},{"frame":0.13333333333333333,"value":[0,10,0]},{"frame":0.16666666666666666,"value":[10,10,0]},{"frame":0.2,"value":[0,10,0]},{"frame":0.23333333333333334,"value":[0,-10,0]},{"frame":0.26666666666666666,"value":[10,0,0]},{"frame":0.3,"value":[0,10,0]},{"frame":0.3333333333333333,"value":[0,0,0]}]}}}