{"__type__":"dragonBones.DragonBonesAsset","_name":"jinlongwang_ske","_dragonBonesJson":"{\"frameRate\":24,\"name\":\"jinlongwang\",\"version\":\"5.5\",\"compatibleVersion\":\"5.5\",\"armature\":[{\"type\":\"Sheet\",\"frameRate\":24,\"name\":\"Sprite\",\"aabb\":{\"x\":-640,\"y\":-360,\"width\":1280,\"height\":720},\"bone\":[{\"name\":\"root\"}],\"slot\":[{\"displayIndex\":8,\"name\":\"sheetSlot\",\"parent\":\"root\"}],\"skin\":[{\"slot\":[{\"name\":\"sheetSlot\",\"display\":[{\"name\":\"jinlongwang_00000\"},{\"name\":\"jinlongwang_00001\"},{\"name\":\"jinlongwang_00002\"},{\"name\":\"jinlongwang_00003\"},{\"name\":\"jinlongwang_00004\"},{\"name\":\"jinlongwang_00005\"},{\"name\":\"jinlongwang_00006\"},{\"name\":\"jinlongwang_00007\"},{\"name\":\"jinlongwang_00008\"},{\"name\":\"jinlongwang_00009\"},{\"name\":\"jinlongwang_00010\"},{\"name\":\"jinlongwang_00011\"},{\"name\":\"jinlongwang_00012\"},{\"name\":\"jinlongwang_00013\"},{\"name\":\"jinlongwang_00014\"},{\"name\":\"jinlongwang_00015\"}]}]}],\"animation\":[{\"duration\":16,\"playTimes\":0,\"name\":\"Sprite\",\"slot\":[{\"name\":\"sheetSlot\",\"displayFrame\":[{},{\"value\":1},{\"value\":2},{\"value\":3},{\"value\":4},{\"value\":5},{\"value\":6},{\"value\":7},{\"value\":8},{\"value\":9},{\"value\":10},{\"value\":11},{\"value\":12},{\"value\":13},{\"value\":14},{\"value\":15}]}]}],\"defaultActions\":[{\"gotoAndPlay\":\"Sprite\"}]}]}"}