{"__type__":"sp.SkeletonData","_name":"skeleton","_skeletonJson":{"skeleton":{"hash":"rteYQEOPhOUT06GAiEV9He1hrT0","spine":"3.6.53","width":144,"height":400},"bones":[{"name":"root"},{"name":"1","parent":"root","length":33.06,"rotation":3.47,"x":-3.5,"y":-147},{"name":"2","parent":"root","length":39.12,"rotation":-4.4,"x":-25.5,"y":-108},{"name":"3","parent":"root","length":49.25,"rotation":5.83,"x":3.5,"y":-63},{"name":"4","parent":"root","length":38.12,"rotation":4.51,"x":-13.5,"y":-8},{"name":"5","parent":"root","length":60.07,"rotation":2.86,"x":-5.5,"y":51},{"name":"6","parent":"root","length":46.04,"rotation":-2.49,"x":-6.5,"y":115},{"name":"7","parent":"root","length":35.13,"rotation":-4.9,"x":-6.5,"y":-8},{"name":"8","parent":"root","length":38.01,"rotation":-1.51,"x":-5.5,"y":-146},{"name":"9","parent":"root","length":34.06,"rotation":3.37,"x":1.5,"y":-34},{"name":"bg1","parent":"root","length":45.01,"rotation":-1.27,"x":-4.5,"y":-23},{"name":"bg2","parent":"root","length":42,"x":-3.5,"y":-24}],"slots":[{"name":"bg1","bone":"bg1","attachment":"bg1"},{"name":"bg2","bone":"bg2","attachment":"bg2"},{"name":"9","bone":"9","attachment":"9"},{"name":"8","bone":"8","attachment":"8"},{"name":"7","bone":"7","attachment":"7"},{"name":"6","bone":"6","attachment":"6"},{"name":"5","bone":"5","attachment":"5"},{"name":"4","bone":"4","attachment":"4"},{"name":"3","bone":"3","attachment":"3"},{"name":"2","bone":"2","attachment":"2"},{"name":"1","bone":"1","attachment":"1"}],"skins":{"default":{"1":{"1":{"x":12.39,"y":146.52,"rotation":-3.47,"width":144,"height":400}},"2":{"2":{"x":17.14,"y":109.64,"rotation":4.4,"width":144,"height":400}},"3":{"3":{"x":2.91,"y":63.03,"rotation":-5.83,"width":144,"height":400}},"4":{"4":{"x":14.09,"y":6.91,"rotation":-4.51,"width":144,"height":400}},"5":{"5":{"x":2.95,"y":-51.21,"rotation":-2.86,"width":144,"height":400}},"6":{"6":{"x":11.49,"y":-114.61,"rotation":2.49,"width":144,"height":400}},"7":{"7":{"x":5.79,"y":8.53,"rotation":4.9,"width":144,"height":400}},"8":{"8":{"x":1.66,"y":146.09,"rotation":1.51,"width":144,"height":400}},"9":{"9":{"x":0.5,"y":34.03,"rotation":-3.37,"width":144,"height":400}},"bg1":{"bg1":{"x":3.99,"y":23.09,"rotation":1.27,"width":144,"height":400}},"bg2":{"bg2":{"x":3.5,"y":24,"width":144,"height":400}}}},"animations":{"den-phai":{"slots":{"9":{"color":[{"time":0,"color":"ffffffff","curve":"stepped"},{"time":0.6667,"color":"ffffffff"},{"time":1,"color":"ffffff00"},{"time":1.3333,"color":"ffffffff","curve":"stepped"},{"time":2,"color":"ffffffff"},{"time":2.3333,"color":"ffffff00"},{"time":2.6667,"color":"ffffffff","curve":"stepped"},{"time":3.3333,"color":"ffffffff"},{"time":3.6667,"color":"ffffff00"},{"time":4,"color":"ffffffff","curve":"stepped"},{"time":4.6667,"color":"ffffffff"},{"time":5.5333,"color":"ff0000ff"},{"time":6.4,"color":"00ff47ff"},{"time":7.2667,"color":"00d3ffff"},{"time":8.1333,"color":"f100ffff"},{"time":9,"color":"ffffffff"}]}},"bones":{"1":{"scale":[{"time":0,"x":1,"y":0}]},"2":{"scale":[{"time":0,"x":1,"y":0}]},"3":{"scale":[{"time":0,"x":1,"y":0}]},"4":{"scale":[{"time":0,"x":1,"y":0}]},"5":{"scale":[{"time":0,"x":1,"y":0}]},"6":{"scale":[{"time":0,"x":1,"y":0}]},"7":{"scale":[{"time":0,"x":1,"y":0}]},"8":{"scale":[{"time":0,"x":1,"y":0}]},"bg1":{"scale":[{"time":0,"x":1,"y":0}]}}},"den-trai":{"slots":{"1":{"color":[{"time":0,"color":"ffffff00","curve":"stepped"},{"time":0.9667,"color":"ffffff00"},{"time":1,"color":"ffffffff","curve":"stepped"},{"time":1.5,"color":"ffffffff"},{"time":1.5333,"color":"ffffff00","curve":"stepped"},{"time":1.7333,"color":"ffffff00"},{"time":1.7667,"color":"ffffffff","curve":"stepped"},{"time":1.9667,"color":"ffffffff"},{"time":2,"color":"ffffff00","curve":"stepped"},{"time":2.2,"color":"ffffff00"},{"time":2.2333,"color":"ffffffff","curve":"stepped"},{"time":2.4667,"color":"ffffffff"},{"time":2.5,"color":"ffffff00","curve":"stepped"},{"time":2.7,"color":"ffffff00"},{"time":2.7333,"color":"ffffffff","curve":"stepped"},{"time":3,"color":"ffffffff"},{"time":3.0333,"color":"ffffff00"}]},"2":{"color":[{"time":0,"color":"ffffff00","curve":"stepped"},{"time":0.8,"color":"ffffff00"},{"time":0.8333,"color":"ffffffff","curve":"stepped"},{"time":1.5,"color":"ffffffff"},{"time":1.5333,"color":"ffffff00","curve":"stepped"},{"time":1.7333,"color":"ffffff00"},{"time":1.7667,"color":"ffffffff","curve":"stepped"},{"time":1.9667,"color":"ffffffff"},{"time":2,"color":"ffffff00","curve":"stepped"},{"time":2.2,"color":"ffffff00"},{"time":2.2333,"color":"ffffffff","curve":"stepped"},{"time":2.4667,"color":"ffffffff"},{"time":2.5,"color":"ffffff00","curve":"stepped"},{"time":2.7,"color":"ffffff00"},{"time":2.7333,"color":"ffffffff","curve":"stepped"},{"time":3,"color":"ffffffff"},{"time":3.0333,"color":"ffffff00"}]},"3":{"color":[{"time":0,"color":"ffffff00","curve":"stepped"},{"time":0.6333,"color":"ffffff00"},{"time":0.6667,"color":"ffffffff","curve":"stepped"},{"time":1.5,"color":"ffffffff"},{"time":1.5333,"color":"ffffff00","curve":"stepped"},{"time":1.7333,"color":"ffffff00"},{"time":1.7667,"color":"ffffffff","curve":"stepped"},{"time":1.9667,"color":"ffffffff"},{"time":2,"color":"ffffff00","curve":"stepped"},{"time":2.2,"color":"ffffff00"},{"time":2.2333,"color":"ffffffff","curve":"stepped"},{"time":2.4667,"color":"ffffffff"},{"time":2.5,"color":"ffffff00","curve":"stepped"},{"time":2.7,"color":"ffffff00"},{"time":2.7333,"color":"ffffffff","curve":"stepped"},{"time":3,"color":"ffffffff"},{"time":3.0333,"color":"ffffff00"}]},"4":{"color":[{"time":0,"color":"ffffff00","curve":"stepped"},{"time":0.4667,"color":"ffffff00"},{"time":0.5,"color":"ffffffff","curve":"stepped"},{"time":1.5,"color":"ffffffff"},{"time":1.5333,"color":"ffffff00","curve":"stepped"},{"time":1.7333,"color":"ffffff00"},{"time":1.7667,"color":"ffffffff","curve":"stepped"},{"time":1.9667,"color":"ffffffff"},{"time":2,"color":"ffffff00","curve":"stepped"},{"time":2.2,"color":"ffffff00"},{"time":2.2333,"color":"ffffffff","curve":"stepped"},{"time":2.4667,"color":"ffffffff"},{"time":2.5,"color":"ffffff00","curve":"stepped"},{"time":2.7,"color":"ffffff00"},{"time":2.7333,"color":"ffffffff","curve":"stepped"},{"time":3,"color":"ffffffff"},{"time":3.0333,"color":"ffffff00"}]},"5":{"color":[{"time":0,"color":"ffffff00","curve":"stepped"},{"time":0.3,"color":"ffffff00"},{"time":0.3333,"color":"ffffffff","curve":"stepped"},{"time":1.5,"color":"ffffffff"},{"time":1.5333,"color":"ffffff00","curve":"stepped"},{"time":1.7333,"color":"ffffff00"},{"time":1.7667,"color":"ffffffff","curve":"stepped"},{"time":1.9667,"color":"ffffffff"},{"time":2,"color":"ffffff00","curve":"stepped"},{"time":2.2,"color":"ffffff00"},{"time":2.2333,"color":"ffffffff","curve":"stepped"},{"time":2.4667,"color":"ffffffff"},{"time":2.5,"color":"ffffff00","curve":"stepped"},{"time":2.7,"color":"ffffff00"},{"time":2.7333,"color":"ffffffff","curve":"stepped"},{"time":3,"color":"ffffffff"},{"time":3.0333,"color":"ffffff00"}]},"6":{"color":[{"time":0,"color":"ffffff00","curve":"stepped"},{"time":0.1,"color":"ffffff00"},{"time":0.1333,"color":"ffffffff","curve":"stepped"},{"time":1.5,"color":"ffffffff"},{"time":1.5333,"color":"ffffff00","curve":"stepped"},{"time":1.7333,"color":"ffffff00"},{"time":1.7667,"color":"ffffffff","curve":"stepped"},{"time":1.9667,"color":"ffffffff"},{"time":2,"color":"ffffff00","curve":"stepped"},{"time":2.2,"color":"ffffff00"},{"time":2.2333,"color":"ffffffff","curve":"stepped"},{"time":2.4667,"color":"ffffffff"},{"time":2.5,"color":"ffffff00","curve":"stepped"},{"time":2.7,"color":"ffffff00"},{"time":2.7333,"color":"ffffffff","curve":"stepped"},{"time":3,"color":"ffffffff"},{"time":3.0333,"color":"ffffff00"}]},"7":{"color":[{"time":0,"color":"ffffff00","curve":"stepped"},{"time":3.1,"color":"ffffff00"},{"time":3.1333,"color":"ffffffff"},{"time":3.1667,"color":"ffffff00"},{"time":3.2,"color":"ffffffff"},{"time":3.2333,"color":"ffffff00"},{"time":3.2667,"color":"ffffffff","curve":"stepped"},{"time":3.6333,"color":"ffffffff"},{"time":3.6667,"color":"ffffff00","curve":"stepped"},{"time":3.8,"color":"ffffff00"},{"time":3.8333,"color":"ffffffff","curve":"stepped"},{"time":3.9667,"color":"ffffffff"},{"time":4,"color":"ffffff00","curve":"stepped"},{"time":4.1333,"color":"ffffff00"},{"time":4.1667,"color":"ffffffff","curve":"stepped"},{"time":4.3,"color":"ffffffff"},{"time":4.3333,"color":"ffffff00","curve":"stepped"},{"time":4.4667,"color":"ffffff00"},{"time":4.5,"color":"ffffffff"}]},"8":{"color":[{"time":0,"color":"ffffff00","curve":"stepped"},{"time":3.4,"color":"ffffff00"},{"time":3.4667,"color":"ffffffff","curve":"stepped"},{"time":4.8333,"color":"ffffffff"},{"time":4.8667,"color":"ffffff00","curve":"stepped"},{"time":5,"color":"ffffff00"},{"time":5.0333,"color":"ffffffff","curve":"stepped"},{"time":5.1667,"color":"ffffffff"},{"time":5.2,"color":"ffffff00","curve":"stepped"},{"time":5.3333,"color":"ffffff00"},{"time":5.3667,"color":"ffffffff","curve":"stepped"},{"time":5.5,"color":"ffffffff"},{"time":5.5333,"color":"ffffff00","curve":"stepped"},{"time":5.6667,"color":"ffffff00"},{"time":5.7,"color":"ffffffff","curve":"stepped"},{"time":6.3333,"color":"ffffffff"}]}},"bones":{"9":{"scale":[{"time":0,"x":1,"y":0}]},"bg2":{"scale":[{"time":0,"x":0,"y":0}]}}}}},"_atlasText":"\nskeleton.png\nsize: 1596,402\nformat: RGBA8888\nfilter: Linear,Linear\nrepeat: none\n1\n  rotate: false\n  xy: 1161, 1\n  size: 144, 400\n  orig: 144, 400\n  offset: 0, 0\n  index: -1\n2\n  rotate: false\n  xy: 1, 1\n  size: 144, 400\n  orig: 144, 400\n  offset: 0, 0\n  index: -1\n3\n  rotate: false\n  xy: 146, 1\n  size: 144, 400\n  orig: 144, 400\n  offset: 0, 0\n  index: -1\n4\n  rotate: false\n  xy: 291, 1\n  size: 144, 400\n  orig: 144, 400\n  offset: 0, 0\n  index: -1\n5\n  rotate: false\n  xy: 436, 1\n  size: 144, 400\n  orig: 144, 400\n  offset: 0, 0\n  index: -1\n6\n  rotate: false\n  xy: 581, 1\n  size: 144, 400\n  orig: 144, 400\n  offset: 0, 0\n  index: -1\n7\n  rotate: false\n  xy: 726, 1\n  size: 144, 400\n  orig: 144, 400\n  offset: 0, 0\n  index: -1\n8\n  rotate: false\n  xy: 871, 1\n  size: 144, 400\n  orig: 144, 400\n  offset: 0, 0\n  index: -1\n9\n  rotate: false\n  xy: 1016, 1\n  size: 144, 400\n  orig: 144, 400\n  offset: 0, 0\n  index: -1\nbg1\n  rotate: false\n  xy: 1306, 1\n  size: 144, 400\n  orig: 144, 400\n  offset: 0, 0\n  index: -1\nbg2\n  rotate: false\n  xy: 1451, 1\n  size: 144, 400\n  orig: 144, 400\n  offset: 0, 0\n  index: -1\n","textures":[{"__uuid__":"ac0Is8IrdDlIs2IzgcOwPd"}],"textureNames":["skeleton.png"]}