{"__type__":"dragonBones.DragonBonesAtlasAsset","_name":"xiaochouyu_shadow_tex","_atlasJson":"{\"width\":1024,\"imagePath\":\"xiaochouyu_shadow_tex.png\",\"height\":512,\"name\":\"xiaochouyu_shadow\",\"SubTexture\":[{\"y\":1,\"frameX\":-57,\"frameHeight\":256,\"frameY\":-18,\"width\":130,\"frameWidth\":256,\"height\":209,\"name\":\"00015\",\"x\":693},{\"y\":1,\"frameX\":-60,\"frameHeight\":256,\"frameY\":-17,\"width\":128,\"frameWidth\":256,\"height\":211,\"name\":\"00003\",\"x\":825},{\"y\":226,\"frameX\":-60,\"frameHeight\":256,\"frameY\":-18,\"width\":137,\"frameWidth\":256,\"height\":219,\"name\":\"00012\",\"x\":145},{\"y\":226,\"frameX\":-58,\"frameHeight\":256,\"frameY\":-17,\"width\":142,\"frameWidth\":256,\"height\":222,\"name\":\"00027\",\"x\":1},{\"y\":1,\"frameX\":-57,\"frameHeight\":256,\"frameY\":-18,\"width\":142,\"frameWidth\":256,\"height\":223,\"name\":\"00024\",\"x\":1},{\"y\":1,\"frameX\":-59,\"frameHeight\":256,\"frameY\":-17,\"width\":132,\"frameWidth\":256,\"height\":208,\"name\":\"00000\",\"x\":559},{\"y\":1,\"frameX\":-61,\"frameHeight\":256,\"frameY\":-17,\"width\":134,\"frameWidth\":256,\"height\":223,\"name\":\"00006\",\"x\":423},{\"y\":1,\"frameX\":-57,\"frameHeight\":256,\"frameY\":-17,\"width\":134,\"frameWidth\":256,\"height\":224,\"name\":\"00021\",\"x\":287},{\"y\":227,\"frameX\":-58,\"frameHeight\":256,\"frameY\":-18,\"width\":127,\"frameWidth\":256,\"height\":213,\"name\":\"00018\",\"x\":284},{\"y\":1,\"frameX\":-61,\"frameHeight\":256,\"frameY\":-18,\"width\":140,\"frameWidth\":256,\"height\":223,\"name\":\"00009\",\"x\":145}]}","_texture":{"__uuid__":"2fGNpZSPRFoL2WiTLGx0S8"},"texture":{"__uuid__":"2fGNpZSPRFoL2WiTLGx0S8"}}