{"__type__":"dragonBones.DragonBonesAsset","_name":"denglongyu_ske","_dragonBonesJson":"{\"frameRate\":24,\"name\":\"denglongyu\",\"version\":\"5.5\",\"compatibleVersion\":\"5.5\",\"armature\":[{\"type\":\"Sheet\",\"frameRate\":24,\"name\":\"denglongyu\",\"aabb\":{\"x\":-256,\"y\":-256,\"width\":512,\"height\":512},\"bone\":[{\"name\":\"root\"}],\"slot\":[{\"displayIndex\":9,\"name\":\"sheetSlot\",\"parent\":\"root\"}],\"skin\":[{\"slot\":[{\"name\":\"sheetSlot\",\"display\":[{\"name\":\"kyby_dly_01\"},{\"name\":\"kyby_dly_02\"},{\"name\":\"kyby_dly_03\"},{\"name\":\"kyby_dly_04\"},{\"name\":\"kyby_dly_05\"},{\"name\":\"kyby_dly_06\"},{\"name\":\"kyby_dly_07\"},{\"name\":\"kyby_dly_08\"},{\"name\":\"kyby_dly_09\"},{\"name\":\"kyby_dly_10\"}]}]}],\"animation\":[{\"duration\":10,\"playTimes\":0,\"name\":\"denglongyu\",\"slot\":[{\"name\":\"sheetSlot\",\"displayFrame\":[{},{\"value\":1},{\"value\":2},{\"value\":3},{\"value\":4},{\"value\":5},{\"value\":6},{\"value\":7},{\"value\":8},{\"value\":9}]}]}],\"defaultActions\":[{\"gotoAndPlay\":\"denglongyu\"}]}]}"}