{"__type__":"sp.SkeletonData","_name":"NoHu-JackPot-2","_skeletonJson":{"skeleton":{"hash":"oUlqN9DCqqk9Oidg7v/1PSJ5zJ0","spine":"3.6.53","width":0,"height":0,"images":"./NoHu-JackPot/NoHu-JackPot-P/"},"bones":[{"name":"root"}],"slots":[{"name":"Coi-2-1","bone":"root"},{"name":"Coi-2-2","bone":"root"}],"skins":{"default":{"Coi-2-1":{"Coin-3/B7903":{"width":1280,"height":720},"Coin-3/B7905":{"width":1280,"height":720},"Coin-3/B7907":{"width":1280,"height":720},"Coin-3/B7908":{"width":1280,"height":720},"Coin-3/B7909":{"width":1280,"height":720},"Coin-3/B7910":{"width":1280,"height":720},"Coin-3/B7911":{"width":1280,"height":720},"Coin-3/B7912":{"width":1280,"height":720},"Coin-3/B7913":{"width":1280,"height":720},"Coin-3/B7914":{"width":1280,"height":720},"Coin-3/B7915":{"width":1280,"height":720},"Coin-3/B7916":{"width":1280,"height":720},"Coin-3/B7917":{"width":1280,"height":720},"Coin-3/B7918":{"width":1280,"height":720},"Coin-3/B7919":{"width":1280,"height":720},"Coin-3/B7920":{"width":1280,"height":720},"Coin-3/B7921":{"width":1280,"height":720},"Coin-3/B7922":{"width":1280,"height":720},"Coin-3/B7923":{"width":1280,"height":720},"Coin-3/B7924":{"width":1280,"height":720},"Coin-3/B7925":{"width":1280,"height":720},"Coin-3/B7926":{"width":1280,"height":720},"Coin-3/B7927":{"width":1280,"height":720},"Coin-3/B7928":{"width":1280,"height":720},"Coin-3/B7929":{"width":1280,"height":720},"Coin-3/B7930":{"width":1280,"height":720},"Coin-3/B7931":{"width":1280,"height":720},"Coin-3/B7932":{"width":1280,"height":720},"Coin-3/B7933":{"width":1280,"height":720},"Coin-3/B7934":{"width":1280,"height":720},"Coin-3/B7935":{"width":1280,"height":720},"Coin-3/B7936":{"width":1280,"height":720},"Coin-3/B7937":{"width":1280,"height":720},"Coin-3/B7938":{"width":1280,"height":720},"Coin-3/B7939":{"width":1280,"height":720},"Coin-3/B7940":{"width":1280,"height":720},"Coin-3/B7941":{"width":1280,"height":720},"Coin-3/B7942":{"width":1280,"height":720},"Coin-3/B7943":{"width":1280,"height":720},"Coin-3/B7944":{"width":1280,"height":720},"Coin-3/B7945":{"width":1280,"height":720},"Coin-3/B7946":{"width":1280,"height":720},"Coin-3/B7947":{"width":1280,"height":720},"Coin-3/B7948":{"width":1280,"height":720},"Coin-3/B7949":{"width":1280,"height":720},"Coin-3/B7950":{"width":1280,"height":720},"Coin-3/B7951":{"width":1280,"height":720},"Coin-3/B7952":{"width":1280,"height":720},"Coin-3/B7953":{"width":1280,"height":720},"Coin-3/B7954":{"width":1280,"height":720}},"Coi-2-2":{"Coin-3/B7903":{"width":1280,"height":720},"Coin-3/B7905":{"width":1280,"height":720},"Coin-3/B7907":{"width":1280,"height":720},"Coin-3/B7908":{"width":1280,"height":720},"Coin-3/B7909":{"width":1280,"height":720},"Coin-3/B7910":{"width":1280,"height":720},"Coin-3/B7911":{"width":1280,"height":720},"Coin-3/B7912":{"width":1280,"height":720},"Coin-3/B7913":{"width":1280,"height":720},"Coin-3/B7914":{"width":1280,"height":720},"Coin-3/B7915":{"width":1280,"height":720},"Coin-3/B7916":{"width":1280,"height":720},"Coin-3/B7917":{"width":1280,"height":720},"Coin-3/B7918":{"width":1280,"height":720},"Coin-3/B7919":{"width":1280,"height":720},"Coin-3/B7920":{"width":1280,"height":720},"Coin-3/B7921":{"width":1280,"height":720},"Coin-3/B7922":{"width":1280,"height":720},"Coin-3/B7923":{"width":1280,"height":720},"Coin-3/B7924":{"width":1280,"height":720},"Coin-3/B7925":{"width":1280,"height":720},"Coin-3/B7926":{"width":1280,"height":720},"Coin-3/B7927":{"width":1280,"height":720},"Coin-3/B7928":{"width":1280,"height":720},"Coin-3/B7929":{"width":1280,"height":720},"Coin-3/B7930":{"width":1280,"height":720},"Coin-3/B7931":{"width":1280,"height":720},"Coin-3/B7932":{"width":1280,"height":720},"Coin-3/B7933":{"width":1280,"height":720},"Coin-3/B7934":{"width":1280,"height":720},"Coin-3/B7935":{"width":1280,"height":720},"Coin-3/B7936":{"width":1280,"height":720},"Coin-3/B7937":{"width":1280,"height":720},"Coin-3/B7938":{"width":1280,"height":720},"Coin-3/B7939":{"width":1280,"height":720},"Coin-3/B7940":{"width":1280,"height":720},"Coin-3/B7941":{"width":1280,"height":720},"Coin-3/B7942":{"width":1280,"height":720},"Coin-3/B7943":{"width":1280,"height":720},"Coin-3/B7944":{"width":1280,"height":720},"Coin-3/B7945":{"width":1280,"height":720},"Coin-3/B7946":{"width":1280,"height":720},"Coin-3/B7947":{"width":1280,"height":720},"Coin-3/B7948":{"width":1280,"height":720},"Coin-3/B7949":{"width":1280,"height":720},"Coin-3/B7950":{"width":1280,"height":720},"Coin-3/B7951":{"width":1280,"height":720},"Coin-3/B7952":{"width":1280,"height":720},"Coin-3/B7953":{"width":1280,"height":720},"Coin-3/B7954":{"width":1280,"height":720}}}},"animations":{"Idle":{"slots":{"Coi-2-1":{"attachment":[{"time":0,"name":null},{"time":0.6667,"name":"Coin-3/B7903"},{"time":0.7,"name":"Coin-3/B7905"},{"time":0.7333,"name":"Coin-3/B7907"},{"time":0.7667,"name":"Coin-3/B7908"},{"time":0.8,"name":"Coin-3/B7909"},{"time":0.8333,"name":"Coin-3/B7910"},{"time":0.8667,"name":"Coin-3/B7911"},{"time":0.9,"name":"Coin-3/B7912"},{"time":0.9333,"name":"Coin-3/B7913"},{"time":0.9667,"name":"Coin-3/B7914"},{"time":1,"name":"Coin-3/B7915"},{"time":1.0333,"name":"Coin-3/B7916"},{"time":1.0667,"name":"Coin-3/B7917"},{"time":1.1,"name":"Coin-3/B7918"},{"time":1.1333,"name":"Coin-3/B7919"},{"time":1.1667,"name":"Coin-3/B7920"},{"time":1.2,"name":"Coin-3/B7921"},{"time":1.2333,"name":"Coin-3/B7922"},{"time":1.2667,"name":"Coin-3/B7923"},{"time":1.3,"name":"Coin-3/B7924"},{"time":1.3333,"name":"Coin-3/B7925"},{"time":1.3667,"name":"Coin-3/B7926"},{"time":1.4,"name":"Coin-3/B7927"},{"time":1.4333,"name":"Coin-3/B7928"},{"time":1.4667,"name":"Coin-3/B7929"},{"time":1.5,"name":"Coin-3/B7930"},{"time":1.5333,"name":"Coin-3/B7931"},{"time":1.5667,"name":"Coin-3/B7932"},{"time":1.6,"name":"Coin-3/B7933"},{"time":1.6333,"name":"Coin-3/B7934"},{"time":1.6667,"name":"Coin-3/B7935"},{"time":1.7,"name":"Coin-3/B7936"},{"time":1.7333,"name":"Coin-3/B7937"},{"time":1.7667,"name":"Coin-3/B7938"},{"time":1.8,"name":"Coin-3/B7939"},{"time":1.8333,"name":"Coin-3/B7940"},{"time":1.8667,"name":"Coin-3/B7941"},{"time":1.9,"name":"Coin-3/B7942"},{"time":1.9333,"name":"Coin-3/B7943"},{"time":1.9667,"name":"Coin-3/B7944"},{"time":2,"name":"Coin-3/B7945"},{"time":2.0333,"name":"Coin-3/B7946"},{"time":2.0667,"name":"Coin-3/B7947"},{"time":2.1,"name":"Coin-3/B7948"},{"time":2.1333,"name":"Coin-3/B7949"},{"time":2.1667,"name":"Coin-3/B7950"},{"time":2.2,"name":"Coin-3/B7951"},{"time":2.2333,"name":"Coin-3/B7952"},{"time":2.2667,"name":"Coin-3/B7953"},{"time":2.3,"name":"Coin-3/B7954"},{"time":2.4,"name":"Coin-3/B7903"},{"time":2.4333,"name":"Coin-3/B7905"},{"time":2.4667,"name":"Coin-3/B7907"},{"time":2.5,"name":"Coin-3/B7908"},{"time":2.5333,"name":"Coin-3/B7909"},{"time":2.5667,"name":"Coin-3/B7910"},{"time":2.6,"name":"Coin-3/B7911"},{"time":2.6333,"name":"Coin-3/B7912"},{"time":2.6667,"name":"Coin-3/B7913"},{"time":2.7,"name":"Coin-3/B7914"},{"time":2.7333,"name":"Coin-3/B7915"},{"time":2.7667,"name":"Coin-3/B7916"},{"time":2.8,"name":"Coin-3/B7917"},{"time":2.8333,"name":"Coin-3/B7918"},{"time":2.8667,"name":"Coin-3/B7919"},{"time":2.9,"name":"Coin-3/B7920"},{"time":2.9333,"name":"Coin-3/B7921"},{"time":2.9667,"name":"Coin-3/B7922"},{"time":3,"name":"Coin-3/B7923"},{"time":3.0333,"name":"Coin-3/B7924"},{"time":3.0667,"name":"Coin-3/B7925"},{"time":3.1,"name":"Coin-3/B7926"},{"time":3.1333,"name":"Coin-3/B7927"},{"time":3.1667,"name":"Coin-3/B7928"},{"time":3.2,"name":"Coin-3/B7929"},{"time":3.2333,"name":"Coin-3/B7930"},{"time":3.2667,"name":"Coin-3/B7931"},{"time":3.3,"name":"Coin-3/B7932"},{"time":3.3333,"name":"Coin-3/B7933"},{"time":3.3667,"name":"Coin-3/B7934"},{"time":3.4,"name":"Coin-3/B7935"},{"time":3.4333,"name":"Coin-3/B7936"},{"time":3.4667,"name":"Coin-3/B7937"},{"time":3.5,"name":"Coin-3/B7938"},{"time":3.5333,"name":"Coin-3/B7939"},{"time":3.5667,"name":"Coin-3/B7940"},{"time":3.6,"name":"Coin-3/B7941"},{"time":3.6333,"name":"Coin-3/B7942"},{"time":3.6667,"name":"Coin-3/B7943"},{"time":3.7,"name":"Coin-3/B7944"},{"time":3.7333,"name":"Coin-3/B7945"},{"time":3.7667,"name":"Coin-3/B7946"},{"time":3.8,"name":"Coin-3/B7947"},{"time":3.8333,"name":"Coin-3/B7948"},{"time":3.8667,"name":"Coin-3/B7949"},{"time":3.9,"name":"Coin-3/B7950"},{"time":3.9333,"name":"Coin-3/B7951"},{"time":3.9667,"name":"Coin-3/B7952"},{"time":4,"name":"Coin-3/B7953"},{"time":4.0333,"name":"Coin-3/B7954"},{"time":4.1,"name":"Coin-3/B7954"}]},"Coi-2-2":{"attachment":[{"time":0,"name":null},{"time":1.4333,"name":"Coin-3/B7903"},{"time":1.4667,"name":"Coin-3/B7905"},{"time":1.5,"name":"Coin-3/B7907"},{"time":1.5333,"name":"Coin-3/B7908"},{"time":1.5667,"name":"Coin-3/B7909"},{"time":1.6,"name":"Coin-3/B7910"},{"time":1.6333,"name":"Coin-3/B7911"},{"time":1.6667,"name":"Coin-3/B7912"},{"time":1.7,"name":"Coin-3/B7913"},{"time":1.7333,"name":"Coin-3/B7914"},{"time":1.7667,"name":"Coin-3/B7915"},{"time":1.8,"name":"Coin-3/B7916"},{"time":1.8333,"name":"Coin-3/B7917"},{"time":1.8667,"name":"Coin-3/B7918"},{"time":1.9,"name":"Coin-3/B7919"},{"time":1.9333,"name":"Coin-3/B7920"},{"time":1.9667,"name":"Coin-3/B7921"},{"time":2,"name":"Coin-3/B7922"},{"time":2.0333,"name":"Coin-3/B7923"},{"time":2.0667,"name":"Coin-3/B7924"},{"time":2.1,"name":"Coin-3/B7925"},{"time":2.1333,"name":"Coin-3/B7926"},{"time":2.1667,"name":"Coin-3/B7927"},{"time":2.2,"name":"Coin-3/B7928"},{"time":2.2333,"name":"Coin-3/B7929"},{"time":2.2667,"name":"Coin-3/B7930"},{"time":2.3,"name":"Coin-3/B7931"},{"time":2.3333,"name":"Coin-3/B7932"},{"time":2.3667,"name":"Coin-3/B7933"},{"time":2.4,"name":"Coin-3/B7934"},{"time":2.4333,"name":"Coin-3/B7935"},{"time":2.4667,"name":"Coin-3/B7936"},{"time":2.5,"name":"Coin-3/B7937"},{"time":2.5333,"name":"Coin-3/B7938"},{"time":2.5667,"name":"Coin-3/B7939"},{"time":2.6,"name":"Coin-3/B7940"},{"time":2.6333,"name":"Coin-3/B7941"},{"time":2.6667,"name":"Coin-3/B7942"},{"time":2.7,"name":"Coin-3/B7943"},{"time":2.7333,"name":"Coin-3/B7944"},{"time":2.7667,"name":"Coin-3/B7945"},{"time":2.8,"name":"Coin-3/B7946"},{"time":2.8333,"name":"Coin-3/B7947"},{"time":2.8667,"name":"Coin-3/B7948"},{"time":2.9,"name":"Coin-3/B7949"},{"time":2.9333,"name":"Coin-3/B7950"},{"time":2.9667,"name":"Coin-3/B7951"},{"time":3,"name":"Coin-3/B7952"},{"time":3.0333,"name":"Coin-3/B7953"},{"time":3.0667,"name":"Coin-3/B7954"},{"time":4.1,"name":"Coin-3/B7954"}]}},"bones":{"root":{"rotate":[{"time":0,"angle":0,"curve":"stepped"},{"time":4.1,"angle":0}],"translate":[{"time":0,"x":0,"y":0,"curve":"stepped"},{"time":4.1,"x":0,"y":0}],"scale":[{"time":0,"x":1,"y":1,"curve":"stepped"},{"time":4.1,"x":1,"y":1}],"shear":[{"time":0,"x":0,"y":0,"curve":"stepped"},{"time":4.1,"x":0,"y":0}]}}}}},"_atlasText":"\nNoHu-JackPot-2.png\nsize: 4096,4096\nformat: RGBA8888\nfilter: Linear,Linear\nrepeat: none\nCoin-3/B7903\n  rotate: false\n  xy: 2356, 615\n  size: 109, 109\n  orig: 896, 504\n  offset: 386, 294\n  index: -1\nCoin-3/B7905\n  rotate: false\n  xy: 3376, 518\n  size: 221, 203\n  orig: 896, 504\n  offset: 331, 240\n  index: -1\nCoin-3/B7907\n  rotate: false\n  xy: 3029, 507\n  size: 345, 298\n  orig: 896, 504\n  offset: 269, 179\n  index: -1\nCoin-3/B7908\n  rotate: false\n  xy: 2617, 456\n  size: 410, 349\n  orig: 896, 504\n  offset: 235, 144\n  index: -1\nCoin-3/B7909\n  rotate: false\n  xy: 3569, 2358\n  size: 477, 399\n  orig: 896, 504\n  offset: 200, 105\n  index: -1\nCoin-3/B7910\n  rotate: false\n  xy: 1693, 2\n  size: 546, 439\n  orig: 896, 504\n  offset: 163, 65\n  index: -1\nCoin-3/B7911\n  rotate: true\n  xy: 3581, 2759\n  size: 616, 483\n  orig: 896, 504\n  offset: 125, 21\n  index: -1\nCoin-3/B7912\n  rotate: true\n  xy: 3587, 3377\n  size: 691, 504\n  orig: 896, 504\n  offset: 84, 0\n  index: -1\nCoin-3/B7913\n  rotate: false\n  xy: 2633, 807\n  size: 768, 504\n  orig: 896, 504\n  offset: 41, 0\n  index: -1\nCoin-3/B7914\n  rotate: false\n  xy: 2696, 2046\n  size: 845, 504\n  orig: 896, 504\n  offset: 0, 0\n  index: -1\nCoin-3/B7915\n  rotate: false\n  xy: 900, 2049\n  size: 888, 501\n  orig: 896, 504\n  offset: 0, 3\n  index: -1\nCoin-3/B7916\n  rotate: false\n  xy: 876, 3\n  size: 815, 504\n  orig: 896, 504\n  offset: 56, 0\n  index: -1\nCoin-3/B7917\n  rotate: false\n  xy: 2, 22\n  size: 872, 504\n  orig: 896, 504\n  offset: 24, 0\n  index: -1\nCoin-3/B7918\n  rotate: false\n  xy: 2, 3564\n  size: 896, 504\n  orig: 896, 504\n  offset: 0, 0\n  index: -1\nCoin-3/B7919\n  rotate: false\n  xy: 2, 3058\n  size: 896, 504\n  orig: 896, 504\n  offset: 0, 0\n  index: -1\nCoin-3/B7920\n  rotate: false\n  xy: 2, 1034\n  size: 880, 504\n  orig: 896, 504\n  offset: 16, 0\n  index: -1\nCoin-3/B7921\n  rotate: false\n  xy: 2, 1540\n  size: 886, 504\n  orig: 896, 504\n  offset: 0, 0\n  index: -1\nCoin-3/B7922\n  rotate: false\n  xy: 900, 3564\n  size: 896, 504\n  orig: 896, 504\n  offset: 0, 0\n  index: -1\nCoin-3/B7923\n  rotate: false\n  xy: 2, 2552\n  size: 896, 504\n  orig: 896, 504\n  offset: 0, 0\n  index: -1\nCoin-3/B7924\n  rotate: false\n  xy: 900, 3058\n  size: 896, 504\n  orig: 896, 504\n  offset: 0, 0\n  index: -1\nCoin-3/B7925\n  rotate: false\n  xy: 2696, 3058\n  size: 883, 504\n  orig: 896, 504\n  offset: 5, 0\n  index: -1\nCoin-3/B7926\n  rotate: false\n  xy: 1798, 3564\n  size: 896, 504\n  orig: 896, 504\n  offset: 0, 0\n  index: -1\nCoin-3/B7927\n  rotate: false\n  xy: 2696, 3564\n  size: 889, 504\n  orig: 896, 504\n  offset: 0, 0\n  index: -1\nCoin-3/B7928\n  rotate: false\n  xy: 2696, 2552\n  size: 871, 504\n  orig: 896, 504\n  offset: 25, 0\n  index: -1\nCoin-3/B7929\n  rotate: false\n  xy: 2, 2046\n  size: 896, 504\n  orig: 896, 504\n  offset: 0, 0\n  index: -1\nCoin-3/B7930\n  rotate: false\n  xy: 2, 528\n  size: 878, 504\n  orig: 896, 504\n  offset: 18, 0\n  index: -1\nCoin-3/B7931\n  rotate: false\n  xy: 1798, 2563\n  size: 896, 493\n  orig: 896, 504\n  offset: 0, 0\n  index: -1\nCoin-3/B7932\n  rotate: false\n  xy: 1798, 2085\n  size: 896, 476\n  orig: 896, 504\n  offset: 0, 0\n  index: -1\nCoin-3/B7933\n  rotate: false\n  xy: 900, 2552\n  size: 896, 504\n  orig: 896, 504\n  offset: 0, 0\n  index: -1\nCoin-3/B7934\n  rotate: false\n  xy: 1798, 3058\n  size: 896, 504\n  orig: 896, 504\n  offset: 0, 0\n  index: -1\nCoin-3/B7935\n  rotate: false\n  xy: 882, 509\n  size: 818, 462\n  orig: 896, 504\n  offset: 0, 0\n  index: -1\nCoin-3/B7936\n  rotate: false\n  xy: 1785, 1317\n  size: 848, 414\n  orig: 896, 504\n  offset: 0, 0\n  index: -1\nCoin-3/B7937\n  rotate: false\n  xy: 2688, 1658\n  size: 881, 386\n  orig: 896, 504\n  offset: 0, 0\n  index: -1\nCoin-3/B7938\n  rotate: false\n  xy: 890, 1308\n  size: 893, 375\n  orig: 896, 504\n  offset: 3, 0\n  index: -1\nCoin-3/B7939\n  rotate: false\n  xy: 900, 1685\n  size: 881, 362\n  orig: 896, 504\n  offset: 0, 0\n  index: -1\nCoin-3/B7940\n  rotate: false\n  xy: 1790, 1733\n  size: 896, 350\n  orig: 896, 504\n  offset: 0, 0\n  index: -1\nCoin-3/B7941\n  rotate: false\n  xy: 2635, 1313\n  size: 896, 343\n  orig: 896, 504\n  offset: 0, 0\n  index: -1\nCoin-3/B7942\n  rotate: false\n  xy: 884, 973\n  size: 867, 333\n  orig: 896, 504\n  offset: 0, 0\n  index: -1\nCoin-3/B7943\n  rotate: false\n  xy: 1785, 993\n  size: 846, 322\n  orig: 896, 504\n  offset: 47, 0\n  index: -1\nCoin-3/B7944\n  rotate: true\n  xy: 3403, 723\n  size: 588, 309\n  orig: 896, 504\n  offset: 140, 0\n  index: -1\nCoin-3/B7945\n  rotate: true\n  xy: 3571, 1513\n  size: 628, 296\n  orig: 896, 504\n  offset: 121, 0\n  index: -1\nCoin-3/B7946\n  rotate: false\n  xy: 1702, 443\n  size: 652, 281\n  orig: 896, 504\n  offset: 100, 0\n  index: -1\nCoin-3/B7947\n  rotate: false\n  xy: 1753, 726\n  size: 686, 265\n  orig: 896, 504\n  offset: 84, 0\n  index: -1\nCoin-3/B7948\n  rotate: true\n  xy: 3714, 879\n  size: 632, 248\n  orig: 896, 504\n  offset: 147, 0\n  index: -1\nCoin-3/B7949\n  rotate: true\n  xy: 2241, 26\n  size: 415, 224\n  orig: 896, 504\n  offset: 337, 7\n  index: -1\nCoin-3/B7950\n  rotate: false\n  xy: 3543, 2143\n  size: 434, 213\n  orig: 896, 504\n  offset: 332, 0\n  index: -1\nCoin-3/B7951\n  rotate: false\n  xy: 3714, 705\n  size: 223, 172\n  orig: 896, 504\n  offset: 410, 22\n  index: -1\nCoin-3/B7952\n  rotate: true\n  xy: 2441, 752\n  size: 239, 174\n  orig: 896, 504\n  offset: 409, 0\n  index: -1\nCoin-3/B7953\n  rotate: true\n  xy: 2467, 545\n  size: 205, 148\n  orig: 896, 504\n  offset: 458, 5\n  index: -1\nCoin-3/B7954\n  rotate: true\n  xy: 3869, 1924\n  size: 217, 132\n  orig: 896, 504\n  offset: 462, 0\n  index: -1\n","textures":[{"__uuid__":"29EInTTapAla0WoFsRIqgv"}],"textureNames":["NoHu-JackPot-2.png"]}