[{"__type__":"cc.Prefab","_name":"cointOther","data":{"__id__":1}},{"__type__":"cc.Node","_name":"cointOther","_components":[{"__id__":2},{"__type__":"0523fq9zpdKS5b1accvj8bj","node":{"__id__":1},"coint":{"__id__":2}}],"_prefab":{"__type__":"cc.PrefabInfo","root":{"__id__":1},"asset":{"__uuid__":"eb/yGk+JlDh6CNz8khEKoB"},"fileId":"680RfrgZFBNa5kybhQmBqT"},"_trs":{"__type__":"TypedArray","ctor":"Float64Array","array":[0,0,0,0,0,0,1,0.7,0.7,1]}},{"__type__":"dragonBones.ArmatureDisplay","node":{"__id__":1},"_materials":[{"__uuid__":"ecpdLyjvZBwrvm+cedCcQy"}],"_armatureName":"kyby_yinbi","_animationName":"drop","_preCacheMode":0,"playTimes":1,"_armatureKey":"c262dbeb-82e4-4633-8e05-7950b5bb151d#257aa3c5-81c9-4f6f-9116-4c87886846e9","_N$dragonAsset":{"__uuid__":"c2YtvrguRGM44FeVC1uxUd"},"_N$dragonAtlasAsset":{"__uuid__":"25eqPFgclPb5EWTIeIaEbp"}}]