{"__type__":"sp.SkeletonData","_name":"samsolo","_skeletonJson":{"skeleton":{"hash":"WYh6n8Y/vMTFOkbuv4EElbeYKr4","spine":"3.6.52","width":199,"height":199,"images":"./SAM TLMN/"},"bones":[{"name":"root"},{"name":"bone","parent":"root"},{"name":"bone12","parent":"bone","x":-21.17,"y":-18.43},{"name":"bone3","parent":"bone12","length":101.85,"rotation":109.88,"x":-18.73,"y":-14.21},{"name":"bone4","parent":"bone12","length":102.9,"rotation":97.49,"x":-4.69,"y":-7.35},{"name":"bone5","parent":"bone12","length":101.99,"rotation":83.85,"x":5.92,"y":-1.42},{"name":"bone6","parent":"bone12","length":101.96,"rotation":73.28,"x":22.77,"y":-2.36},{"name":"bone7","parent":"bone","x":-31.17,"y":-40.75},{"name":"bone8","parent":"bone7","x":-34.63,"y":0.94},{"name":"bone9","parent":"bone7","x":-2.59,"y":0.91},{"name":"bone10","parent":"bone7","x":38.06,"y":-0.31},{"name":"bone11","parent":"bone","x":34.27,"y":-70.51},{"name":"bone13","parent":"bone","length":74.88,"x":-3.28,"y":7.18}],"slots":[{"name":"SS Overlay","bone":"bone","attachment":"SS Overlay","blend":"additive"},{"name":"SS Circle","bone":"bone","attachment":"SS Circle"},{"name":"SS Dot Circle","bone":"bone13","attachment":"SS Dot Circle"},{"name":"J","bone":"bone3","attachment":"J"},{"name":"Q","bone":"bone4","attachment":"Q"},{"name":"K","bone":"bone5","attachment":"K"},{"name":"A","bone":"bone6","attachment":"A"},{"name":"M","bone":"bone10","attachment":"M"},{"name":"M4","bone":"bone10","attachment":"M","blend":"additive"},{"name":"A2","bone":"bone9","attachment":"A2"},{"name":"A3","bone":"bone9","attachment":"A2","blend":"additive"},{"name":"S","bone":"bone8","attachment":"S"},{"name":"S2","bone":"bone8","attachment":"S","blend":"additive"},{"name":"Solo","bone":"bone11","attachment":"Solo"}],"skins":{"default":{"A":{"A":{"x":49.87,"y":-19.24,"rotation":-73.28,"width":113,"height":131}},"A2":{"A2":{"x":-0.88,"y":4.79,"width":43,"height":50}},"A3":{"A2":{"x":-0.88,"y":4.79,"width":43,"height":50}},"J":{"J":{"x":50.44,"y":-19.58,"rotation":-109.88,"width":113,"height":131}},"K":{"K":{"x":51.21,"y":-19.75,"rotation":-83.85,"width":94,"height":124}},"M":{"M":{"x":0.97,"y":1.01,"width":52,"height":40}},"M4":{"M":{"x":0.97,"y":1.01,"width":52,"height":40}},"Q":{"Q":{"x":51.31,"y":-18.07,"rotation":-97.49,"width":101,"height":125}},"S":{"S":{"x":-1.34,"y":-0.24,"width":40,"height":42}},"S2":{"S":{"x":-1.34,"y":-0.24,"width":40,"height":42}},"SS Circle":{"SS Circle":{"x":-0.02,"y":6.27,"rotation":-0.37,"width":151,"height":151}},"SS Dot Circle":{"SS Dot Circle":{"x":1.42,"y":-32.64,"rotation":-0.37,"width":170,"height":113}},"SS Overlay":{"SS Overlay":{"x":-0.64,"y":-2.55,"width":199,"height":199}},"Solo":{"Solo":{"x":-2.9,"y":-1.55,"width":109,"height":34}}}},"animations":{"Idle":{"slots":{"A3":{"color":[{"time":0,"color":"ffffff00","curve":[0.25,0,0.75,1]},{"time":0.7667,"color":"ffffff53","curve":[0.25,0,0.75,1]},{"time":1.5,"color":"ffffff00","curve":[0.25,0,0.75,1]},{"time":2.2667,"color":"ffffff53","curve":[0.25,0,0.75,1]},{"time":3,"color":"ffffff00"}]},"M4":{"color":[{"time":0,"color":"ffffff00","curve":[0.25,0,0.75,1]},{"time":0.7667,"color":"ffffff53","curve":[0.25,0,0.75,1]},{"time":1.5,"color":"ffffff00","curve":[0.25,0,0.75,1]},{"time":2.2667,"color":"ffffff53","curve":[0.25,0,0.75,1]},{"time":3,"color":"ffffff00"}]},"S2":{"color":[{"time":0,"color":"ffffff00","curve":[0.25,0,0.75,1]},{"time":0.7667,"color":"ffffff53","curve":[0.25,0,0.75,1]},{"time":1.5,"color":"ffffff00","curve":[0.25,0,0.75,1]},{"time":2.2667,"color":"ffffff53","curve":[0.25,0,0.75,1]},{"time":3,"color":"ffffff00"}]},"SS Dot Circle":{"color":[{"time":0,"color":"ffffffff"},{"time":1.5,"color":"ffffff00","curve":"stepped"},{"time":3,"color":"ffffff00"}]},"SS Overlay":{"color":[{"time":0,"color":"ffffff5a","curve":[0.25,0,0.75,1]},{"time":0.7667,"color":"ffffffff","curve":[0.25,0,0.75,1]},{"time":1.5,"color":"ffffff5a","curve":[0.25,0,0.75,1]},{"time":2.2667,"color":"ffffffff","curve":[0.25,0,0.75,1]},{"time":3,"color":"ffffff5a"}]}},"bones":{"bone13":{"rotate":[{"time":0,"angle":0},{"time":1,"angle":120},{"time":2,"angle":-120},{"time":3,"angle":0}]},"bone8":{"scale":[{"time":0,"x":1,"y":1,"curve":[0.25,0,0.75,1]},{"time":0.1667,"x":1.05,"y":1.05,"curve":[0.25,0,0.75,1]},{"time":0.3,"x":1,"y":1,"curve":"stepped"},{"time":0.5,"x":1,"y":1,"curve":[0.25,0,0.75,1]},{"time":0.6667,"x":1.05,"y":1.05,"curve":[0.25,0,0.75,1]},{"time":0.8,"x":1,"y":1,"curve":"stepped"},{"time":1,"x":1,"y":1,"curve":[0.25,0,0.75,1]},{"time":1.1667,"x":1.05,"y":1.05,"curve":[0.25,0,0.75,1]},{"time":1.3333,"x":1,"y":1,"curve":"stepped"},{"time":1.5,"x":1,"y":1,"curve":[0.25,0,0.75,1]},{"time":1.6667,"x":1.05,"y":1.05,"curve":[0.25,0,0.75,1]},{"time":1.8333,"x":1,"y":1,"curve":"stepped"},{"time":2,"x":1,"y":1,"curve":[0.25,0,0.75,1]},{"time":2.1667,"x":1.05,"y":1.05,"curve":[0.25,0,0.75,1]},{"time":2.3333,"x":1,"y":1,"curve":"stepped"},{"time":2.5,"x":1,"y":1,"curve":[0.25,0,0.75,1]},{"time":2.6667,"x":1.05,"y":1.05,"curve":[0.25,0,0.75,1]},{"time":2.8333,"x":1,"y":1,"curve":"stepped"},{"time":3,"x":1,"y":1}]},"bone9":{"scale":[{"time":0,"x":1,"y":1,"curve":"stepped"},{"time":0.1,"x":1,"y":1,"curve":[0.25,0,0.75,1]},{"time":0.2667,"x":1.05,"y":1.05,"curve":[0.25,0,0.75,1]},{"time":0.4,"x":1,"y":1,"curve":"stepped"},{"time":0.5,"x":1,"y":1,"curve":"stepped"},{"time":0.6,"x":1,"y":1,"curve":[0.25,0,0.75,1]},{"time":0.7667,"x":1.05,"y":1.05,"curve":[0.25,0,0.75,1]},{"time":0.9,"x":1,"y":1,"curve":"stepped"},{"time":1,"x":1,"y":1,"curve":"stepped"},{"time":1.1,"x":1,"y":1,"curve":[0.25,0,0.75,1]},{"time":1.2667,"x":1.05,"y":1.05,"curve":[0.25,0,0.75,1]},{"time":1.4,"x":1,"y":1,"curve":"stepped"},{"time":1.5,"x":1,"y":1,"curve":"stepped"},{"time":1.6,"x":1,"y":1,"curve":[0.25,0,0.75,1]},{"time":1.7667,"x":1.05,"y":1.05,"curve":[0.25,0,0.75,1]},{"time":1.9,"x":1,"y":1,"curve":"stepped"},{"time":2,"x":1,"y":1,"curve":"stepped"},{"time":2.1,"x":1,"y":1,"curve":[0.25,0,0.75,1]},{"time":2.2667,"x":1.05,"y":1.05,"curve":[0.25,0,0.75,1]},{"time":2.4,"x":1,"y":1,"curve":"stepped"},{"time":2.5,"x":1,"y":1,"curve":"stepped"},{"time":2.6,"x":1,"y":1,"curve":[0.25,0,0.75,1]},{"time":2.7667,"x":1.05,"y":1.05,"curve":[0.25,0,0.75,1]},{"time":2.9,"x":1,"y":1,"curve":"stepped"},{"time":3,"x":1,"y":1}]},"bone10":{"scale":[{"time":0,"x":1,"y":1,"curve":"stepped"},{"time":0.2,"x":1,"y":1,"curve":[0.25,0,0.75,1]},{"time":0.3333,"x":1.05,"y":1.05,"curve":[0.25,0,0.75,1]},{"time":0.5,"x":1,"y":1,"curve":"stepped"},{"time":0.7,"x":1,"y":1,"curve":[0.25,0,0.75,1]},{"time":0.8333,"x":1.05,"y":1.05,"curve":[0.25,0,0.75,1]},{"time":1,"x":1,"y":1,"curve":"stepped"},{"time":1.2,"x":1,"y":1,"curve":[0.25,0,0.75,1]},{"time":1.3333,"x":1.05,"y":1.05,"curve":[0.25,0,0.75,1]},{"time":1.5,"x":1,"y":1,"curve":"stepped"},{"time":1.7,"x":1,"y":1,"curve":[0.25,0,0.75,1]},{"time":1.8333,"x":1.05,"y":1.05,"curve":[0.25,0,0.75,1]},{"time":2,"x":1,"y":1,"curve":"stepped"},{"time":2.2,"x":1,"y":1,"curve":[0.25,0,0.75,1]},{"time":2.3667,"x":1.05,"y":1.05,"curve":[0.25,0,0.75,1]},{"time":2.5,"x":1,"y":1,"curve":"stepped"},{"time":2.7,"x":1,"y":1,"curve":[0.25,0,0.75,1]},{"time":2.8667,"x":1.05,"y":1.05,"curve":[0.25,0,0.75,1]},{"time":3,"x":1,"y":1}]},"bone7":{"translate":[{"time":0,"x":0,"y":0,"curve":[0.25,0,0.75,1]},{"time":0.7333,"x":0,"y":4.28,"curve":[0.25,0,0.75,1]},{"time":1.5,"x":0,"y":0,"curve":[0.25,0,0.75,1]},{"time":2.2333,"x":0,"y":4.28,"curve":[0.25,0,0.75,1]},{"time":3,"x":0,"y":0}]},"bone11":{"translate":[{"time":0,"x":0,"y":2.7,"curve":[0.37,0.48,0.753,1]},{"time":0.4,"x":0,"y":0,"curve":[0.25,0,0.75,1]},{"time":1.1667,"x":0,"y":4.82,"curve":[0.25,0,0.75,1]},{"time":1.9,"x":0,"y":0,"curve":[0.25,0,0.75,1]},{"time":2.6667,"x":0,"y":4.82,"curve":[0.253,0,0.621,0.48]},{"time":3,"x":0,"y":2.7}]},"bone3":{"rotate":[{"time":0,"angle":0,"curve":[0.25,0,0.75,1]},{"time":0.7667,"angle":11.91,"curve":[0.25,0,0.75,1]},{"time":1.5,"angle":0,"curve":[0.25,0,0.75,1]},{"time":2.2667,"angle":11.91,"curve":[0.25,0,0.75,1]},{"time":3,"angle":0}]},"bone4":{"rotate":[{"time":0,"angle":0,"curve":[0.25,0,0.75,1]},{"time":0.7667,"angle":11.91,"curve":[0.25,0,0.75,1]},{"time":1.5,"angle":0,"curve":[0.25,0,0.75,1]},{"time":2.2667,"angle":11.91,"curve":[0.25,0,0.75,1]},{"time":3,"angle":0}],"translate":[{"time":0,"x":0,"y":0,"curve":[0.25,0,0.75,1]},{"time":0.7667,"x":-3.84,"y":10.92,"curve":[0.25,0,0.75,1]},{"time":1.5,"x":0,"y":0,"curve":[0.25,0,0.75,1]},{"time":2.2667,"x":-3.84,"y":10.92,"curve":[0.25,0,0.75,1]},{"time":3,"x":0,"y":0}]},"bone5":{"rotate":[{"time":0,"angle":0,"curve":[0.25,0,0.75,1]},{"time":0.7667,"angle":11.91,"curve":[0.25,0,0.75,1]},{"time":1.5,"angle":0,"curve":[0.25,0,0.75,1]},{"time":2.2667,"angle":11.91,"curve":[0.25,0,0.75,1]},{"time":3,"angle":0}]},"bone6":{"rotate":[{"time":0,"angle":0,"curve":[0.25,0,0.75,1]},{"time":0.7667,"angle":11.91,"curve":[0.25,0,0.75,1]},{"time":1.5,"angle":0,"curve":[0.25,0,0.75,1]},{"time":2.2667,"angle":11.91,"curve":[0.25,0,0.75,1]},{"time":3,"angle":0}],"translate":[{"time":0,"x":0,"y":0,"curve":[0.25,0,0.75,1]},{"time":0.7667,"x":0.97,"y":11.53,"curve":[0.25,0,0.75,1]},{"time":1.5,"x":0,"y":0,"curve":[0.25,0,0.75,1]},{"time":2.2667,"x":0.97,"y":11.53,"curve":[0.25,0,0.75,1]},{"time":3,"x":0,"y":0}]},"bone12":{"translate":[{"time":0,"x":0,"y":0,"curve":[0.25,0,0.75,1]},{"time":0.7667,"x":14.88,"y":-19.93,"curve":[0.25,0,0.75,1]},{"time":1.5,"x":0,"y":0,"curve":[0.25,0,0.75,1]},{"time":2.2667,"x":14.88,"y":-19.93,"curve":[0.25,0,0.75,1]},{"time":3,"x":0,"y":0}]}}}}},"_atlasText":"\r\nsamsolo.png\r\nsize: 1024,256\r\nformat: RGBA8888\r\nfilter: Linear,Linear\r\nrepeat: none\r\nA\r\n  rotate: true\r\n  xy: 528, 124\r\n  size: 113, 131\r\n  orig: 113, 131\r\n  offset: 0, 0\r\n  index: -1\r\nA2\r\n  rotate: true\r\n  xy: 203, 41\r\n  size: 43, 50\r\n  orig: 43, 50\r\n  offset: 0, 0\r\n  index: -1\r\nJ\r\n  rotate: true\r\n  xy: 661, 124\r\n  size: 113, 131\r\n  orig: 113, 131\r\n  offset: 0, 0\r\n  index: -1\r\nK\r\n  rotate: false\r\n  xy: 921, 113\r\n  size: 94, 124\r\n  orig: 94, 124\r\n  offset: 0, 0\r\n  index: -1\r\nM\r\n  rotate: false\r\n  xy: 255, 44\r\n  size: 52, 40\r\n  orig: 52, 40\r\n  offset: 0, 0\r\n  index: -1\r\nQ\r\n  rotate: true\r\n  xy: 794, 136\r\n  size: 101, 125\r\n  orig: 101, 125\r\n  offset: 0, 0\r\n  index: -1\r\nS\r\n  rotate: true\r\n  xy: 309, 44\r\n  size: 40, 42\r\n  orig: 40, 42\r\n  offset: 0, 0\r\n  index: -1\r\nSS Circle\r\n  rotate: false\r\n  xy: 203, 86\r\n  size: 151, 151\r\n  orig: 151, 151\r\n  offset: 0, 0\r\n  index: -1\r\nSS Dot Circle\r\n  rotate: false\r\n  xy: 356, 124\r\n  size: 170, 113\r\n  orig: 170, 113\r\n  offset: 0, 0\r\n  index: -1\r\nSS Overlay\r\n  rotate: false\r\n  xy: 2, 38\r\n  size: 199, 199\r\n  orig: 199, 199\r\n  offset: 0, 0\r\n  index: -1\r\nSolo\r\n  rotate: false\r\n  xy: 2, 2\r\n  size: 109, 34\r\n  orig: 109, 34\r\n  offset: 0, 0\r\n  index: -1","textures":[{"__uuid__":"8agOtrhZ5Db6RJkxV4F5oY"}],"textureNames":["samsolo.png"]}