[[{"__type__":"cc.Prefab","_name":"x3","data":{"__id__":1}},{"__type__":"cc.Node","_name":"x3","_children":[{"__id__":2},{"__id__":4},{"__id__":6},{"__id__":7},{"__id__":8},{"__id__":9}],"_components":[{"__type__":"655c6/MZdJNZo/YxgAvEk8A","node":{"__id__":1},"fish":{"__id__":5},"shadow":{"__id__":3},"collider":{"__id__":10},"anim":{"__id__":11},"head":{"__id__":6},"end":{"__id__":7},"suoMe":{"__id__":9},"suoOther":{"__id__":8}},{"__id__":11},{"__id__":10}],"_prefab":{"__type__":"cc.PrefabInfo","root":{"__id__":1},"asset":{"__uuid__":"4fuqmbTfFE+KYuQRFK2NJ2"},"fileId":"ffUsFBIdhD5blwrpud+721"},"_trs":{"__type__":"TypedArray","ctor":"Float64Array","array":[-796.036,310.431,0,0,0,0,1,1,1,1]},"_groupIndex":6,"groupIndex":6},{"__type__":"cc.Node","_name":"shadow","_parent":{"__id__":1},"_components":[{"__id__":3}],"_prefab":{"__type__":"cc.PrefabInfo","root":{"__id__":1},"asset":{"__uuid__":"4fuqmbTfFE+KYuQRFK2NJ2"},"fileId":"6azvuPAYFJfJ4S/Fp2nLET"},"_trs":{"__type__":"TypedArray","ctor":"Float64Array","array":[-12,-12,0,0,0,0,1,1,1,1]},"_groupIndex":6,"groupIndex":6},{"__type__":"dragonBones.ArmatureDisplay","node":{"__id__":2},"_materials":[{"__uuid__":"ecpdLyjvZBwrvm+cedCcQy"}],"_armatureName":"hudieyu_shadow","_animationName":"hudieyu_shadow","_preCacheMode":0,"_armatureKey":"1101917b-d277-40c6-b219-98d5cddd29fa#4357127c-6107-4966-ae7e-854cd81d4f6c","_N$dragonAsset":{"__uuid__":"11AZF70ndAxrIZmNXN3Sn6"},"_N$dragonAtlasAsset":{"__uuid__":"43VxJ8YQdJZq5+hUzYHU9s"},"_N$timeScale":0.5},{"__type__":"cc.Node","_name":"fish","_parent":{"__id__":1},"_components":[{"__id__":5}],"_prefab":{"__type__":"cc.PrefabInfo","root":{"__id__":1},"asset":{"__uuid__":"4fuqmbTfFE+KYuQRFK2NJ2"},"fileId":"428EwD0sVNpZb8WTP3e9iU"},"_trs":{"__type__":"TypedArray","ctor":"Float64Array","array":[0,0,0,0,0,0,1,1,1,1]}},{"__type__":"dragonBones.ArmatureDisplay","node":{"__id__":4},"_materials":[{"__uuid__":"ecpdLyjvZBwrvm+cedCcQy"}],"_armatureName":"hudieyu","_animationName":"hudieyu","_preCacheMode":0,"_armatureKey":"220d90bc-b832-4bb3-809c-db4f3332b66b#3e627a6b-cb57-43db-a1af-fec880947c61","_N$dragonAsset":{"__uuid__":"22DZC8uDJLs4Cc208zMrZr"},"_N$dragonAtlasAsset":{"__uuid__":"3eYnpry1dD26Gv/siAlHxh"},"_N$timeScale":0.5},{"__type__":"cc.Node","_name":"head","_parent":{"__id__":1},"_prefab":{"__type__":"cc.PrefabInfo","root":{"__id__":1},"asset":{"__uuid__":"4fuqmbTfFE+KYuQRFK2NJ2"},"fileId":"89jwN9R6JG8IKBhOOlSwg5"},"_trs":{"__type__":"TypedArray","ctor":"Float64Array","array":[-48.407,3.518,0,0,0,0,1,1,1,1]}},{"__type__":"cc.Node","_name":"end","_parent":{"__id__":1},"_prefab":{"__type__":"cc.PrefabInfo","root":{"__id__":1},"asset":{"__uuid__":"4fuqmbTfFE+KYuQRFK2NJ2"},"fileId":"97k/07FsVMA4YoLvi06Xjx"},"_trs":{"__type__":"TypedArray","ctor":"Float64Array","array":[-7.099,-6.55,0,0,0,0,1,1,1,1]}},{"__type__":"cc.Node","_name":"fish_suoding_other","_parent":{"__id__":1},"_active":false,"_components":[{"__type__":"cc.Sprite","node":{"__id__":8},"_materials":[{"__uuid__":"ecpdLyjvZBwrvm+cedCcQy"}],"_spriteFrame":{"__uuid__":"d6GNvieS9K8pqo+oyuZNkc"}},{"__type__":"cc.Animation","node":{"__id__":8},"_defaultClip":{"__uuid__":"41C/GXlRNOjLlgy6YN7juw"},"_clips":[{"__uuid__":"41C/GXlRNOjLlgy6YN7juw"}],"playOnLoad":true}],"_prefab":{"__type__":"cc.PrefabInfo","root":{"__id__":1},"asset":{"__uuid__":"4fuqmbTfFE+KYuQRFK2NJ2"},"fileId":"7dJKM96XFE65Vi9oYbwJvs"},"_opacity":97,"_contentSize":{"__type__":"cc.Size","width":169,"height":169},"_trs":{"__type__":"TypedArray","ctor":"Float64Array","array":[0,0,0,0,0,0,1,0.85,0.85,1]}},{"__type__":"cc.Node","_name":"fish_suoding_me","_parent":{"__id__":1},"_active":false,"_components":[{"__type__":"cc.Sprite","node":{"__id__":9},"_materials":[{"__uuid__":"ecpdLyjvZBwrvm+cedCcQy"}],"_spriteFrame":{"__uuid__":"d6GNvieS9K8pqo+oyuZNkc"}},{"__type__":"cc.Animation","node":{"__id__":9},"_defaultClip":{"__uuid__":"41C/GXlRNOjLlgy6YN7juw"},"_clips":[{"__uuid__":"41C/GXlRNOjLlgy6YN7juw"}],"playOnLoad":true}],"_prefab":{"__type__":"cc.PrefabInfo","root":{"__id__":1},"asset":{"__uuid__":"4fuqmbTfFE+KYuQRFK2NJ2"},"fileId":"c6d6rCoqtPM7YhK/tg2jjR"},"_contentSize":{"__type__":"cc.Size","width":169,"height":169},"_trs":{"__type__":"TypedArray","ctor":"Float64Array","array":[0,0,0,0,0,0,1,1,1,1]}},{"__type__":"cc.PolygonCollider","node":{"__id__":1},"_offset":{"__type__":"cc.Vec2","x":-6.1,"y":-14},"points":[{"__type__":"cc.Vec2","x":31.4,"y":-15.8},{"__type__":"cc.Vec2","x":62.2,"y":4.1},{"__type__":"cc.Vec2","x":41.9,"y":-1.9},{"__type__":"cc.Vec2","x":37.3,"y":40.4},{"__type__":"cc.Vec2","x":-24,"y":36.9},{"__type__":"cc.Vec2","x":-29.6,"y":18.5},{"__type__":"cc.Vec2","x":-57.9,"y":22},{"__type__":"cc.Vec2","x":-7,"y":-19.7}]},{"__type__":"cc.Animation","node":{"__id__":1},"_clips":[{"__uuid__":"9192+hr1dFzqy6XuAoKIZS"},{"__uuid__":"4cCUOfnQNGl4UXJJst3Col"},{"__uuid__":"86mW1GB15P+p0AfcsiymQE"}]}],{"__type__":"cc.SpriteFrame","content":{"name":"fish_game_pic_suoding1","texture":"bclyb1CdFAXZK7vE6k7C0V","rect":[0,0,169,169],"offset":[-0.5,0.5],"originalSize":[170,170],"capInsets":[0,0,0,0]}}]