[{"__type__":"cc.Prefab","_name":"ef_bullet1","data":{"__id__":1}},{"__type__":"cc.Node","_name":"ef_bullet1","_components":[{"__id__":2},{"__type__":"3a330//WeBF2b3HjqWpZzen","node":{"__id__":1},"anim":{"__id__":2},"typeBet":1}],"_prefab":{"__type__":"cc.PrefabInfo","root":{"__id__":1},"asset":{"__id__":0},"fileId":"75jgerPXhBeLLi3p12jlFC"},"_trs":{"__type__":"TypedArray","ctor":"Float64Array","array":[0,0,0,0,0,0,1,1,1,1]}},{"__type__":"dragonBones.ArmatureDisplay","node":{"__id__":1},"_materials":[{"__uuid__":"ecpdLyjvZBwrvm+cedCcQy"}],"_armatureName":"kyby_zidan1-hit","_preCacheMode":0,"_armatureKey":"b4ede9c7-055c-4bf3-8040-cbfa8f1c21e8#3bb0c032-bf91-4929-9ba0-d2b685ef5fe5","_N$dragonAsset":{"__uuid__":"b47enHBVxL84BAy/qPHCHo"},"_N$dragonAtlasAsset":{"__uuid__":"3bsMAyv5FJKZug0raF71/l"}}]