[{"__type__":"cc.SpriteFrame","content":{"name":"default-2-2","texture":"34KYHSLsRASpYq4fvbKBd2","rect":[38,1,35,35],"offset":[0,0],"originalSize":[35,35],"capInsets":[0,0,0,0]}},{"__type__":"cc.SpriteFrame","content":{"name":"default-2-1","texture":"34KYHSLsRASpYq4fvbKBd2","rect":[1,1,35,35],"offset":[0,0],"originalSize":[35,35],"capInsets":[0,0,0,0]}},{"__type__":"cc.SpriteAtlas","_name":"bg_top_body.plist","_spriteFrames":{"default-2-1":{"__uuid__":"a64Vm+2ytPnb+MRYfOg4OM"},"default-2-2":{"__uuid__":"4bvjdfO4dBJrbUVOws6gd9"}}}]