[{"__type__":"cc.BitmapFont","_name":"fish_hall_hwyj","spriteFrame":{"__uuid__":"58vu5j+wRJ97qR66Lvaq9U"},"fontSize":32,"_fntConfig":{"commonHeight":32,"fontSize":32,"atlasName":"fish_hall_hwyj.png","fontDefDictionary":{"48":{"rect":{"x":77,"y":40,"width":20,"height":26},"xOffset":2,"yOffset":4,"xAdvance":20},"49":{"rect":{"x":32,"y":115,"width":13,"height":26},"xOffset":2,"yOffset":4,"xAdvance":13},"50":{"rect":{"x":97,"y":78,"width":19,"height":26},"xOffset":"3.5","yOffset":4,"xAdvance":19},"51":{"rect":{"x":33,"y":77,"width":20,"height":26},"xOffset":3,"yOffset":4,"xAdvance":20},"52":{"rect":{"x":45,"y":1,"width":21,"height":26},"xOffset":1,"yOffset":4,"xAdvance":21},"53":{"rect":{"x":1,"y":84,"width":19,"height":26},"xOffset":1,"yOffset":4,"xAdvance":19},"54":{"rect":{"x":65,"y":78,"width":20,"height":26},"xOffset":2,"yOffset":4,"xAdvance":20},"55":{"rect":{"x":45,"y":39,"width":20,"height":26},"xOffset":1,"yOffset":4,"xAdvance":20},"56":{"rect":{"x":1,"y":46,"width":20,"height":26},"xOffset":2,"yOffset":4,"xAdvance":20},"57":{"rect":{"x":78,"y":1,"width":20,"height":27},"xOffset":2,"yOffset":3,"xAdvance":20},"88":{"rect":{"x":57,"y":116,"width":17,"height":19},"xOffset":4,"yOffset":"10.5","xAdvance":17},"126":{"rect":{"x":86,"y":116,"width":13,"height":6},"xOffset":6,"yOffset":14,"xAdvance":13}},"kerningDict":{}}},{"__type__":"cc.SpriteFrame","content":{"name":"fish_hall_hwyj","texture":"4b5HIS+jdOJJ8+ha263NJl","rect":[0,0,117,142],"offset":[-1,1],"originalSize":[119,144],"capInsets":[0,0,0,0]}}]