{"__type__":"dragonBones.DragonBonesAtlasAsset","_name":"denglongyu_shadow_tex","_atlasJson":"{\"width\":512,\"imagePath\":\"denglongyu_shadow_tex.png\",\"height\":512,\"name\":\"denglongyu_shadow\",\"SubTexture\":[{\"y\":406,\"frameX\":-170,\"frameHeight\":512,\"frameY\":-199,\"width\":163,\"frameWidth\":512,\"height\":91,\"name\":\"00000\",\"x\":1},{\"y\":196,\"frameX\":-174,\"frameHeight\":512,\"frameY\":-202,\"width\":145,\"frameWidth\":512,\"height\":99,\"name\":\"00012\",\"x\":160},{\"y\":102,\"frameX\":-164,\"frameHeight\":512,\"frameY\":-200,\"width\":157,\"frameWidth\":512,\"height\":101,\"name\":\"00024\",\"x\":1},{\"y\":1,\"frameX\":-165,\"frameHeight\":512,\"frameY\":-198,\"width\":164,\"frameWidth\":512,\"height\":93,\"name\":\"00036\",\"x\":333},{\"y\":205,\"frameX\":-171,\"frameHeight\":512,\"frameY\":-202,\"width\":147,\"frameWidth\":512,\"height\":103,\"name\":\"00020\",\"x\":1},{\"y\":98,\"frameX\":-170,\"frameHeight\":512,\"frameY\":-202,\"width\":154,\"frameWidth\":512,\"height\":96,\"name\":\"00008\",\"x\":166},{\"y\":1,\"frameX\":-162,\"frameHeight\":512,\"frameY\":-198,\"width\":165,\"frameWidth\":512,\"height\":95,\"name\":\"00032\",\"x\":166},{\"y\":297,\"frameX\":-176,\"frameHeight\":512,\"frameY\":-202,\"width\":140,\"frameWidth\":512,\"height\":102,\"name\":\"00016\",\"x\":163},{\"y\":310,\"frameX\":-170,\"frameHeight\":512,\"frameY\":-200,\"width\":160,\"frameWidth\":512,\"height\":94,\"name\":\"00004\",\"x\":1},{\"y\":1,\"frameX\":-161,\"frameHeight\":512,\"frameY\":-197,\"width\":163,\"frameWidth\":512,\"height\":99,\"name\":\"00028\",\"x\":1}]}","_texture":{"__uuid__":"7fH1ET5ZNFDal0QUuXT+dG"},"texture":{"__uuid__":"7fH1ET5ZNFDal0QUuXT+dG"}}