{"__type__":"cc.AnimationClip","_name":"hu_animation","_duration":2.6,"wrapMode":"2","curveData":{"paths":{"dap_hu/cr":{"props":{"angle":[{"frame":0,"value":0},{"frame":2.6,"value":720}]}},"dap_hu":{"props":{"scale":[{"frame":0,"value":{"__type__":"cc.Vec2","x":1,"y":1}},{"frame":0.5333333333333333,"value":{"__type__":"cc.Vec2","x":1.02,"y":1.02}},{"frame":2.066666666666667,"value":{"__type__":"cc.Vec2","x":0.98,"y":0.98}},{"frame":2.6,"value":{"__type__":"cc.Vec2","x":1,"y":1}}]}},"gold1":{"props":{"y":[{"frame":0,"value":40},{"frame":0.5333333333333333,"value":48},{"frame":2.066666666666667,"value":32},{"frame":2.6,"value":40}]}},"dap_hu/dap_hu1":{"props":{"y":[{"frame":0,"value":-52},{"frame":0.5333333333333333,"value":-56},{"frame":2.066666666666667,"value":-48},{"frame":2.6,"value":-52}]}},"gold1/gold2":{"props":{"opacity":[{"frame":0,"value":255},{"frame":0.5333333333333333,"value":0},{"frame":2.066666666666667,"value":255}]}},"dap_hu/dap_hu1/dap_hu2":{"props":{"opacity":[{"frame":0,"value":255},{"frame":0.5333333333333333,"value":0},{"frame":2.066666666666667,"value":255}]}},"dap_hu/gold1":{"props":{"position":[{"frame":0,"value":[-60,-55]},{"frame":2.05,"value":[-60,-55]},{"frame":2.066666666666667,"value":[-33,28.8]},{"frame":2.2,"value":[-50,13.7]},{"frame":2.3666666666666667,"value":[-43.7,-36.6]},{"frame":2.4833333333333334,"value":[-60,-55]}]}},"dap_hu/gold2":{"props":{"position":[{"frame":0,"value":[-19,-55]},{"frame":2.05,"value":[-19,-55]},{"frame":2.066666666666667,"value":[-10.5,32]},{"frame":2.2,"value":[-19.1,12.5]},{"frame":2.3333333333333335,"value":[-9.4,-21.3]},{"frame":2.4833333333333334,"value":[-19,-55]}]}},"dap_hu/gold4":{"props":{"position":[{"frame":0,"value":[58,-55]},{"frame":2.05,"value":[58,-55]},{"frame":2.066666666666667,"value":[33,31.2]},{"frame":2.2,"value":[49.6,-2.8]},{"frame":2.3333333333333335,"value":[46.3,-27.6]},{"frame":2.6,"value":[58,-55]}]}},"dap_hu/gold3":{"props":{"position":[{"frame":0,"value":[6,-55]},{"frame":2.05,"value":[6,-55]},{"frame":2.066666666666667,"value":[12.8,34]},{"frame":2.1666666666666665,"value":[18.9,12.3]},{"frame":2.316666666666667,"value":[7.3,-10.4]},{"frame":2.466666666666667,"value":[6,-55]}]}},"gold1/star":{"props":{"active":[{"frame":0,"value":false},{"frame":2.066666666666667,"value":true}],"angle":[{"frame":0,"value":0},{"frame":2.066666666666667,"value":0},{"frame":2.5,"value":160}]}}}}}