{"__type__":"dragonBones.DragonBonesAtlasAsset","_name":"meirenyu_tex","_atlasJson":"{\"width\":830,\"SubTexture\":[{\"width\":280,\"y\":602,\"height\":280,\"name\":\"894f34fb05297119156e963f9568f2b9630ca10030ecd-DvBDeT\",\"x\":411},{\"frameY\":-316,\"y\":0,\"frameWidth\":1280,\"frameHeight\":720,\"width\":409,\"height\":205,\"name\":\"meirenyu_00001\",\"frameX\":-414,\"x\":415},{\"frameY\":-316,\"y\":882,\"frameWidth\":1280,\"frameHeight\":720,\"width\":410,\"height\":185,\"name\":\"meirenyu_00013\",\"frameX\":-409,\"x\":409},{\"frameY\":-328,\"y\":793,\"frameWidth\":1280,\"frameHeight\":720,\"width\":409,\"height\":187,\"name\":\"meirenyu_00005\",\"frameX\":-409,\"x\":0},{\"frameY\":-320,\"y\":205,\"frameWidth\":1280,\"frameHeight\":720,\"width\":417,\"height\":201,\"name\":\"meirenyu_00003\",\"frameX\":-409,\"x\":0},{\"frameY\":-317,\"y\":0,\"frameWidth\":1280,\"frameHeight\":720,\"width\":415,\"height\":204,\"name\":\"meirenyu_00002\",\"frameX\":-411,\"x\":0},{\"frameY\":-314,\"y\":601,\"frameWidth\":1280,\"frameHeight\":720,\"width\":411,\"height\":192,\"name\":\"meirenyu_00014\",\"frameX\":-411,\"x\":0},{\"frameY\":-316,\"y\":406,\"frameWidth\":1280,\"frameHeight\":720,\"width\":411,\"height\":196,\"name\":\"meirenyu_00015\",\"frameX\":-414,\"x\":414},{\"frameY\":-324,\"y\":406,\"frameWidth\":1280,\"frameHeight\":720,\"width\":414,\"height\":195,\"name\":\"meirenyu_00004\",\"frameX\":-409,\"x\":0},{\"frameY\":-316,\"y\":205,\"frameWidth\":1280,\"frameHeight\":720,\"width\":413,\"height\":201,\"name\":\"meirenyu_00000\",\"frameX\":-415,\"x\":417},{\"frameY\":-333,\"y\":1412,\"frameWidth\":1280,\"frameHeight\":720,\"width\":413,\"height\":170,\"name\":\"meirenyu_00009\",\"frameX\":-410,\"x\":417},{\"frameY\":-332,\"y\":1159,\"frameWidth\":1280,\"frameHeight\":720,\"width\":404,\"height\":179,\"name\":\"meirenyu_00006\",\"frameX\":-410,\"x\":0},{\"frameY\":-335,\"y\":1582,\"frameWidth\":1280,\"frameHeight\":720,\"width\":404,\"height\":173,\"name\":\"meirenyu_00007\",\"frameX\":-411,\"x\":417},{\"frameY\":-335,\"y\":1412,\"frameWidth\":1280,\"frameHeight\":720,\"width\":417,\"height\":170,\"name\":\"meirenyu_00008\",\"frameX\":-411,\"x\":0},{\"frameY\":-330,\"y\":1241,\"frameWidth\":1280,\"frameHeight\":720,\"width\":416,\"height\":171,\"name\":\"meirenyu_00010\",\"frameX\":-410,\"x\":404},{\"frameY\":-326,\"y\":1067,\"frameWidth\":1280,\"frameHeight\":720,\"width\":416,\"height\":174,\"name\":\"meirenyu_00011\",\"frameX\":-409,\"x\":409},{\"frameY\":-320,\"y\":980,\"frameWidth\":1280,\"frameHeight\":720,\"width\":409,\"height\":179,\"name\":\"meirenyu_00012\",\"frameX\":-408,\"x\":0}],\"height\":1755,\"name\":\"meirenyu\",\"imagePath\":\"meirenyu_tex.png\"}","_texture":{"__uuid__":"4cF8wIWgVGb4DXm2GDhqXn"},"texture":{"__uuid__":"4cF8wIWgVGb4DXm2GDhqXn"}}