{"__type__":"dragonBones.DragonBonesAsset","_name":"shenhaifufengwang_shadow_ske","_dragonBonesJson":"{\"frameRate\":24,\"name\":\"shenhaifufengwang_shadow\",\"version\":\"5.5\",\"compatibleVersion\":\"5.5\",\"armature\":[{\"type\":\"Sheet\",\"frameRate\":24,\"name\":\"shenhaifufengwang_shadow\",\"aabb\":{\"x\":-227,\"y\":-239,\"width\":512,\"height\":512},\"bone\":[{\"name\":\"root\"}],\"slot\":[{\"displayIndex\":8,\"name\":\"sheetSlot\",\"parent\":\"root\"}],\"skin\":[{\"slot\":[{\"name\":\"sheetSlot\",\"display\":[{\"name\":\"00000000\",\"transform\":{\"x\":29,\"y\":17}},{\"name\":\"00000005\",\"transform\":{\"x\":29,\"y\":17}},{\"name\":\"00000010\",\"transform\":{\"x\":29,\"y\":17}},{\"name\":\"00000015\",\"transform\":{\"x\":29,\"y\":17}},{\"name\":\"00000020\",\"transform\":{\"x\":29,\"y\":17}},{\"name\":\"00000025\",\"transform\":{\"x\":29,\"y\":17}},{\"name\":\"00000030\",\"transform\":{\"x\":29,\"y\":17}},{\"name\":\"00000035\",\"transform\":{\"x\":29,\"y\":17}},{\"name\":\"00000040\",\"transform\":{\"x\":29,\"y\":17}},{\"name\":\"00000045\",\"transform\":{\"x\":29,\"y\":17}}]}]}],\"animation\":[{\"duration\":10,\"playTimes\":0,\"name\":\"shenhaifufengwang_shadow\",\"slot\":[{\"name\":\"sheetSlot\",\"displayFrame\":[{},{\"value\":1},{\"value\":2},{\"value\":3},{\"value\":4},{\"value\":5},{\"value\":6},{\"value\":7},{\"value\":8},{\"value\":9}]}]}],\"defaultActions\":[{\"gotoAndPlay\":\"shenhaifufengwang_shadow\"}]}]}"}