{"__type__":"dragonBones.DragonBonesAtlasAsset","_name":"huangjinchuitousha_tex","_atlasJson":"{\"SubTexture\":[{\"frameWidth\":306,\"y\":1,\"frameX\":-7,\"frameHeight\":170,\"frameY\":-3,\"width\":283,\"height\":164,\"name\":\"huangjinchuitousha_00012\",\"x\":571},{\"frameWidth\":306,\"y\":494,\"frameX\":-7,\"frameHeight\":170,\"frameY\":-8,\"width\":283,\"height\":158,\"name\":\"huangjinchuitousha_00004\",\"x\":286},{\"frameWidth\":306,\"y\":331,\"frameX\":-7,\"frameHeight\":170,\"frameY\":-7,\"width\":283,\"height\":162,\"name\":\"huangjinchuitousha_00001\",\"x\":571},{\"frameWidth\":306,\"y\":655,\"frameX\":-7,\"frameHeight\":170,\"frameY\":-7,\"width\":283,\"height\":157,\"name\":\"huangjinchuitousha_00005\",\"x\":1},{\"frameWidth\":306,\"y\":167,\"frameX\":-7,\"frameHeight\":170,\"frameY\":-5,\"width\":283,\"height\":163,\"name\":\"huangjinchuitousha_00000\",\"x\":286},{\"frameWidth\":306,\"y\":495,\"frameX\":-7,\"frameHeight\":170,\"frameY\":-5,\"width\":283,\"height\":158,\"name\":\"huangjinchuitousha_00006\",\"x\":571},{\"frameWidth\":306,\"y\":494,\"frameX\":-7,\"frameHeight\":170,\"frameY\":-3,\"width\":283,\"height\":159,\"name\":\"huangjinchuitousha_00007\",\"x\":1},{\"frameWidth\":306,\"y\":167,\"frameX\":-7,\"frameHeight\":170,\"frameY\":-1,\"width\":283,\"height\":162,\"name\":\"huangjinchuitousha_00009\",\"x\":571},{\"frameWidth\":306,\"y\":1,\"frameX\":-7,\"frameHeight\":170,\"frameY\":-4,\"width\":283,\"height\":164,\"name\":\"huangjinchuitousha_00013\",\"x\":286},{\"frameWidth\":306,\"y\":167,\"frameX\":-7,\"frameHeight\":170,\"frameY\":-1,\"width\":283,\"height\":163,\"name\":\"huangjinchuitousha_00010\",\"x\":1},{\"frameWidth\":306,\"y\":332,\"frameX\":-7,\"frameHeight\":170,\"frameY\":-8,\"width\":283,\"height\":160,\"name\":\"huangjinchuitousha_00002\",\"x\":1},{\"frameWidth\":306,\"y\":332,\"frameX\":-7,\"frameHeight\":170,\"frameY\":-2,\"width\":283,\"height\":160,\"name\":\"huangjinchuitousha_00008\",\"x\":286},{\"frameWidth\":306,\"y\":1,\"frameX\":-7,\"frameHeight\":170,\"frameY\":-1,\"width\":283,\"height\":164,\"name\":\"huangjinchuitousha_00011\",\"x\":1},{\"frameWidth\":306,\"y\":654,\"frameX\":-7,\"frameHeight\":170,\"frameY\":-9,\"width\":283,\"height\":158,\"name\":\"huangjinchuitousha_00003\",\"x\":286}],\"width\":1024,\"imagePath\":\"huangjinchuitousha_tex.png\",\"height\":1024,\"name\":\"huangjinchuitousha\"}","_texture":{"__uuid__":"3fsw9rkOFA7qXf79YbqlMn"},"texture":{"__uuid__":"3fsw9rkOFA7qXf79YbqlMn"}}