{"__type__":"dragonBones.DragonBonesAtlasAsset","_name":"kyby_shubiao_tex","_atlasJson":"{\"SubTexture\":[{\"frameX\":-17,\"frameHeight\":186,\"y\":167,\"frameY\":-10,\"frameWidth\":199,\"width\":160,\"height\":162,\"name\":\"quan0006\",\"x\":348},{\"frameX\":-9,\"frameHeight\":186,\"y\":1,\"frameY\":-6,\"frameWidth\":199,\"width\":176,\"height\":169,\"name\":\"quan0005\",\"x\":1},{\"frameX\":-14,\"frameHeight\":186,\"y\":167,\"frameY\":-10,\"frameWidth\":199,\"width\":167,\"height\":162,\"name\":\"quan0003\",\"x\":179},{\"frameX\":-19,\"frameHeight\":186,\"y\":1,\"frameY\":-15,\"frameWidth\":199,\"width\":156,\"height\":152,\"name\":\"quan0002\",\"x\":352},{\"frameX\":-38,\"frameHeight\":186,\"y\":172,\"frameY\":-34,\"frameWidth\":199,\"width\":118,\"height\":114,\"name\":\"quan0001\",\"x\":1},{\"frameX\":-12,\"frameHeight\":186,\"y\":1,\"frameY\":-9,\"frameWidth\":199,\"width\":171,\"height\":164,\"name\":\"quan0004\",\"x\":179}],\"width\":512,\"height\":512,\"name\":\"kyby_shubiao\",\"imagePath\":\"kyby_shubiao_tex.png\"}","_texture":{"__uuid__":"89DBAf0J5JXZBfebDI6Wvz"},"texture":{"__uuid__":"89DBAf0J5JXZBfebDI6Wvz"}}