{"__type__":"dragonBones.DragonBonesAtlasAsset","_name":"kyby_chibang2_tex","_atlasJson":"{\"SubTexture\":[{\"frameWidth\":123,\"y\":965,\"frameX\":0,\"frameHeight\":54,\"frameY\":-3,\"width\":123,\"height\":51,\"name\":\"chibang2xuyin01\",\"x\":1},{\"frameWidth\":139,\"y\":823,\"frameX\":-3,\"frameHeight\":147,\"frameY\":0,\"width\":134,\"height\":140,\"name\":\"chibang2xuyin02\",\"x\":1},{\"frameWidth\":151,\"y\":823,\"frameX\":-2,\"frameHeight\":130,\"frameY\":0,\"width\":149,\"height\":122,\"name\":\"chibang2xuyin03\",\"x\":137},{\"frameWidth\":29,\"y\":363,\"frameX\":0,\"frameHeight\":28,\"frameY\":-1,\"width\":29,\"height\":27,\"name\":\"chibang2xiaoguangdian\",\"x\":311},{\"width\":128,\"y\":327,\"height\":264,\"name\":\"chibang2xuyin04\",\"x\":1},{\"width\":124,\"y\":820,\"height\":126,\"name\":\"R-chibang4\",\"x\":288},{\"width\":112,\"y\":113,\"height\":118,\"name\":\"R-chibang3\",\"x\":563},{\"width\":106,\"y\":863,\"height\":42,\"name\":\"R-chibang2\",\"x\":504},{\"width\":116,\"y\":954,\"height\":40,\"name\":\"R-chibang1\",\"x\":398},{\"width\":201,\"y\":1,\"height\":324,\"name\":\"R-chibang\",\"x\":1},{\"frameWidth\":157,\"y\":947,\"frameX\":0,\"frameHeight\":65,\"frameY\":0,\"width\":146,\"height\":65,\"name\":\"chibang2xuyin05\",\"x\":137},{\"frameWidth\":89,\"y\":681,\"frameX\":-1,\"frameHeight\":142,\"frameY\":-3,\"width\":87,\"height\":137,\"name\":\"xingguangchibang2\",\"x\":349},{\"frameWidth\":206,\"y\":455,\"frameX\":-7,\"frameHeight\":140,\"frameY\":-9,\"width\":193,\"height\":116,\"name\":\"chibang2xuliechuxian_00012\",\"x\":131},{\"frameWidth\":206,\"y\":593,\"frameX\":-4,\"frameHeight\":140,\"frameY\":-8,\"width\":198,\"height\":117,\"name\":\"chibang2xuliechuxian_00013\",\"x\":1},{\"frameWidth\":206,\"y\":125,\"frameX\":-8,\"frameHeight\":140,\"frameY\":-7,\"width\":176,\"height\":120,\"name\":\"chibang2xuliechuxian_00014\",\"x\":385},{\"frameWidth\":206,\"y\":1,\"frameX\":-6,\"frameHeight\":140,\"frameY\":-6,\"width\":181,\"height\":122,\"name\":\"chibang2xuliechuxian_00015\",\"x\":204},{\"frameWidth\":206,\"y\":948,\"frameX\":-45,\"frameHeight\":140,\"frameY\":-31,\"width\":111,\"height\":64,\"name\":\"chibang2xuliechuxian_00005\",\"x\":285},{\"frameWidth\":206,\"y\":327,\"frameX\":-17,\"frameHeight\":140,\"frameY\":-5,\"width\":178,\"height\":126,\"name\":\"chibang2xuliechuxian_00016\",\"x\":131},{\"frameWidth\":206,\"y\":1,\"frameX\":-42,\"frameHeight\":140,\"frameY\":-23,\"width\":126,\"height\":83,\"name\":\"chibang2xuliechuxian_00006\",\"x\":649},{\"frameWidth\":206,\"y\":125,\"frameX\":-18,\"frameHeight\":140,\"frameY\":-12,\"width\":179,\"height\":120,\"name\":\"chibang2xuliechuxian_00017\",\"x\":204},{\"frameWidth\":206,\"y\":247,\"frameX\":-31,\"frameHeight\":140,\"frameY\":-9,\"width\":147,\"height\":105,\"name\":\"chibang2xuliechuxian_00007\",\"x\":500},{\"frameWidth\":206,\"y\":1,\"frameX\":-14,\"frameHeight\":140,\"frameY\":-11,\"width\":175,\"height\":110,\"name\":\"chibang2xuliechuxian_00018\",\"x\":387},{\"frameWidth\":206,\"y\":363,\"frameX\":-19,\"frameHeight\":140,\"frameY\":-20,\"width\":171,\"height\":96,\"name\":\"chibang2xuliechuxian_00008\",\"x\":349},{\"frameWidth\":206,\"y\":712,\"frameX\":-15,\"frameHeight\":140,\"frameY\":-12,\"width\":176,\"height\":109,\"name\":\"chibang2xuliechuxian_00019\",\"x\":1},{\"frameWidth\":206,\"y\":573,\"frameX\":-30,\"frameHeight\":140,\"frameY\":-16,\"width\":159,\"height\":106,\"name\":\"chibang2xuliechuxian_00009\",\"x\":201},{\"frameWidth\":206,\"y\":712,\"frameX\":-22,\"frameHeight\":140,\"frameY\":-13,\"width\":168,\"height\":106,\"name\":\"chibang2xuliechuxian_00010\",\"x\":179},{\"frameWidth\":206,\"y\":247,\"frameX\":-13,\"frameHeight\":140,\"frameY\":-10,\"width\":187,\"height\":114,\"name\":\"chibang2xuliechuxian_00011\",\"x\":311},{\"frameWidth\":64,\"y\":461,\"frameX\":-11,\"frameHeight\":150,\"frameY\":-9,\"width\":43,\"height\":132,\"name\":\"chibang2_saoguang9\",\"x\":452},{\"frameWidth\":64,\"y\":820,\"frameX\":-11,\"frameHeight\":150,\"frameY\":-9,\"width\":43,\"height\":132,\"name\":\"chibang2_saoguang10\",\"x\":414},{\"frameWidth\":64,\"y\":729,\"frameX\":-11,\"frameHeight\":150,\"frameY\":-9,\"width\":43,\"height\":132,\"name\":\"chibang2_saoguang11\",\"x\":504},{\"frameWidth\":64,\"y\":820,\"frameX\":-11,\"frameHeight\":150,\"frameY\":-9,\"width\":43,\"height\":132,\"name\":\"chibang2_saoguang12\",\"x\":459},{\"frameWidth\":64,\"y\":461,\"frameX\":-11,\"frameHeight\":150,\"frameY\":-9,\"width\":43,\"height\":132,\"name\":\"chibang2_saoguang2\",\"x\":407},{\"frameWidth\":64,\"y\":595,\"frameX\":-11,\"frameHeight\":150,\"frameY\":-9,\"width\":43,\"height\":132,\"name\":\"chibang2_saoguang3\",\"x\":542},{\"frameWidth\":64,\"y\":461,\"frameX\":-11,\"frameHeight\":150,\"frameY\":-9,\"width\":43,\"height\":132,\"name\":\"chibang2_saoguang4\",\"x\":497},{\"frameWidth\":64,\"y\":461,\"frameX\":-11,\"frameHeight\":150,\"frameY\":-9,\"width\":43,\"height\":132,\"name\":\"chibang2_saoguang5\",\"x\":362},{\"frameWidth\":64,\"y\":461,\"frameX\":-11,\"frameHeight\":150,\"frameY\":-9,\"width\":43,\"height\":132,\"name\":\"chibang2_saoguang6\",\"x\":542},{\"frameWidth\":64,\"y\":595,\"frameX\":-11,\"frameHeight\":150,\"frameY\":-9,\"width\":43,\"height\":132,\"name\":\"chibang2_saoguang7\",\"x\":438},{\"frameWidth\":64,\"y\":595,\"frameX\":-11,\"frameHeight\":150,\"frameY\":-9,\"width\":43,\"height\":132,\"name\":\"chibang2_saoguang8\",\"x\":483},{\"frameWidth\":64,\"y\":595,\"frameX\":-11,\"frameHeight\":150,\"frameY\":-9,\"width\":43,\"height\":132,\"name\":\"chibang2_saoguang1\",\"x\":587}],\"width\":1024,\"imagePath\":\"kyby_chibang2_tex.png\",\"height\":1024,\"name\":\"kyby_chibang2\"}","_texture":{"__uuid__":"c1LynIiJlPGIy04nHPyl9V"},"texture":{"__uuid__":"c1LynIiJlPGIy04nHPyl9V"}}