{"__type__":"dragonBones.DragonBonesAsset","_name":"haigui_ske","_dragonBonesJson":"{\"frameRate\":24,\"name\":\"haigui\",\"version\":\"5.5\",\"compatibleVersion\":\"5.5\",\"armature\":[{\"type\":\"Sheet\",\"frameRate\":24,\"name\":\"haigui\",\"aabb\":{\"x\":-510,\"y\":-382.5,\"width\":1020,\"height\":765},\"bone\":[{\"name\":\"root\"}],\"slot\":[{\"displayIndex\":5,\"name\":\"sheetSlot\",\"parent\":\"root\"}],\"skin\":[{\"slot\":[{\"name\":\"sheetSlot\",\"display\":[{\"name\":\"kyby_hg_01\"},{\"name\":\"kyby_hg_02\"},{\"name\":\"kyby_hg_03\"},{\"name\":\"kyby_hg_04\"},{\"name\":\"kyby_hg_05\"},{\"name\":\"kyby_hg_06\"},{\"name\":\"kyby_hg_07\"},{\"name\":\"kyby_hg_08\"},{\"name\":\"kyby_hg_09\"},{\"name\":\"kyby_hg_10\"},{\"name\":\"kyby_hg_11\"},{\"name\":\"kyby_hg_12\"},{\"name\":\"kyby_hg_13\"},{\"name\":\"kyby_hg_14\"},{\"name\":\"kyby_hg_15\"}]}]}],\"animation\":[{\"duration\":15,\"playTimes\":0,\"name\":\"haigui\",\"slot\":[{\"name\":\"sheetSlot\",\"displayFrame\":[{},{\"value\":1},{\"value\":2},{\"value\":3},{\"value\":4},{\"value\":5},{\"value\":6},{\"value\":7},{\"value\":8},{\"value\":9},{\"value\":10},{\"value\":11},{\"value\":12},{\"value\":13},{\"value\":14}]}]}],\"defaultActions\":[{\"gotoAndPlay\":\"haigui\"}]}]}"}