{"__type__":"sp.SkeletonData","_name":"Icon-Candy-2","_skeletonJson":{"skeleton":{"hash":"6YcXh9Eo50oRLtJ/in1WaVSlP0w","spine":"3.6.53","width":216,"height":202,"images":"./6-Candy/image/"},"bones":[{"name":"root"},{"name":"fx","parent":"root","length":93.6,"rotation":-0.19,"x":1.71,"y":25.96},{"name":"fx2","parent":"root","length":93.6,"rotation":178.93,"x":1.71,"y":14.52,"scaleX":1.28,"scaleY":1.28},{"name":"fx3","parent":"root","length":93.6,"rotation":86.65,"x":-32.93,"y":7.18,"scaleX":1.795,"scaleY":1.795}],"slots":[{"name":"fx","bone":"fx"},{"name":"fx2","bone":"fx2"},{"name":"fx3","bone":"fx3"}],"skins":{"default":{"fx":{"fx-26/fx-26_0000s_0005_Layer-35":{"width":300,"height":300},"fx-26/fx-26_0000s_0006_Layer-34":{"width":300,"height":300},"fx-26/fx-26_0000s_0007_Layer-33":{"width":300,"height":300},"fx-26/fx-26_0000s_0008_Layer-32":{"width":300,"height":300},"fx-26/fx-26_0000s_0009_Layer-31":{"width":300,"height":300},"fx-26/fx-26_0000s_0010_Layer-30":{"width":300,"height":300},"fx-26/fx-26_0000s_0011_Layer-29":{"width":300,"height":300},"fx-26/fx-26_0000s_0012_Layer-28":{"width":300,"height":300},"fx-26/fx-26_0000s_0013_Layer-27":{"width":300,"height":300},"fx-26/fx-26_0000s_0014_Layer-26":{"width":300,"height":300},"fx-26/fx-26_0000s_0015_Layer-25":{"width":300,"height":300},"fx-26/fx-26_0000s_0016_Layer-24":{"width":300,"height":300},"fx-26/fx-26_0000s_0017_Layer-23":{"width":300,"height":300},"fx-26/fx-26_0000s_0018_Layer-22":{"width":300,"height":300},"fx-26/fx-26_0000s_0019_Layer-21":{"width":300,"height":300},"fx-26/fx-26_0000s_0020_Layer-20":{"width":300,"height":300},"fx-26/fx-26_0000s_0021_Layer-19":{"width":300,"height":300},"fx-26/fx-26_0000s_0022_Layer-18":{"width":300,"height":300},"fx-26/fx-26_0000s_0023_Layer-17":{"width":300,"height":300},"fx-26/fx-26_0000s_0024_Layer-16":{"width":300,"height":300},"fx-26/fx-26_0000s_0025_Layer-15":{"width":300,"height":300},"fx-26/fx-26_0000s_0026_Layer-14":{"width":300,"height":300},"fx-26/fx-26_0000s_0027_Layer-13":{"width":300,"height":300},"fx-26/fx-26_0000s_0028_Layer-12":{"width":300,"height":300},"fx-26/fx-26_0000s_0029_Layer-11":{"width":300,"height":300},"fx-26/fx-26_0000s_0030_Layer-10":{"width":300,"height":300},"fx-26/fx-26_0000s_0031_Layer-9":{"width":300,"height":300},"fx-26/fx-26_0000s_0032_Layer-8":{"width":300,"height":300},"fx-26/fx-26_0000s_0033_Layer-7":{"width":300,"height":300},"fx-26/fx-26_0000s_0034_Layer-6":{"width":300,"height":300},"fx-26/fx-26_0000s_0035_Layer-5":{"width":300,"height":300},"fx-26/fx-26_0000s_0036_Layer-4":{"width":300,"height":300},"fx-26/fx-26_0000s_0037_Layer-3":{"width":300,"height":300},"fx-26/fx-26_0000s_0038_Layer-2":{"width":300,"height":300},"fx-26/fx-26_0000s_0039_Layer-1":{"width":300,"height":300}},"fx2":{"fx-26/fx-26_0000s_0005_Layer-35":{"width":300,"height":300},"fx-26/fx-26_0000s_0006_Layer-34":{"width":300,"height":300},"fx-26/fx-26_0000s_0007_Layer-33":{"width":300,"height":300},"fx-26/fx-26_0000s_0008_Layer-32":{"width":300,"height":300},"fx-26/fx-26_0000s_0009_Layer-31":{"width":300,"height":300},"fx-26/fx-26_0000s_0010_Layer-30":{"width":300,"height":300},"fx-26/fx-26_0000s_0011_Layer-29":{"width":300,"height":300},"fx-26/fx-26_0000s_0012_Layer-28":{"width":300,"height":300},"fx-26/fx-26_0000s_0013_Layer-27":{"width":300,"height":300},"fx-26/fx-26_0000s_0014_Layer-26":{"width":300,"height":300},"fx-26/fx-26_0000s_0015_Layer-25":{"width":300,"height":300},"fx-26/fx-26_0000s_0016_Layer-24":{"width":300,"height":300},"fx-26/fx-26_0000s_0017_Layer-23":{"width":300,"height":300},"fx-26/fx-26_0000s_0018_Layer-22":{"width":300,"height":300},"fx-26/fx-26_0000s_0019_Layer-21":{"width":300,"height":300},"fx-26/fx-26_0000s_0020_Layer-20":{"width":300,"height":300},"fx-26/fx-26_0000s_0021_Layer-19":{"width":300,"height":300},"fx-26/fx-26_0000s_0022_Layer-18":{"width":300,"height":300},"fx-26/fx-26_0000s_0023_Layer-17":{"width":300,"height":300},"fx-26/fx-26_0000s_0024_Layer-16":{"width":300,"height":300},"fx-26/fx-26_0000s_0025_Layer-15":{"width":300,"height":300},"fx-26/fx-26_0000s_0026_Layer-14":{"width":300,"height":300},"fx-26/fx-26_0000s_0027_Layer-13":{"width":300,"height":300},"fx-26/fx-26_0000s_0028_Layer-12":{"width":300,"height":300},"fx-26/fx-26_0000s_0029_Layer-11":{"width":300,"height":300},"fx-26/fx-26_0000s_0030_Layer-10":{"width":300,"height":300},"fx-26/fx-26_0000s_0031_Layer-9":{"width":300,"height":300},"fx-26/fx-26_0000s_0032_Layer-8":{"width":300,"height":300},"fx-26/fx-26_0000s_0033_Layer-7":{"width":300,"height":300},"fx-26/fx-26_0000s_0034_Layer-6":{"width":300,"height":300},"fx-26/fx-26_0000s_0035_Layer-5":{"width":300,"height":300},"fx-26/fx-26_0000s_0036_Layer-4":{"width":300,"height":300},"fx-26/fx-26_0000s_0037_Layer-3":{"width":300,"height":300},"fx-26/fx-26_0000s_0038_Layer-2":{"width":300,"height":300},"fx-26/fx-26_0000s_0039_Layer-1":{"width":300,"height":300}},"fx3":{"fx-26/fx-26_0000s_0011_Layer-29":{"width":300,"height":300},"fx-26/fx-26_0000s_0012_Layer-28":{"width":300,"height":300},"fx-26/fx-26_0000s_0013_Layer-27":{"width":300,"height":300},"fx-26/fx-26_0000s_0014_Layer-26":{"width":300,"height":300},"fx-26/fx-26_0000s_0015_Layer-25":{"width":300,"height":300},"fx-26/fx-26_0000s_0016_Layer-24":{"width":300,"height":300},"fx-26/fx-26_0000s_0017_Layer-23":{"width":300,"height":300},"fx-26/fx-26_0000s_0018_Layer-22":{"width":300,"height":300},"fx-26/fx-26_0000s_0019_Layer-21":{"width":300,"height":300},"fx-26/fx-26_0000s_0020_Layer-20":{"width":300,"height":300},"fx-26/fx-26_0000s_0021_Layer-19":{"width":300,"height":300},"fx-26/fx-26_0000s_0022_Layer-18":{"width":300,"height":300},"fx-26/fx-26_0000s_0023_Layer-17":{"width":300,"height":300},"fx-26/fx-26_0000s_0024_Layer-16":{"width":300,"height":300},"fx-26/fx-26_0000s_0025_Layer-15":{"width":300,"height":300},"fx-26/fx-26_0000s_0026_Layer-14":{"width":300,"height":300},"fx-26/fx-26_0000s_0027_Layer-13":{"width":300,"height":300},"fx-26/fx-26_0000s_0028_Layer-12":{"width":300,"height":300},"fx-26/fx-26_0000s_0029_Layer-11":{"width":300,"height":300},"fx-26/fx-26_0000s_0030_Layer-10":{"width":300,"height":300},"fx-26/fx-26_0000s_0031_Layer-9":{"width":300,"height":300},"fx-26/fx-26_0000s_0032_Layer-8":{"width":300,"height":300},"fx-26/fx-26_0000s_0033_Layer-7":{"width":300,"height":300},"fx-26/fx-26_0000s_0034_Layer-6":{"width":300,"height":300},"fx-26/fx-26_0000s_0035_Layer-5":{"width":300,"height":300},"fx-26/fx-26_0000s_0036_Layer-4":{"width":300,"height":300},"fx-26/fx-26_0000s_0037_Layer-3":{"width":300,"height":300},"fx-26/fx-26_0000s_0038_Layer-2":{"width":300,"height":300},"fx-26/fx-26_0000s_0039_Layer-1":{"width":300,"height":300}}}},"animations":{"Idle":{"slots":{"fx":{"color":[{"time":1.0667,"color":"ffffffff","curve":[0.25,0,0.75,1]},{"time":1.3333,"color":"ffffff00"}],"attachment":[{"time":0,"name":"fx-26/fx-26_0000s_0039_Layer-1"},{"time":0.1,"name":"fx-26/fx-26_0000s_0036_Layer-4"},{"time":0.1333,"name":"fx-26/fx-26_0000s_0035_Layer-5"},{"time":0.1667,"name":"fx-26/fx-26_0000s_0034_Layer-6"},{"time":0.2,"name":"fx-26/fx-26_0000s_0033_Layer-7"},{"time":0.2333,"name":"fx-26/fx-26_0000s_0032_Layer-8"},{"time":0.2667,"name":"fx-26/fx-26_0000s_0031_Layer-9"},{"time":0.3,"name":"fx-26/fx-26_0000s_0030_Layer-10"},{"time":0.3333,"name":"fx-26/fx-26_0000s_0029_Layer-11"},{"time":0.3667,"name":"fx-26/fx-26_0000s_0028_Layer-12"},{"time":0.4,"name":"fx-26/fx-26_0000s_0027_Layer-13"},{"time":0.4333,"name":"fx-26/fx-26_0000s_0026_Layer-14"},{"time":0.4667,"name":"fx-26/fx-26_0000s_0025_Layer-15"},{"time":0.5,"name":"fx-26/fx-26_0000s_0024_Layer-16"},{"time":0.5333,"name":"fx-26/fx-26_0000s_0023_Layer-17"},{"time":0.5667,"name":"fx-26/fx-26_0000s_0022_Layer-18"},{"time":0.6,"name":"fx-26/fx-26_0000s_0021_Layer-19"},{"time":0.6333,"name":"fx-26/fx-26_0000s_0020_Layer-20"},{"time":0.6667,"name":"fx-26/fx-26_0000s_0019_Layer-21"},{"time":0.7,"name":"fx-26/fx-26_0000s_0018_Layer-22"},{"time":0.7333,"name":"fx-26/fx-26_0000s_0017_Layer-23"},{"time":0.7667,"name":"fx-26/fx-26_0000s_0016_Layer-24"},{"time":0.8,"name":"fx-26/fx-26_0000s_0015_Layer-25"},{"time":0.8333,"name":"fx-26/fx-26_0000s_0014_Layer-26"},{"time":0.8667,"name":"fx-26/fx-26_0000s_0013_Layer-27"},{"time":0.9,"name":"fx-26/fx-26_0000s_0012_Layer-28"},{"time":0.9333,"name":"fx-26/fx-26_0000s_0011_Layer-29"},{"time":0.9667,"name":"fx-26/fx-26_0000s_0010_Layer-30"},{"time":1,"name":"fx-26/fx-26_0000s_0009_Layer-31"},{"time":1.0333,"name":"fx-26/fx-26_0000s_0008_Layer-32"},{"time":1.0667,"name":"fx-26/fx-26_0000s_0007_Layer-33"},{"time":1.1,"name":"fx-26/fx-26_0000s_0006_Layer-34"},{"time":1.1333,"name":"fx-26/fx-26_0000s_0005_Layer-35"}]},"fx2":{"color":[{"time":2,"color":"ffffffff","curve":[0.25,0,0.75,1]},{"time":2.2667,"color":"ffffff00"}],"attachment":[{"time":0.9667,"name":"fx-26/fx-26_0000s_0039_Layer-1"},{"time":1.0667,"name":"fx-26/fx-26_0000s_0036_Layer-4"},{"time":1.1,"name":"fx-26/fx-26_0000s_0035_Layer-5"},{"time":1.1333,"name":"fx-26/fx-26_0000s_0034_Layer-6"},{"time":1.1667,"name":"fx-26/fx-26_0000s_0033_Layer-7"},{"time":1.2,"name":"fx-26/fx-26_0000s_0032_Layer-8"},{"time":1.2333,"name":"fx-26/fx-26_0000s_0031_Layer-9"},{"time":1.2667,"name":"fx-26/fx-26_0000s_0030_Layer-10"},{"time":1.3,"name":"fx-26/fx-26_0000s_0029_Layer-11"},{"time":1.3333,"name":"fx-26/fx-26_0000s_0028_Layer-12"},{"time":1.3667,"name":"fx-26/fx-26_0000s_0027_Layer-13"},{"time":1.4,"name":"fx-26/fx-26_0000s_0026_Layer-14"},{"time":1.4333,"name":"fx-26/fx-26_0000s_0025_Layer-15"},{"time":1.4667,"name":"fx-26/fx-26_0000s_0024_Layer-16"},{"time":1.5,"name":"fx-26/fx-26_0000s_0023_Layer-17"},{"time":1.5333,"name":"fx-26/fx-26_0000s_0022_Layer-18"},{"time":1.5667,"name":"fx-26/fx-26_0000s_0021_Layer-19"},{"time":1.6,"name":"fx-26/fx-26_0000s_0020_Layer-20"},{"time":1.6333,"name":"fx-26/fx-26_0000s_0019_Layer-21"},{"time":1.6667,"name":"fx-26/fx-26_0000s_0018_Layer-22"},{"time":1.7,"name":"fx-26/fx-26_0000s_0017_Layer-23"},{"time":1.7333,"name":"fx-26/fx-26_0000s_0016_Layer-24"},{"time":1.7667,"name":"fx-26/fx-26_0000s_0015_Layer-25"},{"time":1.8,"name":"fx-26/fx-26_0000s_0014_Layer-26"},{"time":1.8333,"name":"fx-26/fx-26_0000s_0013_Layer-27"},{"time":1.8667,"name":"fx-26/fx-26_0000s_0012_Layer-28"},{"time":1.9,"name":"fx-26/fx-26_0000s_0011_Layer-29"},{"time":1.9333,"name":"fx-26/fx-26_0000s_0010_Layer-30"},{"time":1.9667,"name":"fx-26/fx-26_0000s_0009_Layer-31"},{"time":2,"name":"fx-26/fx-26_0000s_0008_Layer-32"},{"time":2.0333,"name":"fx-26/fx-26_0000s_0007_Layer-33"},{"time":2.0667,"name":"fx-26/fx-26_0000s_0006_Layer-34"},{"time":2.1,"name":"fx-26/fx-26_0000s_0005_Layer-35"}]},"fx3":{"color":[{"time":2.3333,"color":"ffffffff","curve":[0.25,0,0.75,1]},{"time":2.6,"color":"ffffff00"}],"attachment":[{"time":1.6,"name":"fx-26/fx-26_0000s_0039_Layer-1"},{"time":1.7,"name":"fx-26/fx-26_0000s_0036_Layer-4"},{"time":1.7333,"name":"fx-26/fx-26_0000s_0035_Layer-5"},{"time":1.7667,"name":"fx-26/fx-26_0000s_0034_Layer-6"},{"time":1.8,"name":"fx-26/fx-26_0000s_0033_Layer-7"},{"time":1.8333,"name":"fx-26/fx-26_0000s_0032_Layer-8"},{"time":1.8667,"name":"fx-26/fx-26_0000s_0031_Layer-9"},{"time":1.9,"name":"fx-26/fx-26_0000s_0030_Layer-10"},{"time":1.9333,"name":"fx-26/fx-26_0000s_0029_Layer-11"},{"time":1.9667,"name":"fx-26/fx-26_0000s_0028_Layer-12"},{"time":2,"name":"fx-26/fx-26_0000s_0027_Layer-13"},{"time":2.0333,"name":"fx-26/fx-26_0000s_0026_Layer-14"},{"time":2.0667,"name":"fx-26/fx-26_0000s_0025_Layer-15"},{"time":2.1,"name":"fx-26/fx-26_0000s_0024_Layer-16"},{"time":2.1333,"name":"fx-26/fx-26_0000s_0023_Layer-17"},{"time":2.1667,"name":"fx-26/fx-26_0000s_0022_Layer-18"},{"time":2.2,"name":"fx-26/fx-26_0000s_0021_Layer-19"},{"time":2.2333,"name":"fx-26/fx-26_0000s_0020_Layer-20"},{"time":2.2667,"name":"fx-26/fx-26_0000s_0019_Layer-21"},{"time":2.3,"name":"fx-26/fx-26_0000s_0018_Layer-22"},{"time":2.3333,"name":"fx-26/fx-26_0000s_0017_Layer-23"},{"time":2.3667,"name":"fx-26/fx-26_0000s_0016_Layer-24"},{"time":2.4,"name":"fx-26/fx-26_0000s_0015_Layer-25"},{"time":2.4333,"name":"fx-26/fx-26_0000s_0014_Layer-26"},{"time":2.4667,"name":"fx-26/fx-26_0000s_0013_Layer-27"},{"time":2.5,"name":"fx-26/fx-26_0000s_0012_Layer-28"},{"time":2.5333,"name":"fx-26/fx-26_0000s_0011_Layer-29"}]}},"bones":{"fx":{"rotate":[{"time":0,"angle":0,"curve":"stepped"},{"time":4.8667,"angle":0}],"translate":[{"time":0,"x":0,"y":0,"curve":"stepped"},{"time":4.8667,"x":0,"y":0}],"scale":[{"time":0,"x":1,"y":1,"curve":"stepped"},{"time":4.8667,"x":1,"y":1}],"shear":[{"time":0,"x":0,"y":0,"curve":"stepped"},{"time":4.8667,"x":0,"y":0}]},"fx2":{"rotate":[{"time":0,"angle":0,"curve":"stepped"},{"time":4.8667,"angle":0}],"translate":[{"time":0,"x":0,"y":0,"curve":"stepped"},{"time":4.8667,"x":0,"y":0}],"scale":[{"time":0,"x":1,"y":1,"curve":"stepped"},{"time":4.8667,"x":1,"y":1}],"shear":[{"time":0,"x":0,"y":0,"curve":"stepped"},{"time":4.8667,"x":0,"y":0}]},"fx3":{"rotate":[{"time":0,"angle":0,"curve":"stepped"},{"time":4.8667,"angle":0}],"translate":[{"time":0,"x":0,"y":0,"curve":"stepped"},{"time":4.8667,"x":0,"y":0}],"scale":[{"time":0,"x":1,"y":1,"curve":"stepped"},{"time":4.8667,"x":1,"y":1}],"shear":[{"time":0,"x":0,"y":0,"curve":"stepped"},{"time":4.8667,"x":0,"y":0}]},"root":{"shear":[{"time":4.8667,"x":0,"y":0}]}}}}},"_atlasText":"\nIcon-Candy-2.png\nsize: 1024,1024\nformat: RGBA8888\nfilter: Linear,Linear\nrepeat: none\nfx-26/fx-26_0000s_0005_Layer-35\n  rotate: false\n  xy: 2, 762\n  size: 150, 150\n  orig: 150, 150\n  offset: 0, 0\n  index: -1\nfx-26/fx-26_0000s_0006_Layer-34\n  rotate: false\n  xy: 2, 610\n  size: 150, 150\n  orig: 150, 150\n  offset: 0, 0\n  index: -1\nfx-26/fx-26_0000s_0007_Layer-33\n  rotate: false\n  xy: 154, 762\n  size: 150, 150\n  orig: 150, 150\n  offset: 0, 0\n  index: -1\nfx-26/fx-26_0000s_0008_Layer-32\n  rotate: false\n  xy: 2, 458\n  size: 150, 150\n  orig: 150, 150\n  offset: 0, 0\n  index: -1\nfx-26/fx-26_0000s_0009_Layer-31\n  rotate: false\n  xy: 154, 610\n  size: 150, 150\n  orig: 150, 150\n  offset: 0, 0\n  index: -1\nfx-26/fx-26_0000s_0010_Layer-30\n  rotate: false\n  xy: 306, 762\n  size: 150, 150\n  orig: 150, 150\n  offset: 0, 0\n  index: -1\nfx-26/fx-26_0000s_0011_Layer-29\n  rotate: false\n  xy: 2, 306\n  size: 150, 150\n  orig: 150, 150\n  offset: 0, 0\n  index: -1\nfx-26/fx-26_0000s_0012_Layer-28\n  rotate: false\n  xy: 154, 458\n  size: 150, 150\n  orig: 150, 150\n  offset: 0, 0\n  index: -1\nfx-26/fx-26_0000s_0013_Layer-27\n  rotate: false\n  xy: 306, 610\n  size: 150, 150\n  orig: 150, 150\n  offset: 0, 0\n  index: -1\nfx-26/fx-26_0000s_0014_Layer-26\n  rotate: false\n  xy: 458, 762\n  size: 150, 150\n  orig: 150, 150\n  offset: 0, 0\n  index: -1\nfx-26/fx-26_0000s_0015_Layer-25\n  rotate: false\n  xy: 2, 154\n  size: 150, 150\n  orig: 150, 150\n  offset: 0, 0\n  index: -1\nfx-26/fx-26_0000s_0016_Layer-24\n  rotate: false\n  xy: 154, 306\n  size: 150, 150\n  orig: 150, 150\n  offset: 0, 0\n  index: -1\nfx-26/fx-26_0000s_0017_Layer-23\n  rotate: false\n  xy: 306, 458\n  size: 150, 150\n  orig: 150, 150\n  offset: 0, 0\n  index: -1\nfx-26/fx-26_0000s_0018_Layer-22\n  rotate: false\n  xy: 458, 610\n  size: 150, 150\n  orig: 150, 150\n  offset: 0, 0\n  index: -1\nfx-26/fx-26_0000s_0019_Layer-21\n  rotate: false\n  xy: 610, 762\n  size: 150, 150\n  orig: 150, 150\n  offset: 0, 0\n  index: -1\nfx-26/fx-26_0000s_0020_Layer-20\n  rotate: false\n  xy: 2, 2\n  size: 150, 150\n  orig: 150, 150\n  offset: 0, 0\n  index: -1\nfx-26/fx-26_0000s_0021_Layer-19\n  rotate: false\n  xy: 154, 154\n  size: 150, 150\n  orig: 150, 150\n  offset: 0, 0\n  index: -1\nfx-26/fx-26_0000s_0022_Layer-18\n  rotate: false\n  xy: 306, 306\n  size: 150, 150\n  orig: 150, 150\n  offset: 0, 0\n  index: -1\nfx-26/fx-26_0000s_0023_Layer-17\n  rotate: false\n  xy: 458, 458\n  size: 150, 150\n  orig: 150, 150\n  offset: 0, 0\n  index: -1\nfx-26/fx-26_0000s_0024_Layer-16\n  rotate: false\n  xy: 610, 610\n  size: 150, 150\n  orig: 150, 150\n  offset: 0, 0\n  index: -1\nfx-26/fx-26_0000s_0025_Layer-15\n  rotate: false\n  xy: 762, 762\n  size: 150, 150\n  orig: 150, 150\n  offset: 0, 0\n  index: -1\nfx-26/fx-26_0000s_0026_Layer-14\n  rotate: false\n  xy: 154, 2\n  size: 150, 150\n  orig: 150, 150\n  offset: 0, 0\n  index: -1\nfx-26/fx-26_0000s_0027_Layer-13\n  rotate: false\n  xy: 306, 154\n  size: 150, 150\n  orig: 150, 150\n  offset: 0, 0\n  index: -1\nfx-26/fx-26_0000s_0028_Layer-12\n  rotate: false\n  xy: 458, 306\n  size: 150, 150\n  orig: 150, 150\n  offset: 0, 0\n  index: -1\nfx-26/fx-26_0000s_0029_Layer-11\n  rotate: false\n  xy: 610, 458\n  size: 150, 150\n  orig: 150, 150\n  offset: 0, 0\n  index: -1\nfx-26/fx-26_0000s_0030_Layer-10\n  rotate: false\n  xy: 762, 610\n  size: 150, 150\n  orig: 150, 150\n  offset: 0, 0\n  index: -1\nfx-26/fx-26_0000s_0031_Layer-9\n  rotate: false\n  xy: 306, 2\n  size: 150, 150\n  orig: 150, 150\n  offset: 0, 0\n  index: -1\nfx-26/fx-26_0000s_0032_Layer-8\n  rotate: false\n  xy: 458, 154\n  size: 150, 150\n  orig: 150, 150\n  offset: 0, 0\n  index: -1\nfx-26/fx-26_0000s_0033_Layer-7\n  rotate: false\n  xy: 610, 306\n  size: 150, 150\n  orig: 150, 150\n  offset: 0, 0\n  index: -1\nfx-26/fx-26_0000s_0034_Layer-6\n  rotate: false\n  xy: 762, 458\n  size: 150, 150\n  orig: 150, 150\n  offset: 0, 0\n  index: -1\nfx-26/fx-26_0000s_0035_Layer-5\n  rotate: false\n  xy: 458, 2\n  size: 150, 150\n  orig: 150, 150\n  offset: 0, 0\n  index: -1\nfx-26/fx-26_0000s_0036_Layer-4\n  rotate: false\n  xy: 610, 154\n  size: 150, 150\n  orig: 150, 150\n  offset: 0, 0\n  index: -1\nfx-26/fx-26_0000s_0037_Layer-3\n  rotate: false\n  xy: 762, 306\n  size: 150, 150\n  orig: 150, 150\n  offset: 0, 0\n  index: -1\nfx-26/fx-26_0000s_0038_Layer-2\n  rotate: false\n  xy: 610, 2\n  size: 150, 150\n  orig: 150, 150\n  offset: 0, 0\n  index: -1\nfx-26/fx-26_0000s_0039_Layer-1\n  rotate: false\n  xy: 762, 154\n  size: 150, 150\n  orig: 150, 150\n  offset: 0, 0\n  index: -1\n","textures":[{"__uuid__":"06MtOKqq5A/bRSS7N0EA+X"}],"textureNames":["Icon-Candy-2.png"]}