{"__type__":"dragonBones.DragonBonesAsset","_name":"meirenyu_ske","_dragonBonesJson":"{\"frameRate\":24,\"name\":\"meirenyu\",\"version\":\"5.5\",\"compatibleVersion\":\"5.5\",\"armature\":[{\"type\":\"Armature\",\"frameRate\":24,\"name\":\"meirenyu\",\"aabb\":{\"x\":-575.33,\"y\":-423.47,\"width\":1280,\"height\":720},\"bone\":[{\"name\":\"root\"},{\"name\":\"bone2\",\"parent\":\"root\",\"transform\":{\"x\":4.9162,\"y\":2.286}},{\"name\":\"bone1\",\"parent\":\"bone2\",\"transform\":{\"x\":-0.4428,\"y\":-1.3675,\"scX\":0.5008,\"scY\":0.3949}},{\"name\":\"bone\",\"parent\":\"bone1\",\"transform\":{\"x\":4.9883,\"y\":13.6383,\"scX\":2,\"scY\":2}}],\"slot\":[{\"name\":\"894f34fb05297119156e963f9568f2b9630ca10030ecd-DvBDeT\",\"parent\":\"bone\"},{\"blendMode\":\"add\",\"name\":\"894f34fb05297119156e963f9568f2b9630ca10030ecd-DvBDeT1\",\"parent\":\"bone\",\"color\":{\"aM\":30}},{\"displayIndex\":11,\"name\":\"meirenyu_00000\",\"parent\":\"bone2\"}],\"skin\":[{\"slot\":[{\"name\":\"894f34fb05297119156e963f9568f2b9630ca10030ecd-DvBDeT\",\"display\":[{\"name\":\"894f34fb05297119156e963f9568f2b9630ca10030ecd-DvBDeT\"}]},{\"name\":\"meirenyu_00000\",\"display\":[{\"name\":\"meirenyu_00015\",\"transform\":{\"x\":59.75,\"y\":-65.76}},{\"name\":\"meirenyu_00014\",\"transform\":{\"x\":59.75,\"y\":-65.76}},{\"name\":\"meirenyu_00013\",\"transform\":{\"x\":59.75,\"y\":-65.76}},{\"name\":\"meirenyu_00012\",\"transform\":{\"x\":59.75,\"y\":-65.76}},{\"name\":\"meirenyu_00011\",\"transform\":{\"x\":59.75,\"y\":-65.76}},{\"name\":\"meirenyu_00010\",\"transform\":{\"x\":59.75,\"y\":-65.76}},{\"name\":\"meirenyu_00009\",\"transform\":{\"x\":59.75,\"y\":-65.76}},{\"name\":\"meirenyu_00008\",\"transform\":{\"x\":59.75,\"y\":-65.76}},{\"name\":\"meirenyu_00007\",\"transform\":{\"x\":59.75,\"y\":-65.76}},{\"name\":\"meirenyu_00006\",\"transform\":{\"x\":59.75,\"y\":-65.76}},{\"name\":\"meirenyu_00005\",\"transform\":{\"x\":59.75,\"y\":-65.76}},{\"name\":\"meirenyu_00004\",\"transform\":{\"x\":59.75,\"y\":-65.76}},{\"name\":\"meirenyu_00003\",\"transform\":{\"x\":59.75,\"y\":-65.76}},{\"name\":\"meirenyu_00002\",\"transform\":{\"x\":59.75,\"y\":-65.76}},{\"name\":\"meirenyu_00001\",\"transform\":{\"x\":59.75,\"y\":-65.76}},{\"name\":\"meirenyu_00000\",\"transform\":{\"x\":59.75,\"y\":-65.76}}]},{\"name\":\"894f34fb05297119156e963f9568f2b9630ca10030ecd-DvBDeT1\",\"display\":[{\"name\":\"894f34fb05297119156e963f9568f2b9630ca10030ecd-DvBDeT\"}]}]}],\"animation\":[{\"duration\":31,\"playTimes\":0,\"name\":\"newAnimation\",\"bone\":[{\"name\":\"bone\",\"rotateFrame\":[{\"duration\":8,\"tweenEasing\":0},{\"duration\":8,\"tweenEasing\":0,\"rotate\":90},{\"duration\":7,\"tweenEasing\":0,\"rotate\":180},{\"duration\":8,\"tweenEasing\":0,\"rotate\":-90},{\"duration\":0}],\"scaleFrame\":[{\"duration\":8,\"tweenEasing\":0},{\"duration\":8,\"tweenEasing\":0,\"x\":0.9,\"y\":0.9},{\"duration\":8,\"tweenEasing\":0},{\"duration\":7,\"tweenEasing\":0,\"x\":0.9,\"y\":0.9},{\"duration\":0}]}],\"slot\":[{\"name\":\"meirenyu_00000\",\"displayFrame\":[{\"value\":15},{\"value\":14},{\"value\":13},{\"value\":12},{\"value\":11},{\"value\":10},{\"value\":9},{\"value\":8},{\"value\":7},{\"value\":6},{\"value\":5},{\"value\":4},{\"value\":3},{\"value\":2},{\"value\":1},{},{\"value\":15},{\"value\":14},{\"value\":13},{\"value\":12},{\"value\":11},{\"value\":10},{\"value\":9},{\"value\":8},{\"value\":7},{\"value\":6},{\"value\":5},{\"value\":4},{\"value\":3},{\"value\":2},{\"value\":1},{\"duration\":0}]}]}],\"defaultActions\":[{\"gotoAndPlay\":\"newAnimation\"}],\"canvas\":{\"width\":1280,\"height\":720}}]}"}