{"__type__":"sp.SkeletonData","_name":"skeleton","_skeletonJson":{"skeleton":{"hash":"VwN6e3giz8fscxaAd7upRucpzU0","spine":"3.6.53","width":1611,"height":904},"bones":[{"name":"root"},{"name":"bang tien","parent":"root","length":457.9,"y":-180},{"name":"bonus","parent":"root","length":135.72},{"name":"bonus-light","parent":"root","length":101.09},{"name":"e","parent":"root","length":129.11,"x":-165.4,"y":10.3},{"name":"hu","parent":"root","length":169.48,"x":153.3,"y":143.4},{"name":"i","parent":"root","length":154.27,"x":-228.9,"y":10.3},{"name":"l","parent":"root","length":131.47,"x":65.41,"y":10.3},{"name":"light 00","parent":"root","length":143.12},{"name":"light 02","parent":"root","length":235.63},{"name":"light 10","parent":"root","length":262.45},{"name":"light 11","parent":"root","length":276.23},{"name":"light 12","parent":"root","length":210.93},{"name":"light 13","parent":"root","length":253.41},{"name":"light 14","parent":"root","length":274.71},{"name":"light 15","parent":"root","length":231.9},{"name":"mien phi","parent":"root","length":188.52,"y":-70},{"name":"n","parent":"root","length":120.22,"x":271.34,"y":10.3},{"name":"no","parent":"root","length":186.44,"x":-168.45,"y":161.63},{"name":"no hu","parent":"root","length":332.51,"y":150},{"name":"o","parent":"root","length":158.98,"x":164.4,"y":20.18},{"name":"quay","parent":"root","length":190.72,"y":80},{"name":"s","parent":"root","length":185.24,"x":-298.9,"y":10.3},{"name":"thang","parent":"root","length":136.88,"y":152.1},{"name":"thang lon","parent":"root","length":271.08,"y":54.35},{"name":"thang lon as","parent":"root","length":218.6,"y":54.35},{"name":"u","parent":"root","length":123.18,"x":-68.14,"y":10.3}],"slots":[{"name":"light 00","bone":"light 00","attachment":"light 00"},{"name":"light 02","bone":"light 02","attachment":"light 02"},{"name":"light 10","bone":"light 10","attachment":"light 10"},{"name":"light 11","bone":"light 11","attachment":"light 11"},{"name":"light 12","bone":"light 12","attachment":"light 12"},{"name":"light 13","bone":"light 13","attachment":"light 13"},{"name":"light 14","bone":"light 14","attachment":"light 14"},{"name":"light 15","bone":"light 15","attachment":"light 15"},{"name":"no hu","bone":"no hu","attachment":"no hu"},{"name":"1","bone":"bang tien","attachment":"1"},{"name":"no","bone":"no","attachment":"no"},{"name":"hu","bone":"hu","attachment":"hu"},{"name":"n","bone":"n","attachment":"n"},{"name":"o","bone":"o","attachment":"o"},{"name":"s","bone":"s","attachment":"s"},{"name":"thang","bone":"thang","attachment":"thang"},{"name":"u","bone":"u","attachment":"u"},{"name":"e","bone":"e","attachment":"e"},{"name":"i","bone":"i","attachment":"i"},{"name":"l","bone":"l","attachment":"l"},{"name":"e copy","bone":"root","attachment":"e copy"},{"name":"i copy","bone":"root","attachment":"i copy"},{"name":"l copy","bone":"root","attachment":"l copy"},{"name":"n copy","bone":"root","attachment":"n copy"},{"name":"o copy","bone":"root","attachment":"o copy"},{"name":"s copy","bone":"root","attachment":"s copy"},{"name":"u copy","bone":"root","attachment":"u copy"},{"name":"thang lon","bone":"thang lon","attachment":"thang lon"},{"name":"thang lon 1","bone":"thang lon as","attachment":"thang lon 3"},{"name":"thang lon 2","bone":"thang lon as"},{"name":"thang lon 3","bone":"thang lon as"},{"name":"quay","bone":"quay","attachment":"quay"},{"name":"mien phi","bone":"mien phi","attachment":"mien phi"},{"name":"bonus","bone":"bonus","attachment":"bonus"},{"name":"bonus-light","bone":"bonus-light","attachment":"bonus-light"}],"skins":{"default":{"1":{"1":{"width":1055,"height":459}},"bonus":{"bonus":{"width":431,"height":146}},"bonus-light":{"bonus-light":{"width":431,"height":146}},"e":{"e":{"x":-0.02,"y":11.79,"width":105,"height":121}},"e copy":{"e copy":{"x":-165.16,"y":21.52,"width":105,"height":121}},"hu":{"hu":{"scaleX":1.1,"scaleY":1.1,"width":276,"height":203}},"i":{"i":{"x":-0.02,"width":43,"height":97}},"i copy":{"i copy":{"x":-228.41,"y":10.25,"width":43,"height":97}},"l":{"l":{"width":95,"height":97}},"l copy":{"l copy":{"x":65.16,"y":11.34,"width":95,"height":97}},"light 00":{"light 00":{"width":600,"height":588}},"light 02":{"light 02":{"width":669,"height":668}},"light 10":{"light 10":{"x":22.8,"y":57,"width":1611,"height":875}},"light 11":{"light 11":{"x":1.9,"y":-17.1,"width":1280,"height":695}},"light 12":{"light 12":{"x":-72.2,"y":-36.1,"width":924,"height":668}},"light 13":{"light 13":{"x":3.8,"y":36.1,"width":1117,"height":607}},"light 14":{"light 14":{"x":-15.2,"y":-13.3,"width":888,"height":482}},"light 15":{"light 15":{"x":-34.2,"y":-7.6,"width":641,"height":463}},"mien phi":{"mien phi":{"width":617,"height":152}},"n":{"n":{"x":12.42,"width":128,"height":97}},"n copy":{"n copy":{"x":283.84,"y":10.25,"width":128,"height":97}},"no":{"no":{"x":8.45,"y":8.37,"scaleX":1.1,"scaleY":1.1,"width":273,"height":263}},"no hu":{"no hu":{"width":580,"height":284}},"o":{"o":{"x":0.02,"width":124,"height":119}},"o copy":{"o copy":{"x":164.27,"y":20.35,"width":124,"height":119}},"quay":{"quay":{"width":501,"height":139}},"s":{"s":{"x":-0.02,"width":115,"height":97}},"s copy":{"s copy":{"x":-297.86,"y":10.87,"width":115,"height":97}},"thang":{"thang":{"y":0.04,"width":530,"height":119}},"thang lon":{"thang lon":{"width":531,"height":227}},"thang lon 1":{"thang lon 1":{"width":531,"height":227},"thang lon 2":{"width":531,"height":227},"thang lon 3":{"width":531,"height":227}},"u":{"u":{"width":117,"height":98}},"u copy":{"u copy":{"x":-68.15,"y":11.02,"width":117,"height":98}}}},"animations":{"bonus":{"slots":{"bonus":{"color":[{"time":0,"color":"ffffff00"},{"time":0.3333,"color":"ffffffff"}]},"bonus-light":{"color":[{"time":0,"color":"ffffff00"},{"time":0.3333,"color":"ffffffff"},{"time":0.6667,"color":"ffffff00"},{"time":1,"color":"ffffffff"},{"time":1.3333,"color":"ffffff00"},{"time":1.6667,"color":"ffffffff"},{"time":2,"color":"ffffff00"},{"time":2.3333,"color":"ffffffff"},{"time":2.6667,"color":"ffffff00"},{"time":3,"color":"ffffffff"}]},"e copy":{"color":[{"time":0,"color":"ffffff00"}]},"i copy":{"color":[{"time":0,"color":"ffffff00"}]},"l copy":{"color":[{"time":0,"color":"ffffff00"}]},"light 10":{"color":[{"time":0,"color":"ffffffff","curve":"stepped"},{"time":0.6667,"color":"ffffffff"},{"time":1.3333,"color":"ffffff00","curve":"stepped"},{"time":2,"color":"ffffff00"},{"time":2.6667,"color":"ffffffff"}]},"light 11":{"color":[{"time":0.3333,"color":"ffffffff","curve":"stepped"},{"time":1,"color":"ffffffff"},{"time":1.6667,"color":"ffffff00","curve":"stepped"},{"time":2.3333,"color":"ffffff00"},{"time":3,"color":"ffffffff"}]},"light 12":{"color":[{"time":0.6667,"color":"ffffffff","curve":"stepped"},{"time":1.3333,"color":"ffffffff"},{"time":2,"color":"ffffff00","curve":"stepped"},{"time":2.6667,"color":"ffffff00"}]},"light 13":{"color":[{"time":1,"color":"ffffffff","curve":"stepped"},{"time":1.6667,"color":"ffffffff"},{"time":2.3333,"color":"ffffff00","curve":"stepped"},{"time":3,"color":"ffffff00"}]},"light 14":{"color":[{"time":0.5,"color":"ffffffff","curve":"stepped"},{"time":1.1667,"color":"ffffffff"},{"time":1.8333,"color":"ffffff00","curve":"stepped"},{"time":2.5,"color":"ffffff00"}]},"light 15":{"color":[{"time":1.3333,"color":"ffffffff","curve":"stepped"},{"time":2,"color":"ffffffff"},{"time":2.6667,"color":"ffffff00"}]},"n copy":{"color":[{"time":0,"color":"ffffff00"}]},"o copy":{"color":[{"time":0,"color":"ffffff00"}]},"s copy":{"color":[{"time":0,"color":"ffffff00"}]},"u copy":{"color":[{"time":0,"color":"ffffff00"}]}},"bones":{"light 00":{"scale":[{"time":0,"x":0,"y":0},{"time":0.3333,"x":1,"y":1},{"time":0.6667,"x":1.1,"y":1.1},{"time":1,"x":1,"y":1},{"time":1.3333,"x":1.1,"y":1.1},{"time":1.6667,"x":1,"y":1},{"time":2,"x":1.1,"y":1.1},{"time":2.3333,"x":1,"y":1},{"time":2.6667,"x":1.1,"y":1.1},{"time":3,"x":1,"y":1}]},"light 10":{"scale":[{"time":0,"x":0,"y":0},{"time":0.6667,"x":1,"y":1},{"time":1.3333,"x":2,"y":2},{"time":2,"x":0,"y":0},{"time":2.6667,"x":1,"y":1}]},"light 11":{"scale":[{"time":0,"x":0,"y":0,"curve":"stepped"},{"time":0.3333,"x":0,"y":0},{"time":1,"x":1,"y":1},{"time":1.6667,"x":2,"y":2},{"time":2.3333,"x":0,"y":0},{"time":3,"x":1,"y":1}]},"light 12":{"scale":[{"time":0,"x":0,"y":0,"curve":"stepped"},{"time":0.6667,"x":0,"y":0},{"time":1.3333,"x":1,"y":1},{"time":2,"x":2,"y":2},{"time":2.6667,"x":0,"y":0}]},"light 13":{"scale":[{"time":0,"x":0,"y":0,"curve":"stepped"},{"time":1,"x":0,"y":0},{"time":1.6667,"x":1,"y":1},{"time":2.3333,"x":2,"y":2},{"time":3,"x":0,"y":0}]},"light 14":{"scale":[{"time":0,"x":0,"y":0,"curve":"stepped"},{"time":0.5,"x":0,"y":0},{"time":1.1667,"x":1,"y":1},{"time":1.8333,"x":2,"y":2},{"time":2.5,"x":0,"y":0}]},"light 15":{"scale":[{"time":0,"x":0,"y":0,"curve":"stepped"},{"time":1.3333,"x":0,"y":0},{"time":2,"x":1,"y":1},{"time":2.6667,"x":2,"y":2}]},"bonus":{"translate":[{"time":0,"x":0,"y":700},{"time":0.3333,"x":0,"y":0}]},"bonus-light":{"translate":[{"time":0,"x":0,"y":700},{"time":0.3333,"x":0,"y":0}]},"u":{"scale":[{"time":0,"x":1,"y":0}]},"thang lon as":{"scale":[{"time":0,"x":1,"y":0}]},"thang lon":{"scale":[{"time":0,"x":1,"y":0}]},"thang":{"scale":[{"time":0,"x":1,"y":0}]},"s":{"scale":[{"time":0,"x":1,"y":0}]},"quay":{"scale":[{"time":0,"x":1,"y":0}]},"o":{"scale":[{"time":0,"x":1,"y":0}]},"no hu":{"scale":[{"time":0,"x":1,"y":0}]},"no":{"scale":[{"time":0,"x":1,"y":0}]},"n":{"scale":[{"time":0,"x":1,"y":0}]},"mien phi":{"scale":[{"time":0,"x":1,"y":0}]},"light 02":{"scale":[{"time":0,"x":1,"y":0}]},"l":{"scale":[{"time":0,"x":1,"y":0}]},"i":{"scale":[{"time":0,"x":1,"y":0}]},"hu":{"scale":[{"time":0,"x":1,"y":0}]},"e":{"scale":[{"time":0,"x":1,"y":0}]},"bang tien":{"scale":[{"time":0,"x":1,"y":0}]}}},"no hu":{"slots":{"e copy":{"color":[{"time":0,"color":"ffffff00"}]},"hu":{"color":[{"time":1,"color":"ffffffff"},{"time":1.3333,"color":"ffffff32"},{"time":1.6667,"color":"ffffff00"},{"time":2.3333,"color":"ffffffff"},{"time":2.6667,"color":"ffffff32"},{"time":3,"color":"ffffff00"},{"time":3.6667,"color":"ffffffff"},{"time":4,"color":"ffffff32"},{"time":4.3333,"color":"ffffff00"},{"time":5,"color":"ffffffff"},{"time":5.3333,"color":"ffffff32"},{"time":5.6667,"color":"ffffff00"}]},"i copy":{"color":[{"time":0,"color":"ffffff00"}]},"l copy":{"color":[{"time":0,"color":"ffffff00"}]},"light 02":{"color":[{"time":0,"color":"ffffff00"},{"time":0.6667,"color":"ffffffff"},{"time":1.6667,"color":"ffffff94"},{"time":2.6667,"color":"ffffffff"},{"time":3.6667,"color":"ffffff94"},{"time":4.6667,"color":"ffffffff"},{"time":5.6667,"color":"ffffff94"},{"time":6.6667,"color":"ffffffff"}]},"light 10":{"color":[{"time":0,"color":"ffffffff","curve":"stepped"},{"time":0.6667,"color":"ffffffff"},{"time":1.3333,"color":"ffffff00","curve":"stepped"},{"time":2,"color":"ffffff00"},{"time":2.6667,"color":"ffffffff"},{"time":3.3333,"color":"ffffff00","curve":"stepped"},{"time":4,"color":"ffffff00"},{"time":4.6667,"color":"ffffffff"},{"time":5.3333,"color":"ffffff00"}]},"light 11":{"color":[{"time":0.3333,"color":"ffffffff","curve":"stepped"},{"time":1,"color":"ffffffff"},{"time":1.6667,"color":"ffffff00","curve":"stepped"},{"time":2.3333,"color":"ffffff00"},{"time":3,"color":"ffffffff"},{"time":3.6667,"color":"ffffff00","curve":"stepped"},{"time":4.3333,"color":"ffffff00"},{"time":5,"color":"ffffffff"},{"time":5.6667,"color":"ffffff00"}]},"light 12":{"color":[{"time":0.6667,"color":"ffffffff","curve":"stepped"},{"time":1.3333,"color":"ffffffff"},{"time":2,"color":"ffffff00","curve":"stepped"},{"time":2.6667,"color":"ffffff00"},{"time":3.3333,"color":"ffffffff"},{"time":4,"color":"ffffff00","curve":"stepped"},{"time":4.6667,"color":"ffffff00"},{"time":5.3333,"color":"ffffffff"},{"time":6,"color":"ffffff00"}]},"light 13":{"color":[{"time":1,"color":"ffffffff","curve":"stepped"},{"time":1.6667,"color":"ffffffff"},{"time":2.3333,"color":"ffffff00","curve":"stepped"},{"time":3,"color":"ffffff00"},{"time":3.6667,"color":"ffffffff"},{"time":4.3333,"color":"ffffff00","curve":"stepped"},{"time":5,"color":"ffffff00"},{"time":5.6667,"color":"ffffffff"},{"time":6.3333,"color":"ffffff00"}]},"light 14":{"color":[{"time":0.5,"color":"ffffffff","curve":"stepped"},{"time":1.1667,"color":"ffffffff"},{"time":1.8333,"color":"ffffff00","curve":"stepped"},{"time":2.5,"color":"ffffff00"},{"time":3.1667,"color":"ffffffff"},{"time":3.8333,"color":"ffffff00","curve":"stepped"},{"time":4.5,"color":"ffffff00"},{"time":5.1667,"color":"ffffffff"},{"time":5.8333,"color":"ffffff00"}]},"light 15":{"color":[{"time":1.3333,"color":"ffffffff","curve":"stepped"},{"time":2,"color":"ffffffff"},{"time":2.6667,"color":"ffffff00","curve":"stepped"},{"time":3.3333,"color":"ffffff00"},{"time":4,"color":"ffffffff","curve":"stepped"},{"time":4.4,"color":"ffffffff"},{"time":4.6667,"color":"ffffff00"},{"time":5.0667,"color":"ffffffff"},{"time":5.3333,"color":"ffffff00","curve":"stepped"},{"time":5.7333,"color":"ffffff00"},{"time":6,"color":"ffffffff"},{"time":6.4,"color":"ffffff00","curve":"stepped"},{"time":6.6667,"color":"ffffff00"}]},"n copy":{"color":[{"time":0,"color":"ffffff00"}]},"no":{"color":[{"time":1,"color":"ffffffff"},{"time":1.3333,"color":"ffffff32"},{"time":1.6667,"color":"ffffff00"},{"time":2.3333,"color":"ffffffff"},{"time":2.6667,"color":"ffffff32"},{"time":3,"color":"ffffff00"},{"time":3.6667,"color":"ffffffff"},{"time":4,"color":"ffffff32"},{"time":4.3333,"color":"ffffff00"},{"time":5,"color":"ffffffff"},{"time":5.3333,"color":"ffffff32"},{"time":5.6667,"color":"ffffff00"}]},"o copy":{"color":[{"time":0,"color":"ffffff00"}]},"s copy":{"color":[{"time":0,"color":"ffffff00"}]},"u copy":{"color":[{"time":0,"color":"ffffff00"}]}},"bones":{"light 00":{"scale":[{"time":0,"x":0,"y":0},{"time":0.3333,"x":1,"y":1},{"time":0.6667,"x":1.1,"y":1.1},{"time":1,"x":1,"y":1},{"time":1.3333,"x":1.1,"y":1.1},{"time":1.6667,"x":1,"y":1},{"time":2,"x":1.1,"y":1.1},{"time":2.3333,"x":1,"y":1},{"time":2.6667,"x":1.1,"y":1.1},{"time":3,"x":1,"y":1},{"time":3.3333,"x":1.1,"y":1.1},{"time":3.6667,"x":1,"y":1},{"time":4,"x":1.1,"y":1.1},{"time":4.3333,"x":1,"y":1},{"time":4.6667,"x":1.1,"y":1.1},{"time":5,"x":1,"y":1},{"time":5.3333,"x":1.1,"y":1.1},{"time":5.6667,"x":1,"y":1},{"time":6,"x":1.1,"y":1.1},{"time":6.3333,"x":1,"y":1},{"time":6.6667,"x":1.1,"y":1.1}]},"light 02":{"rotate":[{"time":0,"angle":0},{"time":1.6667,"angle":180},{"time":3.3333,"angle":0},{"time":5,"angle":180},{"time":6.6667,"angle":0}],"scale":[{"time":0,"x":0,"y":0},{"time":0.3333,"x":1,"y":1},{"time":0.6667,"x":1.1,"y":1.1},{"time":1,"x":1,"y":1},{"time":1.3333,"x":1.1,"y":1.1},{"time":1.6667,"x":1,"y":1},{"time":2,"x":1.1,"y":1.1},{"time":2.3333,"x":1,"y":1},{"time":2.6667,"x":1.1,"y":1.1},{"time":3,"x":1,"y":1},{"time":3.3333,"x":1.1,"y":1.1},{"time":3.6667,"x":1,"y":1},{"time":4,"x":1.1,"y":1.1},{"time":4.3333,"x":1,"y":1},{"time":4.6667,"x":1.1,"y":1.1},{"time":5,"x":1,"y":1},{"time":5.3333,"x":1.1,"y":1.1},{"time":5.6667,"x":1,"y":1},{"time":6,"x":1.1,"y":1.1},{"time":6.3333,"x":1,"y":1},{"time":6.6667,"x":1.1,"y":1.1}]},"light 10":{"scale":[{"time":0,"x":0,"y":0},{"time":0.6667,"x":1,"y":1},{"time":1.3333,"x":2,"y":2},{"time":2,"x":0,"y":0},{"time":2.6667,"x":1,"y":1},{"time":3.3333,"x":2,"y":2},{"time":4,"x":0,"y":0},{"time":4.6667,"x":1,"y":1},{"time":5.3333,"x":2,"y":2}]},"light 11":{"scale":[{"time":0,"x":0,"y":0,"curve":"stepped"},{"time":0.3333,"x":0,"y":0},{"time":1,"x":1,"y":1},{"time":1.6667,"x":2,"y":2},{"time":2.3333,"x":0,"y":0},{"time":3,"x":1,"y":1},{"time":3.6667,"x":2,"y":2},{"time":4.3333,"x":0,"y":0},{"time":5,"x":1,"y":1},{"time":5.6667,"x":2,"y":2}]},"light 12":{"scale":[{"time":0,"x":0,"y":0,"curve":"stepped"},{"time":0.6667,"x":0,"y":0},{"time":1.3333,"x":1,"y":1},{"time":2,"x":2,"y":2},{"time":2.6667,"x":0,"y":0},{"time":3.3333,"x":1,"y":1},{"time":4,"x":2,"y":2},{"time":4.6667,"x":0,"y":0},{"time":5.3333,"x":1,"y":1},{"time":6,"x":2,"y":2}]},"light 13":{"scale":[{"time":0,"x":0,"y":0,"curve":"stepped"},{"time":1,"x":0,"y":0},{"time":1.6667,"x":1,"y":1},{"time":2.3333,"x":2,"y":2},{"time":3,"x":0,"y":0},{"time":3.6667,"x":1,"y":1},{"time":4.3333,"x":2,"y":2},{"time":5,"x":0,"y":0},{"time":5.6667,"x":1,"y":1},{"time":6.3333,"x":2,"y":2}]},"light 14":{"scale":[{"time":0,"x":0,"y":0,"curve":"stepped"},{"time":0.5,"x":0,"y":0},{"time":1.1667,"x":1,"y":1},{"time":1.8333,"x":2,"y":2},{"time":2.5,"x":0,"y":0},{"time":3.1667,"x":1,"y":1},{"time":3.8333,"x":2,"y":2},{"time":4.5,"x":0,"y":0},{"time":5.1667,"x":1,"y":1},{"time":5.8333,"x":2,"y":2}]},"light 15":{"scale":[{"time":0,"x":0,"y":0,"curve":"stepped"},{"time":1.3333,"x":0,"y":0},{"time":2,"x":1,"y":1},{"time":2.6667,"x":2,"y":2},{"time":3.3333,"x":0,"y":0},{"time":4,"x":1,"y":1},{"time":4.6667,"x":2,"y":2},{"time":5.3333,"x":0,"y":0},{"time":6,"x":1,"y":1},{"time":6.6667,"x":2,"y":2}]},"no hu":{"translate":[{"time":0,"x":0,"y":0,"curve":"stepped"},{"time":0.6667,"x":0,"y":0},{"time":1.3333,"x":0,"y":-8},{"time":2,"x":0,"y":0},{"time":2.6667,"x":0,"y":-8},{"time":3.3333,"x":0,"y":0},{"time":4,"x":0,"y":-8},{"time":4.6667,"x":0,"y":0},{"time":5.3333,"x":0,"y":-8},{"time":6,"x":0,"y":0},{"time":6.6667,"x":0,"y":-8}],"scale":[{"time":0,"x":0,"y":0},{"time":0.6667,"x":1,"y":1},{"time":1.3333,"x":1.1,"y":1.1},{"time":2,"x":1,"y":1},{"time":2.6667,"x":1.1,"y":1.1},{"time":3.3333,"x":1,"y":1},{"time":4,"x":1.1,"y":1.1},{"time":4.6667,"x":1,"y":1},{"time":5.3333,"x":1.1,"y":1.1},{"time":6,"x":1,"y":1},{"time":6.6667,"x":1.1,"y":1.1}]},"no":{"translate":[{"time":1,"x":-1.27,"y":-12.72},{"time":1.3333,"x":-21.62,"y":-11.45},{"time":2.3333,"x":-1.27,"y":-12.72},{"time":2.6667,"x":-21.62,"y":-11.45},{"time":3.6667,"x":-1.27,"y":-12.72},{"time":4,"x":-21.62,"y":-11.45},{"time":5,"x":-1.27,"y":-12.72},{"time":5.3333,"x":-21.62,"y":-11.45}],"scale":[{"time":0,"x":0,"y":0,"curve":"stepped"},{"time":0.9667,"x":0,"y":0},{"time":1,"x":0.94,"y":0.94},{"time":1.3333,"x":1.2,"y":1.2},{"time":2.3333,"x":0.94,"y":0.94},{"time":2.6667,"x":1.2,"y":1.2},{"time":3.6667,"x":0.94,"y":0.94},{"time":4,"x":1.2,"y":1.2},{"time":5,"x":0.94,"y":0.94},{"time":5.3333,"x":1.2,"y":1.2}]},"hu":{"translate":[{"time":1,"x":6.36,"y":-10.18},{"time":1.3333,"x":30.53,"y":-15.26},{"time":2.3333,"x":6.36,"y":-10.18},{"time":2.6667,"x":30.53,"y":-15.26},{"time":3.6667,"x":6.36,"y":-10.18},{"time":4,"x":30.53,"y":-15.26},{"time":5,"x":6.36,"y":-10.18},{"time":5.3333,"x":30.53,"y":-15.26}],"scale":[{"time":0,"x":0,"y":0,"curve":"stepped"},{"time":0.9667,"x":0,"y":0},{"time":1,"x":0.94,"y":0.94},{"time":1.3333,"x":1.2,"y":1.2},{"time":2.3333,"x":0.94,"y":0.94},{"time":2.6667,"x":1.2,"y":1.2},{"time":3.6667,"x":0.94,"y":0.94},{"time":4,"x":1.2,"y":1.2},{"time":5,"x":0.94,"y":0.94},{"time":5.3333,"x":1.2,"y":1.2}]},"bang tien":{"translate":[{"time":0,"x":0,"y":130},{"time":0.6667,"x":0,"y":0},{"time":1.3333,"x":0,"y":2},{"time":2,"x":0,"y":0},{"time":2.6667,"x":0,"y":2},{"time":3.3333,"x":0,"y":0},{"time":4,"x":0,"y":2},{"time":4.6667,"x":0,"y":0},{"time":5.3333,"x":0,"y":2},{"time":6,"x":0,"y":0},{"time":6.6667,"x":0,"y":2}],"scale":[{"time":0,"x":0,"y":0},{"time":0.6667,"x":1,"y":1},{"time":1.3333,"x":1.02,"y":1.02},{"time":2,"x":1,"y":1},{"time":2.6667,"x":1.02,"y":1.02},{"time":3.3333,"x":1,"y":1},{"time":4,"x":1.02,"y":1.02},{"time":4.6667,"x":1,"y":1},{"time":5.3333,"x":1.02,"y":1.02},{"time":6,"x":1,"y":1},{"time":6.6667,"x":1.02,"y":1.02}]},"thang":{"scale":[{"time":0,"x":0,"y":1}]},"u":{"scale":[{"time":0,"x":0,"y":1}]},"s":{"scale":[{"time":0,"x":0,"y":1}]},"o":{"scale":[{"time":0,"x":0,"y":1}]},"n":{"scale":[{"time":0,"x":0,"y":1}]},"l":{"scale":[{"time":0,"x":0,"y":1}]},"i":{"scale":[{"time":0,"x":0,"y":1}]},"e":{"scale":[{"time":0,"x":0,"y":1}]},"bonus":{"scale":[{"time":0,"x":0,"y":0}]},"bonus-light":{"scale":[{"time":0,"x":0,"y":0}]},"mien phi":{"scale":[{"time":0,"x":0,"y":0}]},"quay":{"scale":[{"time":0,"x":0,"y":0}]},"thang lon":{"scale":[{"time":0,"x":0,"y":1}]},"thang lon as":{"scale":[{"time":0,"x":0,"y":1}]}}},"quay mien phi":{"slots":{"e copy":{"color":[{"time":0,"color":"ffffff00"}]},"i copy":{"color":[{"time":0,"color":"ffffff00"}]},"l copy":{"color":[{"time":0,"color":"ffffff00"}]},"light 10":{"color":[{"time":0,"color":"ffffffff","curve":"stepped"},{"time":0.6667,"color":"ffffffff"},{"time":1.3333,"color":"ffffff00","curve":"stepped"},{"time":2,"color":"ffffff00"},{"time":2.6667,"color":"ffffffff"},{"time":3.3333,"color":"ffffff00","curve":"stepped"},{"time":4,"color":"ffffff00"},{"time":4.6667,"color":"ffffffff"}]},"light 11":{"color":[{"time":0.3333,"color":"ffffffff","curve":"stepped"},{"time":1,"color":"ffffffff"},{"time":1.6667,"color":"ffffff00","curve":"stepped"},{"time":2.3333,"color":"ffffff00"},{"time":3,"color":"ffffffff"},{"time":3.6667,"color":"ffffff00","curve":"stepped"},{"time":4.3333,"color":"ffffff00"},{"time":5,"color":"ffffffff"}]},"light 12":{"color":[{"time":0.6667,"color":"ffffffff","curve":"stepped"},{"time":1.3333,"color":"ffffffff"},{"time":2,"color":"ffffff00","curve":"stepped"},{"time":2.6667,"color":"ffffff00"},{"time":3.3333,"color":"ffffffff"},{"time":4,"color":"ffffff00","curve":"stepped"},{"time":4.6667,"color":"ffffff00"}]},"light 13":{"color":[{"time":1,"color":"ffffffff","curve":"stepped"},{"time":1.6667,"color":"ffffffff"},{"time":2.3333,"color":"ffffff00","curve":"stepped"},{"time":3,"color":"ffffff00"},{"time":3.6667,"color":"ffffffff"},{"time":4.3333,"color":"ffffff00","curve":"stepped"},{"time":5,"color":"ffffff00"}]},"light 14":{"color":[{"time":0.5,"color":"ffffffff","curve":"stepped"},{"time":1.1667,"color":"ffffffff"},{"time":1.8333,"color":"ffffff00","curve":"stepped"},{"time":2.5,"color":"ffffff00"},{"time":3.1667,"color":"ffffffff"},{"time":3.8333,"color":"ffffff00","curve":"stepped"},{"time":4.5,"color":"ffffff00"}]},"light 15":{"color":[{"time":1.3333,"color":"ffffffff","curve":"stepped"},{"time":2,"color":"ffffffff"},{"time":2.6667,"color":"ffffff00","curve":"stepped"},{"time":3.3333,"color":"ffffff00"},{"time":4,"color":"ffffffff"},{"time":4.6667,"color":"ffffff00"}]},"n copy":{"color":[{"time":0,"color":"ffffff00"}]},"o copy":{"color":[{"time":0,"color":"ffffff00"}]},"s copy":{"color":[{"time":0,"color":"ffffff00"}]},"u copy":{"color":[{"time":0,"color":"ffffff00"}]}},"bones":{"light 00":{"scale":[{"time":0,"x":0,"y":0},{"time":0.3333,"x":1,"y":1},{"time":0.6667,"x":1.1,"y":1.1},{"time":1,"x":1,"y":1},{"time":1.3333,"x":1.1,"y":1.1},{"time":1.6667,"x":1,"y":1},{"time":2,"x":1.1,"y":1.1},{"time":2.3333,"x":1,"y":1},{"time":2.6667,"x":1.1,"y":1.1},{"time":3,"x":1,"y":1},{"time":3.3333,"x":1.1,"y":1.1},{"time":3.6667,"x":1,"y":1},{"time":4,"x":1.1,"y":1.1},{"time":4.3333,"x":1,"y":1},{"time":4.6667,"x":1.1,"y":1.1},{"time":5,"x":1,"y":1}]},"light 10":{"scale":[{"time":0,"x":0,"y":0},{"time":0.6667,"x":1,"y":1},{"time":1.3333,"x":2,"y":2},{"time":2,"x":0,"y":0},{"time":2.6667,"x":1,"y":1},{"time":3.3333,"x":2,"y":2},{"time":4,"x":0,"y":0},{"time":4.6667,"x":1,"y":1}]},"light 11":{"scale":[{"time":0,"x":0,"y":0,"curve":"stepped"},{"time":0.3333,"x":0,"y":0},{"time":1,"x":1,"y":1},{"time":1.6667,"x":2,"y":2},{"time":2.3333,"x":0,"y":0},{"time":3,"x":1,"y":1},{"time":3.6667,"x":2,"y":2},{"time":4.3333,"x":0,"y":0},{"time":5,"x":1,"y":1}]},"light 12":{"scale":[{"time":0,"x":0,"y":0,"curve":"stepped"},{"time":0.6667,"x":0,"y":0},{"time":1.3333,"x":1,"y":1},{"time":2,"x":2,"y":2},{"time":2.6667,"x":0,"y":0},{"time":3.3333,"x":1,"y":1},{"time":4,"x":2,"y":2},{"time":4.6667,"x":0,"y":0}]},"light 13":{"scale":[{"time":0,"x":0,"y":0,"curve":"stepped"},{"time":1,"x":0,"y":0},{"time":1.6667,"x":1,"y":1},{"time":2.3333,"x":2,"y":2},{"time":3,"x":0,"y":0},{"time":3.6667,"x":1,"y":1},{"time":4.3333,"x":2,"y":2},{"time":5,"x":0,"y":0}]},"light 14":{"scale":[{"time":0,"x":0,"y":0,"curve":"stepped"},{"time":0.5,"x":0,"y":0},{"time":1.1667,"x":1,"y":1},{"time":1.8333,"x":2,"y":2},{"time":2.5,"x":0,"y":0},{"time":3.1667,"x":1,"y":1},{"time":3.8333,"x":2,"y":2},{"time":4.5,"x":0,"y":0}]},"light 15":{"scale":[{"time":0,"x":0,"y":0,"curve":"stepped"},{"time":1.3333,"x":0,"y":0},{"time":2,"x":1,"y":1},{"time":2.6667,"x":2,"y":2},{"time":3.3333,"x":0,"y":0},{"time":4,"x":1,"y":1},{"time":4.6667,"x":2,"y":2}]},"quay":{"translate":[{"time":0,"x":688.27,"y":0},{"time":0.3333,"x":0,"y":0},{"time":1,"x":0,"y":2},{"time":1.6667,"x":0,"y":0},{"time":2.3333,"x":0,"y":2},{"time":3,"x":0,"y":0},{"time":3.6667,"x":0,"y":2},{"time":4.3333,"x":0,"y":0},{"time":5,"x":0,"y":2}],"scale":[{"time":0,"x":0,"y":1},{"time":0.3333,"x":1,"y":1},{"time":1,"x":1.1,"y":1.1},{"time":1.6667,"x":1,"y":1},{"time":2.3333,"x":1.1,"y":1.1},{"time":3,"x":1,"y":1},{"time":3.6667,"x":1.1,"y":1.1},{"time":4.3333,"x":1,"y":1},{"time":5,"x":1.1,"y":1.1}],"shear":[{"time":0,"x":99,"y":99},{"time":0.3333,"x":0,"y":0}]},"mien phi":{"translate":[{"time":0,"x":-688,"y":0},{"time":0.3333,"x":0,"y":0},{"time":1,"x":0,"y":2},{"time":1.6667,"x":0,"y":0},{"time":2.3333,"x":0,"y":2},{"time":3,"x":0,"y":0},{"time":3.6667,"x":0,"y":2},{"time":4.3333,"x":0,"y":0},{"time":5,"x":0,"y":2}],"scale":[{"time":0,"x":0,"y":1},{"time":0.3333,"x":1,"y":1},{"time":1,"x":1.1,"y":1.1},{"time":1.6667,"x":1,"y":1},{"time":2.3333,"x":1.1,"y":1.1},{"time":3,"x":1,"y":1},{"time":3.6667,"x":1.1,"y":1.1},{"time":4.3333,"x":1,"y":1},{"time":5,"x":1.1,"y":1.1}],"shear":[{"time":0,"x":-99,"y":-99},{"time":0.3333,"x":0,"y":0}]},"u":{"scale":[{"time":0,"x":1,"y":0}]},"thang lon as":{"scale":[{"time":0,"x":1,"y":0}]},"thang lon":{"scale":[{"time":0,"x":1,"y":0}]},"thang":{"scale":[{"time":0,"x":1,"y":0}]},"s":{"scale":[{"time":0,"x":1,"y":0}]},"o":{"scale":[{"time":0,"x":1,"y":0}]},"no hu":{"scale":[{"time":0,"x":1,"y":0}]},"no":{"scale":[{"time":0,"x":1,"y":0}]},"n":{"scale":[{"time":0,"x":1,"y":0}]},"light 02":{"scale":[{"time":0,"x":1,"y":0}]},"l":{"scale":[{"time":0,"x":1,"y":0}]},"i":{"scale":[{"time":0,"x":1,"y":0}]},"hu":{"scale":[{"time":0,"x":1,"y":0}]},"e":{"scale":[{"time":0,"x":1,"y":0}]},"bonus-light":{"scale":[{"time":0,"x":1,"y":0}]},"bonus":{"scale":[{"time":0,"x":1,"y":0}]},"bang tien":{"scale":[{"time":0,"x":1,"y":0}]}}},"thang lon":{"slots":{"e copy":{"color":[{"time":0,"color":"ffffff00"}]},"i copy":{"color":[{"time":0,"color":"ffffff00"}]},"l copy":{"color":[{"time":0,"color":"ffffff00"}]},"light 10":{"color":[{"time":0,"color":"ffffffff","curve":"stepped"},{"time":0.6667,"color":"ffffffff"},{"time":1.3333,"color":"ffffff00","curve":"stepped"},{"time":2,"color":"ffffff00"},{"time":2.6667,"color":"ffffffff"},{"time":3.3333,"color":"ffffff00","curve":"stepped"},{"time":4,"color":"ffffff00"},{"time":4.6667,"color":"ffffffff"},{"time":5.3333,"color":"ffffff00","curve":"stepped"},{"time":6,"color":"ffffff00"},{"time":6.6667,"color":"ffffffff"}]},"light 11":{"color":[{"time":0.3333,"color":"ffffffff","curve":"stepped"},{"time":1,"color":"ffffffff"},{"time":1.6667,"color":"ffffff00","curve":"stepped"},{"time":2.3333,"color":"ffffff00"},{"time":3,"color":"ffffffff"},{"time":3.6667,"color":"ffffff00","curve":"stepped"},{"time":4.3333,"color":"ffffff00"},{"time":5,"color":"ffffffff"},{"time":5.6667,"color":"ffffff00","curve":"stepped"},{"time":6.3333,"color":"ffffff00"}]},"light 12":{"color":[{"time":0.6667,"color":"ffffffff","curve":"stepped"},{"time":1.3333,"color":"ffffffff"},{"time":2,"color":"ffffff00","curve":"stepped"},{"time":2.6667,"color":"ffffff00"},{"time":3.3333,"color":"ffffffff"},{"time":4,"color":"ffffff00","curve":"stepped"},{"time":4.6667,"color":"ffffff00"},{"time":5.3333,"color":"ffffffff"},{"time":6,"color":"ffffff00","curve":"stepped"},{"time":6.6667,"color":"ffffff00"}]},"light 13":{"color":[{"time":1,"color":"ffffffff","curve":"stepped"},{"time":1.6667,"color":"ffffffff"},{"time":2.3333,"color":"ffffff00","curve":"stepped"},{"time":3,"color":"ffffff00"},{"time":3.6667,"color":"ffffffff"},{"time":4.3333,"color":"ffffff00","curve":"stepped"},{"time":5,"color":"ffffff00"},{"time":5.6667,"color":"ffffffff"},{"time":6.3333,"color":"ffffff00"}]},"light 14":{"color":[{"time":0.5,"color":"ffffffff","curve":"stepped"},{"time":1.1667,"color":"ffffffff"},{"time":1.8333,"color":"ffffff00","curve":"stepped"},{"time":2.5,"color":"ffffff00"},{"time":3.1667,"color":"ffffffff"},{"time":3.8333,"color":"ffffff00","curve":"stepped"},{"time":4.5,"color":"ffffff00","curve":"stepped"},{"time":5.8333,"color":"ffffff00","curve":"stepped"},{"time":6.5,"color":"ffffff00"}]},"light 15":{"color":[{"time":1.3333,"color":"ffffffff","curve":"stepped"},{"time":2,"color":"ffffffff"},{"time":2.6667,"color":"ffffff00","curve":"stepped"},{"time":3.3333,"color":"ffffff00"},{"time":4,"color":"ffffffff"},{"time":4.6667,"color":"ffffff00","curve":"stepped"},{"time":5.3333,"color":"ffffff00"},{"time":6,"color":"ffffffff"},{"time":6.6667,"color":"ffffff00"}]},"n copy":{"color":[{"time":0,"color":"ffffff00"}]},"o copy":{"color":[{"time":0,"color":"ffffff00"}]},"s copy":{"color":[{"time":0,"color":"ffffff00"}]},"thang lon":{"color":[{"time":0,"color":"ffffff00","curve":"stepped"},{"time":0.1667,"color":"ffffff00"},{"time":0.5,"color":"ffffffff"}]},"thang lon 1":{"attachment":[{"time":0,"name":"thang lon 1"},{"time":0.1667,"name":"thang lon 2"},{"time":0.3333,"name":"thang lon 3"},{"time":0.5,"name":"thang lon 1"},{"time":0.6667,"name":"thang lon 2"},{"time":0.8333,"name":"thang lon 3"},{"time":1,"name":"thang lon 1"},{"time":1.1667,"name":"thang lon 2"},{"time":1.3333,"name":"thang lon 3"},{"time":1.5,"name":"thang lon 1"},{"time":1.6667,"name":"thang lon 2"},{"time":1.8333,"name":"thang lon 3"},{"time":2,"name":"thang lon 1"},{"time":2.1667,"name":"thang lon 2"},{"time":2.3333,"name":"thang lon 3"},{"time":2.5,"name":"thang lon 1"},{"time":2.6667,"name":"thang lon 2"},{"time":2.8333,"name":"thang lon 3"},{"time":3,"name":"thang lon 1"},{"time":3.1667,"name":"thang lon 2"},{"time":3.3333,"name":"thang lon 3"},{"time":3.5,"name":"thang lon 1"},{"time":3.6667,"name":"thang lon 2"},{"time":3.8333,"name":"thang lon 3"},{"time":4,"name":"thang lon 1"},{"time":4.1667,"name":"thang lon 2"},{"time":4.3333,"name":"thang lon 3"},{"time":4.5,"name":"thang lon 1"},{"time":4.6667,"name":"thang lon 2"},{"time":4.8333,"name":"thang lon 3"},{"time":5,"name":"thang lon 1"},{"time":5.1667,"name":"thang lon 2"},{"time":5.3333,"name":"thang lon 3"},{"time":5.5,"name":"thang lon 1"},{"time":5.6667,"name":"thang lon 2"},{"time":5.8333,"name":"thang lon 3"},{"time":6,"name":"thang lon 1"},{"time":6.1667,"name":"thang lon 2"},{"time":6.3333,"name":"thang lon 3"},{"time":6.5,"name":"thang lon 1"},{"time":6.6667,"name":"thang lon 2"}]},"u copy":{"color":[{"time":0,"color":"ffffff00"}]}},"bones":{"light 00":{"scale":[{"time":0,"x":0,"y":0},{"time":0.3333,"x":1,"y":1},{"time":0.6667,"x":1.1,"y":1.1},{"time":1,"x":1,"y":1},{"time":1.3333,"x":1.1,"y":1.1},{"time":1.6667,"x":1,"y":1},{"time":2,"x":1.1,"y":1.1},{"time":2.3333,"x":1,"y":1},{"time":2.6667,"x":1.1,"y":1.1},{"time":3,"x":1,"y":1},{"time":3.3333,"x":1.1,"y":1.1},{"time":3.6667,"x":1,"y":1},{"time":4,"x":1.1,"y":1.1},{"time":4.3333,"x":1,"y":1},{"time":4.6667,"x":1.1,"y":1.1},{"time":5,"x":1,"y":1},{"time":5.3333,"x":1.1,"y":1.1},{"time":5.6667,"x":1,"y":1},{"time":6,"x":1.1,"y":1.1},{"time":6.3333,"x":1,"y":1},{"time":6.6667,"x":1.1,"y":1.1}]},"light 10":{"scale":[{"time":0,"x":0,"y":0},{"time":0.6667,"x":1,"y":1},{"time":1.3333,"x":2,"y":2},{"time":2,"x":0,"y":0},{"time":2.6667,"x":1,"y":1},{"time":3.3333,"x":2,"y":2},{"time":4,"x":0,"y":0},{"time":4.6667,"x":1,"y":1},{"time":5.3333,"x":2,"y":2},{"time":6,"x":0,"y":0},{"time":6.6667,"x":1,"y":1}]},"light 11":{"scale":[{"time":0,"x":0,"y":0,"curve":"stepped"},{"time":0.3333,"x":0,"y":0},{"time":1,"x":1,"y":1},{"time":1.6667,"x":2,"y":2},{"time":2.3333,"x":0,"y":0},{"time":3,"x":1,"y":1},{"time":3.6667,"x":2,"y":2},{"time":4.3333,"x":0,"y":0},{"time":5,"x":1,"y":1},{"time":5.6667,"x":2,"y":2},{"time":6.3333,"x":0,"y":0}]},"light 12":{"scale":[{"time":0,"x":0,"y":0,"curve":"stepped"},{"time":0.6667,"x":0,"y":0},{"time":1.3333,"x":1,"y":1},{"time":2,"x":2,"y":2},{"time":2.6667,"x":0,"y":0},{"time":3.3333,"x":1,"y":1},{"time":4,"x":2,"y":2},{"time":4.6667,"x":0,"y":0},{"time":5.3333,"x":1,"y":1},{"time":6,"x":2,"y":2},{"time":6.6667,"x":0,"y":0}]},"light 13":{"scale":[{"time":0,"x":0,"y":0,"curve":"stepped"},{"time":1,"x":0,"y":0},{"time":1.6667,"x":1,"y":1},{"time":2.3333,"x":2,"y":2},{"time":3,"x":0,"y":0},{"time":3.6667,"x":1,"y":1},{"time":4.3333,"x":2,"y":2},{"time":5,"x":0,"y":0},{"time":5.6667,"x":1,"y":1},{"time":6.3333,"x":2,"y":2}]},"light 14":{"scale":[{"time":0,"x":0,"y":0,"curve":"stepped"},{"time":0.5,"x":0,"y":0},{"time":1.1667,"x":1,"y":1},{"time":1.8333,"x":2,"y":2},{"time":2.5,"x":0,"y":0},{"time":3.1667,"x":1,"y":1},{"time":3.8333,"x":2,"y":2},{"time":4.5,"x":0,"y":0},{"time":5.8333,"x":2,"y":2},{"time":6.5,"x":0,"y":0}]},"light 15":{"scale":[{"time":0,"x":0,"y":0,"curve":"stepped"},{"time":1.3333,"x":0,"y":0},{"time":2,"x":1,"y":1},{"time":2.6667,"x":2,"y":2},{"time":3.3333,"x":0,"y":0},{"time":4,"x":1,"y":1},{"time":4.6667,"x":2,"y":2},{"time":5.3333,"x":0,"y":0},{"time":6,"x":1,"y":1},{"time":6.6667,"x":2,"y":2}]},"thang lon":{"scale":[{"time":0,"x":60,"y":60},{"time":0.1667,"x":40,"y":40},{"time":0.5,"x":1,"y":1},{"time":1,"x":1.05,"y":1.05},{"time":1.5,"x":1,"y":1},{"time":2,"x":1.05,"y":1.05},{"time":2.5,"x":1,"y":1},{"time":3,"x":1.05,"y":1.05},{"time":3.5,"x":1,"y":1},{"time":4,"x":1.05,"y":1.05},{"time":4.5,"x":1,"y":1},{"time":5,"x":1.05,"y":1.05},{"time":5.5,"x":1,"y":1},{"time":6,"x":1.05,"y":1.05},{"time":6.5,"x":1,"y":1},{"time":6.6667,"x":1.017,"y":1.017}]},"thang lon as":{"scale":[{"time":0,"x":60,"y":60},{"time":0.1667,"x":40,"y":40},{"time":0.5,"x":1,"y":1},{"time":1,"x":1.05,"y":1.05},{"time":1.5,"x":1,"y":1},{"time":2,"x":1.05,"y":1.05},{"time":2.5,"x":1,"y":1},{"time":3,"x":1.05,"y":1.05},{"time":3.5,"x":1,"y":1},{"time":4,"x":1.05,"y":1.05},{"time":4.5,"x":1,"y":1},{"time":5,"x":1.05,"y":1.05},{"time":5.5,"x":1,"y":1},{"time":6,"x":1.05,"y":1.05},{"time":6.5,"x":1,"y":1},{"time":6.6667,"x":1.017,"y":1.017}]},"no hu":{"scale":[{"time":0,"x":1,"y":0}]},"no":{"scale":[{"time":0,"x":1,"y":0}]},"quay":{"scale":[{"time":0,"x":1,"y":0}]},"thang":{"scale":[{"time":0,"x":1,"y":0}]},"hu":{"scale":[{"time":0,"x":1,"y":0}]},"bonus-light":{"scale":[{"time":0,"x":1,"y":0}]},"bonus":{"scale":[{"time":0,"x":1,"y":0}]},"bang tien":{"scale":[{"time":0,"x":1,"y":0}]},"s":{"scale":[{"time":0,"x":1,"y":0}]},"o":{"scale":[{"time":0,"x":1,"y":0}]},"n":{"scale":[{"time":0,"x":1,"y":0}]},"u":{"scale":[{"time":0,"x":1,"y":0}]},"l":{"scale":[{"time":0,"x":1,"y":0}]},"i":{"scale":[{"time":0,"x":1,"y":0}]},"e":{"scale":[{"time":0,"x":1,"y":0}]},"mien phi":{"scale":[{"time":0,"x":1,"y":0}]},"light 02":{"scale":[{"time":0,"x":1,"y":0}]}}},"thang sieu lon":{"slots":{"e copy":{"color":[{"time":0,"color":"ffffff00","curve":"stepped"},{"time":2.6,"color":"ffffff00"},{"time":2.6667,"color":"ffffffff"},{"time":2.7333,"color":"ffffff00","curve":"stepped"},{"time":4.6,"color":"ffffff00"},{"time":4.6667,"color":"ffffffff"},{"time":4.7333,"color":"ffffff00"}]},"i copy":{"color":[{"time":0,"color":"ffffff00","curve":"stepped"},{"time":3.1667,"color":"ffffff00"},{"time":3.2333,"color":"ffffffff"},{"time":3.3,"color":"ffffff00","curve":"stepped"},{"time":5.1667,"color":"ffffff00"},{"time":5.2333,"color":"ffffffff"},{"time":5.3,"color":"ffffff00"}]},"l copy":{"color":[{"time":0,"color":"ffffff00","curve":"stepped"},{"time":3.5333,"color":"ffffff00"},{"time":3.6,"color":"ffffffff"},{"time":3.6667,"color":"ffffff00","curve":"stepped"},{"time":5.5333,"color":"ffffff00"},{"time":5.6,"color":"ffffffff"},{"time":5.6667,"color":"ffffff00"}]},"light 10":{"color":[{"time":0,"color":"ffffffff","curve":"stepped"},{"time":0.6667,"color":"ffffffff"},{"time":1.3333,"color":"ffffff00","curve":"stepped"},{"time":2,"color":"ffffff00"},{"time":2.6667,"color":"ffffffff"},{"time":3.3333,"color":"ffffff00","curve":"stepped"},{"time":4,"color":"ffffff00"},{"time":4.6667,"color":"ffffffff"},{"time":5.3333,"color":"ffffff00","curve":"stepped"},{"time":6,"color":"ffffff00"},{"time":6.6667,"color":"ffffffff"}]},"light 11":{"color":[{"time":0.3333,"color":"ffffffff","curve":"stepped"},{"time":1,"color":"ffffffff"},{"time":1.6667,"color":"ffffff00","curve":"stepped"},{"time":2.3333,"color":"ffffff00"},{"time":3,"color":"ffffffff"},{"time":3.6667,"color":"ffffff00","curve":"stepped"},{"time":4.3333,"color":"ffffff00"},{"time":5,"color":"ffffffff"},{"time":5.6667,"color":"ffffff00","curve":"stepped"},{"time":6.3333,"color":"ffffff00"}]},"light 12":{"color":[{"time":0.6667,"color":"ffffffff","curve":"stepped"},{"time":1.3333,"color":"ffffffff"},{"time":2,"color":"ffffff00","curve":"stepped"},{"time":2.6667,"color":"ffffff00"},{"time":3.3333,"color":"ffffffff"},{"time":4,"color":"ffffff00","curve":"stepped"},{"time":4.6667,"color":"ffffff00"},{"time":5.3333,"color":"ffffffff"},{"time":6,"color":"ffffff00","curve":"stepped"},{"time":6.6667,"color":"ffffff00"}]},"light 13":{"color":[{"time":1,"color":"ffffffff","curve":"stepped"},{"time":1.6667,"color":"ffffffff"},{"time":2.3333,"color":"ffffff00","curve":"stepped"},{"time":3,"color":"ffffff00"},{"time":3.6667,"color":"ffffffff"},{"time":4.3333,"color":"ffffff00","curve":"stepped"},{"time":5,"color":"ffffff00"},{"time":5.6667,"color":"ffffffff"},{"time":6.3333,"color":"ffffff00"}]},"light 14":{"color":[{"time":0.5,"color":"ffffffff","curve":"stepped"},{"time":1.1667,"color":"ffffffff"},{"time":1.8333,"color":"ffffff00","curve":"stepped"},{"time":2.5,"color":"ffffff00"},{"time":3.1667,"color":"ffffffff"},{"time":3.8333,"color":"ffffff00","curve":"stepped"},{"time":4.5,"color":"ffffff00","curve":"stepped"},{"time":5.8333,"color":"ffffff00","curve":"stepped"},{"time":6.5,"color":"ffffff00"}]},"light 15":{"color":[{"time":1.3333,"color":"ffffffff","curve":"stepped"},{"time":2,"color":"ffffffff"},{"time":2.6667,"color":"ffffff00","curve":"stepped"},{"time":3.3333,"color":"ffffff00"},{"time":4,"color":"ffffffff"},{"time":4.6667,"color":"ffffff00","curve":"stepped"},{"time":5.3333,"color":"ffffff00"},{"time":6,"color":"ffffffff"},{"time":6.6667,"color":"ffffff00"}]},"n copy":{"color":[{"time":0,"color":"ffffff00","curve":"stepped"},{"time":2.3333,"color":"ffffff00"},{"time":2.4,"color":"ffffffff"},{"time":2.4667,"color":"ffffff00","curve":"stepped"},{"time":4.3333,"color":"ffffff00"},{"time":4.4,"color":"ffffffff"},{"time":4.4667,"color":"ffffff00","curve":"stepped"},{"time":6.5,"color":"ffffff00"},{"time":6.5667,"color":"ffffffff"},{"time":6.6333,"color":"ffffff00"}]},"o copy":{"color":[{"time":0,"color":"ffffff00","curve":"stepped"},{"time":2.8,"color":"ffffff00"},{"time":2.8667,"color":"ffffffff"},{"time":2.9333,"color":"ffffff00","curve":"stepped"},{"time":4.8,"color":"ffffff00"},{"time":4.8667,"color":"ffffffff"},{"time":4.9333,"color":"ffffff00"}]},"s copy":{"color":[{"time":0,"color":"ffffff00","curve":"stepped"},{"time":1.8333,"color":"ffffff00"},{"time":1.9,"color":"ffffffff"},{"time":1.9667,"color":"ffffff00","curve":"stepped"},{"time":3.8333,"color":"ffffff00"},{"time":3.9,"color":"ffffffff"},{"time":3.9667,"color":"ffffff00","curve":"stepped"},{"time":6,"color":"ffffff00"},{"time":6.0667,"color":"ffffffff"},{"time":6.1333,"color":"ffffff00"}]},"u copy":{"color":[{"time":0,"color":"ffffff00","curve":"stepped"},{"time":2.1,"color":"ffffff00"},{"time":2.1667,"color":"ffffffff"},{"time":2.2333,"color":"ffffff00","curve":"stepped"},{"time":4.1,"color":"ffffff00"},{"time":4.1667,"color":"ffffffff"},{"time":4.2333,"color":"ffffff00","curve":"stepped"},{"time":6.2667,"color":"ffffff00"},{"time":6.3333,"color":"ffffffff"},{"time":6.4,"color":"ffffff00"}]}},"bones":{"light 00":{"scale":[{"time":0,"x":0,"y":0},{"time":0.3333,"x":1,"y":1},{"time":0.6667,"x":1.1,"y":1.1},{"time":1,"x":1,"y":1},{"time":1.3333,"x":1.1,"y":1.1},{"time":1.6667,"x":1,"y":1},{"time":2,"x":1.1,"y":1.1},{"time":2.3333,"x":1,"y":1},{"time":2.6667,"x":1.1,"y":1.1},{"time":3,"x":1,"y":1},{"time":3.3333,"x":1.1,"y":1.1},{"time":3.6667,"x":1,"y":1},{"time":4,"x":1.1,"y":1.1},{"time":4.3333,"x":1,"y":1},{"time":4.6667,"x":1.1,"y":1.1},{"time":5,"x":1,"y":1},{"time":5.3333,"x":1.1,"y":1.1},{"time":5.6667,"x":1,"y":1},{"time":6,"x":1.1,"y":1.1},{"time":6.3333,"x":1,"y":1},{"time":6.6667,"x":1.1,"y":1.1}]},"light 10":{"scale":[{"time":0,"x":0,"y":0},{"time":0.6667,"x":1,"y":1},{"time":1.3333,"x":2,"y":2},{"time":2,"x":0,"y":0},{"time":2.6667,"x":1,"y":1},{"time":3.3333,"x":2,"y":2},{"time":4,"x":0,"y":0},{"time":4.6667,"x":1,"y":1},{"time":5.3333,"x":2,"y":2},{"time":6,"x":0,"y":0},{"time":6.6667,"x":1,"y":1}]},"light 11":{"scale":[{"time":0,"x":0,"y":0,"curve":"stepped"},{"time":0.3333,"x":0,"y":0},{"time":1,"x":1,"y":1},{"time":1.6667,"x":2,"y":2},{"time":2.3333,"x":0,"y":0},{"time":3,"x":1,"y":1},{"time":3.6667,"x":2,"y":2},{"time":4.3333,"x":0,"y":0},{"time":5,"x":1,"y":1},{"time":5.6667,"x":2,"y":2},{"time":6.3333,"x":0,"y":0}]},"light 12":{"scale":[{"time":0,"x":0,"y":0,"curve":"stepped"},{"time":0.6667,"x":0,"y":0},{"time":1.3333,"x":1,"y":1},{"time":2,"x":2,"y":2},{"time":2.6667,"x":0,"y":0},{"time":3.3333,"x":1,"y":1},{"time":4,"x":2,"y":2},{"time":4.6667,"x":0,"y":0},{"time":5.3333,"x":1,"y":1},{"time":6,"x":2,"y":2},{"time":6.6667,"x":0,"y":0}]},"light 13":{"scale":[{"time":0,"x":0,"y":0,"curve":"stepped"},{"time":1,"x":0,"y":0},{"time":1.6667,"x":1,"y":1},{"time":2.3333,"x":2,"y":2},{"time":3,"x":0,"y":0},{"time":3.6667,"x":1,"y":1},{"time":4.3333,"x":2,"y":2},{"time":5,"x":0,"y":0},{"time":5.6667,"x":1,"y":1},{"time":6.3333,"x":2,"y":2}]},"light 14":{"scale":[{"time":0,"x":0,"y":0,"curve":"stepped"},{"time":0.5,"x":0,"y":0},{"time":1.1667,"x":1,"y":1},{"time":1.8333,"x":2,"y":2},{"time":2.5,"x":0,"y":0},{"time":3.1667,"x":1,"y":1},{"time":3.8333,"x":2,"y":2},{"time":4.5,"x":0,"y":0},{"time":5.8333,"x":2,"y":2},{"time":6.5,"x":0,"y":0}]},"light 15":{"scale":[{"time":0,"x":0,"y":0,"curve":"stepped"},{"time":1.3333,"x":0,"y":0},{"time":2,"x":1,"y":1},{"time":2.6667,"x":2,"y":2},{"time":3.3333,"x":0,"y":0},{"time":4,"x":1,"y":1},{"time":4.6667,"x":2,"y":2},{"time":5.3333,"x":0,"y":0},{"time":6,"x":1,"y":1},{"time":6.6667,"x":2,"y":2}]},"thang":{"translate":[{"time":0,"x":0,"y":-152.1},{"time":0.2667,"x":0,"y":0,"curve":"stepped"},{"time":0.3333,"x":0,"y":0,"curve":"stepped"},{"time":0.4,"x":0,"y":0}],"scale":[{"time":0,"x":0,"y":0},{"time":0.2667,"x":1,"y":1},{"time":0.3333,"x":1.5,"y":1.5},{"time":0.4,"x":1,"y":1}]},"s":{"translate":[{"time":0,"x":298.9,"y":-10.3,"curve":"stepped"},{"time":0.1667,"x":298.9,"y":-10.3},{"time":0.4333,"x":0,"y":0,"curve":"stepped"},{"time":0.5,"x":0,"y":0,"curve":"stepped"},{"time":0.5667,"x":0,"y":0}],"scale":[{"time":0,"x":0,"y":0,"curve":"stepped"},{"time":0.1667,"x":0,"y":0},{"time":0.4333,"x":1,"y":1},{"time":0.5,"x":1.5,"y":1.5},{"time":0.5667,"x":1,"y":1}]},"o":{"translate":[{"time":0,"x":-164.4,"y":-20.18,"curve":"stepped"},{"time":1,"x":-164.4,"y":-20.18},{"time":1.2667,"x":0,"y":0,"curve":"stepped"},{"time":1.3333,"x":0,"y":0,"curve":"stepped"},{"time":1.4,"x":0,"y":0}],"scale":[{"time":0,"x":0,"y":0,"curve":"stepped"},{"time":1,"x":0,"y":0},{"time":1.2667,"x":1,"y":1},{"time":1.3333,"x":1.5,"y":1.5},{"time":1.4,"x":1,"y":1}]},"n":{"translate":[{"time":0,"x":-271.34,"y":-10.3,"curve":"stepped"},{"time":1.1667,"x":-271.34,"y":-10.3},{"time":1.4333,"x":0,"y":0,"curve":"stepped"},{"time":1.5,"x":0,"y":0,"curve":"stepped"},{"time":1.5667,"x":0,"y":0}],"scale":[{"time":0,"x":0,"y":0,"curve":"stepped"},{"time":1.1667,"x":0,"y":0},{"time":1.4333,"x":1,"y":1},{"time":1.5,"x":1.5,"y":1.5},{"time":1.5667,"x":1,"y":1}]},"l":{"translate":[{"time":0,"x":-65.41,"y":-10.3,"curve":"stepped"},{"time":0.8333,"x":-65.41,"y":-10.3},{"time":1.1,"x":0,"y":0,"curve":"stepped"},{"time":1.1667,"x":0,"y":0,"curve":"stepped"},{"time":1.2333,"x":0,"y":0}],"scale":[{"time":0,"x":0,"y":0,"curve":"stepped"},{"time":0.8333,"x":0,"y":0},{"time":1.1,"x":1,"y":1},{"time":1.1667,"x":1.5,"y":1.5},{"time":1.2333,"x":1,"y":1}]},"i":{"translate":[{"time":0,"x":228.9,"y":-10.3,"curve":"stepped"},{"time":0.3333,"x":228.9,"y":-10.3},{"time":0.6,"x":0,"y":0,"curve":"stepped"},{"time":0.6667,"x":0,"y":0,"curve":"stepped"},{"time":0.7333,"x":0,"y":0}],"scale":[{"time":0,"x":0,"y":0,"curve":"stepped"},{"time":0.3333,"x":0,"y":0},{"time":0.6,"x":1,"y":1},{"time":0.6667,"x":1.5,"y":1.5},{"time":0.7333,"x":1,"y":1}]},"e":{"translate":[{"time":0,"x":165.4,"y":-10.3,"curve":"stepped"},{"time":0.5,"x":165.4,"y":-10.3},{"time":0.7667,"x":0,"y":0,"curve":"stepped"},{"time":0.8333,"x":0,"y":0,"curve":"stepped"},{"time":0.9,"x":0,"y":0}],"scale":[{"time":0,"x":0,"y":0,"curve":"stepped"},{"time":0.5,"x":0,"y":0},{"time":0.7667,"x":1,"y":1},{"time":0.8333,"x":1.5,"y":1.5},{"time":0.9,"x":1,"y":1}]},"u":{"translate":[{"time":0,"x":68.14,"y":-10.3,"curve":"stepped"},{"time":0.6667,"x":68.14,"y":-10.3},{"time":0.9333,"x":0,"y":0,"curve":"stepped"},{"time":1,"x":0,"y":0,"curve":"stepped"},{"time":1.0667,"x":0,"y":0}],"scale":[{"time":0,"x":0,"y":0,"curve":"stepped"},{"time":0.6667,"x":0,"y":0},{"time":0.9333,"x":1,"y":1},{"time":1,"x":1.5,"y":1.5},{"time":1.0667,"x":1,"y":1}]},"mien phi":{"scale":[{"time":0,"x":1,"y":0,"curve":"stepped"},{"time":1.9,"x":1,"y":0}]},"no hu":{"scale":[{"time":0,"x":1,"y":0,"curve":"stepped"},{"time":1.9,"x":1,"y":0}]},"quay":{"scale":[{"time":0,"x":1,"y":0,"curve":"stepped"},{"time":1.9,"x":1,"y":0}]},"no":{"scale":[{"time":0,"x":1,"y":0}]},"thang lon as":{"scale":[{"time":0,"x":1,"y":0}]},"thang lon":{"scale":[{"time":0,"x":1,"y":0}]},"hu":{"scale":[{"time":0,"x":1,"y":0}]},"bonus-light":{"scale":[{"time":0,"x":1,"y":0}]},"bonus":{"scale":[{"time":0,"x":1,"y":0}]},"bang tien":{"scale":[{"time":0,"x":1,"y":0}]},"light 02":{"scale":[{"time":0,"x":1,"y":0}]}}}}},"_atlasText":"\nskeleton.png\nsize: 3320,2174\nformat: RGBA8888\nfilter: Linear,Linear\nrepeat: none\n1\n  rotate: false\n  xy: 1, 142\n  size: 1055, 459\n  orig: 1055, 459\n  offset: 0, 0\n  index: -1\nbonus\n  rotate: true\n  xy: 3098, 465\n  size: 431, 146\n  orig: 431, 146\n  offset: 0, 0\n  index: -1\nbonus-light\n  rotate: false\n  xy: 1438, 39\n  size: 431, 146\n  orig: 431, 146\n  offset: 0, 0\n  index: -1\ne\n  rotate: true\n  xy: 1438, 415\n  size: 105, 121\n  orig: 105, 121\n  offset: 0, 0\n  index: -1\ne copy\n  rotate: true\n  xy: 1995, 80\n  size: 105, 121\n  orig: 105, 121\n  offset: 0, 0\n  index: -1\nhu\n  rotate: false\n  xy: 2502, 1\n  size: 276, 203\n  orig: 276, 203\n  offset: 0, 0\n  index: -1\ni\n  rotate: false\n  xy: 1567, 1200\n  size: 43, 97\n  orig: 43, 97\n  offset: 0, 0\n  index: -1\ni copy\n  rotate: true\n  xy: 2779, 41\n  size: 43, 97\n  orig: 43, 97\n  offset: 0, 0\n  index: -1\nl\n  rotate: false\n  xy: 3208, 1475\n  size: 95, 97\n  orig: 95, 97\n  offset: 0, 0\n  index: -1\nl copy\n  rotate: false\n  xy: 3208, 1377\n  size: 95, 97\n  orig: 95, 97\n  offset: 0, 0\n  index: -1\nlight 00\n  rotate: true\n  xy: 2731, 1573\n  size: 600, 588\n  orig: 600, 588\n  offset: 0, 0\n  index: -1\nlight 02\n  rotate: false\n  xy: 2538, 897\n  size: 669, 668\n  orig: 669, 668\n  offset: 0, 0\n  index: -1\nlight 10\n  rotate: false\n  xy: 1, 1298\n  size: 1611, 875\n  orig: 1611, 875\n  offset: 0, 0\n  index: -1\nlight 11\n  rotate: false\n  xy: 1, 602\n  size: 1280, 695\n  orig: 1280, 695\n  offset: 0, 0\n  index: -1\nlight 12\n  rotate: false\n  xy: 1613, 897\n  size: 924, 668\n  orig: 924, 668\n  offset: 0, 0\n  index: -1\nlight 13\n  rotate: false\n  xy: 1613, 1566\n  size: 1117, 607\n  orig: 1117, 607\n  offset: 0, 0\n  index: -1\nlight 14\n  rotate: false\n  xy: 1567, 414\n  size: 888, 482\n  orig: 888, 482\n  offset: 0, 0\n  index: -1\nlight 15\n  rotate: false\n  xy: 2456, 433\n  size: 641, 463\n  orig: 641, 463\n  offset: 0, 0\n  index: -1\nmien phi\n  rotate: true\n  xy: 1285, 99\n  size: 617, 152\n  orig: 617, 152\n  offset: 0, 0\n  index: -1\nn\n  rotate: false\n  xy: 1438, 619\n  size: 128, 97\n  orig: 128, 97\n  offset: 0, 0\n  index: -1\nn copy\n  rotate: false\n  xy: 1438, 521\n  size: 128, 97\n  orig: 128, 97\n  offset: 0, 0\n  index: -1\nno\n  rotate: false\n  xy: 3034, 169\n  size: 273, 263\n  orig: 273, 263\n  offset: 0, 0\n  index: -1\nno hu\n  rotate: true\n  xy: 1282, 717\n  size: 580, 284\n  orig: 580, 284\n  offset: 0, 0\n  index: -1\no\n  rotate: false\n  xy: 1870, 66\n  size: 124, 119\n  orig: 124, 119\n  offset: 0, 0\n  index: -1\no copy\n  rotate: false\n  xy: 2779, 85\n  size: 124, 119\n  orig: 124, 119\n  offset: 0, 0\n  index: -1\nquay\n  rotate: false\n  xy: 532, 2\n  size: 501, 139\n  orig: 501, 139\n  offset: 0, 0\n  index: -1\ns\n  rotate: false\n  xy: 2235, 88\n  size: 115, 97\n  orig: 115, 97\n  offset: 0, 0\n  index: -1\ns copy\n  rotate: false\n  xy: 2351, 88\n  size: 115, 97\n  orig: 115, 97\n  offset: 0, 0\n  index: -1\nthang\n  rotate: false\n  xy: 1, 22\n  size: 530, 119\n  orig: 530, 119\n  offset: 0, 0\n  index: -1\nthang lon\n  rotate: true\n  xy: 1057, 70\n  size: 531, 227\n  orig: 531, 227\n  offset: 0, 0\n  index: -1\nthang lon 1\n  rotate: false\n  xy: 1438, 186\n  size: 531, 227\n  orig: 531, 227\n  offset: 0, 0\n  index: -1\nthang lon 2\n  rotate: false\n  xy: 1970, 186\n  size: 531, 227\n  orig: 531, 227\n  offset: 0, 0\n  index: -1\nthang lon 3\n  rotate: false\n  xy: 2502, 205\n  size: 531, 227\n  orig: 531, 227\n  offset: 0, 0\n  index: -1\nu\n  rotate: false\n  xy: 2904, 106\n  size: 117, 98\n  orig: 117, 98\n  offset: 0, 0\n  index: -1\nu copy\n  rotate: false\n  xy: 2117, 87\n  size: 117, 98\n  orig: 117, 98\n  offset: 0, 0\n  index: -1\n","textures":[{"__uuid__":"388aLuliBCYoIEnW0nMjLW"}],"textureNames":["skeleton.png"]}