{"__type__":"sp.SkeletonData","_name":"sloticon_chonman_tdk","_skeletonJson":{"skeleton":{"hash":"fI0+JeZe/ET/78jB5Je0P5ciP8U","spine":"3.6.52","width":650,"height":740.58,"images":"./images/home icon/"},"bones":[{"name":"root"},{"name":"bone","parent":"root","x":-325.7,"y":56.88},{"name":"bone2","parent":"root","x":4.59,"y":54.34,"color":"ff0e0eff"},{"name":"bone10","parent":"bone2","length":144.84,"rotation":88.97,"x":-11.28,"y":181.06,"color":"ff0000ff"},{"name":"bone3","parent":"bone10","length":110.79,"rotation":-159.44,"x":168.72,"y":42.46,"color":"ff0000ff"},{"name":"bone4","parent":"bone3","length":50.36,"rotation":97.58,"x":110.79,"color":"ff0000ff"},{"name":"bone5","parent":"bone4","length":48.68,"rotation":19.88,"x":50.36,"color":"ff0000ff"},{"name":"bone6","parent":"bone5","length":25.47,"rotation":-6.93,"x":1.14,"y":21.23,"color":"ff0000ff"},{"name":"bone7","parent":"bone6","length":40,"rotation":103.52,"x":41.42,"y":-33.62,"color":"ff0000ff"},{"name":"bone8","parent":"bone6","length":19.53,"rotation":59.01,"x":8.28,"y":0.03,"color":"ff0000ff"},{"name":"bone9","parent":"bone7","length":22.2,"rotation":-61.25,"x":25.3,"y":-2.32,"color":"ff0000ff"},{"name":"bone11","parent":"bone10","length":145.48,"rotation":-147.87,"x":262.59,"y":76.56,"color":"ff0000ff"},{"name":"bone12","parent":"bone11","length":97.44,"rotation":81.82,"x":144.13,"y":0.45,"color":"ff0000ff"},{"name":"bone13","parent":"bone12","length":135.36,"rotation":62.64,"x":4.12,"y":4.48,"color":"ff0000ff"},{"name":"bone14","parent":"bone2","x":268.67,"y":446.68,"color":"ff0000ff"},{"name":"bone15","parent":"bone2","x":0.88,"y":187.43,"color":"ff0000ff"},{"name":"bone16","parent":"bone10","length":180.01,"rotation":-178.21,"x":163.4,"y":-51.52,"color":"ff0000ff"},{"name":"bone17","parent":"bone11","length":216.12,"rotation":-31.42,"x":55.86,"y":-0.12,"color":"ff0000ff"},{"name":"bone18","parent":"bone17","length":76,"rotation":-54.35,"x":50.58,"y":-2.73,"color":"ff0000ff"},{"name":"bone19","parent":"bone16","length":108.61,"rotation":35.21,"x":31.29,"y":-1.02,"color":"ff0000ff"},{"name":"bone20","parent":"root","x":-2.37,"y":82.39,"color":"071ab6ff"},{"name":"bone32","parent":"bone20","x":-12.28,"y":103.55,"color":"071ab6ff"},{"name":"bone21","parent":"bone32","length":110.83,"rotation":89.14,"x":-0.04,"y":-0.35,"color":"071ab6ff"},{"name":"bone22","parent":"bone21","length":76.14,"rotation":-7.89,"x":110.83,"color":"071ab6ff"},{"name":"bone23","parent":"bone32","length":92.63,"rotation":-89.49,"x":1.62,"y":-5.32,"color":"071ab6ff"},{"name":"bone24","parent":"bone22","length":108.36,"rotation":8.41,"x":78.29,"y":-0.75,"color":"071ab6ff"},{"name":"bone25","parent":"bone24","x":31.84,"y":-1.03,"color":"071ab6ff"},{"name":"bone26","parent":"bone22","length":109.55,"rotation":-78.43,"x":75.66,"y":27.85,"color":"071ab6ff"},{"name":"bone27","parent":"bone26","length":30.3,"rotation":-97.92,"x":36.66,"y":-0.73,"color":"071ab6ff"},{"name":"bone28","parent":"bone27","length":25.57,"rotation":-13.33,"x":30.3,"color":"071ab6ff"},{"name":"bone29","parent":"bone28","length":25.9,"rotation":6.42,"x":25.57,"color":"071ab6ff"},{"name":"bone30","parent":"bone20","length":120.41,"rotation":-94.78,"x":119.14,"y":395.25,"color":"071ab6ff"},{"name":"bone31","parent":"bone20","x":16.64,"y":170.68,"color":"071ab6ff"},{"name":"bone33","parent":"bone20","length":120.41,"rotation":-87.59,"x":-76.57,"y":481.01,"scaleX":0.755,"scaleY":0.755,"color":"071ab6ff"},{"name":"bone34","parent":"bone20","length":120.41,"rotation":-91.52,"x":41.44,"y":560.9,"scaleX":0.755,"scaleY":0.755,"color":"071ab6ff"},{"name":"bone35","parent":"bone20","length":120.41,"rotation":-93.77,"x":-48.61,"y":306.96,"scaleX":0.83,"scaleY":0.766,"color":"071ab6ff"},{"name":"bone36","parent":"root","x":-3.77,"y":72.41},{"name":"bone37","parent":"bone36","x":-4.6,"y":181.28},{"name":"bone38","parent":"bone37","length":58.91,"rotation":90.44},{"name":"bone39","parent":"bone38","length":91.6,"rotation":-11.82,"x":52.36,"y":0.07},{"name":"bone40","parent":"bone39","length":117.34,"rotation":-76.15,"x":87.44,"y":30.11},{"name":"bone41","parent":"bone40","length":113.05,"rotation":88.56,"x":35.83,"y":1.94},{"name":"bone42","parent":"bone39","length":118.47,"rotation":-174.82,"x":73.58,"y":51.02},{"name":"bone43","parent":"bone42","length":61.24,"rotation":-141.65,"x":52.1,"y":-0.46},{"name":"bone44","parent":"bone37","length":163.65,"rotation":-88.96,"x":-1.79,"y":-3.57},{"name":"bone45","parent":"bone41","length":80.73,"rotation":147.65,"x":123.81,"y":10.06},{"name":"bone46","parent":"bone45","length":37.68,"rotation":-79.25,"x":40.68,"y":-3.31},{"name":"bone47","parent":"bone41","length":70.61,"rotation":-159.58,"x":114.02,"y":-42.25},{"name":"bone48","parent":"bone47","length":41.8,"rotation":64.38,"x":35.38,"y":-0.66},{"name":"bone49","parent":"root","length":69.11,"rotation":90.73,"x":1.7,"y":206.68}],"slots":[{"name":"cut1","bone":"bone2","attachment":"cut1"},{"name":"tdk Rounded Rectangle 5 copy 3","bone":"bone2","attachment":"tdk Rounded Rectangle 5 copy 3"},{"name":"tdk Layer 67","bone":"bone2","attachment":"tdk Layer 67"},{"name":"tdk character","bone":"bone2","attachment":"tdk character"},{"name":"tdk  khungtext","bone":"bone2","attachment":"tdk  khungtext"},{"name":"tdk Tây Du Ký","bone":"bone15","attachment":"tdk Tây Du Ký"},{"name":"7a5868da930f5ac5821a61a380a9df90e06376d71b0c5-TiHevd_fw658","bone":"bone14","attachment":"7a5868da930f5ac5821a61a380a9df90e06376d71b0c5-TiHevd_fw658"},{"name":"tdk hand","bone":"root","attachment":"tdk hand"},{"name":"khung slot","bone":"bone2","attachment":"khung slot"}],"skins":{"default":{"7a5868da930f5ac5821a61a380a9df90e06376d71b0c5-TiHevd_fw658":{"7a5868da930f5ac5821a61a380a9df90e06376d71b0c5-TiHevd_fw658":{"x":-83.58,"y":-40.87,"width":650,"height":704}},"cut1":{"cut1":{"type":"clipping","end":"7a5868da930f5ac5821a61a380a9df90e06376d71b0c5-TiHevd_fw658","vertexCount":65,"vertices":[-90.87,459.34,-93.97,456.24,-96.59,453.27,-99.2,449.1,-101.11,444.58,-102.3,440.18,-103.15,436.34,-103.84,431.25,-104.16,102.69,-103.73,80.71,-103.76,77.44,-103.03,72.71,-102.2,69.12,-100.43,64.86,-98.87,61.48,-96.42,57.89,-94.14,54.87,-91.36,52.24,-89.3,50.36,-85.99,47.89,-82.31,45.73,-77.44,43.69,-72.64,42.25,-65.92,41.59,72.19,41.26,79.44,42.57,85.75,44.23,90.76,46.7,94.78,49.54,98.47,52.63,101.26,55.65,103.93,58.89,106.24,62.81,107.92,66.23,109.03,69.6,109.71,71.59,110.49,75.08,110.58,430.57,110.52,435.25,110.01,438.89,109.11,441.5,108.16,444.47,106.95,447.21,105.51,450.05,104.11,452.12,102.04,454.83,100.64,456.6,98.59,458.65,96.94,460.15,94.8,462.17,92.37,463.79,90.26,464.96,87.87,466.36,85.58,467.39,82.31,468.4,79.39,469.38,77.37,469.77,73.8,470.16,-65.7,470.21,-69.62,469.81,-73.27,469.11,-77.49,467.79,-80.79,466.47,-85.93,463.55,-88.36,461.5],"color":"ce3a3aff"}},"khung slot":{"khung slot":{"x":3.78,"y":255.73,"width":222,"height":435}},"tdk  khungtext":{"tdk  khungtext":{"x":3.28,"y":182.73,"width":225,"height":71}},"tdk Layer 67":{"tdk Layer 67":{"x":3.28,"y":255.73,"width":221,"height":435}},"tdk Rounded Rectangle 5 copy 3":{"tdk Rounded Rectangle 5 copy 3":{"x":3.78,"y":245.23,"width":240,"height":456}},"tdk Tây Du Ký":{"tdk Tây Du Ký":{"x":0.9,"y":-1.7,"width":176,"height":45}},"tdk character":{"tdk character":{"type":"mesh","uvs":[0.56032,0,0.46134,0,0.32289,0,0.37017,0.01948,0.33017,0.0446,0.30289,0.08981,0.29016,0.13602,0.24833,0.11694,0.15922,0.10789,0.10648,0.13803,0.06465,0.17722,0.06496,0.33835,0.06503,0.37643,0.06517,0.44969,0.0654,0.56648,0.06561,0.68145,0.06579,0.77637,0.06601,0.89135,0.06609,0.92955,0.1414,0.99446,0.25588,1,0.31312,0.96783,0.44869,0.92123,0.48485,0.85299,0.48183,0.80306,0.60234,0.78808,0.5451,0.83968,0.50056,0.88533,0.48733,0.93859,0.72205,0.96201,0.78033,0.96783,0.90887,0.93337,0.77088,0.8728,0.78978,0.84669,0.89186,0.81641,1,0.85609,1,0.77637,1,0.68146,1,0.56465,1,0.45148,1,0.36388,1,0.28761,0.86942,0.27044,0.77356,0.27616,0.68807,0.30192,0.58962,0.34486,0.62325,0.32605,0.79429,0.23036,0.83649,0.16519,0.87297,0.10666,0.91222,0.03475,0.93119,0,0.49336,0.35246,0.51409,0.24337,0.53437,0.13661,0.54892,0.06,0.4768,0.44966,0.48671,0.57377,0.47679,0.68146,0.29646,0.1632,0.29037,0.34577,0.2897,0.44967,0.28883,0.57035,0.28147,0.68145,0.28259,0.79028,0.29014,0.90885,0.72205,0.35761,0.72119,0.45051,0.72077,0.56961,0.71599,0.68146,0.72226,0.78455,0.72165,0.87508,0.29213,0.29301,0.14459,0.34097,0.83055,0.45089,0.95346,0.56547],"triangles":[29,32,30,30,32,31,28,27,29,27,71,29,29,71,32,71,26,25,71,27,26,32,71,33,71,25,70,33,71,70,34,36,35,33,70,34,34,70,36,25,69,70,25,58,69,36,70,37,70,69,37,37,69,75,69,68,75,69,57,68,68,57,67,68,67,74,74,67,66,67,52,66,52,45,66,75,38,37,68,74,75,38,75,39,75,74,39,74,40,39,40,74,66,13,12,73,60,73,72,12,11,73,73,10,9,72,73,9,73,11,10,21,20,65,20,19,65,65,19,17,21,65,22,19,18,17,23,22,64,17,64,65,23,64,24,64,22,65,17,16,64,16,63,64,64,63,58,16,15,63,63,62,58,62,63,14,63,15,14,62,61,56,62,14,61,14,13,61,13,73,61,61,60,56,61,73,60,60,72,52,59,52,72,40,66,42,66,43,42,42,41,40,45,44,66,66,44,43,45,52,46,46,52,53,53,52,59,53,59,5,5,4,53,53,47,46,53,4,54,54,4,3,47,53,48,54,3,1,48,53,54,48,54,49,54,55,49,54,1,55,49,55,50,55,0,50,55,1,0,50,0,51,3,2,1,8,59,72,72,9,8,59,8,7,7,6,59,59,6,5,64,58,24,24,58,25,58,57,69,58,62,57,57,62,56,67,57,56,56,52,67,56,60,52],"vertices":[2,11,24.46,89.63,0.00123,13,143.34,1.03,0.99877,2,11,12.46,69.47,0.14963,13,141,24.37,0.85037,2,11,-4.33,41.28,0.28182,13,137.72,57.02,0.71818,2,11,8.58,46.63,0.3037,13,130.52,45.04,0.6963,2,11,12.99,32.97,0.43819,13,118.85,53.39,0.56181,2,11,26.34,17.49,0.6508,13,98.91,57.89,0.3492,2,11,41.83,4.75,0.94157,13,78.88,58.91,0.05843,2,11,29.72,0.43,0.99385,18,-34.17,-65.54,0.00615,3,11,15.58,-15.73,0.93845,17,-26.23,-34.32,0.00076,18,-19.09,-80.83,0.0608,3,11,20.3,-33.09,0.80161,17,-13.16,-46.67,0.0497,18,-1.44,-77.41,0.14869,3,11,29.67,-50.21,0.57405,17,3.76,-56.4,0.1241,18,16.32,-69.33,0.30185,3,11,89.09,-85.52,0.00762,17,72.88,-55.55,0.00053,18,55.91,-12.67,0.99185,2,17,89.21,-55.35,0.01057,18,65.27,0.73,0.98943,3,11,130.15,-109.92,0.00008,17,120.64,-54.96,0.54281,18,83.27,26.49,0.45712,3,11,173.23,-135.51,0.00002,17,170.74,-54.35,0.93984,18,111.97,67.56,0.06014,4,3,-5.49,97.97,0.00015,11,215.63,-160.71,0,17,220.06,-53.74,0.9986,18,140.22,107.99,0.00125,3,3,-46.2,96.97,0.05775,11,250.64,-181.51,0,17,260.77,-53.25,0.94225,2,3,-95.51,95.75,0.15021,17,310.1,-52.64,0.84979,2,3,-111.89,95.35,0.16296,17,326.48,-52.44,0.83704,2,3,-139.31,76.85,0.18309,17,354.13,-34.28,0.81691,2,3,-141.04,49.67,0.1983,17,356.2,-7.12,0.8017,2,3,-126.92,36.43,0.21938,17,342.25,6.29,0.78062,3,3,-106.18,4.78,0.29503,17,321.9,38.19,0.70397,16,267.68,-64.71,0.001,3,3,-76.71,-3.09,0.36954,17,292.53,46.43,0.60886,16,238.48,-55.92,0.0216,3,3,-55.32,-1.88,0.4736,17,271.12,45.48,0.40242,16,217.05,-56.47,0.12398,3,3,-48.22,-30.28,0.24783,17,264.37,73.96,0.04103,16,210.85,-27.86,0.71113,3,3,-70.67,-17.24,0.04785,17,286.66,60.65,0.00132,16,232.88,-41.59,0.95083,2,3,-90.5,-7.15,0.01184,16,252.38,-52.3,0.98816,2,3,-113.41,-4.55,0.00225,16,275.2,-55.61,0.99775,1,16,285.68,-0.06,1,1,16,288.28,13.73,1,3,3,-108.82,-104.37,0,19,224.21,-102.77,0,16,273.74,44.31,1,3,3,-83.61,-71.06,0.00511,19,184.04,-114.19,0.00267,16,247.5,11.8,0.99222,3,3,-72.31,-75.28,0.00681,19,177.55,-104.03,0.01509,16,236.33,16.37,0.9781,2,19,181.09,-76.8,0.08166,16,223.53,40.66,0.91834,2,19,209.87,-65.89,0.10073,16,240.75,66.16,0.89927,2,19,182.08,-45.96,0.13994,16,206.55,66.43,0.86006,2,19,149,-22.22,0.40749,16,165.84,66.74,0.59251,1,19,108.28,6.99,1,2,12,93.01,-87.71,0.08053,19,68.83,35.29,0.91947,2,12,107.45,-53.01,0.39384,19,38.3,57.2,0.60616,2,12,120.03,-22.81,0.64854,19,11.71,76.27,0.35146,2,12,94.29,-4.11,0.84415,19,-12.31,55.42,0.15585,1,12,72.37,2.35,1,3,11,151.24,49.36,0.00048,12,49.41,-0.07,0.9995,19,-26.39,12.62,0.00002,5,3,141.8,-22.78,0.00202,11,155.12,19.88,0.28254,12,20.8,-8.11,0.46455,19,-25.03,-17.07,0.06831,16,20.69,-29.4,0.18258,4,11,152.27,30.86,0.00758,12,31.25,-3.72,0.98638,19,-26.94,-5.89,0.00178,16,12.68,-21.37,0.00425,5,11,137.74,86.69,0.00363,13,50.55,-64.01,0.61881,12,84.45,18.6,0.37372,19,-37.52,51.01,0.00113,16,-28.78,19.02,0.0027,5,11,118.84,109.59,0.00198,13,79.37,-71.17,0.79891,12,104.43,40.57,0.19652,19,-54.98,75.22,0.00077,16,-57,28.73,0.00183,5,11,101.69,129.87,0.00092,13,105.21,-77.27,0.90217,12,122.06,60.43,0.09523,19,-70.84,96.62,0.00049,16,-82.3,37.07,0.00118,5,11,79.95,153.65,0.00038,13,136.84,-83.44,0.95418,12,142.5,85.34,0.04428,19,-91,121.82,0.00034,16,-113.3,46.03,0.00082,5,11,69.44,165.14,0.00033,13,152.12,-86.43,0.95877,12,152.38,97.37,0.03978,19,-100.7,134.01,0.00033,16,-128.25,50.4,0.00079,4,3,138,-0.05,0.81829,11,146.25,-1.38,0.15803,12,-1.52,-2.35,0.0232,17,77.79,46.04,0.00048,2,11,108.55,26.79,0.03209,13,38.36,1.51,0.96791,2,11,71.67,54.35,0.007,13,84.41,1.3,0.993,2,11,45.2,74.13,0.00271,13,117.46,1.15,0.99729,3,3,96.22,2.89,0.96649,12,-21.17,-39.34,0.00228,17,119.53,42.58,0.03123,2,3,43.05,-0.71,0.99477,16,118.7,-54.55,0.00523,3,3,-3.19,0.55,0.96861,17,218.97,43.7,0.02236,16,164.88,-57.26,0.00902,2,11,52.61,0.07,0.44391,17,-2.87,-1.53,0.55609,2,17,75.46,-2.1,0.96474,18,13.98,20.58,0.03526,3,11,157.38,-64.2,0,17,120.03,-1.76,0.99318,18,39.68,57,0.00682,3,11,201.75,-90.86,0,17,171.8,-1.38,0.99941,18,69.55,99.29,0.00059,3,3,-4.28,46.83,0.00066,11,241.81,-116.75,0,17,219.48,-2.59,0.99934,3,3,-50.95,45.46,0.21711,17,266.16,-1.8,0.78158,16,211.2,-103.64,0.00131,2,3,-101.76,42.47,0.22839,17,317.01,0.56,0.77161,2,12,47.67,-25.22,0.00186,16,26.4,1.94,0.99814,2,19,29.98,-18.16,0.03698,16,66.25,1.43,0.96302,2,19,71.43,-48.02,0.0056,16,117.34,0.94,0.9944,2,3,-1.85,-56.12,0.00308,16,165.32,-0.57,0.99692,4,3,-46.03,-58.65,0.04315,17,262.54,102.37,0.00105,19,146.56,-101.49,0.00827,16,209.55,0.58,0.94752,3,3,-84.86,-59.42,0.00959,19,178.03,-124.24,0.00138,16,248.39,0.13,0.98903,2,17,52.82,-1.93,0.51043,18,0.66,2.28,0.48957,2,11,99.72,-69.88,0.0006,18,41.1,-0.92,0.9994,2,12,56.03,-72.05,0.00714,19,45.22,2.81,0.99286,2,19,102.14,-2.18,0.98968,16,116,56.1,0.01032],"hull":52,"edges":[4,6,6,8,8,10,10,12,12,14,14,16,16,18,18,20,36,38,38,40,40,42,42,44,44,46,46,48,48,50,50,52,52,54,54,56,60,62,62,64,64,66,66,68,68,70,82,84,84,86,86,88,88,90,94,96,96,98,0,102,90,92,92,94,104,92,106,104,8,106,106,96,0,2,2,4,108,106,2,108,108,98,0,110,110,108,98,100,100,102,110,100,26,28,76,78,28,30,74,76,20,22,78,80,80,82,30,32,32,34,34,36,70,72,72,74,14,118,118,104,120,104,26,122,122,112,120,122,28,124,124,114,122,124,30,126,126,116,124,126,32,128,128,48,126,128,34,130,130,44,128,130,80,132,132,104,88,132,134,112,132,134,136,114,134,136,74,138,138,116,136,138,50,140,140,72,138,140,54,142,142,64,140,142,56,58,58,60,142,58,118,144,144,120,22,146,146,120,144,146,22,24,24,26,146,24,78,148,148,134,132,148,76,150,150,136,148,150],"width":237,"height":429}},"tdk hand":{"tdk hand":{"type":"mesh","uvs":[0.27022,0.00022,0.18082,0.16185,0.048,0.1585,0.08523,0.21324,0.048,0.21883,0.05907,0.27804,0.04397,0.30151,0,0.30374,0.00674,0.38642,0.03927,0.48912,0.07862,0.52656,0.10448,0.61519,0.12481,0.73402,0.15483,0.77229,0.21042,0.80192,0.22598,0.76736,0.26378,0.77847,0.30047,0.83649,0.33939,0.9229,0.34993,0.96139,0.36051,1,0.56024,1,0.60288,1,0.65113,0.94368,0.72524,0.89171,0.78765,0.85814,0.82589,0.85917,0.86433,0.79211,0.90053,0.76531,0.93433,0.74029,0.96728,0.68085,0.97407,0.66577,0.9961,0.61684,0.99884,0.5088,1,0.4629,0.99503,0.42394,0.98286,0.40882,0.93786,0.35294,0.91158,0.32967,0.85647,0.28085,0.82159,0.26687,0.79446,0.3056,0.80511,0.34648,0.78089,0.35724,0.77798,0.39274,0.80124,0.4304,0.83612,0.44869,0.81093,0.48957,0.77217,0.52722,0.75473,0.5283,0.74795,0.4971,0.77508,0.45084,0.77456,0.41914,0.76617,0.39456,0.74001,0.39084,0.71754,0.40574,0.69607,0.41318,0.67293,0.41579,0.64945,0.43292,0.64241,0.46718,0.64488,0.56256,0.6497,0.61066,0.62659,0.6299,0.62756,0.5989,0.61327,0.56595,0.60252,0.54118,0.59193,0.4439,0.56787,0.39794,0.55824,0.29104,0.50529,0.26966,0.49759,0.22583,0.46485,0.21087,0.46389,0.15207,0.38302,0.15421,0.32664,0.05058,0.30194,0,0.43403,0.86913,0.72257,0.74334,0.89031,0.57378,0.69229,0.57726,0.85378,0.53502,0.22433,0.28339,0.25975,0.38231,0.30609,0.51175,0.36586,0.67872,0.60172,0.79602,0.72,0.55553,0.80965,0.65532,0.87534,0.45842,0.9685,0.49474,0.89461,0.38996],"triangles":[51,55,52,52,54,53,52,55,54,50,55,51,56,55,50,59,58,57,59,57,79,79,57,56,86,50,49,79,56,86,59,79,60,56,50,86,61,60,79,86,49,48,87,79,86,61,79,77,39,42,41,39,41,40,42,39,38,90,42,38,90,38,37,43,42,90,44,43,90,90,37,36,45,44,90,46,45,90,88,46,90,36,88,90,89,88,36,88,47,46,80,88,89,80,47,88,48,47,80,87,48,80,31,78,32,31,30,78,89,36,35,89,35,34,33,89,34,78,80,89,33,78,89,32,78,33,87,80,78,87,86,48,30,87,78,29,87,30,77,79,87,28,87,29,27,77,87,28,27,87,25,77,27,26,25,27,62,64,63,62,61,77,85,62,77,62,85,76,24,77,25,85,77,24,23,85,24,21,76,85,20,19,76,23,21,85,20,76,21,22,21,23,81,73,72,3,2,1,5,4,3,1,73,81,3,1,81,5,3,81,0,75,74,74,1,0,73,1,74,71,81,72,82,81,71,69,82,71,69,71,70,8,7,6,81,8,6,81,6,5,82,9,8,82,8,81,67,83,82,10,9,82,69,67,82,67,69,68,83,10,82,11,10,83,83,65,84,66,83,67,65,83,66,84,65,64,84,64,62,11,83,84,12,84,13,12,11,84,84,15,13,16,15,84,62,76,84,14,13,15,17,16,84,76,17,84,18,17,76,19,18,76],"vertices":[1,4,-14.9,17.34,1,1,4,2.37,-4.06,1,1,4,-5.24,-24.05,1,1,4,4.25,-21.05,1,1,4,3.01,-26.97,1,1,4,11.7,-28.17,1,1,4,14.09,-31.59,1,1,4,12.03,-38.37,1,1,4,23.69,-41.36,1,1,4,39.47,-41.4,1,1,4,46.71,-37.25,1,1,4,60.21,-37.62,1,1,4,77.55,-40.3,1,1,4,84.39,-37.6,1,1,4,91.43,-30.6,1,1,4,87.55,-26.57,1,1,4,91.1,-21.37,1,2,4,101.01,-18.62,0.99712,5,-18.44,10.11,0.00288,2,4,114.91,-16.9,0.72434,5,-16.97,-3.82,0.27566,2,4,120.74,-17.17,0.54095,5,-17.34,-9.64,0.45905,2,4,126.58,-17.44,0.4547,5,-17.71,-15.48,0.5453,1,5,12.4,-26.77,1,1,5,18.82,-29.19,1,2,5,28.96,-24.27,0.99469,6,-28.37,-15.54,0.00531,2,5,42.78,-21.4,0.83012,6,-14.4,-17.55,0.16988,3,5,53.9,-20.37,0.41506,6,-3.6,-20.36,0.58094,8,1.6,41.89,0.004,3,5,59.61,-22.67,0.26153,6,0.99,-24.47,0.72529,8,-3.01,37.81,0.01318,3,5,68.82,-15.74,0.06227,6,12.01,-21.08,0.83478,8,-0.91,26.47,0.10295,3,5,75.64,-14.15,0.00694,6,18.96,-21.9,0.69918,8,-2.52,19.66,0.29388,2,6,25.46,-22.67,0.47117,8,-4.03,13.29,0.52883,2,6,35.09,-19.55,0.06491,8,-2.04,3.37,0.93509,2,6,37.34,-18.6,0.00713,8,-1.35,1.03,0.99287,2,6,44.64,-15.5,0.1529,8,0.89,-6.58,0.8471,3,6,55.14,-3.86,0.9168,8,11.24,-18.35,0.04246,10,7.29,-20.03,0.04074,2,6,59.6,1.08,0.72473,10,13.79,-18.58,0.27527,2,6,62.65,5.9,0.51353,10,19.07,-16.42,0.48647,2,6,62.58,8.84,0.41231,10,20.71,-13.98,0.58769,2,6,62.32,19.71,0.04825,10,26.79,-4.97,0.95175,2,6,61.29,25.02,0.00167,10,29.02,-0.04,0.99833,1,10,33.7,10.3,1,1,10,34.29,16.25,1,2,8,55.4,-17.48,0.00073,10,27.77,19.1,0.99927,2,8,50.11,-14.31,0.00921,10,22.45,15.98,0.99079,2,8,51.9,-10.51,0.01875,10,19.98,19.38,0.98125,2,8,48.73,-6.43,0.02888,10,14.87,18.57,0.97112,2,8,42.27,-4.98,0.07,10,10.5,13.6,0.93,2,8,36.35,-6.87,0.20676,10,9.31,7.5,0.79324,3,6,33.92,17.88,0.0018,8,35.28,0.23,0.99417,9,13.21,-20.83,0.00403,3,6,25.63,17.78,0.15905,8,36.13,8.48,0.51042,9,8.03,-14.36,0.33054,3,6,23.39,19.48,0.1279,8,38.08,10.51,0.29461,9,8,-11.55,0.57749,3,6,25.49,23.63,0.0308,8,41.96,7.94,0.09418,9,12.57,-10.65,0.87502,3,6,33.17,25.9,0.00133,8,43.33,0.06,0.0167,9,19.08,-15.31,0.98197,2,8,46.53,-3.25,0.00479,9,23.67,-15.43,0.99521,2,8,49.94,-4.94,0.00077,9,27.29,-14.24,0.99923,2,8,53.39,-2.46,0.00011,9,28.02,-10.06,0.99989,2,8,54.57,1.58,0.0008,9,26.02,-6.35,0.9992,2,8,56.36,4.73,0.00015,9,25.09,-2.85,0.99985,1,9,24.88,0.89,1,1,9,22.57,4.78,1,1,9,17.65,6.13,1,3,4,82.12,46.92,0.00134,5,47.43,27.83,0.00409,9,3.82,6.34,0.99457,4,4,88.95,45.32,0.04715,5,45.7,21.03,0.17858,6,2.77,21.36,0.01714,9,-3.18,5.87,0.75712,4,4,90.33,40.88,0.18512,5,41.24,19.72,0.41863,6,-1.87,21.65,0.0092,9,-5.81,9.71,0.38705,4,4,86.15,42.53,0.32943,5,42.96,23.88,0.39232,6,1.17,24.97,0.00011,9,-1.32,9.36,0.27815,3,4,80.88,41.96,0.443,5,42.49,29.16,0.33651,9,3.55,11.45,0.22049,3,4,76.91,41.53,0.53453,5,42.13,33.13,0.28152,9,7.22,13.02,0.18395,3,4,63.05,44.64,0.74342,5,45.49,46.93,0.14384,9,21.38,14.1,0.11274,3,4,55.47,43.22,0.82058,5,44.2,54.54,0.09442,9,28.21,17.68,0.085,3,4,40.35,46.94,0.90655,5,48.19,69.59,0.04129,9,43.77,18.54,0.05216,3,4,34.57,39.95,0.93735,5,41.3,75.49,0.02503,9,47.24,26.92,0.03762,3,4,28.17,40.9,0.95803,5,42.37,81.87,0.01444,9,53.64,27.88,0.02753,3,4,24.36,36.66,0.97119,5,38.19,85.76,0.00834,9,56.04,33.05,0.02047,3,4,16.28,39.37,0.98194,5,41.04,93.79,0.00343,9,64.57,32.83,0.01462,3,4,12.22,26.99,0.99183,5,28.74,98.07,0.0009,9,64.83,45.85,0.00727,2,4,-4.98,23.46,0.99963,9,80.24,54.26,0.00037,2,4,-13.22,22.17,0.99999,9,87.74,57.91,0.00001,2,4,112.66,0.07,0.31624,5,0.03,-1.87,0.68376,2,5,49.93,-1.1,0.59431,6,-0.77,-0.89,0.40569,2,6,35.73,0.3,0.65283,8,17.61,0.46,0.34717,3,6,11.13,20.6,0.01843,8,40.59,22.56,0.01279,9,1.35,-1.19,0.96878,3,6,34.9,8.39,0.01057,8,25.74,0.35,0.98827,9,6.33,-27.43,0.00116,1,4,21.32,-3.35,1,1,4,36.75,-2.77,1,1,4,56.93,-2.02,1,1,4,82.97,-1.04,1,1,5,29.03,-1.43,1,3,6,16.58,20.1,0.09382,8,39.48,17.21,0.10251,9,4.3,-5.79,0.80367,1,6,18.17,-0.27,1,2,8,30.77,-10.14,0.02527,10,9.49,1.03,0.97473,2,6,52.74,0.86,0.87601,10,8.07,-14.8,0.12399,2,8,35.27,-19.52,0.00043,10,19.87,0.46,0.99957],"hull":76,"edges":[0,2,2,4,4,6,6,8,8,10,10,12,12,14,14,16,16,18,18,20,20,22,22,24,24,26,26,28,28,30,30,32,32,34,34,36,44,46,46,48,48,50,50,52,52,54,58,60,68,70,78,80,80,82,82,84,84,86,86,88,88,90,90,92,92,94,94,96,96,98,98,100,100,102,102,104,104,106,106,108,108,110,110,112,112,114,114,116,116,118,118,120,120,122,122,124,124,126,130,132,132,134,134,136,136,138,138,140,140,142,142,144,144,146,146,148,148,150,0,150,60,62,62,64,156,62,158,122,158,114,94,160,160,156,74,76,76,78,2,162,16,162,162,144,164,162,18,164,164,138,166,164,22,166,166,134,152,168,168,166,26,168,126,128,128,130,168,128,124,152,36,38,38,40,152,38,122,154,154,50,152,170,170,154,124,170,40,42,42,44,170,42,98,172,172,158,154,174,174,156,172,174,54,56,56,58,174,56,176,160,92,176,68,178,178,156,176,178,64,66,66,68,178,66,76,180,180,176,86,180,70,72,72,74,180,72],"width":161,"height":145}}}},"animations":{"Tayduky":{"slots":{"7a5868da930f5ac5821a61a380a9df90e06376d71b0c5-TiHevd_fw658":{"color":[{"time":0,"color":"ffffff00"},{"time":0.1,"color":"ffffffff","curve":"stepped"},{"time":1.9,"color":"ffffffff"},{"time":2,"color":"ffffff00"}],"attachment":[{"time":0,"name":"7a5868da930f5ac5821a61a380a9df90e06376d71b0c5-TiHevd_fw658"}]},"khung slot":{"attachment":[{"time":0,"name":"khung slot"}]},"tdk hand":{"attachment":[{"time":0,"name":"tdk hand"}]}},"bones":{"bone3":{"rotate":[{"time":0,"angle":0},{"time":0.5,"angle":4.99},{"time":1,"angle":0,"curve":"stepped"},{"time":2,"angle":0}],"translate":[{"time":0,"x":0,"y":0,"curve":"stepped"},{"time":1,"x":0,"y":0},{"time":1.5,"x":1.69,"y":-4.76},{"time":2,"x":0,"y":0}],"scale":[{"time":0,"x":1,"y":1,"curve":"stepped"},{"time":1,"x":1,"y":1,"curve":"stepped"},{"time":2,"x":1,"y":1}]},"bone4":{"rotate":[{"time":0,"angle":0},{"time":0.4667,"angle":3.27},{"time":1,"angle":0},{"time":1.5,"angle":3.27},{"time":2,"angle":0}],"translate":[{"time":0,"x":0,"y":0,"curve":"stepped"},{"time":1,"x":0,"y":0,"curve":"stepped"},{"time":2,"x":0,"y":0}],"scale":[{"time":0,"x":1,"y":1,"curve":"stepped"},{"time":1,"x":1,"y":1,"curve":"stepped"},{"time":2,"x":1,"y":1}],"shear":[{"time":0,"x":0,"y":0,"curve":"stepped"},{"time":1,"x":0,"y":0,"curve":"stepped"},{"time":2,"x":0,"y":0}]},"bone5":{"rotate":[{"time":0,"angle":0},{"time":0.5,"angle":6.61},{"time":1,"angle":0,"curve":"stepped"},{"time":2,"angle":0}],"translate":[{"time":0,"x":0,"y":0,"curve":"stepped"},{"time":1,"x":0,"y":0,"curve":"stepped"},{"time":2,"x":0,"y":0}],"scale":[{"time":0,"x":1,"y":1,"curve":"stepped"},{"time":1,"x":1,"y":1,"curve":"stepped"},{"time":2,"x":1,"y":1}],"shear":[{"time":0,"x":0,"y":0,"curve":"stepped"},{"time":1,"x":0,"y":0,"curve":"stepped"},{"time":2,"x":0,"y":0}]},"bone6":{"rotate":[{"time":0,"angle":0,"curve":"stepped"},{"time":1,"angle":0,"curve":"stepped"},{"time":2,"angle":0}],"translate":[{"time":0,"x":0,"y":0,"curve":"stepped"},{"time":1,"x":0,"y":0,"curve":"stepped"},{"time":2,"x":0,"y":0}],"scale":[{"time":0,"x":1,"y":1,"curve":"stepped"},{"time":1,"x":1,"y":1,"curve":"stepped"},{"time":2,"x":1,"y":1}],"shear":[{"time":0,"x":0,"y":0,"curve":"stepped"},{"time":1,"x":0,"y":0,"curve":"stepped"},{"time":2,"x":0,"y":0}]},"bone7":{"rotate":[{"time":0,"angle":0,"curve":"stepped"},{"time":1,"angle":0,"curve":"stepped"},{"time":2,"angle":0}],"translate":[{"time":0,"x":0,"y":0,"curve":"stepped"},{"time":1,"x":0,"y":0,"curve":"stepped"},{"time":2,"x":0,"y":0}],"scale":[{"time":0,"x":1,"y":1,"curve":"stepped"},{"time":1,"x":1,"y":1,"curve":"stepped"},{"time":2,"x":1,"y":1}],"shear":[{"time":0,"x":0,"y":0,"curve":"stepped"},{"time":1,"x":0,"y":0,"curve":"stepped"},{"time":2,"x":0,"y":0}]},"bone8":{"rotate":[{"time":0,"angle":0},{"time":0.5,"angle":-11.32},{"time":1,"angle":0,"curve":"stepped"},{"time":2,"angle":0}],"translate":[{"time":0,"x":0,"y":0,"curve":"stepped"},{"time":1,"x":0,"y":0,"curve":"stepped"},{"time":2,"x":0,"y":0}],"scale":[{"time":0,"x":1,"y":1,"curve":"stepped"},{"time":1,"x":1,"y":1,"curve":"stepped"},{"time":2,"x":1,"y":1}],"shear":[{"time":0,"x":0,"y":0,"curve":"stepped"},{"time":1,"x":0,"y":0,"curve":"stepped"},{"time":2,"x":0,"y":0}]},"bone9":{"rotate":[{"time":0,"angle":0},{"time":0.5,"angle":16.81},{"time":1,"angle":0},{"time":1.5,"angle":16.81},{"time":2,"angle":0}],"translate":[{"time":0,"x":0,"y":0,"curve":"stepped"},{"time":1,"x":0,"y":0,"curve":"stepped"},{"time":2,"x":0,"y":0}],"scale":[{"time":0,"x":1,"y":1,"curve":"stepped"},{"time":1,"x":1,"y":1,"curve":"stepped"},{"time":2,"x":1,"y":1}],"shear":[{"time":0,"x":0,"y":0,"curve":"stepped"},{"time":1,"x":0,"y":0,"curve":"stepped"},{"time":2,"x":0,"y":0}]},"bone10":{"rotate":[{"time":0,"angle":0,"curve":"stepped"},{"time":1,"angle":0,"curve":"stepped"},{"time":2,"angle":0}],"translate":[{"time":0,"x":0,"y":0},{"time":1,"x":0.18,"y":10.24},{"time":2,"x":0,"y":0}],"scale":[{"time":0,"x":1,"y":1},{"time":1,"x":1,"y":1.034},{"time":2,"x":1,"y":1}],"shear":[{"time":0,"x":0,"y":0,"curve":"stepped"},{"time":1,"x":0,"y":0,"curve":"stepped"},{"time":2,"x":0,"y":0}]},"bone11":{"rotate":[{"time":0,"angle":0,"curve":"stepped"},{"time":1,"angle":0,"curve":"stepped"},{"time":2,"angle":0}],"translate":[{"time":0,"x":0,"y":0,"curve":"stepped"},{"time":1,"x":0,"y":0,"curve":"stepped"},{"time":2,"x":0,"y":0}],"scale":[{"time":0,"x":1,"y":1,"curve":"stepped"},{"time":1,"x":1,"y":1,"curve":"stepped"},{"time":2,"x":1,"y":1}]},"bone12":{"rotate":[{"time":0,"angle":0,"curve":"stepped"},{"time":1,"angle":0,"curve":"stepped"},{"time":2,"angle":0}],"translate":[{"time":0,"x":0,"y":0,"curve":"stepped"},{"time":1,"x":0,"y":0,"curve":"stepped"},{"time":2,"x":0,"y":0}],"scale":[{"time":0,"x":1,"y":1,"curve":"stepped"},{"time":1,"x":1,"y":1,"curve":"stepped"},{"time":2,"x":1,"y":1}],"shear":[{"time":0,"x":0,"y":0,"curve":"stepped"},{"time":1,"x":0,"y":0,"curve":"stepped"},{"time":2,"x":0,"y":0}]},"bone13":{"rotate":[{"time":0,"angle":0},{"time":0.5,"angle":3.67},{"time":1,"angle":0},{"time":1.5,"angle":7.06},{"time":2,"angle":0}],"translate":[{"time":0,"x":0,"y":0,"curve":"stepped"},{"time":1,"x":0,"y":0,"curve":"stepped"},{"time":2,"x":0,"y":0}],"scale":[{"time":0,"x":1,"y":1},{"time":0.5,"x":1,"y":1.041},{"time":1,"x":1,"y":1},{"time":1.5,"x":1,"y":1.049},{"time":2,"x":1,"y":1}],"shear":[{"time":0,"x":0,"y":0,"curve":"stepped"},{"time":1,"x":0,"y":0,"curve":"stepped"},{"time":2,"x":0,"y":0}]},"bone14":{"rotate":[{"time":0,"angle":0},{"time":2,"angle":-10.11}],"translate":[{"time":0,"x":0,"y":0},{"time":2,"x":-661.21,"y":-397.49}],"scale":[{"time":0,"x":1,"y":1,"curve":"stepped"},{"time":2,"x":1,"y":1}],"shear":[{"time":0,"x":0,"y":0,"curve":"stepped"},{"time":2,"x":0,"y":0}]},"bone16":{"rotate":[{"time":0,"angle":0,"curve":"stepped"},{"time":2,"angle":0}],"translate":[{"time":0,"x":0,"y":0,"curve":"stepped"},{"time":2,"x":0,"y":0}],"scale":[{"time":0,"x":1,"y":1,"curve":"stepped"},{"time":2,"x":1,"y":1}]},"bone17":{"rotate":[{"time":0,"angle":0,"curve":"stepped"},{"time":2,"angle":0}],"translate":[{"time":0,"x":0,"y":0,"curve":"stepped"},{"time":2,"x":0,"y":0}],"scale":[{"time":0,"x":1,"y":1,"curve":"stepped"},{"time":2,"x":1,"y":1}]},"bone18":{"rotate":[{"time":0,"angle":0},{"time":0.5,"angle":-10.58},{"time":1,"angle":0},{"time":1.5,"angle":-10.58},{"time":2,"angle":0}],"translate":[{"time":0,"x":0,"y":0,"curve":"stepped"},{"time":1,"x":0,"y":0,"curve":"stepped"},{"time":2,"x":0,"y":0}],"scale":[{"time":0,"x":1,"y":1,"curve":"stepped"},{"time":1,"x":1,"y":1,"curve":"stepped"},{"time":2,"x":1,"y":1}]},"bone19":{"rotate":[{"time":0,"angle":0},{"time":0.5,"angle":14.42},{"time":1,"angle":0},{"time":1.5,"angle":14.42},{"time":2,"angle":0}],"translate":[{"time":0,"x":0,"y":0,"curve":"stepped"},{"time":1,"x":0,"y":0,"curve":"stepped"},{"time":2,"x":0,"y":0}],"scale":[{"time":0,"x":1,"y":1,"curve":"stepped"},{"time":1,"x":1,"y":1,"curve":"stepped"},{"time":2,"x":1,"y":1}]},"bone15":{"rotate":[{"time":0,"angle":0,"curve":"stepped"},{"time":0.8333,"angle":0,"curve":"stepped"},{"time":0.9667,"angle":0,"curve":"stepped"},{"time":1.1,"angle":0,"curve":"stepped"},{"time":1.2333,"angle":0}],"translate":[{"time":0,"x":0,"y":0,"curve":"stepped"},{"time":0.8333,"x":0,"y":0,"curve":"stepped"},{"time":0.9667,"x":0,"y":0,"curve":"stepped"},{"time":1.1,"x":0,"y":0,"curve":"stepped"},{"time":1.2333,"x":0,"y":0}],"scale":[{"time":0,"x":1,"y":1,"curve":"stepped"},{"time":0.8333,"x":1,"y":1},{"time":0.9,"x":1.07,"y":1.067},{"time":0.9667,"x":1,"y":1},{"time":1.0333,"x":1.07,"y":1.067},{"time":1.1,"x":1,"y":1},{"time":1.1667,"x":1.07,"y":1.067},{"time":1.2333,"x":1,"y":1}]}}}}},"_atlasText":"\nsloticon_chonman_tdk.png\nsize: 2048,1024\nformat: RGBA8888\nfilter: Linear,Linear\nrepeat: none\n7a5868da930f5ac5821a61a380a9df90e06376d71b0c5-TiHevd_fw658\n  rotate: false\n  xy: 2, 317\n  size: 650, 704\n  orig: 650, 704\n  offset: 0, 0\n  index: -1\nkhung slot\n  rotate: true\n  xy: 893, 799\n  size: 222, 435\n  orig: 222, 435\n  offset: 0, 0\n  index: -1\ntdk  khungtext\n  rotate: false\n  xy: 2, 2\n  size: 225, 71\n  orig: 225, 71\n  offset: 0, 0\n  index: -1\ntdk Layer 67\n  rotate: true\n  xy: 1330, 800\n  size: 221, 435\n  orig: 221, 435\n  offset: 0, 0\n  index: -1\ntdk Rounded Rectangle 5 copy 3\n  rotate: true\n  xy: 2, 75\n  size: 240, 456\n  orig: 240, 456\n  offset: 0, 0\n  index: -1\ntdk Tây Du Ký\n  rotate: false\n  xy: 654, 545\n  size: 176, 45\n  orig: 176, 45\n  offset: 0, 0\n  index: -1\ntdk character\n  rotate: false\n  xy: 654, 592\n  size: 237, 429\n  orig: 237, 429\n  offset: 0, 0\n  index: -1\ntdk hand\n  rotate: false\n  xy: 460, 170\n  size: 161, 145\n  orig: 161, 145\n  offset: 0, 0\n  index: -1\n","textures":[{"__uuid__":"87IEmGWnZIdo+hrpVhwqTN"}],"textureNames":["sloticon_chonman_tdk.png"]}