[{"__type__":"cc.SpriteFrame","content":{"name":"btn_play_auto_off","texture":"73gYCzFTtLs6592Y5Z3ZM/","rect":[654,233,164,117],"offset":[0,0],"originalSize":[164,117],"capInsets":[0,0,0,0]}},{"__type__":"cc.SpriteFrame","content":{"name":"hd_scatter","texture":"73gYCzFTtLs6592Y5Z3ZM/","rect":[366,716,232,119],"offset":[0,0],"originalSize":[232,119],"capInsets":[0,0,0,0]}},{"__type__":"cc.SpriteFrame","content":{"name":"line1_10","texture":"73gYCzFTtLs6592Y5Z3ZM/","rect":[399,838,35,395],"offset":[0,0],"originalSize":[35,395],"rotated":1,"capInsets":[0,0,0,0]}},{"__type__":"cc.SpriteFrame","content":{"name":"bg_dong","texture":"73gYCzFTtLs6592Y5Z3ZM/","rect":[914,556,171,75],"offset":[0,0],"originalSize":[171,75],"rotated":1,"capInsets":[0,0,0,0]}},{"__type__":"cc.SpriteFrame","content":{"name":"item-bg1","texture":"73gYCzFTtLs6592Y5Z3ZM/","rect":[925,189,71,276],"offset":[0,0],"originalSize":[71,276],"capInsets":[0,0,0,0]}},{"__type__":"cc.SpriteFrame","content":{"name":"btn_sound_on","texture":"73gYCzFTtLs6592Y5Z3ZM/","rect":[654,638,85,68],"offset":[0,0],"originalSize":[85,68],"capInsets":[0,0,0,0]}},{"__type__":"cc.SpriteFrame","content":{"name":"btn_sound_off","texture":"73gYCzFTtLs6592Y5Z3ZM/","rect":[654,567,85,68],"offset":[0,0],"originalSize":[85,68],"capInsets":[0,0,0,0]}},{"__type__":"cc.SpriteFrame","content":{"name":"bg_item","texture":"73gYCzFTtLs6592Y5Z3ZM/","rect":[840,740,152,136],"offset":[0,0],"originalSize":[152,136],"capInsets":[0,0,0,0]}},{"__type__":"cc.SpriteFrame","content":{"name":"btn_music_off","texture":"73gYCzFTtLs6592Y5Z3ZM/","rect":[762,473,85,68],"offset":[0,0],"originalSize":[85,68],"rotated":1,"capInsets":[0,0,0,0]}},{"__type__":"cc.SpriteFrame","content":{"name":"btn_back","texture":"73gYCzFTtLs6592Y5Z3ZM/","rect":[925,468,85,68],"offset":[0,0],"originalSize":[85,68],"rotated":1,"capInsets":[0,0,0,0]}},{"__type__":"cc.SpriteFrame","content":{"name":"arrow_left","texture":"73gYCzFTtLs6592Y5Z3ZM/","rect":[797,838,40,48],"offset":[0,0],"originalSize":[40,48],"capInsets":[0,0,0,0]}},{"__type__":"cc.SpriteFrame","content":{"name":"btn_play_auto_on","texture":"73gYCzFTtLs6592Y5Z3ZM/","rect":[654,353,164,117],"offset":[0,0],"originalSize":[164,117],"capInsets":[0,0,0,0]}},{"__type__":"cc.SpriteFrame","content":{"name":"muc_cuoc","texture":"73gYCzFTtLs6592Y5Z3ZM/","rect":[743,1,229,75],"offset":[0,0],"originalSize":[229,75],"rotated":1,"capInsets":[0,0,0,0]}},{"__type__":"cc.SpriteAtlas","_name":"default.plist","_spriteFrames":{"arrow_left":{"__uuid__":"58Vj0DdR1A6rMdIjjM4/RT"},"arrow_right":{"__uuid__":"b1sF1vOQ1Lw4Mi3UslrbHD"},"bg_dong":{"__uuid__":"2eoEAFNgtGfqfQfaDzbdLP"},"bg_hu":{"__uuid__":"bapFuKkW9CaI9RiMuLkHlD"},"bg_item":{"__uuid__":"4etY1G6ZxG8JmT1Yz2DY3t"},"bg_money":{"__uuid__":"f0Xj2kSt1N4K2aeL+BnuuA"},"bg_recent_win":{"__uuid__":"798/aKvlROvbNwCCxQ1maU"},"bg_total_bet":{"__uuid__":"c7Ci9okc9OJqR3UEAQsxvn"},"btn_back":{"__uuid__":"53ibUcz1xBZYF8v8iZkVug"},"btn_close":{"__uuid__":"bauz+sDLhEma+L6K5hXQDS"},"btn_music_off":{"__uuid__":"504TbXxEVDFLms7UGQWXUT"},"btn_music_on":{"__uuid__":"78aQR+xFRKdLTNDZ9TVRJQ"},"btn_play_auto_off":{"__uuid__":"07OGaBLK1JD6KhGFNNtZps"},"btn_play_auto_on":{"__uuid__":"62vt6893FNnLPP0W1ySZJ9"},"btn_play_on":{"__uuid__":"d2xupoNFpEl7XA3rRL2Ud0"},"btn_sound_off":{"__uuid__":"47dZdRlf5JF6NbuihWwPvQ"},"btn_sound_on":{"__uuid__":"40MNjbSM9CgqFTgHkz04Ue"},"hd_scatter":{"__uuid__":"17iup0IxBF16P2aAs2p4je"},"hd_wild":{"__uuid__":"b5JvWVcMlOh6I/F1KgLKWZ"},"huwin":{"__uuid__":"b2lsAV4mlMKJQPZ+EA2mBs"},"item-bg1":{"__uuid__":"3cXYg3eGtHDq0DWs/79pgq"},"line11_20":{"__uuid__":"72StlsfrBAr7a3q3+Hn+1b"},"line1_10":{"__uuid__":"2a83l5nydEB5AoiiFYqbSy"},"muc_cuoc":{"__uuid__":"71E96zNH1CnpJSgFKjs7Q6"}}},{"__type__":"cc.SpriteFrame","content":{"name":"line11_20","texture":"73gYCzFTtLs6592Y5Z3ZM/","rect":[1,853,35,395],"offset":[0,0],"originalSize":[35,395],"rotated":1,"capInsets":[0,0,0,0]}},{"__type__":"cc.SpriteFrame","content":{"name":"btn_music_on","texture":"73gYCzFTtLs6592Y5Z3ZM/","rect":[762,561,85,68],"offset":[0,0],"originalSize":[85,68],"rotated":1,"capInsets":[0,0,0,0]}},{"__type__":"cc.SpriteFrame","content":{"name":"bg_recent_win","texture":"73gYCzFTtLs6592Y5Z3ZM/","rect":[836,189,283,86],"offset":[0,0],"originalSize":[283,86],"rotated":1,"capInsets":[0,0,0,0]}},{"__type__":"cc.SpriteFrame","content":{"name":"arrow_right","texture":"73gYCzFTtLs6592Y5Z3ZM/","rect":[742,649,40,48],"offset":[0,0],"originalSize":[40,48],"capInsets":[0,0,0,0]}},{"__type__":"cc.SpriteFrame","content":{"name":"huwin","texture":"73gYCzFTtLs6592Y5Z3ZM/","rect":[1,1,712,650],"offset":[0,0],"originalSize":[712,650],"rotated":1,"capInsets":[0,0,0,0]}},{"__type__":"cc.SpriteFrame","content":{"name":"hd_wild","texture":"73gYCzFTtLs6592Y5Z3ZM/","rect":[601,716,232,119],"offset":[0,0],"originalSize":[232,119],"capInsets":[0,0,0,0]}},{"__type__":"cc.SpriteFrame","content":{"name":"bg_hu","texture":"73gYCzFTtLs6592Y5Z3ZM/","rect":[1,716,362,134],"offset":[0,0],"originalSize":[362,134],"capInsets":[0,0,0,0]}},{"__type__":"cc.SpriteFrame","content":{"name":"btn_close","texture":"73gYCzFTtLs6592Y5Z3ZM/","rect":[654,473,105,91],"offset":[0,0],"originalSize":[105,91],"capInsets":[0,0,0,0]}},{"__type__":"cc.SpriteFrame","content":{"name":"bg_total_bet","texture":"73gYCzFTtLs6592Y5Z3ZM/","rect":[654,1,229,86],"offset":[0,0],"originalSize":[229,86],"rotated":1,"capInsets":[0,0,0,0]}},{"__type__":"cc.SpriteFrame","content":{"name":"btn_play_on","texture":"73gYCzFTtLs6592Y5Z3ZM/","rect":[836,1,185,158],"offset":[0,0],"originalSize":[185,158],"rotated":1,"capInsets":[0,0,0,0]}},{"__type__":"cc.SpriteFrame","content":{"name":"bg_money","texture":"73gYCzFTtLs6592Y5Z3ZM/","rect":[836,475,262,75],"offset":[0,0],"originalSize":[262,75],"rotated":1,"capInsets":[0,0,0,0]}}]