[{"__type__":"cc.SpriteFrame","content":{"name":"tai-xiu-bet-bg-2","texture":"77gjC14P5CbqFnqio3lgup","rect":[378,55,230,60],"offset":[0,0],"originalSize":[230,60],"capInsets":[0,0,0,0]}},{"__type__":"cc.SpriteFrame","content":{"name":"dice_34","texture":"77gjC14P5CbqFnqio3lgup","rect":[370,480,185,185],"offset":[0,0],"originalSize":[185,185],"capInsets":[0,0,0,0]}},{"__type__":"cc.SpriteFrame","content":{"name":"p-1","texture":"77gjC14P5CbqFnqio3lgup","rect":[1311,0,51,52],"offset":[0,0],"originalSize":[51,52],"capInsets":[0,0,0,0]}},{"__type__":"cc.SpriteFrame","content":{"name":"bg_number2","texture":"77gjC14P5CbqFnqio3lgup","rect":[0,55,74,55],"offset":[0,0],"originalSize":[74,55],"capInsets":[0,0,0,0]}},{"__type__":"cc.SpriteFrame","content":{"name":"bg_number2_light","texture":"77gjC14P5CbqFnqio3lgup","rect":[74,55,74,55],"offset":[0,0],"originalSize":[74,55],"capInsets":[0,0,0,0]}},{"__type__":"cc.SpriteFrame","content":{"name":"title-result","texture":"77gjC14P5CbqFnqio3lgup","rect":[608,55,359,60],"offset":[0,0],"originalSize":[359,60],"capInsets":[0,0,0,0]}},{"__type__":"cc.SpriteFrame","content":{"name":"dice_01","texture":"77gjC14P5CbqFnqio3lgup","rect":[1295,480,185,185],"offset":[0,0],"originalSize":[185,185],"capInsets":[0,0,0,0]}},{"__type__":"cc.SpriteFrame","content":{"name":"dot_cr","texture":"77gjC14P5CbqFnqio3lgup","rect":[0,0,22,22],"offset":[0,0],"originalSize":[22,22],"capInsets":[0,0,0,0]}},{"__type__":"cc.SpriteFrame","content":{"name":"dice_06","texture":"77gjC14P5CbqFnqio3lgup","rect":[925,665,185,185],"offset":[0,0],"originalSize":[185,185],"capInsets":[0,0,0,0]}},{"__type__":"cc.SpriteFrame","content":{"name":"dice_28","texture":"77gjC14P5CbqFnqio3lgup","rect":[370,850,185,185],"offset":[0,0],"originalSize":[185,185],"capInsets":[0,0,0,0]}},{"__type__":"cc.SpriteFrame","content":{"name":"dice_36","texture":"77gjC14P5CbqFnqio3lgup","rect":[185,480,185,185],"offset":[0,0],"originalSize":[185,185],"capInsets":[0,0,0,0]}},{"__type__":"cc.SpriteFrame","content":{"name":"thongke_xucxac2","texture":"77gjC14P5CbqFnqio3lgup","rect":[48,0,27,27],"offset":[0,0],"originalSize":[27,27],"capInsets":[0,0,0,0]}},{"__type__":"cc.SpriteFrame","content":{"name":"tai-xiu-history-bg","texture":"77gjC14P5CbqFnqio3lgup","rect":[279,0,583,32],"offset":[0,0],"originalSize":[583,32],"capInsets":[0,0,0,0]}},{"__type__":"cc.SpriteFrame","content":{"name":"bg","texture":"77gjC14P5CbqFnqio3lgup","rect":[1026,1508,815,442],"offset":[0,0],"originalSize":[815,442],"capInsets":[0,0,0,0]}},{"__type__":"cc.SpriteFrame","content":{"name":"dice_12","texture":"77gjC14P5CbqFnqio3lgup","rect":[740,480,185,185],"offset":[0,0],"originalSize":[185,185],"capInsets":[0,0,0,0]}},{"__type__":"cc.SpriteFrame","content":{"name":"p-5","texture":"77gjC14P5CbqFnqio3lgup","rect":[1260,0,51,52],"offset":[0,0],"originalSize":[51,52],"capInsets":[0,0,0,0]}},{"__type__":"cc.SpriteFrame","content":{"name":"dice_03","texture":"77gjC14P5CbqFnqio3lgup","rect":[0,850,185,185],"offset":[0,0],"originalSize":[185,185],"capInsets":[0,0,0,0]}},{"__type__":"cc.SpriteFrame","content":{"name":"dice_35","texture":"77gjC14P5CbqFnqio3lgup","rect":[1295,850,185,185],"offset":[0,0],"originalSize":[185,185],"capInsets":[0,0,0,0]}},{"__type__":"cc.SpriteFrame","content":{"name":"dice_18","texture":"77gjC14P5CbqFnqio3lgup","rect":[370,1035,185,185],"offset":[0,0],"originalSize":[185,185],"capInsets":[0,0,0,0]}},{"__type__":"cc.SpriteFrame","content":{"name":"tai-xiu-button-nan-off","texture":"77gjC14P5CbqFnqio3lgup","rect":[1600,55,78,82],"offset":[0,0],"originalSize":[78,82],"capInsets":[0,0,0,0]}},{"__type__":"cc.SpriteFrame","content":{"name":"dice_25","texture":"77gjC14P5CbqFnqio3lgup","rect":[1110,1035,185,185],"offset":[0,0],"originalSize":[185,185],"capInsets":[0,0,0,0]}},{"__type__":"cc.SpriteFrame","content":{"name":"bg_number_light","texture":"77gjC14P5CbqFnqio3lgup","rect":[1650,0,135,55],"offset":[0,0],"originalSize":[135,55],"capInsets":[0,0,0,0]}},{"__type__":"cc.SpriteFrame","content":{"name":"dice_29","texture":"77gjC14P5CbqFnqio3lgup","rect":[555,850,185,185],"offset":[0,0],"originalSize":[185,185],"capInsets":[0,0,0,0]}},{"__type__":"cc.SpriteFrame","content":{"name":"dice_23","texture":"77gjC14P5CbqFnqio3lgup","rect":[1480,1035,185,185],"offset":[0,0],"originalSize":[185,185],"capInsets":[0,0,0,0]}},{"__type__":"cc.SpriteFrame","content":{"name":"dice_14","texture":"77gjC14P5CbqFnqio3lgup","rect":[0,665,185,185],"offset":[0,0],"originalSize":[185,185],"capInsets":[0,0,0,0]}},{"__type__":"cc.SpriteFrame","content":{"name":"chan","texture":"77gjC14P5CbqFnqio3lgup","rect":[1032,55,156,65],"offset":[0,0],"originalSize":[156,65],"capInsets":[0,0,0,0]}},{"__type__":"cc.SpriteFrame","content":{"name":"dice_08","texture":"77gjC14P5CbqFnqio3lgup","rect":[1480,665,185,185],"offset":[0,0],"originalSize":[185,185],"capInsets":[0,0,0,0]}},{"__type__":"cc.SpriteFrame","content":{"name":"tai-xiu-layer-4","texture":"77gjC14P5CbqFnqio3lgup","rect":[1475,1220,288,288],"offset":[0,0],"originalSize":[288,288],"capInsets":[0,0,0,0]}},{"__type__":"cc.SpriteFrame","content":{"name":"tai-xiu-bet-bg","texture":"77gjC14P5CbqFnqio3lgup","rect":[148,55,230,60],"offset":[0,0],"originalSize":[230,60],"capInsets":[0,0,0,0]}},{"__type__":"cc.SpriteFrame","content":{"name":"tip","texture":"77gjC14P5CbqFnqio3lgup","rect":[1128,0,81,47],"offset":[0,0],"originalSize":[81,47],"capInsets":[0,0,0,0]}},{"__type__":"cc.SpriteFrame","content":{"name":"bg_number","texture":"77gjC14P5CbqFnqio3lgup","rect":[1515,0,135,55],"offset":[0,0],"originalSize":[135,55],"capInsets":[0,0,0,0]}},{"__type__":"cc.SpriteFrame","content":{"name":"dice_07","texture":"77gjC14P5CbqFnqio3lgup","rect":[1110,665,185,185],"offset":[0,0],"originalSize":[185,185],"capInsets":[0,0,0,0]}},{"__type__":"cc.SpriteFrame","content":{"name":"tai-xiu-chain-bg","texture":"77gjC14P5CbqFnqio3lgup","rect":[0,140,516,104],"offset":[0,0],"originalSize":[516,104],"capInsets":[0,0,0,0]}},{"__type__":"cc.SpriteFrame","content":{"name":"dice_13","texture":"77gjC14P5CbqFnqio3lgup","rect":[1110,480,185,185],"offset":[0,0],"originalSize":[185,185],"capInsets":[0,0,0,0]}},{"__type__":"cc.SpriteFrame","content":{"name":"dice_26","texture":"77gjC14P5CbqFnqio3lgup","rect":[740,850,185,185],"offset":[0,0],"originalSize":[185,185],"capInsets":[0,0,0,0]}},{"__type__":"cc.SpriteFrame","content":{"name":"dice_02","texture":"77gjC14P5CbqFnqio3lgup","rect":[555,480,185,185],"offset":[0,0],"originalSize":[185,185],"capInsets":[0,0,0,0]}},{"__type__":"cc.SpriteFrame","content":{"name":"p-4","texture":"77gjC14P5CbqFnqio3lgup","rect":[1209,0,51,52],"offset":[0,0],"originalSize":[51,52],"capInsets":[0,0,0,0]}},{"__type__":"cc.SpriteFrame","content":{"name":"xiu","texture":"77gjC14P5CbqFnqio3lgup","rect":[1678,55,119,85],"offset":[0,0],"originalSize":[119,85],"capInsets":[0,0,0,0]}},{"__type__":"cc.SpriteFrame","content":{"name":"dice_39","texture":"77gjC14P5CbqFnqio3lgup","rect":[0,480,185,185],"offset":[0,0],"originalSize":[185,185],"capInsets":[0,0,0,0]}},{"__type__":"cc.SpriteFrame","content":{"name":"dice_32","texture":"77gjC14P5CbqFnqio3lgup","rect":[1480,850,185,185],"offset":[0,0],"originalSize":[185,185],"capInsets":[0,0,0,0]}},{"__type__":"cc.SpriteFrame","content":{"name":"dice_17","texture":"77gjC14P5CbqFnqio3lgup","rect":[185,850,185,185],"offset":[0,0],"originalSize":[185,185],"capInsets":[0,0,0,0]}},{"__type__":"cc.SpriteFrame","content":{"name":"user","texture":"77gjC14P5CbqFnqio3lgup","rect":[156,0,33,28],"offset":[0,0],"originalSize":[33,28],"capInsets":[0,0,0,0]}},{"__type__":"cc.SpriteFrame","content":{"name":"table-chart1","texture":"77gjC14P5CbqFnqio3lgup","rect":[0,295,585,162],"offset":[0,0],"originalSize":[585,162],"capInsets":[0,0,0,0]}},{"__type__":"cc.SpriteFrame","content":{"name":"dice_37","texture":"77gjC14P5CbqFnqio3lgup","rect":[1371,295,185,185],"offset":[0,0],"originalSize":[185,185],"capInsets":[0,0,0,0]}},{"__type__":"cc.SpriteFrame","content":{"name":"dot_black","texture":"77gjC14P5CbqFnqio3lgup","rect":[189,0,30,29],"offset":[0,0],"originalSize":[30,29],"capInsets":[0,0,0,0]}},{"__type__":"cc.SpriteFrame","content":{"name":"title","texture":"77gjC14P5CbqFnqio3lgup","rect":[516,140,512,137],"offset":[0,0],"originalSize":[512,137],"capInsets":[0,0,0,0]}},{"__type__":"cc.SpriteFrame","content":{"name":"tai","texture":"77gjC14P5CbqFnqio3lgup","rect":[1340,55,104,78],"offset":[0,0],"originalSize":[104,78],"capInsets":[0,0,0,0]}},{"__type__":"cc.SpriteFrame","content":{"name":"p-2","texture":"77gjC14P5CbqFnqio3lgup","rect":[1362,0,51,52],"offset":[0,0],"originalSize":[51,52],"capInsets":[0,0,0,0]}},{"__type__":"cc.SpriteFrame","content":{"name":"dice_19","texture":"77gjC14P5CbqFnqio3lgup","rect":[555,1035,185,185],"offset":[0,0],"originalSize":[185,185],"capInsets":[0,0,0,0]}},{"__type__":"cc.SpriteFrame","content":{"name":"diaNan","texture":"77gjC14P5CbqFnqio3lgup","rect":[1187,295,184,184],"offset":[0,0],"originalSize":[184,184],"capInsets":[0,0,0,0]}},{"__type__":"cc.SpriteFrame","content":{"name":"dice_30","texture":"77gjC14P5CbqFnqio3lgup","rect":[925,850,185,185],"offset":[0,0],"originalSize":[185,185],"capInsets":[0,0,0,0]}},{"__type__":"cc.SpriteFrame","content":{"name":"tai-xiu-bg-2","texture":"77gjC14P5CbqFnqio3lgup","rect":[759,1220,716,210],"offset":[0,0],"originalSize":[716,210],"capInsets":[0,0,0,0]}},{"__type__":"cc.SpriteFrame","content":{"name":"dice_38","texture":"77gjC14P5CbqFnqio3lgup","rect":[1556,295,185,185],"offset":[0,0],"originalSize":[185,185],"capInsets":[0,0,0,0]}},{"__type__":"cc.SpriteFrame","content":{"name":"thongke_tong","texture":"77gjC14P5CbqFnqio3lgup","rect":[102,0,27,27],"offset":[0,0],"originalSize":[27,27],"capInsets":[0,0,0,0]}},{"__type__":"cc.SpriteFrame","content":{"name":"bg-history","texture":"77gjC14P5CbqFnqio3lgup","rect":[340,1508,686,440],"offset":[0,0],"originalSize":[686,440],"capInsets":[0,0,0,0]}},{"__type__":"cc.SpriteFrame","content":{"name":"dice_20","texture":"77gjC14P5CbqFnqio3lgup","rect":[740,1035,185,185],"offset":[0,0],"originalSize":[185,185],"capInsets":[0,0,0,0]}},{"__type__":"cc.SpriteFrame","content":{"name":"table-chart2","texture":"77gjC14P5CbqFnqio3lgup","rect":[585,295,602,182],"offset":[0,0],"originalSize":[602,182],"capInsets":[0,0,0,0]}},{"__type__":"cc.SpriteFrame","content":{"name":"dice_21","texture":"77gjC14P5CbqFnqio3lgup","rect":[925,1035,185,185],"offset":[0,0],"originalSize":[185,185],"capInsets":[0,0,0,0]}},{"__type__":"cc.SpriteFrame","content":{"name":"dice_22","texture":"77gjC14P5CbqFnqio3lgup","rect":[0,1220,185,185],"offset":[0,0],"originalSize":[185,185],"capInsets":[0,0,0,0]}},{"__type__":"cc.SpriteFrame","content":{"name":"tai-xiu-chat-bg","texture":"77gjC14P5CbqFnqio3lgup","rect":[0,1508,340,402],"offset":[0,0],"originalSize":[340,402],"capInsets":[0,0,0,0]}},{"__type__":"cc.SpriteFrame","content":{"name":"dice_24","texture":"77gjC14P5CbqFnqio3lgup","rect":[1295,1035,185,185],"offset":[0,0],"originalSize":[185,185],"capInsets":[0,0,0,0]}},{"__type__":"cc.SpriteFrame","content":{"name":"dice_15","texture":"77gjC14P5CbqFnqio3lgup","rect":[1480,480,185,185],"offset":[0,0],"originalSize":[185,185],"capInsets":[0,0,0,0]}},{"__type__":"cc.SpriteFrame","content":{"name":"button-history","texture":"77gjC14P5CbqFnqio3lgup","rect":[1522,55,78,82],"offset":[0,0],"originalSize":[78,82],"capInsets":[0,0,0,0]}},{"__type__":"cc.SpriteFrame","content":{"name":"dot","texture":"77gjC14P5CbqFnqio3lgup","rect":[22,0,26,26],"offset":[0,0],"originalSize":[26,26],"capInsets":[0,0,0,0]}},{"__type__":"cc.SpriteFrame","content":{"name":"dot_yellow","texture":"77gjC14P5CbqFnqio3lgup","rect":[219,0,30,29],"offset":[0,0],"originalSize":[30,29],"capInsets":[0,0,0,0]}},{"__type__":"cc.SpriteFrame","content":{"name":"dice_04","texture":"77gjC14P5CbqFnqio3lgup","rect":[370,665,185,185],"offset":[0,0],"originalSize":[185,185],"capInsets":[0,0,0,0]}},{"__type__":"cc.SpriteFrame","content":{"name":"dice_16","texture":"77gjC14P5CbqFnqio3lgup","rect":[925,480,185,185],"offset":[0,0],"originalSize":[185,185],"capInsets":[0,0,0,0]}},{"__type__":"cc.SpriteFrame","content":{"name":"dice_33","texture":"77gjC14P5CbqFnqio3lgup","rect":[0,1035,185,185],"offset":[0,0],"originalSize":[185,185],"capInsets":[0,0,0,0]}},{"__type__":"cc.SpriteFrame","content":{"name":"dice_05","texture":"77gjC14P5CbqFnqio3lgup","rect":[555,665,185,185],"offset":[0,0],"originalSize":[185,185],"capInsets":[0,0,0,0]}},{"__type__":"cc.SpriteFrame","content":{"name":"bg-text","texture":"77gjC14P5CbqFnqio3lgup","rect":[862,0,266,38],"offset":[0,0],"originalSize":[266,38],"capInsets":[0,0,0,0]}},{"__type__":"cc.SpriteFrame","content":{"name":"dice_31","texture":"77gjC14P5CbqFnqio3lgup","rect":[1110,850,185,185],"offset":[0,0],"originalSize":[185,185],"capInsets":[0,0,0,0]}},{"__type__":"cc.SpriteFrame","content":{"name":"tai-xiu-layer-2","texture":"77gjC14P5CbqFnqio3lgup","rect":[1264,55,76,77],"offset":[0,0],"originalSize":[76,77],"capInsets":[0,0,0,0]}},{"__type__":"cc.SpriteFrame","content":{"name":"dot_white","texture":"77gjC14P5CbqFnqio3lgup","rect":[249,0,30,29],"offset":[0,0],"originalSize":[30,29],"capInsets":[0,0,0,0]}},{"__type__":"cc.SpriteFrame","content":{"name":"tai-xiu-layer-3","texture":"77gjC14P5CbqFnqio3lgup","rect":[1188,55,76,77],"offset":[0,0],"originalSize":[76,77],"capInsets":[0,0,0,0]}},{"__type__":"cc.SpriteFrame","content":{"name":"le","texture":"77gjC14P5CbqFnqio3lgup","rect":[967,55,65,63],"offset":[0,0],"originalSize":[65,63],"capInsets":[0,0,0,0]}},{"__type__":"cc.SpriteFrame","content":{"name":"table-result","texture":"77gjC14P5CbqFnqio3lgup","rect":[1028,140,617,155],"offset":[0,0],"originalSize":[617,155],"capInsets":[0,0,0,0]}},{"__type__":"cc.SpriteFrame","content":{"name":"dice_27","texture":"77gjC14P5CbqFnqio3lgup","rect":[185,1035,185,185],"offset":[0,0],"originalSize":[185,185],"capInsets":[0,0,0,0]}},{"__type__":"cc.SpriteFrame","content":{"name":"dice_11","texture":"77gjC14P5CbqFnqio3lgup","rect":[185,665,185,185],"offset":[0,0],"originalSize":[185,185],"capInsets":[0,0,0,0]}},{"__type__":"cc.SpriteFrame","content":{"name":"dice_10","texture":"77gjC14P5CbqFnqio3lgup","rect":[740,665,185,185],"offset":[0,0],"originalSize":[185,185],"capInsets":[0,0,0,0]}},{"__type__":"cc.SpriteAtlas","_name":"TaiXiu.plist","_spriteFrames":{"bg-history":{"__uuid__":"a5VVAzHn1IAIYMTZYlnYMV"},"bg-text":{"__uuid__":"cagP9F/DlAi7vd0jDOnG1w"},"bg":{"__uuid__":"30rlMPTIZADKKavTz5aQpM"},"bg_number":{"__uuid__":"6fJtDtzvhAvpEa3mwD+2cT"},"bg_number2":{"__uuid__":"12Z9h3AVlJDYneG37gRSei"},"bg_number2_light":{"__uuid__":"17p2pl4NFMjZKWju9+Mpc7"},"bg_number_light":{"__uuid__":"4e97MT8uBCw4xY6lOuzWWm"},"button-history":{"__uuid__":"b93lmwYHlBtJhVrxfggJbR"},"chan":{"__uuid__":"62LM5OkI5JWoNe8/yLkqb1"},"diaNan":{"__uuid__":"9bFzMgb2JKNLxdJobhhZwe"},"dice_01":{"__uuid__":"21BSETiQ9KdbEaeTpxlG2O"},"dice_02":{"__uuid__":"7bgdlfLzlHMZAdxsVthBQ3"},"dice_03":{"__uuid__":"38HWh+t9pGPYVLrCGSui5P"},"dice_04":{"__uuid__":"bdkGB0bcxDWqM0THGquXpc"},"dice_05":{"__uuid__":"c2w2xefUdHyLI2heYuBbWd"},"dice_06":{"__uuid__":"26np9PUqdP+7DA7QnKxAj9"},"dice_07":{"__uuid__":"70ICjO/f1PDJqXTsJr7zdb"},"dice_08":{"__uuid__":"649DogGqRJIIJ46fBnEthe"},"dice_09":{"__uuid__":"fbltTB19tDo5PAZq/ifxaD"},"dice_10":{"__uuid__":"e65Zh6se9Gc5fa8rK5eTwf"},"dice_11":{"__uuid__":"e52e0M7ApOQLoBOlbDPHbp"},"dice_12":{"__uuid__":"32DdBt6LBBg4amEVgM1W6F"},"dice_13":{"__uuid__":"76ZuLDglJM5qhTIfIBbxkJ"},"dice_14":{"__uuid__":"608JXbtb1Bm4OExztPwJtW"},"dice_15":{"__uuid__":"b7Okad2aRKeZIZTCI7SpRE"},"dice_16":{"__uuid__":"c0gq4u0M9BrYxW2PXGF8T+"},"dice_17":{"__uuid__":"84/eyn0LVPxL5vLNVGhjX6"},"dice_18":{"__uuid__":"3fskcqGclJlZph43G2FWIR"},"dice_19":{"__uuid__":"9aJ1Oyw55FY7+wrFRHcoAP"},"dice_20":{"__uuid__":"a7kRC7qIxOFYsh5SHRkYBN"},"dice_21":{"__uuid__":"aa50NGzo9HvrnxLwx4eQXt"},"dice_22":{"__uuid__":"afiZd/S/tDjrOemyavPnmJ"},"dice_23":{"__uuid__":"60yxiOgqhMYK9MwH+owM83"},"dice_24":{"__uuid__":"b4Do3lXihHGLIBIasB5jvK"},"dice_25":{"__uuid__":"44KmIeDwNBpq8TTOlG3EGA"},"dice_26":{"__uuid__":"78FOkd0zJL445q0zLoZs8C"},"dice_27":{"__uuid__":"e2cpYHY8lHWY74n9TvKFQE"},"dice_28":{"__uuid__":"2cTjg+CwNG3YU9dweY9YRA"},"dice_29":{"__uuid__":"50uZOhLj5BSrJO2QiUEZ8r"},"dice_30":{"__uuid__":"9b0x7eVLJIa6EaeoRvesyz"},"dice_31":{"__uuid__":"d3PbZyseRESpY7u1aAaiZ3"},"dice_32":{"__uuid__":"82B4yk0iBGdaVbWu05rnnI"},"dice_33":{"__uuid__":"c1wpMwR31MIZ9CpyaX96Lt"},"dice_34":{"__uuid__":"01/O8zAW9MfLFkoMRQ0QFw"},"dice_35":{"__uuid__":"3bABfzcXVGu7nci5BfkESH"},"dice_36":{"__uuid__":"2crr2Ckz5C546P4wkCrXX5"},"dice_37":{"__uuid__":"8aYhP9eXJOtbjIFj5n73Iy"},"dice_38":{"__uuid__":"a1Fr/qI4xDTrPu3Yv1WmDQ"},"dice_39":{"__uuid__":"7egI6/uEJI850C0IHLf1km"},"dot":{"__uuid__":"baFVikkTJJQauoTsrjyxFE"},"dot_black":{"__uuid__":"91r+K39p1HTJ9ocSwqTkfE"},"dot_cr":{"__uuid__":"22J+R71f5F5a+gKiqBRa42"},"dot_white":{"__uuid__":"d9LnTnWJdCLbVyhSK023Vy"},"dot_yellow":{"__uuid__":"bauKPKIdxMw7WmXbSm+XoT"},"le":{"__uuid__":"e0/F+FGvBObrg+LiRlj/fp"},"p-1":{"__uuid__":"0fPaYMhydAW6qmIWD6+Mr/"},"p-2":{"__uuid__":"992WrCoE9GwIW59+H5DXOa"},"p-3":{"__uuid__":"f2xzlZmChOvoHXGOb7a+mT"},"p-4":{"__uuid__":"7cPEyqjSBKyYIhU8120f4j"},"p-5":{"__uuid__":"32aiMLGjdLFJHAn7LX3NuM"},"p-6":{"__uuid__":"f0nB6XY+BJELAf43nKPExM"},"table-chart1":{"__uuid__":"88SlKS57hNcIPq0txspxce"},"table-chart2":{"__uuid__":"aaY07jn5NHP6EdPx6LfVa8"},"table-result":{"__uuid__":"e1wvJN5vtLP6kzfoKYQDfw"},"tai-xiu-bet-bg-2":{"__uuid__":"00w3iL9yhKwZO/gdhR+Xsw"},"tai-xiu-bet-bg":{"__uuid__":"66rM0EtAVLva4r16lTeVqt"},"tai-xiu-bg-2":{"__uuid__":"9e8sV+OBhEhLEscEF3c+Lq"},"tai-xiu-button-nan-off":{"__uuid__":"42Dc9CGGRAaLE/98bGEtcS"},"tai-xiu-button-nan":{"__uuid__":"e9Cwk2+qROw7aHy+Hz3cfM"},"tai-xiu-chain-bg":{"__uuid__":"75D5w4WMFERKlLwGOtNHy4"},"tai-xiu-chat-bg":{"__uuid__":"b0Fb1yGn5H37lGnA14ImYU"},"tai-xiu-history-bg":{"__uuid__":"2fSugPkbND/LcNo/JniWkB"},"tai-xiu-layer-2":{"__uuid__":"d8pzadFldNAq/LfCVgLd7w"},"tai-xiu-layer-3":{"__uuid__":"db4BrlItlA6Zh2fTlyzNMd"},"tai-xiu-layer-4":{"__uuid__":"66Y9VfLeRNAY4DEp8ls5vH"},"tai":{"__uuid__":"94y1Sg6xZBjr9hwNJqsKGK"},"thongke_tong":{"__uuid__":"a1OacQy3pCTIFg1nO1KFww"},"thongke_xucxac1":{"__uuid__":"fdNMATZG9Cd7WB4vkb+OLX"},"thongke_xucxac2":{"__uuid__":"2dYHC5MchGt68R4bnfxr5b"},"thongke_xucxac3":{"__uuid__":"f0jPLGu8FOzLm4j75UtDAU"},"time_line":{"__uuid__":"edw1hX9GBBsqkCLFvuFnaH"},"tip":{"__uuid__":"662W71D1FER6Q7sIHlat/s"},"title-result":{"__uuid__":"1dINFayWlIF6uXhn2NkNju"},"title":{"__uuid__":"92KwsCUehGGJlKEccSBE7B"},"user":{"__uuid__":"87lEA3VtdMRbzxU1W1SbM4"},"xiu":{"__uuid__":"7dHTKEMPlE/bO8Hj0PfGIN"}}},{"__type__":"cc.SpriteFrame","content":{"name":"tai-xiu-button-nan","texture":"77gjC14P5CbqFnqio3lgup","rect":[1444,55,78,82],"offset":[0,0],"originalSize":[78,82],"capInsets":[0,0,0,0]}},{"__type__":"cc.SpriteFrame","content":{"name":"time_line","texture":"77gjC14P5CbqFnqio3lgup","rect":[185,1220,574,190],"offset":[0,0],"originalSize":[574,190],"capInsets":[0,0,0,0]}},{"__type__":"cc.SpriteFrame","content":{"name":"thongke_xucxac3","texture":"77gjC14P5CbqFnqio3lgup","rect":[75,0,27,27],"offset":[0,0],"originalSize":[27,27],"capInsets":[0,0,0,0]}},{"__type__":"cc.SpriteFrame","content":{"name":"p-6","texture":"77gjC14P5CbqFnqio3lgup","rect":[1464,0,51,52],"offset":[0,0],"originalSize":[51,52],"capInsets":[0,0,0,0]}},{"__type__":"cc.SpriteFrame","content":{"name":"p-3","texture":"77gjC14P5CbqFnqio3lgup","rect":[1413,0,51,52],"offset":[0,0],"originalSize":[51,52],"capInsets":[0,0,0,0]}},{"__type__":"cc.SpriteFrame","content":{"name":"dice_09","texture":"77gjC14P5CbqFnqio3lgup","rect":[1295,665,185,185],"offset":[0,0],"originalSize":[185,185],"capInsets":[0,0,0,0]}},{"__type__":"cc.SpriteFrame","content":{"name":"thongke_xucxac1","texture":"77gjC14P5CbqFnqio3lgup","rect":[129,0,27,27],"offset":[0,0],"originalSize":[27,27],"capInsets":[0,0,0,0]}}]