[{"__type__":"cc.SpriteFrame","content":{"name":"bm_tambangphu","texture":"b0FtiO+RBE4LJXXswoQzAx","rect":[0,0,157,157],"offset":[-0.5,0.5],"originalSize":[158,158],"capInsets":[0,0,0,0]}},{"__type__":"cc.BitmapFont","_name":"bm_tambangphu","spriteFrame":{"__uuid__":"302MA/D3FPq5ZFKJbz2k4q"},"fontSize":32,"_fntConfig":{"commonHeight":37,"fontSize":32,"atlasName":"bm_tambangphu.png","fontDefDictionary":{"9":{"rect":{"x":0,"y":0,"width":0,"height":0},"xOffset":0,"yOffset":0,"xAdvance":120},"32":{"rect":{"x":0,"y":0,"width":0,"height":0},"xOffset":0,"yOffset":0,"xAdvance":15},"36":{"rect":{"x":49,"y":0,"width":32,"height":48},"xOffset":0,"xAdvance":32},"43":{"rect":{"x":99,"y":129,"width":26,"height":26},"xOffset":0,"yOffset":9,"xAdvance":26},"44":{"rect":{"x":71,"y":137,"width":16,"height":16},"xOffset":1,"yOffset":27,"xAdvance":13},"45":{"rect":{"x":28,"y":139,"width":24,"height":15},"xOffset":0,"yOffset":15,"xAdvance":24},"46":{"rect":{"x":53,"y":138,"width":17,"height":17},"xOffset":1,"yOffset":28,"xAdvance":13},"47":{"rect":{"x":0,"y":95,"width":33,"height":43},"xOffset":0,"yOffset":0,"xAdvance":33},"48":{"rect":{"x":82,"y":0,"width":28,"height":43},"xOffset":0,"yOffset":1,"xAdvance":25},"49":{"rect":{"x":127,"y":86,"width":26,"height":42},"xOffset":0,"yOffset":2,"xAdvance":20},"50":{"rect":{"x":37,"y":49,"width":31,"height":44},"xOffset":0,"yOffset":0,"xAdvance":25},"51":{"rect":{"x":69,"y":49,"width":28,"height":42},"xOffset":0,"yOffset":1,"xAdvance":24},"52":{"rect":{"x":34,"y":95,"width":32,"height":42},"xOffset":0,"yOffset":1,"xAdvance":27},"53":{"rect":{"x":98,"y":44,"width":28,"height":41},"xOffset":0,"yOffset":3,"xAdvance":24},"54":{"rect":{"x":99,"y":86,"width":27,"height":42},"xOffset":0,"yOffset":2,"xAdvance":25},"55":{"rect":{"x":67,"y":94,"width":31,"height":42},"xOffset":0,"yOffset":2,"xAdvance":25},"56":{"rect":{"x":111,"y":0,"width":28,"height":43},"xOffset":0,"yOffset":1,"xAdvance":25},"57":{"rect":{"x":127,"y":44,"width":27,"height":41},"xOffset":0,"yOffset":2,"xAdvance":25},"58":{"rect":{"x":140,"y":0,"width":17,"height":31},"xOffset":0,"yOffset":7,"xAdvance":17},"75":{"rect":{"x":0,"y":47,"width":36,"height":47},"xOffset":0,"yOffset":2,"xAdvance":36},"77":{"rect":{"x":0,"y":0,"width":48,"height":46},"xOffset":0,"yOffset":2,"xAdvance":48},"126":{"rect":{"x":0,"y":139,"width":27,"height":18},"xOffset":0,"yOffset":15,"xAdvance":27}},"kerningDict":{}}}]