[{"__type__":"cc.SpriteFrame","content":{"name":"font_trutien","texture":"7cjJL7sQdHXKJQ0MPgpVOS","rect":[0,0,301,305],"offset":[-0.5,0.5],"originalSize":[302,306],"capInsets":[0,0,0,0]}},{"__type__":"cc.BitmapFont","_name":"font_trutien","spriteFrame":{"__uuid__":"a6kdl+gSdOdb24m15MRaLm"},"fontSize":32,"_fntConfig":{"commonHeight":80,"fontSize":32,"atlasName":"font_trutien.png","fontDefDictionary":{"9":{"rect":{"x":0,"y":0,"width":0,"height":0},"xOffset":0,"yOffset":0,"xAdvance":160},"32":{"rect":{"x":0,"y":0,"width":0,"height":0},"xOffset":0,"yOffset":0,"xAdvance":20},"33":{"rect":{"x":274,"y":266,"width":14,"height":36},"xOffset":0,"yOffset":44,"xAdvance":10},"34":{"rect":{"x":212,"y":195,"width":18,"height":20},"xOffset":0,"yOffset":44,"xAdvance":14},"35":{"rect":{"x":109,"y":0,"width":27,"height":35},"xOffset":0,"yOffset":45,"xAdvance":23},"36":{"rect":{"x":211,"y":222,"width":24,"height":44},"xOffset":0,"yOffset":40,"xAdvance":20},"37":{"rect":{"x":0,"y":261,"width":35,"height":38},"xOffset":0,"yOffset":43,"xAdvance":31},"38":{"rect":{"x":45,"y":0,"width":32,"height":36},"xOffset":0,"yOffset":44,"xAdvance":28},"39":{"rect":{"x":290,"y":0,"width":11,"height":20},"xOffset":0,"yOffset":44,"xAdvance":7},"40":{"rect":{"x":275,"y":133,"width":14,"height":46},"xOffset":0,"yOffset":41,"xAdvance":10},"41":{"rect":{"x":275,"y":0,"width":14,"height":46},"xOffset":0,"yOffset":41,"xAdvance":10},"42":{"rect":{"x":191,"y":47,"width":18,"height":20},"xOffset":0,"yOffset":44,"xAdvance":14},"43":{"rect":{"x":159,"y":260,"width":26,"height":27},"xOffset":0,"yOffset":53,"xAdvance":22},"44":{"rect":{"x":259,"y":83,"width":15,"height":20},"xOffset":0,"yOffset":66,"xAdvance":11},"45":{"rect":{"x":258,"y":167,"width":16,"height":12},"xOffset":0,"yOffset":58,"xAdvance":12},"46":{"rect":{"x":258,"y":180,"width":13,"height":14},"xOffset":0,"yOffset":66,"xAdvance":9},"47":{"rect":{"x":191,"y":0,"width":24,"height":46},"xOffset":0,"yOffset":40,"xAdvance":20},"48":{"rect":{"x":133,"y":74,"width":27,"height":36},"xOffset":0,"yOffset":44,"xAdvance":23},"49":{"rect":{"x":257,"y":266,"width":16,"height":36},"xOffset":0,"yOffset":44,"xAdvance":12},"50":{"rect":{"x":186,"y":136,"width":25,"height":36},"xOffset":0,"yOffset":44,"xAdvance":21},"51":{"rect":{"x":165,"y":0,"width":25,"height":36},"xOffset":0,"yOffset":44,"xAdvance":21},"52":{"rect":{"x":132,"y":111,"width":27,"height":36},"xOffset":0,"yOffset":44,"xAdvance":23},"53":{"rect":{"x":161,"y":74,"width":25,"height":36},"xOffset":0,"yOffset":44,"xAdvance":21},"54":{"rect":{"x":109,"y":36,"width":27,"height":37},"xOffset":0,"yOffset":43,"xAdvance":23},"55":{"rect":{"x":103,"y":185,"width":27,"height":36},"xOffset":0,"yOffset":44,"xAdvance":23},"56":{"rect":{"x":186,"y":173,"width":25,"height":36},"xOffset":0,"yOffset":44,"xAdvance":21},"57":{"rect":{"x":159,"y":222,"width":26,"height":37},"xOffset":0,"yOffset":44,"xAdvance":22},"58":{"rect":{"x":261,"y":0,"width":13,"height":27},"xOffset":0,"yOffset":53,"xAdvance":9},"59":{"rect":{"x":257,"y":232,"width":17,"height":33},"xOffset":0,"yOffset":53,"xAdvance":13},"60":{"rect":{"x":159,"y":170,"width":26,"height":25},"xOffset":0,"yOffset":54,"xAdvance":22},"61":{"rect":{"x":158,"y":148,"width":26,"height":21},"xOffset":0,"yOffset":56,"xAdvance":22},"62":{"rect":{"x":159,"y":196,"width":26,"height":25},"xOffset":0,"yOffset":54,"xAdvance":22},"63":{"rect":{"x":236,"y":84,"width":22,"height":36},"xOffset":0,"yOffset":44,"xAdvance":18},"64":{"rect":{"x":36,"y":185,"width":34,"height":36},"xOffset":0,"yOffset":44,"xAdvance":30},"65":{"rect":{"x":36,"y":222,"width":33,"height":36},"xOffset":0,"yOffset":44,"xAdvance":29},"66":{"rect":{"x":212,"y":47,"width":24,"height":36},"xOffset":0,"yOffset":44,"xAdvance":20},"67":{"rect":{"x":137,"y":0,"width":27,"height":36},"xOffset":0,"yOffset":44,"xAdvance":23},"68":{"rect":{"x":101,"y":148,"width":28,"height":36},"xOffset":0,"yOffset":44,"xAdvance":24},"69":{"rect":{"x":236,"y":121,"width":21,"height":36},"xOffset":0,"yOffset":44,"xAdvance":17},"70":{"rect":{"x":236,"y":195,"width":20,"height":36},"xOffset":0,"yOffset":44,"xAdvance":16},"71":{"rect":{"x":36,"y":259,"width":33,"height":36},"xOffset":0,"yOffset":44,"xAdvance":29},"72":{"rect":{"x":131,"y":185,"width":27,"height":36},"xOffset":0,"yOffset":44,"xAdvance":23},"73":{"rect":{"x":278,"y":221,"width":12,"height":36},"xOffset":0,"yOffset":44,"xAdvance":8},"74":{"rect":{"x":236,"y":269,"width":20,"height":36},"xOffset":0,"yOffset":44,"xAdvance":16},"75":{"rect":{"x":103,"y":111,"width":28,"height":36},"xOffset":0,"yOffset":44,"xAdvance":24},"76":{"rect":{"x":237,"y":37,"width":20,"height":36},"xOffset":0,"yOffset":44,"xAdvance":16},"77":{"rect":{"x":0,"y":74,"width":37,"height":36},"xOffset":0,"yOffset":44,"xAdvance":33},"78":{"rect":{"x":70,"y":259,"width":31,"height":36},"xOffset":0,"yOffset":44,"xAdvance":27},"79":{"rect":{"x":36,"y":148,"width":35,"height":36},"xOffset":0,"yOffset":44,"xAdvance":31},"80":{"rect":{"x":216,"y":0,"width":23,"height":36},"xOffset":0,"yOffset":44,"xAdvance":19},"81":{"rect":{"x":0,"y":186,"width":35,"height":37},"xOffset":0,"yOffset":44,"xAdvance":31},"82":{"rect":{"x":165,"y":37,"width":25,"height":36},"xOffset":0,"yOffset":44,"xAdvance":21},"83":{"rect":{"x":186,"y":222,"width":24,"height":36},"xOffset":0,"yOffset":44,"xAdvance":20},"84":{"rect":{"x":212,"y":121,"width":23,"height":36},"xOffset":0,"yOffset":44,"xAdvance":19},"85":{"rect":{"x":104,"y":74,"width":28,"height":36},"xOffset":0,"yOffset":44,"xAdvance":24},"86":{"rect":{"x":72,"y":74,"width":31,"height":36},"xOffset":0,"yOffset":44,"xAdvance":27},"87":{"rect":{"x":0,"y":37,"width":44,"height":36},"xOffset":0,"yOffset":44,"xAdvance":40},"88":{"rect":{"x":77,"y":37,"width":31,"height":36},"xOffset":0,"yOffset":44,"xAdvance":27},"89":{"rect":{"x":78,"y":0,"width":30,"height":36},"xOffset":0,"yOffset":44,"xAdvance":26},"90":{"rect":{"x":131,"y":222,"width":27,"height":36},"xOffset":0,"yOffset":44,"xAdvance":23},"91":{"rect":{"x":275,"y":90,"width":14,"height":42},"xOffset":0,"yOffset":41,"xAdvance":10},"92":{"rect":{"x":186,"y":259,"width":24,"height":40},"xOffset":0,"yOffset":40,"xAdvance":20},"93":{"rect":{"x":275,"y":47,"width":14,"height":42},"xOffset":0,"yOffset":41,"xAdvance":10},"94":{"rect":{"x":186,"y":111,"width":25,"height":24},"xOffset":0,"yOffset":44,"xAdvance":21},"95":{"rect":{"x":186,"y":210,"width":25,"height":11},"xOffset":0,"yOffset":76,"xAdvance":21},"96":{"rect":{"x":259,"y":104,"width":14,"height":15},"xOffset":0,"yOffset":44,"xAdvance":10},"97":{"rect":{"x":38,"y":74,"width":33,"height":36},"xOffset":0,"yOffset":44,"xAdvance":29},"98":{"rect":{"x":187,"y":74,"width":24,"height":36},"xOffset":0,"yOffset":44,"xAdvance":20},"99":{"rect":{"x":137,"y":37,"width":27,"height":36},"xOffset":0,"yOffset":44,"xAdvance":23},"100":{"rect":{"x":102,"y":259,"width":28,"height":36},"xOffset":0,"yOffset":44,"xAdvance":24},"101":{"rect":{"x":236,"y":158,"width":21,"height":36},"xOffset":0,"yOffset":44,"xAdvance":17},"102":{"rect":{"x":236,"y":232,"width":20,"height":36},"xOffset":0,"yOffset":44,"xAdvance":16},"103":{"rect":{"x":38,"y":111,"width":33,"height":36},"xOffset":0,"yOffset":44,"xAdvance":29},"104":{"rect":{"x":131,"y":259,"width":27,"height":36},"xOffset":0,"yOffset":44,"xAdvance":23},"105":{"rect":{"x":289,"y":258,"width":12,"height":36},"xOffset":0,"yOffset":44,"xAdvance":8},"106":{"rect":{"x":240,"y":0,"width":20,"height":36},"xOffset":0,"yOffset":44,"xAdvance":16},"107":{"rect":{"x":72,"y":148,"width":28,"height":36},"xOffset":0,"yOffset":44,"xAdvance":24},"108":{"rect":{"x":257,"y":195,"width":20,"height":36},"xOffset":0,"yOffset":44,"xAdvance":16},"109":{"rect":{"x":0,"y":111,"width":37,"height":36},"xOffset":0,"yOffset":44,"xAdvance":33},"110":{"rect":{"x":71,"y":185,"width":31,"height":36},"xOffset":0,"yOffset":44,"xAdvance":27},"111":{"rect":{"x":0,"y":224,"width":35,"height":36},"xOffset":0,"yOffset":44,"xAdvance":31},"112":{"rect":{"x":212,"y":158,"width":23,"height":36},"xOffset":0,"yOffset":44,"xAdvance":19},"113":{"rect":{"x":0,"y":148,"width":35,"height":37},"xOffset":0,"yOffset":44,"xAdvance":31},"114":{"rect":{"x":160,"y":111,"width":25,"height":36},"xOffset":0,"yOffset":44,"xAdvance":21},"115":{"rect":{"x":211,"y":267,"width":24,"height":36},"xOffset":0,"yOffset":44,"xAdvance":20},"116":{"rect":{"x":212,"y":84,"width":23,"height":36},"xOffset":0,"yOffset":44,"xAdvance":19},"117":{"rect":{"x":102,"y":222,"width":28,"height":36},"xOffset":0,"yOffset":44,"xAdvance":24},"118":{"rect":{"x":45,"y":37,"width":31,"height":36},"xOffset":0,"yOffset":44,"xAdvance":27},"119":{"rect":{"x":0,"y":0,"width":44,"height":36},"xOffset":0,"yOffset":44,"xAdvance":40},"120":{"rect":{"x":70,"y":222,"width":31,"height":36},"xOffset":0,"yOffset":44,"xAdvance":27},"121":{"rect":{"x":72,"y":111,"width":30,"height":36},"xOffset":0,"yOffset":44,"xAdvance":26},"122":{"rect":{"x":130,"y":148,"width":27,"height":36},"xOffset":0,"yOffset":44,"xAdvance":23},"123":{"rect":{"x":258,"y":121,"width":16,"height":45},"xOffset":0,"yOffset":41,"xAdvance":12},"124":{"rect":{"x":278,"y":180,"width":12,"height":40},"xOffset":0,"yOffset":40,"xAdvance":8},"125":{"rect":{"x":258,"y":37,"width":16,"height":45},"xOffset":0,"yOffset":41,"xAdvance":12},"126":{"rect":{"x":159,"y":288,"width":26,"height":17},"xOffset":0,"yOffset":58,"xAdvance":22}},"kerningDict":{}}}]