{"__type__":"cc.AnimationClip","_name":"EF_NoHu","_duration":4.016666666666667,"wrapMode":"0","curveData":{"paths":{"nohu":{"props":{"scale":[{"frame":0,"value":{"__type__":"cc.Vec2","x":0.2,"y":0.2}},{"frame":0.4166666666666667,"value":{"__type__":"cc.Vec2","x":1.02,"y":0.98}},{"frame":0.7166666666666667,"value":{"__type__":"cc.Vec2","x":0.98,"y":1.02}},{"frame":1.0166666666666666,"value":{"__type__":"cc.Vec2","x":1.02,"y":0.98}},{"frame":1.3166666666666667,"value":{"__type__":"cc.Vec2","x":0.98,"y":1.02}},{"frame":1.6166666666666667,"value":{"__type__":"cc.Vec2","x":1.02,"y":0.98}},{"frame":2.4166666666666665,"value":{"__type__":"cc.Vec2","x":1.02,"y":0.98}},{"frame":2.716666666666667,"value":{"__type__":"cc.Vec2","x":0.98,"y":1.02}},{"frame":3.0166666666666666,"value":{"__type__":"cc.Vec2","x":1.02,"y":0.98}},{"frame":3.316666666666667,"value":{"__type__":"cc.Vec2","x":0.98,"y":1.02}},{"frame":3.6166666666666667,"value":{"__type__":"cc.Vec2","x":1.02,"y":0.98}}],"position":[{"frame":0,"value":[0,126]},{"frame":0.4166666666666667,"value":[0,126]},{"frame":0.7166666666666667,"value":[0,148]},{"frame":1.0166666666666666,"value":[0,126]},{"frame":1.3166666666666667,"value":[0,148]},{"frame":1.6166666666666667,"value":[0,126]},{"frame":2.4166666666666665,"value":[0,126]},{"frame":2.716666666666667,"value":[0,148]},{"frame":3.0166666666666666,"value":[0,126]},{"frame":3.316666666666667,"value":[0,148]},{"frame":3.6166666666666667,"value":[0,126]}]}},"StarBigFull":{"props":{"scale":[{"frame":0,"value":{"__type__":"cc.Vec2","x":0.2,"y":0.2}},{"frame":0.4166666666666667,"value":{"__type__":"cc.Vec2","x":1,"y":1}}]}},"Spot":{"props":{"scale":[{"frame":0.4166666666666667,"value":{"__type__":"cc.Vec2","x":0.95,"y":0.95}},{"frame":0.5,"value":{"__type__":"cc.Vec2","x":1,"y":1}},{"frame":0.5833333333333334,"value":{"__type__":"cc.Vec2","x":0.95,"y":0.95}},{"frame":0.6666666666666666,"value":{"__type__":"cc.Vec2","x":1,"y":1}},{"frame":0.75,"value":{"__type__":"cc.Vec2","x":0.95,"y":0.95}},{"frame":0.8333333333333334,"value":{"__type__":"cc.Vec2","x":1,"y":1}},{"frame":0.9166666666666666,"value":{"__type__":"cc.Vec2","x":0.95,"y":0.95}},{"frame":1,"value":{"__type__":"cc.Vec2","x":1,"y":1}},{"frame":1.0833333333333333,"value":{"__type__":"cc.Vec2","x":0.95,"y":0.95}},{"frame":1.1666666666666667,"value":{"__type__":"cc.Vec2","x":1,"y":1}},{"frame":1.25,"value":{"__type__":"cc.Vec2","x":0.95,"y":0.95}},{"frame":1.3333333333333333,"value":{"__type__":"cc.Vec2","x":1,"y":1}},{"frame":1.4166666666666667,"value":{"__type__":"cc.Vec2","x":0.95,"y":0.95}},{"frame":2.4166666666666665,"value":{"__type__":"cc.Vec2","x":0.95,"y":0.95}},{"frame":2.5,"value":{"__type__":"cc.Vec2","x":1,"y":1}},{"frame":2.5833333333333335,"value":{"__type__":"cc.Vec2","x":0.95,"y":0.95}},{"frame":2.6666666666666665,"value":{"__type__":"cc.Vec2","x":1,"y":1}},{"frame":2.75,"value":{"__type__":"cc.Vec2","x":0.95,"y":0.95}},{"frame":2.8333333333333335,"value":{"__type__":"cc.Vec2","x":1,"y":1}},{"frame":2.9166666666666665,"value":{"__type__":"cc.Vec2","x":0.95,"y":0.95}},{"frame":3,"value":{"__type__":"cc.Vec2","x":1,"y":1}},{"frame":3.0833333333333335,"value":{"__type__":"cc.Vec2","x":0.95,"y":0.95}},{"frame":3.1666666666666665,"value":{"__type__":"cc.Vec2","x":1,"y":1}},{"frame":3.25,"value":{"__type__":"cc.Vec2","x":0.95,"y":0.95}},{"frame":3.3333333333333335,"value":{"__type__":"cc.Vec2","x":1,"y":1}},{"frame":3.4166666666666665,"value":{"__type__":"cc.Vec2","x":0.95,"y":0.95}}],"active":[{"frame":0,"value":false},{"frame":0.4166666666666667,"value":true}]}},"Layer222":{"props":{"active":[{"frame":0,"value":false},{"frame":0.4166666666666667,"value":true}],"angle":[{"frame":0.4166666666666667,"value":0},{"frame":4.016666666666667,"value":160}]}}}}}