{"__type__":"sp.SkeletonData","_name":"minipoker","_skeletonJson":{"skeleton":{"hash":"zGZmfBlsLnCqN7S05CiQB4CSb4g","spine":"3.6.53","width":219,"height":204,"images":"./images/"},"bones":[{"name":"root"},{"name":"BG_minipoker","parent":"root","x":-92.94,"y":71.91},{"name":"MINI","parent":"BG_minipoker","x":107.56,"y":-105.79},{"name":"POKER","parent":"BG_minipoker","x":92.2,"y":-139.48},{"name":"POKER2","parent":"BG_minipoker","x":92.2,"y":-139.48},{"name":"mp_chip","parent":"BG_minipoker","x":93.97,"y":-53.78}],"slots":[{"name":"BG_minipoker","bone":"BG_minipoker","attachment":"BG_minipoker"},{"name":"mp_chip","bone":"mp_chip","attachment":"mp_chip"},{"name":"POKER2","bone":"POKER2","attachment":"POKER","blend":"additive"},{"name":"POKER","bone":"POKER","attachment":"POKER"},{"name":"MINI","bone":"MINI","attachment":"MINI"}],"skins":{"default":{"BG_minipoker":{"BG_minipoker":{"x":92.94,"y":-71.91,"width":0,"height":0}},"MINI":{"MINI":{"x":-3.12,"y":-0.62,"width":106,"height":43}},"POKER":{"POKER":{"x":1.74,"y":6.57,"width":175,"height":62}},"POKER2":{"POKER":{"x":1.74,"y":6.57,"width":175,"height":62}},"mp_chip":{"mp_chip":{"x":2.47,"y":-13.13,"width":164,"height":166}}}},"animations":{"animation":{"slots":{"POKER2":{"color":[{"time":0,"color":"ffffff00","curve":"stepped"},{"time":0.5333,"color":"ffffffc2"},{"time":0.8,"color":"ffffff00"}]}},"bones":{"BG_minipoker":{"rotate":[{"time":0,"angle":0}],"translate":[{"time":0,"x":0,"y":0}],"scale":[{"time":0,"x":1,"y":1}]},"mp_chip":{"rotate":[{"time":0,"angle":0,"curve":[0.25,0,0.75,1]},{"time":0.6667,"angle":12.39,"curve":[0.25,0,0.75,1]},{"time":0.8333,"angle":-4.51,"curve":[0.25,0,0.75,1]},{"time":1,"angle":12.39,"curve":[0.25,0,0.75,1]},{"time":1.1667,"angle":-4.51,"curve":[0.25,0,0.75,1]},{"time":1.3333,"angle":12.39,"curve":[0.25,0,0.75,1]},{"time":2,"angle":0}],"translate":[{"time":0,"x":0,"y":0}],"scale":[{"time":0,"x":0.9,"y":0.9,"curve":[0.25,0,0.75,1]},{"time":0.6667,"x":1.1,"y":1.1,"curve":[0.25,0,0.75,1]},{"time":2,"x":0.9,"y":0.9}]},"MINI":{"rotate":[{"time":0,"angle":0,"curve":"stepped"},{"time":0.5333,"angle":0,"curve":[0.25,0,0.75,1]},{"time":0.6667,"angle":-7.19,"curve":[0.25,0,0.75,1]},{"time":0.8,"angle":9.48,"curve":[0.25,0,0.75,1]},{"time":0.9333,"angle":-7.19,"curve":[0.25,0,0.75,1]},{"time":1.0667,"angle":0}],"translate":[{"time":0,"x":0,"y":0,"curve":[0.192,0.4,0.478,1]},{"time":0.2667,"x":18.62,"y":0,"curve":[0.713,-0.01,0.824,0.68]},{"time":0.5333,"x":0,"y":0}],"scale":[{"time":0,"x":1,"y":1,"curve":"stepped"},{"time":0.5333,"x":1,"y":1,"curve":[0.25,0,0.75,1]},{"time":0.8,"x":1.1,"y":1.1,"curve":[0.25,0,0.75,1]},{"time":1.0667,"x":1,"y":1}]},"POKER":{"rotate":[{"time":0,"angle":0,"curve":"stepped"},{"time":0.5333,"angle":0}],"translate":[{"time":0,"x":0,"y":0,"curve":[0.192,0.4,0.478,1]},{"time":0.2667,"x":-18.62,"y":0,"curve":[0.713,-0.01,0.824,0.68]},{"time":0.5333,"x":0,"y":0}],"scale":[{"time":0,"x":1,"y":1,"curve":"stepped"},{"time":0.5333,"x":1,"y":1,"curve":[0.168,0.26,0.75,1]},{"time":0.7333,"x":1.105,"y":1.105,"curve":[0.25,0,0.851,0.78]},{"time":0.9,"x":0.9,"y":0.9,"curve":[0.25,0,0.75,1]},{"time":1.1,"x":1,"y":1}]},"POKER2":{"rotate":[{"time":0,"angle":0,"curve":"stepped"},{"time":0.5333,"angle":0}],"translate":[{"time":0,"x":0,"y":0,"curve":"stepped"},{"time":0.5333,"x":0,"y":-1.25},{"time":0.8,"x":0,"y":-1.62}],"scale":[{"time":0,"x":1,"y":1,"curve":"stepped"},{"time":0.5333,"x":1.087,"y":1.209},{"time":0.8,"x":1.322,"y":1.483}]}}}}},"_atlasText":"\nminipoker.png\nsize: 512,512\nformat: RGBA4444\nfilter: Linear,Linear\nrepeat: none\nBG_minipoker\n  rotate: false\n  xy: 2, 215\n  size: 219, 204\n  orig: 219, 204\n  offset: 0, 0\n  index: -1\nMINI\n  rotate: false\n  xy: 2, 2\n  size: 106, 43\n  orig: 106, 43\n  offset: 0, 0\n  index: -1\nPOKER\n  rotate: false\n  xy: 223, 357\n  size: 175, 62\n  orig: 175, 62\n  offset: 0, 0\n  index: -1\nmp_chip\n  rotate: false\n  xy: 2, 47\n  size: 164, 166\n  orig: 164, 166\n  offset: 0, 0\n  index: -1\n","textures":[{"__uuid__":"81chJ6MGBNIZpoZu7+08K5"}],"textureNames":["minipoker.png"]}