{"__type__":"cc.AnimationClip","_name":"FreeSpin","_duration":4,"curveData":{"paths":{"free":{"props":{"scale":[{"frame":0,"value":{"__type__":"cc.Vec2"}},{"frame":0.4666666666666667,"value":{"__type__":"cc.Vec2","x":1,"y":1}},{"frame":0.75,"value":{"__type__":"cc.Vec2","x":1,"y":1}},{"frame":1.6666666666666667,"value":{"__type__":"cc.Vec2","x":0.95,"y":0.95}},{"frame":2.6666666666666665,"value":{"__type__":"cc.Vec2","x":1,"y":1}},{"frame":4,"value":{"__type__":"cc.Vec2","x":0.95,"y":0.95}}]}},"spin":{"props":{"scale":[{"frame":0,"value":{"__type__":"cc.Vec2"}},{"frame":0.4666666666666667,"value":{"__type__":"cc.Vec2","x":1,"y":1}},{"frame":0.75,"value":{"__type__":"cc.Vec2","x":1,"y":1}},{"frame":1.6666666666666667,"value":{"__type__":"cc.Vec2","x":0.95,"y":0.95}},{"frame":2.6666666666666665,"value":{"__type__":"cc.Vec2","x":1,"y":1}},{"frame":4,"value":{"__type__":"cc.Vec2","x":0.95,"y":0.95}}]}},"light-bg-freespin":{"props":{"scale":[{"frame":0.45,"value":{"__type__":"cc.Vec2","x":0.5,"y":0.5}},{"frame":0.75,"value":{"__type__":"cc.Vec2","x":1,"y":1}},{"frame":1.6666666666666667,"value":{"__type__":"cc.Vec2","x":0.95,"y":0.95}},{"frame":2.6666666666666665,"value":{"__type__":"cc.Vec2","x":1,"y":1}},{"frame":4,"value":{"__type__":"cc.Vec2","x":0.95,"y":0.95}}],"active":[{"frame":0,"value":false},{"frame":0.45,"value":true}],"angle":[{"frame":0.45,"value":0},{"frame":4,"value":20}]}}}}}