[{"__type__":"cc.SpriteFrame","content":{"name":"fish_game_pic_suoding1","texture":"bclyb1CdFAXZK7vE6k7C0V","rect":[0,0,169,169],"offset":[-0.5,0.5],"originalSize":[170,170],"capInsets":[0,0,0,0]}},[{"__type__":"cc.Prefab","_name":"x40","data":{"__id__":1}},{"__type__":"cc.Node","_name":"x40","_children":[{"__id__":2},{"__id__":4},{"__id__":6},{"__id__":7},{"__id__":8},{"__id__":9}],"_components":[{"__type__":"655c6/MZdJNZo/YxgAvEk8A","node":{"__id__":1},"fish":{"__id__":5},"shadow":{"__id__":3},"collider":{"__id__":10},"anim":{"__id__":11},"head":{"__id__":6},"end":{"__id__":7},"suoMe":{"__id__":9},"suoOther":{"__id__":8}},{"__id__":11},{"__id__":10}],"_prefab":{"__type__":"cc.PrefabInfo","root":{"__id__":1},"asset":{"__uuid__":"dfi2XLz4BIZ40f/60gMMui"},"fileId":"535voOPlRJLrSXY7dhr88p"},"_trs":{"__type__":"TypedArray","ctor":"Float64Array","array":[843.036,257.763,0,0,0,0,1,1,1,1]},"_groupIndex":6,"groupIndex":6},{"__type__":"cc.Node","_name":"shadow","_parent":{"__id__":1},"_components":[{"__id__":3}],"_prefab":{"__type__":"cc.PrefabInfo","root":{"__id__":1},"asset":{"__uuid__":"dfi2XLz4BIZ40f/60gMMui"},"fileId":"415HTSvOFMB51uC0bP4Eyk"},"_trs":{"__type__":"TypedArray","ctor":"Float64Array","array":[-16,-13,0,0,0,0,1,0.85,0.85,1]},"_groupIndex":6,"groupIndex":6},{"__type__":"dragonBones.ArmatureDisplay","node":{"__id__":2},"_materials":[{"__uuid__":"ecpdLyjvZBwrvm+cedCcQy"}],"_armatureName":"jinjiahusha_shadow","_animationName":"jinjiahusha_shadow","_preCacheMode":0,"_armatureKey":"2ea6348a-5db4-40e7-be8c-2ac3afa37ae1#dc589332-38c1-4f24-9f1f-19b888b2ec18","_N$dragonAsset":{"__uuid__":"2epjSKXbRA576MKsOvo3rh"},"_N$dragonAtlasAsset":{"__uuid__":"dcWJMyOMFPJJ8fGbiIsuwY"},"_N$timeScale":0.5},{"__type__":"cc.Node","_name":"fish","_parent":{"__id__":1},"_components":[{"__id__":5}],"_prefab":{"__type__":"cc.PrefabInfo","root":{"__id__":1},"asset":{"__uuid__":"dfi2XLz4BIZ40f/60gMMui"},"fileId":"d5bMbfrqhDPr3pp/Q7Xg9y"},"_trs":{"__type__":"TypedArray","ctor":"Float64Array","array":[0,0,0,0,0,0,1,0.85,0.85,1]}},{"__type__":"dragonBones.ArmatureDisplay","node":{"__id__":4},"_materials":[{"__uuid__":"ecpdLyjvZBwrvm+cedCcQy"}],"_armatureName":"jinjiahusha","_animationName":"jinjiahusha","_preCacheMode":0,"_armatureKey":"b993a6c4-7c0b-4b1e-bd29-a8f32c50246d#c736ad36-51fa-4352-874d-1d3b8c879513","_N$dragonAsset":{"__uuid__":"b9k6bEfAtLHr0pqPMsUCRt"},"_N$dragonAtlasAsset":{"__uuid__":"c7Nq02UfpDUodNHTuMh5UT"},"_N$timeScale":0.5},{"__type__":"cc.Node","_name":"head","_parent":{"__id__":1},"_prefab":{"__type__":"cc.PrefabInfo","root":{"__id__":1},"asset":{"__uuid__":"dfi2XLz4BIZ40f/60gMMui"},"fileId":"dben8WwblFhojfh7Fjd8Ju"},"_trs":{"__type__":"TypedArray","ctor":"Float64Array","array":[-88.961,17.417,0,0,0,0,1,1,1,1]}},{"__type__":"cc.Node","_name":"end","_parent":{"__id__":1},"_prefab":{"__type__":"cc.PrefabInfo","root":{"__id__":1},"asset":{"__uuid__":"dfi2XLz4BIZ40f/60gMMui"},"fileId":"31zZ/u3vBKmJ5O3BaLq9v9"},"_trs":{"__type__":"TypedArray","ctor":"Float64Array","array":[79.21,10.1,0,0,0,0,1,1,1,1]}},{"__type__":"cc.Node","_name":"fish_suoding_other","_parent":{"__id__":1},"_active":false,"_components":[{"__type__":"cc.Sprite","node":{"__id__":8},"_materials":[{"__uuid__":"ecpdLyjvZBwrvm+cedCcQy"}],"_spriteFrame":{"__uuid__":"d6GNvieS9K8pqo+oyuZNkc"}},{"__type__":"cc.Animation","node":{"__id__":8},"_defaultClip":{"__uuid__":"41C/GXlRNOjLlgy6YN7juw"},"_clips":[{"__uuid__":"41C/GXlRNOjLlgy6YN7juw"}],"playOnLoad":true}],"_prefab":{"__type__":"cc.PrefabInfo","root":{"__id__":1},"asset":{"__uuid__":"dfi2XLz4BIZ40f/60gMMui"},"fileId":"3b5Ry0aixFfKqvH8y95NU0"},"_opacity":97,"_contentSize":{"__type__":"cc.Size","width":169,"height":169},"_trs":{"__type__":"TypedArray","ctor":"Float64Array","array":[0,10,0,0,0,0,1,0.85,0.85,1]}},{"__type__":"cc.Node","_name":"fish_suoding_me","_parent":{"__id__":1},"_active":false,"_components":[{"__type__":"cc.Sprite","node":{"__id__":9},"_materials":[{"__uuid__":"ecpdLyjvZBwrvm+cedCcQy"}],"_spriteFrame":{"__uuid__":"d6GNvieS9K8pqo+oyuZNkc"}},{"__type__":"cc.Animation","node":{"__id__":9},"_defaultClip":{"__uuid__":"41C/GXlRNOjLlgy6YN7juw"},"_clips":[{"__uuid__":"41C/GXlRNOjLlgy6YN7juw"}],"playOnLoad":true}],"_prefab":{"__type__":"cc.PrefabInfo","root":{"__id__":1},"asset":{"__uuid__":"dfi2XLz4BIZ40f/60gMMui"},"fileId":"45SBUzpM9ARqUngfDUMLk4"},"_contentSize":{"__type__":"cc.Size","width":169,"height":169},"_trs":{"__type__":"TypedArray","ctor":"Float64Array","array":[0,10,0,0,0,0,1,1,1,1]}},{"__type__":"cc.PolygonCollider","node":{"__id__":1},"points":[{"__type__":"cc.Vec2","x":-59.6,"y":-30},{"__type__":"cc.Vec2","x":-34.1,"y":-37.4},{"__type__":"cc.Vec2","x":20,"y":-76.6},{"__type__":"cc.Vec2","x":11,"y":-28.2},{"__type__":"cc.Vec2","x":96.7,"y":1.6},{"__type__":"cc.Vec2","x":135.9,"y":-31.4},{"__type__":"cc.Vec2","x":117.3,"y":3.2},{"__type__":"cc.Vec2","x":149.5,"y":33.6},{"__type__":"cc.Vec2","x":100,"y":20.1},{"__type__":"cc.Vec2","x":44.2,"y":46.5},{"__type__":"cc.Vec2","x":54,"y":61.1},{"__type__":"cc.Vec2","x":-67.5,"y":55.3},{"__type__":"cc.Vec2","x":-101.9,"y":24.2}]},{"__type__":"cc.Animation","node":{"__id__":1},"_clips":[{"__uuid__":"c6J8ymCIdFnL9UK1jbFsIL"},{"__uuid__":"51mL5E4pFP2KnUGMHQsDKH"},{"__uuid__":"fawqhgzOxEdr2wJiPcTYyN"},{"__uuid__":"33Yf9zNBtKfICK8OikKDfA"},{"__uuid__":"51vkU9riJL74YeEv0qYDsk"},{"__uuid__":"a8CTjqfLVFxK+3/iOv1tUo"},{"__uuid__":"c41PkwCIRGVLai1DAZMuot"},{"__uuid__":"afyOX8EztNaa/vKwuISjOD"},{"__uuid__":"ceNICdEoFAOqldI08ZfYdu"},{"__uuid__":"5ezAa12uJBQ6lBSmcQOAMD"},{"__uuid__":"b0eAA/nKVPaLA+1a/Mz9mh"},{"__uuid__":"58A4k2kFxLbrKib7KBBX2R"},{"__uuid__":"657yjD6EtGx5qJnfHwSt/0"},{"__uuid__":"c7iBZHsnpCjKcCqieueeR7"}]}]]