[{"__type__":"cc.SpriteFrame","content":{"name":"raise_font_game_to","texture":"5fP6Q3IShLepKDK1f/mqPk","rect":[0,0,81,255],"offset":[-23.5,0.5],"originalSize":[128,256],"capInsets":[0,0,0,0]}},{"__type__":"cc.BitmapFont","_name":"raise_font_game_to","spriteFrame":{"__uuid__":"75lToJfHlJAraAwDRNzWpA"},"fontSize":32,"_fntConfig":{"commonHeight":76,"fontSize":32,"atlasName":"raise_font_game_to.png","fontDefDictionary":{"9":{"rect":{"x":0,"y":0,"width":0,"height":0},"xOffset":0,"yOffset":0,"xAdvance":0},"32":{"rect":{"x":0,"y":0,"width":0,"height":0},"xOffset":0,"yOffset":0,"xAdvance":25},"43":{"rect":{"x":27,"y":169,"width":25,"height":28},"xOffset":5,"yOffset":45,"xAdvance":25},"44":{"rect":{"x":27,"y":233,"width":15,"height":20},"xOffset":10,"yOffset":61,"xAdvance":15},"45":{"rect":{"x":0,"y":241,"width":19,"height":14},"xOffset":8,"yOffset":54,"xAdvance":19},"46":{"rect":{"x":29,"y":66,"width":14,"height":15},"xOffset":5,"yOffset":59,"xAdvance":14},"48":{"rect":{"x":53,"y":169,"width":25,"height":34},"xOffset":5,"yOffset":42,"xAdvance":25},"49":{"rect":{"x":61,"y":0,"width":20,"height":34},"xOffset":7,"yOffset":42,"xAdvance":20},"50":{"rect":{"x":0,"y":206,"width":26,"height":34},"xOffset":4,"yOffset":42,"xAdvance":26},"51":{"rect":{"x":54,"y":101,"width":25,"height":34},"xOffset":5,"yOffset":42,"xAdvance":25},"52":{"rect":{"x":0,"y":171,"width":26,"height":34},"xOffset":4,"yOffset":42,"xAdvance":26},"53":{"rect":{"x":54,"y":66,"width":25,"height":34},"xOffset":5,"yOffset":42,"xAdvance":25},"54":{"rect":{"x":27,"y":134,"width":26,"height":34},"xOffset":4,"yOffset":42,"xAdvance":26},"55":{"rect":{"x":27,"y":99,"width":26,"height":34},"xOffset":4,"yOffset":42,"xAdvance":26},"56":{"rect":{"x":53,"y":204,"width":25,"height":34},"xOffset":5,"yOffset":42,"xAdvance":25},"57":{"rect":{"x":27,"y":198,"width":25,"height":34},"xOffset":5,"yOffset":42,"xAdvance":25},"66":{"rect":{"x":0,"y":136,"width":26,"height":34},"xOffset":4,"yOffset":42,"xAdvance":26},"75":{"rect":{"x":0,"y":64,"width":28,"height":34},"xOffset":3,"yOffset":42,"xAdvance":28},"77":{"rect":{"x":0,"y":29,"width":34,"height":34},"xOffset":0,"yOffset":42,"xAdvance":34},"98":{"rect":{"x":35,"y":29,"width":25,"height":36},"xOffset":5,"yOffset":40,"xAdvance":25},"107":{"rect":{"x":0,"y":99,"width":26,"height":36},"xOffset":4,"yOffset":40,"xAdvance":26},"109":{"rect":{"x":0,"y":0,"width":35,"height":28},"xOffset":0,"yOffset":48,"xAdvance":35}},"kerningDict":{}}}]