[{"__type__":"cc.SpriteFrame","content":{"name":"FONT-1-export","texture":"a8zUIznnRMe6OaIDdSMIzW","rect":[0,0,324,443],"offset":[-94,34.5],"originalSize":[512,512],"capInsets":[0,0,0,0]}},{"__type__":"cc.BitmapFont","_name":"FONT 1-export","spriteFrame":{"__uuid__":"b0rKpqkmtMvp056IqkguXB"},"fontSize":32,"_fntConfig":{"commonHeight":40,"fontSize":32,"atlasName":"FONT-1-export.png","fontDefDictionary":{"9":{"rect":{"x":0,"y":0,"width":0,"height":0},"xOffset":0,"yOffset":0,"xAdvance":160},"32":{"rect":{"x":0,"y":0,"width":0,"height":0},"xOffset":0,"yOffset":0,"xAdvance":20},"46":{"rect":{"x":0,"y":399,"width":37,"height":44},"xOffset":0,"yOffset":-7,"xAdvance":38},"48":{"rect":{"x":165,"y":0,"width":80,"height":134},"xOffset":0,"yOffset":-94,"xAdvance":81},"49":{"rect":{"x":165,"y":135,"width":62,"height":130},"xOffset":0,"yOffset":-92,"xAdvance":63},"50":{"rect":{"x":245,"y":135,"width":79,"height":132},"xOffset":0,"yOffset":-93,"xAdvance":80},"51":{"rect":{"x":164,"y":266,"width":80,"height":134},"xOffset":0,"yOffset":-94,"xAdvance":81},"52":{"rect":{"x":0,"y":0,"width":83,"height":130},"xOffset":0,"yOffset":-92,"xAdvance":84},"53":{"rect":{"x":0,"y":266,"width":81,"height":132},"xOffset":0,"yOffset":-93,"xAdvance":82},"54":{"rect":{"x":0,"y":131,"width":82,"height":134},"xOffset":0,"yOffset":-94,"xAdvance":83},"55":{"rect":{"x":84,"y":0,"width":69,"height":130},"xOffset":0,"yOffset":-92,"xAdvance":70},"56":{"rect":{"x":82,"y":266,"width":81,"height":134},"xOffset":0,"yOffset":-94,"xAdvance":82},"57":{"rect":{"x":83,"y":131,"width":81,"height":134},"xOffset":0,"yOffset":-94,"xAdvance":82}},"kerningDict":{}}}]