{"__type__":"dragonBones.DragonBonesAsset","_name":"meirenyu2_ske","_dragonBonesJson":"{\"frameRate\":24,\"name\":\"meirenyu2\",\"version\":\"5.5\",\"compatibleVersion\":\"5.5\",\"armature\":[{\"type\":\"Sheet\",\"frameRate\":24,\"name\":\"Sprite\",\"aabb\":{\"x\":-209.5,\"y\":-143,\"width\":419,\"height\":286},\"bone\":[{\"name\":\"root\"}],\"slot\":[{\"displayIndex\":3,\"name\":\"sheetSlot\",\"parent\":\"root\"}],\"skin\":[{\"slot\":[{\"name\":\"sheetSlot\",\"display\":[{\"name\":\"fish23_1\",\"transform\":{\"scX\":-1}},{\"name\":\"fish23_2\",\"transform\":{\"scX\":-1}},{\"name\":\"fish23_4\",\"transform\":{\"scX\":-1}},{\"name\":\"fish23_5\",\"transform\":{\"scX\":-1}},{\"name\":\"fish23_7\",\"transform\":{\"scX\":-1}},{\"name\":\"fish23_8\",\"transform\":{\"scX\":-1}},{\"name\":\"fish23_10\",\"transform\":{\"scX\":-1}},{\"name\":\"fish23_11\",\"transform\":{\"scX\":-1}},{\"name\":\"fish23_13\",\"transform\":{\"scX\":-1}},{\"name\":\"fish23_14\",\"transform\":{\"scX\":-1}},{\"name\":\"fish23_16\",\"transform\":{\"scX\":-1}},{\"name\":\"fish23_17\",\"transform\":{\"scX\":-1}}]}]}],\"animation\":[{\"duration\":12,\"playTimes\":0,\"name\":\"Sprite\",\"slot\":[{\"name\":\"sheetSlot\",\"displayFrame\":[{},{\"value\":1},{\"value\":2},{\"value\":3},{\"value\":4},{\"value\":5},{\"value\":6},{\"value\":7},{\"value\":8},{\"value\":9},{\"value\":10},{\"value\":11}]}]}],\"defaultActions\":[{\"gotoAndPlay\":\"Sprite\"}]}]}"}