{"__type__":"dragonBones.DragonBonesAsset","_name":"jinlongyu_ske","_dragonBonesJson":"{\"frameRate\":24,\"name\":\"jinlongyu\",\"version\":\"5.5\",\"compatibleVersion\":\"5.5\",\"armature\":[{\"type\":\"Sheet\",\"frameRate\":24,\"name\":\"jinlongyu\",\"aabb\":{\"x\":-170,\"y\":-80,\"width\":340,\"height\":160},\"bone\":[{\"name\":\"root\"}],\"slot\":[{\"displayIndex\":7,\"name\":\"sheetSlot\",\"parent\":\"root\"}],\"skin\":[{\"slot\":[{\"name\":\"sheetSlot\",\"display\":[{\"name\":\"kyby_jly_00000\"},{\"name\":\"kyby_jly_00001\"},{\"name\":\"kyby_jly_00002\"},{\"name\":\"kyby_jly_00003\"},{\"name\":\"kyby_jly_00004\"},{\"name\":\"kyby_jly_00005\"},{\"name\":\"kyby_jly_00006\"},{\"name\":\"kyby_jly_00007\"},{\"name\":\"kyby_jly_00008\"},{\"name\":\"kyby_jly_00009\"},{\"name\":\"kyby_jly_00010\"}]}]}],\"animation\":[{\"duration\":11,\"playTimes\":0,\"name\":\"jinlongyu\",\"slot\":[{\"name\":\"sheetSlot\",\"displayFrame\":[{},{\"value\":1},{\"value\":2},{\"value\":3},{\"value\":4},{\"value\":5},{\"value\":6},{\"value\":7},{\"value\":8},{\"value\":9},{\"value\":10}]}]}],\"defaultActions\":[{\"gotoAndPlay\":\"jinlongyu\"}]}]}"}