{"__type__":"dragonBones.DragonBonesAtlasAsset","_name":"shenhaifufengwang_tex","_atlasJson":"{\"SubTexture\":[{\"frameX\":-30,\"y\":252,\"frameY\":-14,\"frameWidth\":345,\"width\":303,\"frameHeight\":320,\"height\":221,\"name\":\"shenhaifufenwang_00002\",\"x\":604},{\"frameX\":-26,\"y\":1,\"frameY\":-53,\"frameWidth\":345,\"width\":280,\"frameHeight\":320,\"height\":249,\"name\":\"shenhaifufenwang_00009\",\"x\":606},{\"frameX\":-20,\"y\":684,\"frameY\":-88,\"frameWidth\":345,\"width\":256,\"frameHeight\":320,\"height\":205,\"name\":\"shenhaifufenwang_00007\",\"x\":1},{\"frameX\":-30,\"y\":241,\"frameY\":-25,\"frameWidth\":345,\"width\":298,\"frameHeight\":320,\"height\":233,\"name\":\"shenhaifufenwang_00000\",\"x\":304},{\"frameX\":-20,\"y\":475,\"frameY\":-87,\"frameWidth\":345,\"width\":290,\"frameHeight\":320,\"height\":220,\"name\":\"shenhaifufenwang_00005\",\"x\":604},{\"frameX\":-28,\"y\":1,\"frameY\":-22,\"frameWidth\":345,\"width\":301,\"frameHeight\":320,\"height\":242,\"name\":\"shenhaifufenwang_00003\",\"x\":1},{\"frameX\":-31,\"y\":476,\"frameY\":-14,\"frameWidth\":345,\"width\":306,\"frameHeight\":320,\"height\":206,\"name\":\"shenhaifufenwang_00001\",\"x\":1},{\"frameX\":-22,\"y\":245,\"frameY\":-76,\"frameWidth\":345,\"width\":266,\"frameHeight\":320,\"height\":224,\"name\":\"shenhaifufenwang_00008\",\"x\":1},{\"frameX\":-19,\"y\":476,\"frameY\":-89,\"frameWidth\":345,\"width\":270,\"frameHeight\":320,\"height\":206,\"name\":\"shenhaifufenwang_00006\",\"x\":309},{\"frameX\":-24,\"y\":1,\"frameY\":-58,\"frameWidth\":345,\"width\":300,\"frameHeight\":320,\"height\":238,\"name\":\"shenhaifufenwang_00004\",\"x\":304}],\"width\":1024,\"imagePath\":\"shenhaifufengwang_tex.png\",\"height\":1024,\"name\":\"shenhaifufengwang\"}","_texture":{"__uuid__":"94AXY9y6JH2ZeUkbY/ItAf"},"texture":{"__uuid__":"94AXY9y6JH2ZeUkbY/ItAf"}}