{"__type__":"dragonBones.DragonBonesAtlasAsset","_name":"kyby_paotai5_tex","_atlasJson":"{\"SubTexture\":[{\"frameY\":-14,\"y\":439,\"frameWidth\":53,\"frameX\":-11,\"frameHeight\":82,\"width\":30,\"height\":56,\"name\":\"pao0001\",\"x\":46},{\"frameY\":-6,\"y\":439,\"frameWidth\":53,\"frameX\":-4,\"frameHeight\":82,\"width\":43,\"height\":70,\"name\":\"pao0002\",\"x\":1},{\"frameY\":-24,\"y\":439,\"frameWidth\":53,\"frameX\":-16,\"frameHeight\":82,\"width\":22,\"height\":51,\"name\":\"pao0003\",\"x\":78},{\"frameY\":0,\"y\":1,\"frameWidth\":273,\"frameX\":-24,\"frameHeight\":436,\"width\":248,\"height\":436,\"name\":\"paotong\",\"x\":1},{\"frameY\":0,\"y\":371,\"frameWidth\":100,\"frameX\":-1,\"frameHeight\":118,\"width\":99,\"height\":118,\"name\":\"R-4\",\"x\":251},{\"width\":91,\"y\":223,\"height\":146,\"name\":\"R-3\",\"x\":344},{\"frameY\":0,\"y\":371,\"frameWidth\":99,\"frameX\":-1,\"frameHeight\":119,\"width\":97,\"height\":119,\"name\":\"L-4\",\"x\":352},{\"width\":91,\"y\":223,\"height\":146,\"name\":\"L-3_\",\"x\":251},{\"frameY\":0,\"y\":1,\"frameWidth\":225,\"frameX\":0,\"frameHeight\":220,\"width\":224,\"height\":220,\"name\":\"paoshen\",\"x\":251},{\"width\":59,\"y\":371,\"height\":76,\"name\":\"R-2\",\"x\":576},{\"width\":60,\"y\":371,\"height\":94,\"name\":\"R-1\",\"x\":514},{\"frameY\":0,\"y\":371,\"frameWidth\":59,\"frameX\":-1,\"frameHeight\":77,\"width\":58,\"height\":76,\"name\":\"L-2\",\"x\":637},{\"width\":61,\"y\":371,\"height\":95,\"name\":\"L-1\",\"x\":451}],\"width\":1024,\"imagePath\":\"kyby_paotai5_tex.png\",\"name\":\"kyby_paotai5\",\"height\":512}","_texture":{"__uuid__":"63Ox5lh7ZFVKSyBQZoF4qI"},"texture":{"__uuid__":"63Ox5lh7ZFVKSyBQZoF4qI"}}