{"__type__":"sp.SkeletonData","_name":"skeleton","_skeletonJson":{"skeleton":{"hash":"Ydr2yfQAPuNrucEpco07Fo0WUMY","spine":"3.6.53","width":202,"height":405},"bones":[{"name":"root"},{"name":"1.000","parent":"root","length":33.02,"rotation":1.59,"x":-2.27,"y":102.67},{"name":"arrow","parent":"root","length":14.34,"x":31.96,"y":60.74},{"name":"bg","parent":"root","length":60.95,"rotation":-0.67,"x":-6.04,"y":-39.64},{"name":"light","parent":"root","length":49.49,"rotation":1.66,"x":-0.3,"y":-108.47},{"name":"text-MC","parent":"root","length":30.11,"x":-18.23,"y":60.02}],"slots":[{"name":"bg","bone":"bg","attachment":"bg"},{"name":"arrow","bone":"arrow","attachment":"arrow"},{"name":"light","bone":"light","attachment":"light"},{"name":"text-MC","bone":"text-MC","attachment":"text-MC"},{"name":"1.000","bone":"1.000","attachment":"1.000"}],"skins":{"default":{"1.000":{"1.000":{"x":0.05,"y":1.83,"rotation":-1.59,"width":68,"height":30}},"arrow":{"arrow":{"x":2.56,"y":1.26,"width":26,"height":15}},"bg":{"bg":{"x":5.57,"y":39.71,"rotation":0.67,"width":202,"height":405}},"light":{"light":{"x":7.18,"y":4.41,"scaleX":1.152,"scaleY":1.152,"rotation":-1.66,"width":101,"height":107}},"text-MC":{"text-MC":{"x":2.15,"y":0.72,"width":58,"height":19}}}},"animations":{"animation":{"slots":{"arrow":{"color":[{"time":0,"color":"ffffffff","curve":"stepped"},{"time":6.8667,"color":"ffffffff"},{"time":7.0333,"color":"3e0f4fff"},{"time":7.2,"color":"ffffffff"},{"time":7.3667,"color":"3e0f4fff"},{"time":7.5333,"color":"ffffffff"}]},"light":{"color":[{"time":0,"color":"ffffffff","curve":"stepped"},{"time":7.8333,"color":"ffffffff"},{"time":8,"color":"3e0f4fff"},{"time":8.1667,"color":"ffffffff"},{"time":8.3333,"color":"3e0f4fff"},{"time":8.5,"color":"ffffffff","curve":"stepped"},{"time":9,"color":"ffffffff"}]},"text-MC":{"color":[{"time":0,"color":"ffffffff","curve":"stepped"},{"time":6,"color":"ffffffff"},{"time":6.1667,"color":"3e0f4fff"},{"time":6.3333,"color":"ffffffff"},{"time":6.5,"color":"3e0f4fff"},{"time":6.6667,"color":"ffffffff"}]}},"bones":{"1.000":{"translate":[{"time":0,"x":0,"y":3.67},{"time":1.8667,"x":0,"y":5.5}],"scale":[{"time":6,"x":1,"y":1},{"time":6.1333,"x":1.05,"y":1.05},{"time":6.2667,"x":1,"y":1},{"time":6.4,"x":1.05,"y":1.05},{"time":6.5333,"x":1,"y":1},{"time":6.6667,"x":1.05,"y":1.05},{"time":6.8,"x":1,"y":1}]}}}}},"_atlasText":"\nskeleton.png\nsize: 509,204\nformat: RGBA8888\nfilter: Linear,Linear\nrepeat: none\n1.000\n  rotate: false\n  xy: 407, 65\n  size: 68, 30\n  orig: 68, 30\n  offset: 0, 0\n  index: -1\narrow\n  rotate: false\n  xy: 476, 80\n  size: 26, 15\n  orig: 26, 15\n  offset: 0, 0\n  index: -1\nbg\n  rotate: true\n  xy: 1, 1\n  size: 202, 405\n  orig: 202, 405\n  offset: 0, 0\n  index: -1\nlight\n  rotate: false\n  xy: 407, 96\n  size: 101, 107\n  orig: 101, 107\n  offset: 0, 0\n  index: -1\ntext-MC\n  rotate: false\n  xy: 407, 45\n  size: 58, 19\n  orig: 58, 19\n  offset: 0, 0\n  index: -1\n","textures":[{"__uuid__":"7cpUtINghODZzaTUNrkJ6n"}],"textureNames":["skeleton.png"]}