[{"__type__":"cc.SpriteFrame","content":{"name":"font_congtien","texture":"b8O1n7fHxGMaaMW6lEthOE","rect":[0,0,312,321],"offset":[-0.5,0.5],"originalSize":[313,322],"capInsets":[0,0,0,0]}},{"__type__":"cc.BitmapFont","_name":"font_congtien","spriteFrame":{"__uuid__":"1cPQRIlytGz6raleScOH68"},"fontSize":32,"_fntConfig":{"commonHeight":80,"fontSize":32,"atlasName":"font_congtien.png","fontDefDictionary":{"9":{"rect":{"x":0,"y":0,"width":0,"height":0},"xOffset":0,"yOffset":0,"xAdvance":160},"32":{"rect":{"x":0,"y":0,"width":0,"height":0},"xOffset":0,"yOffset":0,"xAdvance":20},"33":{"rect":{"x":277,"y":85,"width":16,"height":37},"xOffset":0,"yOffset":43,"xAdvance":12},"34":{"rect":{"x":219,"y":300,"width":20,"height":21},"xOffset":0,"yOffset":43,"xAdvance":16},"35":{"rect":{"x":115,"y":0,"width":29,"height":36},"xOffset":0,"yOffset":44,"xAdvance":25},"36":{"rect":{"x":225,"y":216,"width":26,"height":45},"xOffset":0,"yOffset":39,"xAdvance":22},"37":{"rect":{"x":0,"y":268,"width":37,"height":39},"xOffset":0,"yOffset":42,"xAdvance":33},"38":{"rect":{"x":47,"y":0,"width":34,"height":37},"xOffset":0,"yOffset":43,"xAdvance":30},"39":{"rect":{"x":276,"y":171,"width":13,"height":21},"xOffset":0,"yOffset":43,"xAdvance":9},"40":{"rect":{"x":295,"y":88,"width":16,"height":47},"xOffset":0,"yOffset":40,"xAdvance":12},"41":{"rect":{"x":294,"y":273,"width":16,"height":47},"xOffset":0,"yOffset":40,"xAdvance":12},"42":{"rect":{"x":198,"y":300,"width":20,"height":21},"xOffset":0,"yOffset":43,"xAdvance":16},"43":{"rect":{"x":169,"y":268,"width":28,"height":28},"xOffset":0,"yOffset":52,"xAdvance":24},"44":{"rect":{"x":203,"y":48,"width":17,"height":21},"xOffset":0,"yOffset":65,"xAdvance":13},"45":{"rect":{"x":28,"y":308,"width":18,"height":13},"xOffset":0,"yOffset":57,"xAdvance":14},"46":{"rect":{"x":64,"y":304,"width":15,"height":15},"xOffset":0,"yOffset":65,"xAdvance":11},"47":{"rect":{"x":203,"y":0,"width":26,"height":47},"xOffset":0,"yOffset":39,"xAdvance":22},"48":{"rect":{"x":141,"y":76,"width":29,"height":37},"xOffset":0,"yOffset":43,"xAdvance":25},"49":{"rect":{"x":275,"y":273,"width":18,"height":37},"xOffset":0,"yOffset":43,"xAdvance":14},"50":{"rect":{"x":198,"y":140,"width":27,"height":37},"xOffset":0,"yOffset":43,"xAdvance":23},"51":{"rect":{"x":175,"y":0,"width":27,"height":37},"xOffset":0,"yOffset":43,"xAdvance":23},"52":{"rect":{"x":140,"y":114,"width":29,"height":37},"xOffset":0,"yOffset":43,"xAdvance":25},"53":{"rect":{"x":171,"y":76,"width":27,"height":37},"xOffset":0,"yOffset":43,"xAdvance":23},"54":{"rect":{"x":115,"y":37,"width":29,"height":38},"xOffset":0,"yOffset":42,"xAdvance":25},"55":{"rect":{"x":109,"y":190,"width":29,"height":37},"xOffset":0,"yOffset":43,"xAdvance":25},"56":{"rect":{"x":198,"y":178,"width":27,"height":37},"xOffset":0,"yOffset":43,"xAdvance":23},"57":{"rect":{"x":169,"y":229,"width":28,"height":38},"xOffset":0,"yOffset":43,"xAdvance":24},"58":{"rect":{"x":279,"y":0,"width":15,"height":28},"xOffset":0,"yOffset":52,"xAdvance":11},"59":{"rect":{"x":275,"y":238,"width":19,"height":34},"xOffset":0,"yOffset":52,"xAdvance":15},"60":{"rect":{"x":169,"y":175,"width":28,"height":26},"xOffset":0,"yOffset":53,"xAdvance":24},"61":{"rect":{"x":168,"y":152,"width":28,"height":22},"xOffset":0,"yOffset":55,"xAdvance":24},"62":{"rect":{"x":169,"y":202,"width":28,"height":26},"xOffset":0,"yOffset":53,"xAdvance":24},"63":{"rect":{"x":252,"y":86,"width":24,"height":37},"xOffset":0,"yOffset":43,"xAdvance":20},"64":{"rect":{"x":38,"y":190,"width":36,"height":37},"xOffset":0,"yOffset":43,"xAdvance":32},"65":{"rect":{"x":38,"y":228,"width":35,"height":37},"xOffset":0,"yOffset":43,"xAdvance":31},"66":{"rect":{"x":226,"y":48,"width":26,"height":37},"xOffset":0,"yOffset":43,"xAdvance":22},"67":{"rect":{"x":145,"y":0,"width":29,"height":37},"xOffset":0,"yOffset":43,"xAdvance":25},"68":{"rect":{"x":107,"y":152,"width":30,"height":37},"xOffset":0,"yOffset":43,"xAdvance":26},"69":{"rect":{"x":252,"y":124,"width":23,"height":37},"xOffset":0,"yOffset":43,"xAdvance":19},"70":{"rect":{"x":252,"y":200,"width":22,"height":37},"xOffset":0,"yOffset":43,"xAdvance":18},"71":{"rect":{"x":38,"y":266,"width":35,"height":37},"xOffset":0,"yOffset":43,"xAdvance":31},"72":{"rect":{"x":139,"y":190,"width":29,"height":37},"xOffset":0,"yOffset":43,"xAdvance":25},"73":{"rect":{"x":298,"y":178,"width":14,"height":37},"xOffset":0,"yOffset":43,"xAdvance":10},"74":{"rect":{"x":252,"y":276,"width":22,"height":37},"xOffset":0,"yOffset":43,"xAdvance":18},"75":{"rect":{"x":109,"y":114,"width":30,"height":37},"xOffset":0,"yOffset":43,"xAdvance":26},"76":{"rect":{"x":253,"y":38,"width":22,"height":37},"xOffset":0,"yOffset":43,"xAdvance":18},"77":{"rect":{"x":0,"y":76,"width":39,"height":37},"xOffset":0,"yOffset":43,"xAdvance":35},"78":{"rect":{"x":74,"y":266,"width":33,"height":37},"xOffset":0,"yOffset":43,"xAdvance":29},"79":{"rect":{"x":38,"y":152,"width":37,"height":37},"xOffset":0,"yOffset":43,"xAdvance":33},"80":{"rect":{"x":230,"y":0,"width":25,"height":37},"xOffset":0,"yOffset":43,"xAdvance":21},"81":{"rect":{"x":0,"y":191,"width":37,"height":38},"xOffset":0,"yOffset":43,"xAdvance":33},"82":{"rect":{"x":175,"y":38,"width":27,"height":37},"xOffset":0,"yOffset":43,"xAdvance":23},"83":{"rect":{"x":199,"y":76,"width":26,"height":37},"xOffset":0,"yOffset":43,"xAdvance":22},"84":{"rect":{"x":226,"y":124,"width":25,"height":37},"xOffset":0,"yOffset":43,"xAdvance":21},"85":{"rect":{"x":110,"y":76,"width":30,"height":37},"xOffset":0,"yOffset":43,"xAdvance":26},"86":{"rect":{"x":76,"y":76,"width":33,"height":37},"xOffset":0,"yOffset":43,"xAdvance":29},"87":{"rect":{"x":0,"y":38,"width":46,"height":37},"xOffset":0,"yOffset":43,"xAdvance":42},"88":{"rect":{"x":81,"y":38,"width":33,"height":37},"xOffset":0,"yOffset":43,"xAdvance":29},"89":{"rect":{"x":82,"y":0,"width":32,"height":37},"xOffset":0,"yOffset":43,"xAdvance":28},"90":{"rect":{"x":139,"y":228,"width":29,"height":37},"xOffset":0,"yOffset":43,"xAdvance":25},"91":{"rect":{"x":295,"y":44,"width":16,"height":43},"xOffset":0,"yOffset":40,"xAdvance":12},"92":{"rect":{"x":198,"y":216,"width":26,"height":41},"xOffset":0,"yOffset":39,"xAdvance":22},"93":{"rect":{"x":295,"y":0,"width":16,"height":43},"xOffset":0,"yOffset":40,"xAdvance":12},"94":{"rect":{"x":198,"y":114,"width":27,"height":25},"xOffset":0,"yOffset":43,"xAdvance":23},"95":{"rect":{"x":0,"y":308,"width":27,"height":12},"xOffset":0,"yOffset":75,"xAdvance":23},"96":{"rect":{"x":47,"y":304,"width":16,"height":16},"xOffset":0,"yOffset":43,"xAdvance":12},"97":{"rect":{"x":40,"y":76,"width":35,"height":37},"xOffset":0,"yOffset":43,"xAdvance":31},"98":{"rect":{"x":198,"y":258,"width":26,"height":37},"xOffset":0,"yOffset":43,"xAdvance":22},"99":{"rect":{"x":145,"y":38,"width":29,"height":37},"xOffset":0,"yOffset":43,"xAdvance":25},"100":{"rect":{"x":108,"y":266,"width":30,"height":37},"xOffset":0,"yOffset":43,"xAdvance":26},"101":{"rect":{"x":252,"y":162,"width":23,"height":37},"xOffset":0,"yOffset":43,"xAdvance":19},"102":{"rect":{"x":252,"y":238,"width":22,"height":37},"xOffset":0,"yOffset":43,"xAdvance":18},"103":{"rect":{"x":40,"y":114,"width":35,"height":37},"xOffset":0,"yOffset":43,"xAdvance":31},"104":{"rect":{"x":139,"y":266,"width":29,"height":37},"xOffset":0,"yOffset":43,"xAdvance":25},"105":{"rect":{"x":298,"y":216,"width":14,"height":37},"xOffset":0,"yOffset":43,"xAdvance":10},"106":{"rect":{"x":256,"y":0,"width":22,"height":37},"xOffset":0,"yOffset":43,"xAdvance":18},"107":{"rect":{"x":76,"y":152,"width":30,"height":37},"xOffset":0,"yOffset":43,"xAdvance":26},"108":{"rect":{"x":275,"y":200,"width":22,"height":37},"xOffset":0,"yOffset":43,"xAdvance":18},"109":{"rect":{"x":0,"y":114,"width":39,"height":37},"xOffset":0,"yOffset":43,"xAdvance":35},"110":{"rect":{"x":75,"y":190,"width":33,"height":37},"xOffset":0,"yOffset":43,"xAdvance":29},"111":{"rect":{"x":0,"y":230,"width":37,"height":37},"xOffset":0,"yOffset":43,"xAdvance":33},"112":{"rect":{"x":226,"y":162,"width":25,"height":37},"xOffset":0,"yOffset":43,"xAdvance":21},"113":{"rect":{"x":0,"y":152,"width":37,"height":38},"xOffset":0,"yOffset":43,"xAdvance":33},"114":{"rect":{"x":170,"y":114,"width":27,"height":37},"xOffset":0,"yOffset":43,"xAdvance":23},"115":{"rect":{"x":225,"y":262,"width":26,"height":37},"xOffset":0,"yOffset":43,"xAdvance":22},"116":{"rect":{"x":226,"y":86,"width":25,"height":37},"xOffset":0,"yOffset":43,"xAdvance":21},"117":{"rect":{"x":108,"y":228,"width":30,"height":37},"xOffset":0,"yOffset":43,"xAdvance":26},"118":{"rect":{"x":47,"y":38,"width":33,"height":37},"xOffset":0,"yOffset":43,"xAdvance":29},"119":{"rect":{"x":0,"y":0,"width":46,"height":37},"xOffset":0,"yOffset":43,"xAdvance":42},"120":{"rect":{"x":74,"y":228,"width":33,"height":37},"xOffset":0,"yOffset":43,"xAdvance":29},"121":{"rect":{"x":76,"y":114,"width":32,"height":37},"xOffset":0,"yOffset":43,"xAdvance":28},"122":{"rect":{"x":138,"y":152,"width":29,"height":37},"xOffset":0,"yOffset":43,"xAdvance":25},"123":{"rect":{"x":276,"y":38,"width":18,"height":46},"xOffset":0,"yOffset":40,"xAdvance":14},"124":{"rect":{"x":295,"y":136,"width":14,"height":41},"xOffset":0,"yOffset":39,"xAdvance":10},"125":{"rect":{"x":276,"y":124,"width":18,"height":46},"xOffset":0,"yOffset":40,"xAdvance":14},"126":{"rect":{"x":169,"y":297,"width":28,"height":18},"xOffset":0,"yOffset":57,"xAdvance":24}},"kerningDict":{}}}]