{"__type__":"dragonBones.DragonBonesAtlasAsset","_name":"kyby_zidan5-hit_tex","_atlasJson":"{\"width\":2048,\"imagePath\":\"kyby_zidan5-hit_tex.png\",\"height\":1024,\"name\":\"kyby_zidan5-hit\",\"SubTexture\":[{\"frameHeight\":307,\"y\":1,\"frameX\":-12,\"width\":283,\"frameY\":-15,\"height\":282,\"name\":\"出图_14\",\"frameWidth\":306,\"x\":884},{\"frameHeight\":307,\"y\":597,\"frameX\":-12,\"width\":279,\"frameY\":-15,\"height\":279,\"name\":\"出图_15\",\"frameWidth\":306,\"x\":597},{\"frameHeight\":307,\"y\":865,\"frameX\":-71,\"width\":164,\"frameY\":-59,\"height\":158,\"name\":\"出图_23\",\"frameWidth\":306,\"x\":878},{\"frameHeight\":307,\"y\":561,\"frameX\":-58,\"width\":199,\"frameY\":-21,\"height\":217,\"name\":\"出图_20\",\"frameWidth\":306,\"x\":1158},{\"frameHeight\":307,\"y\":878,\"frameX\":-89,\"width\":124,\"frameY\":-86,\"height\":110,\"name\":\"出图_25\",\"frameWidth\":306,\"x\":742},{\"frameHeight\":307,\"y\":1,\"frameX\":0,\"width\":306,\"frameY\":-1,\"height\":306,\"name\":\"出图_08\",\"frameWidth\":306,\"x\":1},{\"frameHeight\":307,\"y\":1,\"frameX\":-28,\"width\":267,\"frameY\":-13,\"height\":262,\"name\":\"出图_19\",\"frameWidth\":306,\"x\":1169},{\"frameHeight\":307,\"y\":878,\"frameX\":-208,\"width\":5,\"frameY\":-184,\"height\":10,\"name\":\"出图_26\",\"frameWidth\":306,\"x\":868},{\"frameHeight\":307,\"y\":309,\"frameX\":-10,\"width\":296,\"frameY\":-12,\"height\":286,\"name\":\"出图_07\",\"frameWidth\":306,\"x\":300},{\"frameHeight\":307,\"y\":1,\"frameX\":-10,\"width\":285,\"frameY\":-12,\"height\":295,\"name\":\"出图_11\",\"frameWidth\":306,\"x\":597},{\"frameHeight\":307,\"y\":298,\"frameX\":-10,\"width\":289,\"frameY\":-11,\"height\":287,\"name\":\"出图_12\",\"frameWidth\":306,\"x\":598},{\"frameHeight\":307,\"y\":285,\"frameX\":-23,\"width\":260,\"frameY\":-13,\"height\":274,\"name\":\"出图_18\",\"frameWidth\":306,\"x\":1153},{\"frameHeight\":307,\"y\":616,\"frameX\":-10,\"width\":296,\"frameY\":-12,\"height\":286,\"name\":\"出图_06\",\"frameWidth\":306,\"x\":299},{\"frameHeight\":307,\"y\":285,\"frameX\":-23,\"width\":262,\"frameY\":-12,\"height\":278,\"name\":\"出图_17\",\"frameWidth\":306,\"x\":889},{\"frameHeight\":307,\"y\":309,\"frameX\":-9,\"width\":297,\"frameY\":-2,\"height\":305,\"name\":\"出图_10\",\"frameWidth\":306,\"x\":1},{\"frameHeight\":307,\"y\":780,\"frameX\":-58,\"width\":188,\"frameY\":-39,\"height\":184,\"name\":\"出图_22\",\"frameWidth\":306,\"x\":1352},{\"frameHeight\":307,\"y\":616,\"frameX\":-10,\"width\":296,\"frameY\":-3,\"height\":304,\"name\":\"出图_09\",\"frameWidth\":306,\"x\":1},{\"frameHeight\":307,\"y\":1,\"frameX\":-10,\"width\":285,\"frameY\":-12,\"height\":286,\"name\":\"出图_13\",\"frameWidth\":306,\"x\":309},{\"frameHeight\":307,\"y\":587,\"frameX\":-17,\"width\":278,\"frameY\":-14,\"height\":276,\"name\":\"出图_16\",\"frameWidth\":306,\"x\":878},{\"frameHeight\":307,\"y\":878,\"frameX\":-88,\"width\":143,\"frameY\":-79,\"height\":132,\"name\":\"出图_24\",\"frameWidth\":306,\"x\":597},{\"frameHeight\":307,\"y\":780,\"frameX\":-62,\"width\":192,\"frameY\":-34,\"height\":198,\"name\":\"出图_21\",\"frameWidth\":306,\"x\":1158}]}","_texture":{"__uuid__":"099Eqd4ZFPy5/JOm9cq+CQ"},"texture":{"__uuid__":"099Eqd4ZFPy5/JOm9cq+CQ"}}