[{"__type__":"cc.SpriteFrame","content":{"name":"line20","texture":"33Tn/1fwpBJYWAb4c8l5ua","rect":[1,1189,769,295],"offset":[0,0],"originalSize":[769,295],"capInsets":[0,0,0,0]}},{"__type__":"cc.SpriteFrame","content":{"name":"line25","texture":"33Tn/1fwpBJYWAb4c8l5ua","rect":[774,498,766,295],"offset":[0,0],"originalSize":[766,295],"capInsets":[0,0,0,0]}},{"__type__":"cc.SpriteFrame","content":{"name":"line18","texture":"33Tn/1fwpBJYWAb4c8l5ua","rect":[774,795,765,295],"offset":[0,0],"originalSize":[765,295],"capInsets":[0,0,0,0]}},{"__type__":"cc.SpriteAtlas","_name":"lines-0.plist","_spriteFrames":{"line04":{"__uuid__":"ebNJaXEhdPdJ21VKYCToyD"},"line05":{"__uuid__":"9bT7yFjq5DWarLautGOfQz"},"line07":{"__uuid__":"64jwmtzY5CNofqCBfbcZcj"},"line08":{"__uuid__":"8aoorlkRhI57a5+igQtOx/"},"line09":{"__uuid__":"87i9zqXPFOcoepkbB4BvJA"},"line10":{"__uuid__":"98BvvC4xpN8I3sRaYClUuX"},"line17":{"__uuid__":"ffKm8InO1Cs4wDSd8ug3+1"},"line18":{"__uuid__":"2ftKSEMDtP+6b/yuhuSU3w"},"line19":{"__uuid__":"ab8W826CxLXpLIFeHNA/wC"},"line20":{"__uuid__":"11imbfRc1LWaVn30LLkX7E"},"line21":{"__uuid__":"52t/SrpSdDuoptqqp755lu"},"line22":{"__uuid__":"5fuote1NRLFLgvQE8UI1Wz"},"line23":{"__uuid__":"914abbSvRN0K8obUyO8bLp"},"line25":{"__uuid__":"2c+qTRVYJAo5XGfRVjgyf7"}}},{"__type__":"cc.SpriteFrame","content":{"name":"line21","texture":"33Tn/1fwpBJYWAb4c8l5ua","rect":[1,595,771,295],"offset":[0,0],"originalSize":[771,295],"capInsets":[0,0,0,0]}},{"__type__":"cc.SpriteFrame","content":{"name":"line22","texture":"33Tn/1fwpBJYWAb4c8l5ua","rect":[772,1387,765,293],"offset":[0,0],"originalSize":[765,293],"capInsets":[0,0,0,0]}},{"__type__":"cc.SpriteFrame","content":{"name":"line07","texture":"33Tn/1fwpBJYWAb4c8l5ua","rect":[1,1783,773,176],"offset":[0,0],"originalSize":[773,176],"capInsets":[0,0,0,0]}},{"__type__":"cc.SpriteFrame","content":{"name":"line09","texture":"33Tn/1fwpBJYWAb4c8l5ua","rect":[1,298,771,295],"offset":[0,0],"originalSize":[771,295],"capInsets":[0,0,0,0]}},{"__type__":"cc.SpriteFrame","content":{"name":"line08","texture":"33Tn/1fwpBJYWAb4c8l5ua","rect":[1,1,771,295],"offset":[0,0],"originalSize":[771,295],"capInsets":[0,0,0,0]}},{"__type__":"cc.SpriteFrame","content":{"name":"line23","texture":"33Tn/1fwpBJYWAb4c8l5ua","rect":[1,892,770,295],"offset":[0,0],"originalSize":[770,295],"capInsets":[0,0,0,0]}},{"__type__":"cc.SpriteFrame","content":{"name":"line10","texture":"33Tn/1fwpBJYWAb4c8l5ua","rect":[773,1092,769,293],"offset":[0,0],"originalSize":[769,293],"capInsets":[0,0,0,0]}},{"__type__":"cc.SpriteFrame","content":{"name":"line05","texture":"33Tn/1fwpBJYWAb4c8l5ua","rect":[774,199,766,297],"offset":[0,0],"originalSize":[766,297],"capInsets":[0,0,0,0]}},{"__type__":"cc.SpriteFrame","content":{"name":"line19","texture":"33Tn/1fwpBJYWAb4c8l5ua","rect":[776,1682,764,295],"offset":[0,0],"originalSize":[764,295],"capInsets":[0,0,0,0]}},{"__type__":"cc.SpriteFrame","content":{"name":"line04","texture":"33Tn/1fwpBJYWAb4c8l5ua","rect":[1,1486,767,295],"offset":[0,0],"originalSize":[767,295],"capInsets":[0,0,0,0]}},{"__type__":"cc.SpriteFrame","content":{"name":"line17","texture":"33Tn/1fwpBJYWAb4c8l5ua","rect":[774,1,768,196],"offset":[0,0],"originalSize":[768,196],"capInsets":[0,0,0,0]}}]