[{"__type__":"cc.SpriteFrame","content":{"name":"x2","texture":"3aqMDt+TBLJKgprVNy3IRs","rect":[543,348,178,190],"offset":[0,0],"originalSize":[178,190],"capInsets":[0,0,0,0]}},{"__type__":"cc.SpriteFrame","content":{"name":"win","texture":"3aqMDt+TBLJKgprVNy3IRs","rect":[316,388,226,216],"offset":[0,0],"originalSize":[226,216],"capInsets":[0,0,0,0]}},{"__type__":"cc.SpriteFrame","content":{"name":"BTNX2DISABLE","texture":"3aqMDt+TBLJKgprVNy3IRs","rect":[443,878,114,72],"offset":[0,0],"originalSize":[114,72],"capInsets":[0,0,0,0]}},{"__type__":"cc.SpriteFrame","content":{"name":"popupbangthuong","texture":"3aqMDt+TBLJKgprVNy3IRs","rect":[0,68,355,64],"offset":[0,0],"originalSize":[355,64],"capInsets":[0,0,0,0]}},{"__type__":"cc.SpriteFrame","content":{"name":"khaytien","texture":"3aqMDt+TBLJKgprVNy3IRs","rect":[0,0,489,67],"offset":[0,0],"originalSize":[489,67],"capInsets":[0,0,0,0]}},{"__type__":"cc.SpriteFrame","content":{"name":"top_left","texture":"3aqMDt+TBLJKgprVNy3IRs","rect":[725,97,86,36],"offset":[0,0],"originalSize":[86,36],"capInsets":[0,0,0,0]}},{"__type__":"cc.SpriteFrame","content":{"name":"hom3","texture":"3aqMDt+TBLJKgprVNy3IRs","rect":[356,68,185,185],"offset":[0,0],"originalSize":[185,185],"capInsets":[0,0,0,0]}},{"__type__":"cc.SpriteFrame","content":{"name":"top_right","texture":"3aqMDt+TBLJKgprVNy3IRs","rect":[725,134,83,32],"offset":[0,0],"originalSize":[83,32],"capInsets":[0,0,0,0]}},{"__type__":"cc.SpriteFrame","content":{"name":"btnmuccuoc","texture":"3aqMDt+TBLJKgprVNy3IRs","rect":[447,792,176,85],"offset":[0,0],"originalSize":[176,85],"capInsets":[0,0,0,0]}},{"__type__":"cc.SpriteFrame","content":{"name":"popuppaginate2","texture":"3aqMDt+TBLJKgprVNy3IRs","rect":[785,888,49,49],"offset":[0,0],"originalSize":[49,49],"capInsets":[0,0,0,0]}},{"__type__":"cc.SpriteAtlas","_name":"aladdin_main.plist","_spriteFrames":{"btnmainmusicmute":{"__uuid__":"f7DCWX3J1Ek4f8gAL+YmuR"},"btnmainhu":{"__uuid__":"3ez2qZ6KxBLJ5334hONst2"},"popupbangthuong":{"__uuid__":"09/x4Z3PFD4a494Ss9zR7j"},"tiencuoc":{"__uuid__":"5fHGK6fCRI8oM0ClgeUkiU"},"popuppaginate3":{"__uuid__":"d1tsFwVxpL3KoG1KORKfXE"},"btnmainlichsu":{"__uuid__":"86O6LE/lhCOIdPak45x2YK"},"top_right":{"__uuid__":"21Z8WXLlxDv48TVRtxeN4X"},"hom2":{"__uuid__":"9d5PuFPyNPoI3psMoEUdyy"},"x2":{"__uuid__":"05NFTxzs5IeJv4kHM4T93T"},"menudropdown":{"__uuid__":"71zDGM0JtOWoEyIutdzD5Y"},"btnmainnoti":{"__uuid__":"740oHO3BpHEIMDRSGTYY5h"},"btnmainmusic":{"__uuid__":"d11eLVQlhImrowZ3mZ4frP"},"btnmainhuongdan":{"__uuid__":"5cOpVpf3lOuKqmMEkGDKYj"},"khaytien":{"__uuid__":"0eiyW1QQBMFLQZbSEd2Ux+"},"BTNAUTO":{"__uuid__":"d6SyEI2vlDX4Xp0w/NRICc"},"BTNX2DISABLE":{"__uuid__":"09pp11lI1Pib0aSHElxRlZ"},"btnquay":{"__uuid__":"98P5is7C1F5a9dbPdHOV0d"},"tiennhan":{"__uuid__":"59CcSi2i1Oh4Rfn9zAkh+m"},"hom3":{"__uuid__":"1aFjm+FIFNaa9P/amI2qUR"},"khaytienuser":{"__uuid__":"6fGzIMoK5I1JqMHmbzyMZs"},"popuppaginate1":{"__uuid__":"b2CTIicy5KsLhIqIEMov9F"},"btntieptuc":{"__uuid__":"a6l5L3cqpIEqKnw9D4Dr9L"},"top_left":{"__uuid__":"19KCXoet9BE6qMGbkNOtum"},"text_tongcuoc":{"__uuid__":"fb/HB9KypNz5DtapHXKFID"},"BTNTHOAT":{"__uuid__":"d0gxBGtYxO4bCBYsKqAIV8"},"btnclose":{"__uuid__":"419poUnMtJeKv0Hktdx0pi"},"btn_choithu":{"__uuid__":"46DPd1A/tLnL836ykOxC7H"},"text_tongthang":{"__uuid__":"76aQS9eKhK1ZE6MPXRcKPD"},"freespin":{"__uuid__":"99a9tzs7hOXI6qfKVG0yb0"},"btnmuccuoc":{"__uuid__":"23iEMxfFpIE6nfZqIle3xK"},"text_muccuoc":{"__uuid__":"a1JgliUF9F2Y+1jdu2r3OM"},"pandajackpot":{"__uuid__":"51vICiqERJTrWU9Jm46D+5"},"win":{"__uuid__":"05vOmgSYZNbY5Q5pnAPX+l"},"SWITCH":{"__uuid__":"e62T9sM2dDl6L307eiHRlZ"},"LOSE":{"__uuid__":"5cTjXWWVxFjoNZobQAWdpX"},"popuplichsu":{"__uuid__":"f5uA0lRclM47arhuwOHiVb"},"btnmain":{"__uuid__":"88Jx6aof9I56vcnwbWjZoR"},"BTNX2":{"__uuid__":"68WrI4NFNEUrKp7mWLOtiO"},"btnmainnotimute":{"__uuid__":"59aNAJ77NOxK03Kiyqz4uj"},"popuppaginate2":{"__uuid__":"28KVtPUSJIQoyngyXRHRNp"},"homnen":{"__uuid__":"cb6n6ZMe5GRJi/BHQW8aPn"},"text_dongcuoc":{"__uuid__":"fbE0EA9kVL15+A03/rALIO"},"btndungchoi":{"__uuid__":"f6ybK85OBJTK5H51JBEpf+"},"BTNAUTODISABLE":{"__uuid__":"60vDxw+r1NprDCZVEFbDlr"},"line_panda":{"__uuid__":"94fBZMw1xBxKBbPGL02HPZ"},"popupvinhdanh":{"__uuid__":"e0xd8L23ZHyqvNfN/5fn5M"},"hom1":{"__uuid__":"98o3YMHExMgLGYBsEQ/uvt"},"pandamaster":{"__uuid__":"8dOkgt4q5IJ6jolRxxIbUe"},"btn_choithat":{"__uuid__":"67MOTVJkBJoZTsQvcfCwVp"}}},{"__type__":"cc.SpriteFrame","content":{"name":"btnmainhu","texture":"3aqMDt+TBLJKgprVNy3IRs","rect":[722,444,92,75],"offset":[0,0],"originalSize":[92,75],"capInsets":[0,0,0,0]}},{"__type__":"cc.SpriteFrame","content":{"name":"btnclose","texture":"3aqMDt+TBLJKgprVNy3IRs","rect":[558,878,63,63],"offset":[0,0],"originalSize":[63,63],"capInsets":[0,0,0,0]}},{"__type__":"cc.SpriteFrame","content":{"name":"btn_choithu","texture":"3aqMDt+TBLJKgprVNy3IRs","rect":[722,296,121,111],"offset":[0,0],"originalSize":[121,111],"capInsets":[0,0,0,0]}},{"__type__":"cc.SpriteFrame","content":{"name":"pandajackpot","texture":"3aqMDt+TBLJKgprVNy3IRs","rect":[0,327,319,60],"offset":[0,0],"originalSize":[319,60],"capInsets":[0,0,0,0]}},{"__type__":"cc.SpriteFrame","content":{"name":"tiennhan","texture":"3aqMDt+TBLJKgprVNy3IRs","rect":[0,536,315,147],"offset":[0,0],"originalSize":[315,147],"capInsets":[0,0,0,0]}},{"__type__":"cc.SpriteFrame","content":{"name":"btnmainnotimute","texture":"3aqMDt+TBLJKgprVNy3IRs","rect":[852,173,75,74],"offset":[0,0],"originalSize":[75,74],"capInsets":[0,0,0,0]}},{"__type__":"cc.SpriteFrame","content":{"name":"btnmainhuongdan","texture":"3aqMDt+TBLJKgprVNy3IRs","rect":[815,0,75,74],"offset":[0,0],"originalSize":[75,74],"capInsets":[0,0,0,0]}},{"__type__":"cc.SpriteFrame","content":{"name":"LOSE","texture":"3aqMDt+TBLJKgprVNy3IRs","rect":[316,605,145,58],"offset":[0,0],"originalSize":[145,58],"capInsets":[0,0,0,0]}},{"__type__":"cc.SpriteFrame","content":{"name":"tiencuoc","texture":"3aqMDt+TBLJKgprVNy3IRs","rect":[0,388,315,147],"offset":[0,0],"originalSize":[315,147],"capInsets":[0,0,0,0]}},{"__type__":"cc.SpriteFrame","content":{"name":"BTNAUTODISABLE","texture":"3aqMDt+TBLJKgprVNy3IRs","rect":[669,539,160,158],"offset":[0,0],"originalSize":[160,158],"capInsets":[0,0,0,0]}},{"__type__":"cc.SpriteFrame","content":{"name":"btn_choithat","texture":"3aqMDt+TBLJKgprVNy3IRs","rect":[719,175,132,120],"offset":[0,0],"originalSize":[132,120],"capInsets":[0,0,0,0]}},{"__type__":"cc.SpriteFrame","content":{"name":"BTNX2","texture":"3aqMDt+TBLJKgprVNy3IRs","rect":[669,698,146,92],"offset":[0,0],"originalSize":[146,92],"capInsets":[0,0,0,0]}},{"__type__":"cc.SpriteFrame","content":{"name":"khaytienuser","texture":"3aqMDt+TBLJKgprVNy3IRs","rect":[251,870,191,45],"offset":[0,0],"originalSize":[191,45],"capInsets":[0,0,0,0]}},{"__type__":"cc.SpriteFrame","content":{"name":"menudropdown","texture":"3aqMDt+TBLJKgprVNy3IRs","rect":[830,408,103,404],"offset":[0,0],"originalSize":[103,404],"capInsets":[0,0,0,0]}},{"__type__":"cc.SpriteFrame","content":{"name":"btnmainnoti","texture":"3aqMDt+TBLJKgprVNy3IRs","rect":[844,296,75,74],"offset":[0,0],"originalSize":[75,74],"capInsets":[0,0,0,0]}},{"__type__":"cc.SpriteFrame","content":{"name":"text_tongthang","texture":"3aqMDt+TBLJKgprVNy3IRs","rect":[320,348,107,28],"offset":[0,0],"originalSize":[107,28],"capInsets":[0,0,0,0]}},{"__type__":"cc.SpriteFrame","content":{"name":"btnmainlichsu","texture":"3aqMDt+TBLJKgprVNy3IRs","rect":[812,97,75,75],"offset":[0,0],"originalSize":[75,75],"capInsets":[0,0,0,0]}},{"__type__":"cc.SpriteFrame","content":{"name":"btnmain","texture":"3aqMDt+TBLJKgprVNy3IRs","rect":[725,0,89,96],"offset":[0,0],"originalSize":[89,96],"capInsets":[0,0,0,0]}},{"__type__":"cc.SpriteFrame","content":{"name":"pandamaster","texture":"3aqMDt+TBLJKgprVNy3IRs","rect":[0,263,352,63],"offset":[0,0],"originalSize":[352,63],"capInsets":[0,0,0,0]}},{"__type__":"cc.SpriteFrame","content":{"name":"line_panda","texture":"3aqMDt+TBLJKgprVNy3IRs","rect":[251,916,132,23],"offset":[0,0],"originalSize":[132,23],"capInsets":[0,0,0,0]}},{"__type__":"cc.SpriteFrame","content":{"name":"btnquay","texture":"3aqMDt+TBLJKgprVNy3IRs","rect":[485,605,183,186],"offset":[0,0],"originalSize":[183,186],"capInsets":[0,0,0,0]}},{"__type__":"cc.SpriteFrame","content":{"name":"hom1","texture":"3aqMDt+TBLJKgprVNy3IRs","rect":[548,175,170,164],"offset":[0,-1],"originalSize":[170,164],"capInsets":[0,0,0,0]}},{"__type__":"cc.SpriteFrame","content":{"name":"freespin","texture":"3aqMDt+TBLJKgprVNy3IRs","rect":[251,684,233,100],"offset":[0,0],"originalSize":[233,100],"capInsets":[0,0,0,0]}},{"__type__":"cc.SpriteFrame","content":{"name":"hom2","texture":"3aqMDt+TBLJKgprVNy3IRs","rect":[542,0,182,174],"offset":[0,0],"originalSize":[182,174],"capInsets":[0,0,0,0]}},{"__type__":"cc.SpriteFrame","content":{"name":"text_muccuoc","texture":"3aqMDt+TBLJKgprVNy3IRs","rect":[543,571,93,28],"offset":[0,0],"originalSize":[93,28],"capInsets":[0,0,0,0]}},{"__type__":"cc.SpriteFrame","content":{"name":"btntieptuc","texture":"3aqMDt+TBLJKgprVNy3IRs","rect":[251,785,195,84],"offset":[0,0],"originalSize":[195,84],"capInsets":[0,0,0,0]}},{"__type__":"cc.SpriteFrame","content":{"name":"popuppaginate1","texture":"3aqMDt+TBLJKgprVNy3IRs","rect":[835,888,49,49],"offset":[0,0],"originalSize":[49,49],"capInsets":[0,0,0,0]}},{"__type__":"cc.SpriteFrame","content":{"name":"homnen","texture":"3aqMDt+TBLJKgprVNy3IRs","rect":[0,684,250,256],"offset":[0,0],"originalSize":[250,256],"capInsets":[0,0,0,0]}},{"__type__":"cc.SpriteFrame","content":{"name":"BTNTHOAT","texture":"3aqMDt+TBLJKgprVNy3IRs","rect":[722,408,100,35],"offset":[0,0],"originalSize":[100,35],"capInsets":[0,0,0,0]}},{"__type__":"cc.SpriteFrame","content":{"name":"popuppaginate3","texture":"3aqMDt+TBLJKgprVNy3IRs","rect":[490,0,49,49],"offset":[0,0],"originalSize":[49,49],"capInsets":[0,0,0,0]}},{"__type__":"cc.SpriteFrame","content":{"name":"btnmainmusic","texture":"3aqMDt+TBLJKgprVNy3IRs","rect":[861,813,75,74],"offset":[0,0],"originalSize":[75,74],"capInsets":[0,0,0,0]}},{"__type__":"cc.SpriteFrame","content":{"name":"BTNAUTO","texture":"3aqMDt+TBLJKgprVNy3IRs","rect":[624,792,160,156],"offset":[0,0],"originalSize":[160,156],"capInsets":[0,0,0,0]}},{"__type__":"cc.SpriteFrame","content":{"name":"popupvinhdanh","texture":"3aqMDt+TBLJKgprVNy3IRs","rect":[0,133,355,64],"offset":[0,0],"originalSize":[355,64],"capInsets":[0,0,0,0]}},{"__type__":"cc.SpriteFrame","content":{"name":"SWITCH","texture":"3aqMDt+TBLJKgprVNy3IRs","rect":[852,248,40,40],"offset":[0,0],"originalSize":[40,40],"capInsets":[0,0,0,0]}},{"__type__":"cc.SpriteFrame","content":{"name":"popuplichsu","texture":"3aqMDt+TBLJKgprVNy3IRs","rect":[0,198,355,64],"offset":[0,0],"originalSize":[355,64],"capInsets":[0,0,0,0]}},{"__type__":"cc.SpriteFrame","content":{"name":"btndungchoi","texture":"3aqMDt+TBLJKgprVNy3IRs","rect":[353,263,194,84],"offset":[0,0],"originalSize":[194,84],"capInsets":[0,0,0,0]}},{"__type__":"cc.SpriteFrame","content":{"name":"btnmainmusicmute","texture":"3aqMDt+TBLJKgprVNy3IRs","rect":[785,813,75,74],"offset":[0,0],"originalSize":[75,74],"capInsets":[0,0,0,0]}},{"__type__":"cc.SpriteFrame","content":{"name":"text_dongcuoc","texture":"3aqMDt+TBLJKgprVNy3IRs","rect":[428,348,103,28],"offset":[0,0],"originalSize":[103,28],"capInsets":[0,0,0,0]}},{"__type__":"cc.SpriteFrame","content":{"name":"text_tongcuoc","texture":"3aqMDt+TBLJKgprVNy3IRs","rect":[543,539,101,31],"offset":[0,0],"originalSize":[101,31],"capInsets":[0,0,0,0]}}]