{"__type__":"dragonBones.DragonBonesAtlasAsset","_name":"kyby_zidan2-hit_tex","_atlasJson":"{\"width\":2048,\"imagePath\":\"kyby_zidan2-hit_tex.png\",\"height\":1024,\"name\":\"kyby_zidan2-hit\",\"SubTexture\":[{\"frameHeight\":307,\"y\":579,\"frameX\":-25,\"width\":281,\"frameY\":-2,\"height\":284,\"name\":\"出图_08\",\"frameWidth\":306,\"x\":1},{\"frameHeight\":307,\"y\":558,\"frameX\":-42,\"width\":264,\"frameY\":-5,\"height\":255,\"name\":\"出图_07\",\"frameWidth\":306,\"x\":553},{\"frameHeight\":307,\"y\":813,\"frameX\":-68,\"width\":238,\"frameY\":-67,\"height\":168,\"name\":\"出图_20\",\"frameWidth\":306,\"x\":284},{\"frameHeight\":307,\"y\":247,\"frameX\":-57,\"width\":249,\"frameY\":-5,\"height\":242,\"name\":\"出图_14\",\"frameWidth\":306,\"x\":567},{\"frameHeight\":307,\"y\":1,\"frameX\":-25,\"width\":281,\"frameY\":-3,\"height\":287,\"name\":\"出图_09\",\"frameWidth\":306,\"x\":1},{\"frameHeight\":307,\"y\":558,\"frameX\":-56,\"width\":250,\"frameY\":-5,\"height\":247,\"name\":\"出图_17\",\"frameWidth\":306,\"x\":1072},{\"frameHeight\":307,\"y\":229,\"frameX\":-84,\"width\":99,\"frameY\":-79,\"height\":135,\"name\":\"出图_23\",\"frameWidth\":306,\"x\":1176},{\"frameHeight\":307,\"y\":1,\"frameX\":-57,\"width\":249,\"frameY\":-5,\"height\":244,\"name\":\"出图_18\",\"frameWidth\":306,\"x\":567},{\"frameHeight\":307,\"y\":284,\"frameX\":-25,\"width\":281,\"frameY\":-5,\"height\":272,\"name\":\"出图_12\",\"frameWidth\":306,\"x\":284},{\"frameHeight\":307,\"y\":1,\"frameX\":-58,\"width\":248,\"frameY\":-5,\"height\":247,\"name\":\"出图_15\",\"frameWidth\":306,\"x\":1324},{\"frameHeight\":307,\"y\":813,\"frameX\":-142,\"width\":13,\"frameY\":-85,\"height\":112,\"name\":\"出图_25\",\"frameWidth\":306,\"x\":524},{\"frameHeight\":307,\"y\":290,\"frameX\":-25,\"width\":281,\"frameY\":-3,\"height\":287,\"name\":\"出图_10\",\"frameWidth\":306,\"x\":1},{\"frameHeight\":307,\"y\":244,\"frameX\":-87,\"width\":96,\"frameY\":-81,\"height\":130,\"name\":\"出图_24\",\"frameWidth\":306,\"x\":818},{\"frameHeight\":307,\"y\":813,\"frameX\":-142,\"width\":1,\"frameY\":-85,\"height\":2,\"name\":\"出图_26\",\"frameWidth\":306,\"x\":539},{\"frameHeight\":307,\"y\":229,\"frameX\":-82,\"width\":107,\"frameY\":-78,\"height\":138,\"name\":\"出图_22\",\"frameWidth\":306,\"x\":1067},{\"frameHeight\":307,\"y\":1,\"frameX\":-59,\"width\":247,\"frameY\":-6,\"height\":241,\"name\":\"出图_19\",\"frameWidth\":306,\"x\":818},{\"frameHeight\":307,\"y\":558,\"frameX\":-39,\"width\":267,\"frameY\":-5,\"height\":253,\"name\":\"出图_13\",\"frameWidth\":306,\"x\":284},{\"frameHeight\":307,\"y\":1,\"frameX\":-25,\"width\":281,\"frameY\":-5,\"height\":281,\"name\":\"出图_11\",\"frameWidth\":306,\"x\":284},{\"frameHeight\":307,\"y\":1,\"frameX\":-69,\"width\":161,\"frameY\":-5,\"height\":226,\"name\":\"出图_06\",\"frameWidth\":306,\"x\":1067},{\"frameHeight\":307,\"y\":865,\"frameX\":-81,\"width\":225,\"frameY\":-71,\"height\":155,\"name\":\"出图_21\",\"frameWidth\":306,\"x\":1},{\"frameHeight\":307,\"y\":558,\"frameX\":-55,\"width\":251,\"frameY\":-5,\"height\":247,\"name\":\"出图_16\",\"frameWidth\":306,\"x\":819}]}","_texture":{"__uuid__":"1fd1sMcbBJUpCwKxUZQNQt"},"texture":{"__uuid__":"1fd1sMcbBJUpCwKxUZQNQt"}}