{"__type__":"sp.SkeletonData","_name":"skeleton","_skeletonJson":{"skeleton":{"hash":"jux7YldlZS7Ol1yYGEf/O9FxZ6c","spine":"3.6.53","width":520,"height":519,"images":""},"bones":[{"name":"root"},{"name":"X6 CLUB copy 2","parent":"root","length":112},{"name":"bg","parent":"root","length":107,"rotation":0.54,"x":-1.5},{"name":"daily-dai","parent":"root","length":74,"rotation":90,"x":-57.5,"y":21},{"name":"daily-ly","parent":"root","length":67,"rotation":90,"x":72.5,"y":18},{"name":"light","parent":"root","length":134.03},{"name":"light2","parent":"root","length":143.13}],"slots":[{"name":"light","bone":"light","attachment":"light"},{"name":"light2","bone":"light2","attachment":"light"},{"name":"bg","bone":"bg","attachment":"bg"},{"name":"X6 CLUB copy 2","bone":"X6 CLUB copy 2","attachment":"X6 CLUB copy 2"},{"name":"daily-ly","bone":"daily-ly","attachment":"daily-ly"},{"name":"daily-dai","bone":"daily-dai","attachment":"daily-dai"}],"skins":{"default":{"X6 CLUB copy 2":{"X6 CLUB copy 2":{"width":392,"height":392}},"bg":{"bg":{"x":1.5,"y":-0.01,"rotation":-0.54,"width":328,"height":326}},"daily-dai":{"daily-dai":{"x":27,"y":-5,"rotation":-90,"width":185,"height":115}},"daily-ly":{"daily-ly":{"x":36,"y":-9,"rotation":-90,"width":116,"height":93}},"light":{"light":{"width":520,"height":519}},"light2":{"light":{"width":520,"height":519}}}},"animations":{"animation":{"bones":{"X6 CLUB copy 2":{"rotate":[{"time":0,"angle":0},{"time":2,"angle":120},{"time":4,"angle":-120},{"time":6,"angle":0}],"translate":[{"time":0,"x":0,"y":0}],"scale":[{"time":0,"x":1,"y":1}],"shear":[{"time":0,"x":0,"y":0}]},"light":{"rotate":[{"time":0,"angle":0},{"time":1,"angle":120},{"time":2,"angle":-120},{"time":3,"angle":0},{"time":4,"angle":120},{"time":5,"angle":-120},{"time":6,"angle":0}]},"light2":{"rotate":[{"time":0,"angle":0},{"time":1,"angle":-60},{"time":2,"angle":-120},{"time":3,"angle":180},{"time":4,"angle":120},{"time":5,"angle":60},{"time":6,"angle":0}]},"daily-dai":{"translate":[{"time":0.3333,"x":0,"y":0},{"time":0.4333,"x":0,"y":11.38},{"time":0.5667,"x":0,"y":0,"curve":"stepped"},{"time":3.6667,"x":0,"y":0},{"time":3.7667,"x":0,"y":11.38},{"time":3.9,"x":0,"y":0}],"scale":[{"time":0,"x":1,"y":1,"curve":"stepped"},{"time":0.3333,"x":1,"y":1},{"time":0.4333,"x":0.9,"y":1},{"time":0.5,"x":1.05,"y":1},{"time":0.5667,"x":1,"y":1,"curve":"stepped"},{"time":3.6667,"x":1,"y":1},{"time":3.7667,"x":0.9,"y":1},{"time":3.8333,"x":1.05,"y":1},{"time":3.9,"x":1,"y":1}]},"daily-ly":{"translate":[{"time":0.5333,"x":0,"y":0},{"time":0.6333,"x":0,"y":11.38},{"time":0.7667,"x":0,"y":0,"curve":"stepped"},{"time":3.8667,"x":0,"y":0},{"time":3.9667,"x":0,"y":11.38},{"time":4.1,"x":0,"y":0}],"scale":[{"time":0,"x":1,"y":1,"curve":"stepped"},{"time":0.5333,"x":1,"y":1},{"time":0.6333,"x":0.9,"y":1},{"time":0.7,"x":1.05,"y":1},{"time":0.7667,"x":1,"y":1,"curve":"stepped"},{"time":3.8667,"x":1,"y":1},{"time":3.9667,"x":0.9,"y":1},{"time":4.0333,"x":1.05,"y":1},{"time":4.1,"x":1,"y":1}]}}}}},"_atlasText":"\nskeleton.png\nsize: 1568,1044\nformat: RGBA8888\nfilter: Linear,Linear\nrepeat: none\nX6 CLUB copy 2\n  rotate: false\n  xy: 2, 2\n  size: 392, 392\n  orig: 392, 392\n  offset: 0, 0\n  index: -1\nbg\n  rotate: false\n  xy: 1046, 2\n  size: 328, 326\n  orig: 328, 326\n  offset: 0, 0\n  index: -1\ndaily-dai\n  rotate: false\n  xy: 524, 2\n  size: 185, 115\n  orig: 185, 115\n  offset: 0, 0\n  index: -1\ndaily-ly\n  rotate: false\n  xy: 2, 523\n  size: 116, 93\n  orig: 116, 93\n  offset: 0, 0\n  index: -1\nlight\n  rotate: false\n  xy: 524, 523\n  size: 520, 519\n  orig: 520, 519\n  offset: 0, 0\n  index: -1\n","textures":[{"__uuid__":"bdgmZADmVOm4p0/kGHr3WM"}],"textureNames":["skeleton.png"]}