[[{"__type__":"cc.Prefab","_name":"top_item","data":{"__id__":1}},{"__type__":"cc.Node","_name":"top_item","_children":[{"__id__":2},{"__id__":3},{"__id__":5},{"__id__":7},{"__id__":9},{"__id__":11}],"_components":[{"__type__":"95d5aIW7xZHfKL9yYH2NHME","node":{"__id__":1},"time":{"__id__":4},"phien":{"__id__":6},"cuoc":{"__id__":8},"line":{"__id__":10},"win":{"__id__":12}}],"_prefab":{"__type__":"cc.PrefabInfo","root":{"__id__":1},"asset":{"__uuid__":"34n6itmxFCo6m4z5WY10ZG"},"fileId":"620f2yXaJBMKYZt7A+UGBF"},"_contentSize":{"__type__":"cc.Size","width":840,"height":50},"_trs":{"__type__":"TypedArray","ctor":"Float64Array","array":[0,-25,0,0,0,0,1,1,1,1]}},{"__type__":"cc.Node","_name":"singleColor","_parent":{"__id__":1},"_components":[{"__type__":"cc.Sprite","node":{"__id__":2},"_materials":[{"__uuid__":"ecpdLyjvZBwrvm+cedCcQy"}],"_spriteFrame":{"__uuid__":"41D7kWhyFGY7q4NDlzkazn"},"_sizeMode":0}],"_prefab":{"__type__":"cc.PrefabInfo","root":{"__id__":1},"asset":{"__uuid__":"34n6itmxFCo6m4z5WY10ZG"},"fileId":"26drklsb5LQ4YNk+X77IjD"},"_opacity":58,"_color":{"__type__":"cc.Color","r":85,"g":85,"b":85},"_contentSize":{"__type__":"cc.Size","width":840,"height":50},"_trs":{"__type__":"TypedArray","ctor":"Float64Array","array":[0,0,0,0,0,0,1,1,1,1]}},{"__type__":"cc.Node","_name":"time","_parent":{"__id__":1},"_components":[{"__id__":4}],"_prefab":{"__type__":"cc.PrefabInfo","root":{"__id__":1},"asset":{"__uuid__":"34n6itmxFCo6m4z5WY10ZG"},"fileId":"25VOjhMltLeKZZynogbXSX"},"_color":{"__type__":"cc.Color","r":255,"g":246,"b":31},"_contentSize":{"__type__":"cc.Size","height":30.67},"_trs":{"__type__":"TypedArray","ctor":"Float64Array","array":[-267,0,0,0,0,0,1,1,1,1]}},{"__type__":"cc.Label","node":{"__id__":3},"_materials":[{"__uuid__":"ecpdLyjvZBwrvm+cedCcQy"}],"_useOriginalSize":false,"_fontSize":23,"_lineHeight":80,"_N$file":{"__uuid__":"340wrTd0ZDv7n0Sa9DOC8E"},"_isSystemFontUsed":false,"_N$horizontalAlign":1},{"__type__":"cc.Node","_name":"phien","_parent":{"__id__":1},"_components":[{"__id__":6}],"_prefab":{"__type__":"cc.PrefabInfo","root":{"__id__":1},"asset":{"__uuid__":"34n6itmxFCo6m4z5WY10ZG"},"fileId":"b7ahcuGTtPo69gv1r2rQYZ"},"_color":{"__type__":"cc.Color","r":255,"g":246,"b":31},"_contentSize":{"__type__":"cc.Size","height":30.67},"_trs":{"__type__":"TypedArray","ctor":"Float64Array","array":[-85,0,0,0,0,0,1,1,1,1]}},{"__type__":"cc.Label","node":{"__id__":5},"_materials":[{"__uuid__":"ecpdLyjvZBwrvm+cedCcQy"}],"_useOriginalSize":false,"_fontSize":23,"_lineHeight":80,"_N$file":{"__uuid__":"340wrTd0ZDv7n0Sa9DOC8E"},"_isSystemFontUsed":false,"_N$horizontalAlign":1},{"__type__":"cc.Node","_name":"cuoc","_parent":{"__id__":1},"_components":[{"__id__":8}],"_prefab":{"__type__":"cc.PrefabInfo","root":{"__id__":1},"asset":{"__uuid__":"34n6itmxFCo6m4z5WY10ZG"},"fileId":"3cRvUcglVCV7QHwga6m4Xs"},"_color":{"__type__":"cc.Color","r":255,"g":246,"b":31},"_contentSize":{"__type__":"cc.Size","height":30.67},"_trs":{"__type__":"TypedArray","ctor":"Float64Array","array":[56,0,0,0,0,0,1,1,1,1]}},{"__type__":"cc.Label","node":{"__id__":7},"_materials":[{"__uuid__":"ecpdLyjvZBwrvm+cedCcQy"}],"_useOriginalSize":false,"_fontSize":23,"_lineHeight":80,"_N$file":{"__uuid__":"340wrTd0ZDv7n0Sa9DOC8E"},"_isSystemFontUsed":false,"_N$horizontalAlign":1},{"__type__":"cc.Node","_name":"line","_parent":{"__id__":1},"_components":[{"__id__":10}],"_prefab":{"__type__":"cc.PrefabInfo","root":{"__id__":1},"asset":{"__uuid__":"34n6itmxFCo6m4z5WY10ZG"},"fileId":"a2sNeZXktNdqlD2sN1uXcd"},"_color":{"__type__":"cc.Color","r":255,"g":246,"b":31},"_contentSize":{"__type__":"cc.Size","height":30.67},"_trs":{"__type__":"TypedArray","ctor":"Float64Array","array":[174,0,0,0,0,0,1,1,1,1]}},{"__type__":"cc.Label","node":{"__id__":9},"_materials":[{"__uuid__":"ecpdLyjvZBwrvm+cedCcQy"}],"_useOriginalSize":false,"_fontSize":23,"_lineHeight":80,"_N$file":{"__uuid__":"340wrTd0ZDv7n0Sa9DOC8E"},"_isSystemFontUsed":false,"_N$horizontalAlign":1},{"__type__":"cc.Node","_name":"win","_parent":{"__id__":1},"_components":[{"__id__":12}],"_prefab":{"__type__":"cc.PrefabInfo","root":{"__id__":1},"asset":{"__uuid__":"34n6itmxFCo6m4z5WY10ZG"},"fileId":"91vL8OBKtA4pApYGfjDD0T"},"_color":{"__type__":"cc.Color","r":255,"g":246,"b":31},"_contentSize":{"__type__":"cc.Size","height":30.67},"_trs":{"__type__":"TypedArray","ctor":"Float64Array","array":[303,0,0,0,0,0,1,1,1,1]}},{"__type__":"cc.Label","node":{"__id__":11},"_materials":[{"__uuid__":"ecpdLyjvZBwrvm+cedCcQy"}],"_useOriginalSize":false,"_fontSize":23,"_lineHeight":80,"_N$file":{"__uuid__":"340wrTd0ZDv7n0Sa9DOC8E"},"_isSystemFontUsed":false,"_N$horizontalAlign":1}],{"__type__":"cc.SpriteFrame","content":{"name":"singleColor","texture":"a8Anh32NZGRZegUtSgEj26","rect":[0,0,2,2],"offset":[0,0],"originalSize":[2,2],"capInsets":[0,0,0,0]}}]