[{"__type__":"cc.SpriteFrame","content":{"name":"7","texture":"2b9++djQZHaLzEFR0HEJXF","rect":[1,3,122,116],"offset":[0.5,-1.5],"originalSize":[123,119],"capInsets":[0,0,0,0]}},[{"__type__":"cc.Prefab","_name":"item11","data":{"__id__":1}},{"__type__":"cc.Node","_name":"item11","_components":[{"__type__":"cc.Sprite","node":{"__id__":1},"_materials":[{"__uuid__":"ecpdLyjvZBwrvm+cedCcQy"}],"_spriteFrame":{"__uuid__":"0cMoKIW3JIEpm0PsOny25n"}}],"_prefab":{"__type__":"cc.PrefabInfo","root":{"__id__":1},"asset":{"__uuid__":"726jIfp/5FPrsvuTady4+P"},"fileId":"9dQvbJvkBCPICvjx4lT3kl"},"_contentSize":{"__type__":"cc.Size","width":122,"height":116},"_trs":{"__type__":"TypedArray","ctor":"Float64Array","array":[0,0,0,0,0,0,1,0.8,0.8,1]}}]]