[{"__type__":"cc.SpriteFrame","content":{"name":"ef_line-line_11","texture":"fc0qiuoDBDE6RZS+WVukkN","rect":[1589,736,365,155],"offset":[0,0],"originalSize":[365,155],"rotated":1,"capInsets":[0,0,0,0]}},{"__type__":"cc.SpriteFrame","content":{"name":"longDen_off","texture":"fc0qiuoDBDE6RZS+WVukkN","rect":[222,682,54,71],"offset":[0,0],"originalSize":[54,71],"capInsets":[0,0,0,0]}},{"__type__":"cc.SpriteFrame","content":{"name":"ef_line-line_16","texture":"fc0qiuoDBDE6RZS+WVukkN","rect":[1386,1,368,157],"offset":[0,0],"originalSize":[368,157],"rotated":1,"capInsets":[0,0,0,0]}},{"__type__":"cc.SpriteFrame","content":{"name":"select_10k","texture":"fc0qiuoDBDE6RZS+WVukkN","rect":[777,489,50,25],"offset":[0,0],"originalSize":[50,25],"rotated":1,"capInsets":[0,0,0,0]}},{"__type__":"cc.SpriteFrame","content":{"name":"ef_line-line_12","texture":"fc0qiuoDBDE6RZS+WVukkN","rect":[1726,368,365,152],"offset":[0,0],"originalSize":[365,152],"rotated":1,"capInsets":[0,0,0,0]}},{"__type__":"cc.SpriteFrame","content":{"name":"ef_line-line_20","texture":"fc0qiuoDBDE6RZS+WVukkN","rect":[161,758,369,294],"offset":[0,0],"originalSize":[369,294],"rotated":1,"capInsets":[0,0,0,0]}},{"__type__":"cc.SpriteFrame","content":{"name":"btn_stop","texture":"fc0qiuoDBDE6RZS+WVukkN","rect":[1869,786,150,43],"offset":[0,0],"originalSize":[150,43],"capInsets":[0,0,0,0]}},{"__type__":"cc.SpriteFrame","content":{"name":"ef_line-line_13","texture":"fc0qiuoDBDE6RZS+WVukkN","rect":[1880,55,364,157],"offset":[0,0],"originalSize":[364,157],"rotated":1,"capInsets":[0,0,0,0]}},{"__type__":"cc.SpriteFrame","content":{"name":"bg_hu","texture":"fc0qiuoDBDE6RZS+WVukkN","rect":[1758,1,279,52],"offset":[0,0],"originalSize":[279,52],"capInsets":[0,0,0,0]}},{"__type__":"cc.SpriteFrame","content":{"name":"icon_01","texture":"fc0qiuoDBDE6RZS+WVukkN","rect":[1758,164,90,86],"offset":[0,0],"originalSize":[90,86],"capInsets":[0,0,0,0]}},{"__type__":"cc.SpriteFrame","content":{"name":"icon_03","texture":"fc0qiuoDBDE6RZS+WVukkN","rect":[113,682,74,107],"offset":[0,0],"originalSize":[74,107],"rotated":1,"capInsets":[0,0,0,0]}},{"__type__":"cc.SpriteFrame","content":{"name":"btn_bg","texture":"fc0qiuoDBDE6RZS+WVukkN","rect":[1829,921,148,43],"offset":[0,0],"originalSize":[148,43],"rotated":1,"capInsets":[0,0,0,0]}},{"__type__":"cc.SpriteFrame","content":{"name":"ef_line-line_04","texture":"fc0qiuoDBDE6RZS+WVukkN","rect":[1175,373,368,335],"offset":[0,0],"originalSize":[368,335],"rotated":1,"capInsets":[0,0,0,0]}},{"__type__":"cc.SpriteFrame","content":{"name":"btn_bochon","texture":"fc0qiuoDBDE6RZS+WVukkN","rect":[1874,921,148,43],"offset":[0,0],"originalSize":[148,43],"rotated":1,"capInsets":[0,0,0,0]}},{"__type__":"cc.SpriteFrame","content":{"name":"ef_line-line_03","texture":"fc0qiuoDBDE6RZS+WVukkN","rect":[1512,371,367,36],"offset":[-1,-2],"originalSize":[369,40],"rotated":1,"capInsets":[0,0,0,0]}},{"__type__":"cc.SpriteFrame","content":{"name":"ef_line-line_09","texture":"fc0qiuoDBDE6RZS+WVukkN","rect":[1880,421,363,153],"offset":[0,0],"originalSize":[363,153],"rotated":1,"capInsets":[0,0,0,0]}},{"__type__":"cc.SpriteFrame","content":{"name":"longDen_on","texture":"fc0qiuoDBDE6RZS+WVukkN","rect":[278,682,54,71],"offset":[0,0],"originalSize":[54,71],"capInsets":[0,0,0,0]}},{"__type__":"cc.SpriteFrame","content":{"name":"btn_history","texture":"fc0qiuoDBDE6RZS+WVukkN","rect":[777,631,17,37],"offset":[0,0],"originalSize":[17,37],"capInsets":[0,0,0,0]}},{"__type__":"cc.SpriteFrame","content":{"name":"btn_chan","texture":"fc0qiuoDBDE6RZS+WVukkN","rect":[1883,1071,148,43],"offset":[0,0],"originalSize":[148,43],"capInsets":[0,0,0,0]}},{"__type__":"cc.SpriteFrame","content":{"name":"ef_line-line_14","texture":"fc0qiuoDBDE6RZS+WVukkN","rect":[1,763,364,158],"offset":[0,0],"originalSize":[364,158],"rotated":1,"capInsets":[0,0,0,0]}},{"__type__":"cc.SpriteFrame","content":{"name":"select_1k","texture":"fc0qiuoDBDE6RZS+WVukkN","rect":[777,453,34,26],"offset":[0,0],"originalSize":[34,26],"rotated":1,"capInsets":[0,0,0,0]}},{"__type__":"cc.SpriteFrame","content":{"name":"ef_line-line_08","texture":"fc0qiuoDBDE6RZS+WVukkN","rect":[632,746,370,301],"offset":[0,0],"originalSize":[370,301],"rotated":1,"capInsets":[0,0,0,0]}},{"__type__":"cc.SpriteFrame","content":{"name":"bg","texture":"fc0qiuoDBDE6RZS+WVukkN","rect":[113,1,679,662],"offset":[0,0],"originalSize":[679,662],"rotated":1,"capInsets":[0,0,0,0]}},{"__type__":"cc.SpriteFrame","content":{"name":"ef_line-line_19","texture":"fc0qiuoDBDE6RZS+WVukkN","rect":[457,746,371,173],"offset":[-1,0],"originalSize":[375,173],"rotated":1,"capInsets":[0,0,0,0]}},{"__type__":"cc.SpriteFrame","content":{"name":"ef_line-line_15","texture":"fc0qiuoDBDE6RZS+WVukkN","rect":[1161,1,370,223],"offset":[0,-1],"originalSize":[370,225],"rotated":1,"capInsets":[0,0,0,0]}},{"__type__":"cc.SpriteFrame","content":{"name":"ef_line-line_06","texture":"fc0qiuoDBDE6RZS+WVukkN","rect":[1594,1,365,162],"offset":[0,0],"originalSize":[367,162],"rotated":1,"capInsets":[0,0,0,0]}},{"__type__":"cc.SpriteFrame","content":{"name":"btn_close","texture":"fc0qiuoDBDE6RZS+WVukkN","rect":[1829,1071,52,56],"offset":[0,0],"originalSize":[52,56],"capInsets":[0,0,0,0]}},{"__type__":"cc.SpriteFrame","content":{"name":"icon_02","texture":"fc0qiuoDBDE6RZS+WVukkN","rect":[1758,55,107,110],"offset":[0,0],"originalSize":[107,110],"rotated":1,"capInsets":[0,0,0,0]}},{"__type__":"cc.SpriteFrame","content":{"name":"ef_line-line_02","texture":"fc0qiuoDBDE6RZS+WVukkN","rect":[1545,1,366,47],"offset":[-1,0],"originalSize":[368,47],"rotated":1,"capInsets":[0,0,0,0]}},{"__type__":"cc.SpriteFrame","content":{"name":"luat","texture":"fc0qiuoDBDE6RZS+WVukkN","rect":[777,1,382,450],"offset":[0,0],"originalSize":[382,450],"capInsets":[0,0,0,0]}},{"__type__":"cc.SpriteFrame","content":{"name":"ef_line-line_10","texture":"fc0qiuoDBDE6RZS+WVukkN","rect":[1426,743,367,161],"offset":[0,0],"originalSize":[373,161],"rotated":1,"capInsets":[0,0,0,0]}},{"__type__":"cc.SpriteFrame","content":{"name":"btn_auto","texture":"fc0qiuoDBDE6RZS+WVukkN","rect":[1869,876,148,43],"offset":[0,0],"originalSize":[148,43],"capInsets":[0,0,0,0]}},{"__type__":"cc.SpriteFrame","content":{"name":"btn_all","texture":"fc0qiuoDBDE6RZS+WVukkN","rect":[1869,831,148,43],"offset":[0,0],"originalSize":[148,43],"capInsets":[0,0,0,0]}},{"__type__":"cc.SpriteFrame","content":{"name":"btn_start","texture":"fc0qiuoDBDE6RZS+WVukkN","rect":[1964,921,39,43],"offset":[0,0],"originalSize":[39,43],"rotated":1,"capInsets":[0,0,0,0]}},{"__type__":"cc.SpriteFrame","content":{"name":"ef_line-line_18","texture":"fc0qiuoDBDE6RZS+WVukkN","rect":[1229,743,367,195],"offset":[0,0],"originalSize":[369,195],"rotated":1,"capInsets":[0,0,0,0]}},{"__type__":"cc.SpriteFrame","content":{"name":"icon_00","texture":"fc0qiuoDBDE6RZS+WVukkN","rect":[334,682,100,69],"offset":[0,0],"originalSize":[100,69],"capInsets":[0,0,0,0]}},{"__type__":"cc.SpriteFrame","content":{"name":"icon_05","texture":"fc0qiuoDBDE6RZS+WVukkN","rect":[1746,735,142,121],"offset":[5,0],"originalSize":[152,121],"rotated":1,"capInsets":[0,0,0,0]}},{"__type__":"cc.SpriteFrame","content":{"name":"icon_04","texture":"fc0qiuoDBDE6RZS+WVukkN","rect":[1758,252,83,83],"offset":[0,0],"originalSize":[83,83],"capInsets":[0,0,0,0]}},{"__type__":"cc.SpriteFrame","content":{"name":"ef_line-line_05","texture":"fc0qiuoDBDE6RZS+WVukkN","rect":[935,745,370,292],"offset":[0,0],"originalSize":[370,292],"rotated":1,"capInsets":[0,0,0,0]}},{"__type__":"cc.SpriteFrame","content":{"name":"btn_le","texture":"fc0qiuoDBDE6RZS+WVukkN","rect":[1919,921,148,43],"offset":[0,0],"originalSize":[148,43],"rotated":1,"capInsets":[0,0,0,0]}},{"__type__":"cc.SpriteAtlas","_name":"ThinhKinh.plist","_spriteFrames":{"bg":{"__uuid__":"74dVHltuVBDo54qrqZNmnG"},"bg_hu":{"__uuid__":"440QR1lRNGIZzjySNELStc"},"btn_all":{"__uuid__":"a2EKYJUR5NfI1GpaVEq5mW"},"btn_auto":{"__uuid__":"a0JGukB3pFppGwscvxktK9"},"btn_bg":{"__uuid__":"56yD9/uwBFlZyMWJgPJgXw"},"btn_bochon":{"__uuid__":"59I5ol57FHD7mKMcTWTfiI"},"btn_chan":{"__uuid__":"6a3uyfI1lOpKvZSxSoFDON"},"btn_close":{"__uuid__":"88jCue4BxHpZLIAwXlKMoS"},"btn_help":{"__uuid__":"f7qIqlvb9GgKMiJISmxkU7"},"btn_history":{"__uuid__":"648RCYIXFJMbhzexnD8TT8"},"btn_le":{"__uuid__":"c8XoekyixNn5hW3+swCeGA"},"btn_start":{"__uuid__":"a6fA14YChBloO1ScYdHJXT"},"btn_stop":{"__uuid__":"3b3sLB+atI4rw+oiEF4Y4p"},"ef_line-line_01":{"__uuid__":"e74V6hi6lBK6TvjRQd3qie"},"ef_line-line_02":{"__uuid__":"969T8sh/FP6JUC4j16d8lG"},"ef_line-line_03":{"__uuid__":"5crwhs02dOC5qDl6ag/x35"},"ef_line-line_04":{"__uuid__":"57LmFp0OZD1aJJ5i+lmyB9"},"ef_line-line_05":{"__uuid__":"c6o7+78gZOSJG1E0zYRD56"},"ef_line-line_06":{"__uuid__":"88IgWN98hN54Hq+h05Q0u2"},"ef_line-line_07":{"__uuid__":"d7LBRg3BJBspLT/nUEyGCQ"},"ef_line-line_08":{"__uuid__":"73F7y3vPZFzJ7znQv7+zQZ"},"ef_line-line_09":{"__uuid__":"60W4W8jotFZIS3mdoCNL2t"},"ef_line-line_10":{"__uuid__":"9c+QacWZtLbYbOyqfT/owT"},"ef_line-line_11":{"__uuid__":"0038YTBuNP+YNV2nHYm0yu"},"ef_line-line_12":{"__uuid__":"0eS5H/RPBFdarCxGLPTngO"},"ef_line-line_13":{"__uuid__":"40+6Fb0gJDKKXfSPG/uZXD"},"ef_line-line_14":{"__uuid__":"6bAZFqMBxC+p7aHxBApOQP"},"ef_line-line_15":{"__uuid__":"858MlgKYlMB7cmNgrOctgA"},"ef_line-line_16":{"__uuid__":"04GACjynRN6oXgE3IBFo4r"},"ef_line-line_17":{"__uuid__":"f4dZ8awR5J26SWLQdYXuib"},"ef_line-line_18":{"__uuid__":"b4o724lWpGn5hnPecqd0W1"},"ef_line-line_19":{"__uuid__":"80buMNWotMmIHS8MlgNXDC"},"ef_line-line_20":{"__uuid__":"14hr5e+phJO4KMEqp/4s+p"},"icon_00":{"__uuid__":"b9+/T+Ur5NqLDzN5DWtllw"},"icon_01":{"__uuid__":"45u5DfmPVKDJFkLBr5aVWQ"},"icon_02":{"__uuid__":"8frgwNcfxILqcKs3r5jW0V"},"icon_03":{"__uuid__":"4d3kITei9NW4xB9EQ79UuE"},"icon_04":{"__uuid__":"c1vmL1yexG8aQhiW2X9miN"},"icon_05":{"__uuid__":"bdTJ4Tpg1MJ7jNCovBfBqE"},"longDen_off":{"__uuid__":"01ncxQmA9Fy6rd4+xhxV9M"},"longDen_on":{"__uuid__":"60xCTJzwRLl4mW77oPO7aX"},"luat":{"__uuid__":"9cPhQNYbdMeKx/YUGsBJ29"},"luat2":{"__uuid__":"deeAA9WUBC3ZZFG15xTpTq"},"select_100":{"__uuid__":"ddxNtpOBxN869hvBdBYU1I"},"select_10k":{"__uuid__":"0b0Xgz8c5H9K6CWhkuXF8n"},"select_1k":{"__uuid__":"6cqQhPxrNPm7rwS/C05hB2"},"spin":{"__uuid__":"f1Qsd51ppNGoZz6+ZCZ3Vp"}}},{"__type__":"cc.SpriteFrame","content":{"name":"ef_line-line_07","texture":"fc0qiuoDBDE6RZS+WVukkN","rect":[806,453,367,290],"offset":[-1,-1],"originalSize":[371,292],"capInsets":[0,0,0,0]}},{"__type__":"cc.SpriteFrame","content":{"name":"select_100","texture":"fc0qiuoDBDE6RZS+WVukkN","rect":[777,541,47,25],"offset":[0,0],"originalSize":[47,25],"rotated":1,"capInsets":[0,0,0,0]}},{"__type__":"cc.SpriteFrame","content":{"name":"luat2","texture":"fc0qiuoDBDE6RZS+WVukkN","rect":[1,1,760,110],"offset":[0,0],"originalSize":[760,110],"rotated":1,"capInsets":[0,0,0,0]}},{"__type__":"cc.SpriteFrame","content":{"name":"ef_line-line_01","texture":"fc0qiuoDBDE6RZS+WVukkN","rect":[436,682,368,62],"offset":[0,0],"originalSize":[368,62],"capInsets":[0,0,0,0]}},{"__type__":"cc.SpriteFrame","content":{"name":"spin","texture":"fc0qiuoDBDE6RZS+WVukkN","rect":[1746,879,214,81],"offset":[0,0],"originalSize":[214,81],"rotated":1,"capInsets":[0,0,0,0]}},{"__type__":"cc.SpriteFrame","content":{"name":"ef_line-line_17","texture":"fc0qiuoDBDE6RZS+WVukkN","rect":[1550,369,365,174],"offset":[0,1],"originalSize":[367,176],"rotated":1,"capInsets":[0,0,0,0]}},{"__type__":"cc.SpriteFrame","content":{"name":"btn_help","texture":"fc0qiuoDBDE6RZS+WVukkN","rect":[777,590,21,39],"offset":[0,0],"originalSize":[21,39],"capInsets":[0,0,0,0]}}]