[{"__type__":"cc.SpriteFrame","content":{"name":"default_btn_disabled","texture":"71VhFCTINJM6/Ky3oX9nBT","rect":[0,0,40,40],"offset":[0,0],"originalSize":[40,40],"capInsets":[12,12,12,12]}},[{"__type__":"cc.Prefab","_name":"BG","data":{"__id__":1}},{"__type__":"cc.Node","_name":"BG","_children":[{"__id__":2},{"__id__":5},{"__id__":8},{"__id__":11}],"_active":false,"_components":[{"__type__":"cc.Sprite","node":{"__id__":1},"_materials":[{"__uuid__":"ecpdLyjvZBwrvm+cedCcQy"}],"_spriteFrame":{"__uuid__":"farNrB1AxJ+oJTFTeU6v9f"},"_sizeMode":0},{"__type__":"cc.Widget","node":{"__id__":1},"_alignFlags":45,"_originalWidth":1398,"_originalHeight":768}],"_prefab":{"__type__":"cc.PrefabInfo","root":{"__id__":1},"asset":{"__id__":0},"fileId":"2ann6Wfp9Jk6i4DwiGsh9a"},"_contentSize":{"__type__":"cc.Size","width":1398,"height":768},"_trs":{"__type__":"TypedArray","ctor":"Float64Array","array":[0,0,0,0,0,0,1,1,1,1]}},{"__type__":"cc.Node","_name":"Slot100","_parent":{"__id__":1},"_children":[{"__id__":3},{"__id__":4}],"_components":[{"__type__":"cc.Button","node":{"__id__":2},"clickEvents":[null],"_N$transition":2,"transition":2,"_N$normalSprite":{"__uuid__":"f0BIwQ8D5Ml7nTNQbh1YlS"},"_N$pressedSprite":{"__uuid__":"e97GVMl6JHh5Ml5qEDdSGa"},"pressedSprite":{"__uuid__":"e97GVMl6JHh5Ml5qEDdSGa"},"_N$hoverSprite":{"__uuid__":"f0BIwQ8D5Ml7nTNQbh1YlS"},"hoverSprite":{"__uuid__":"f0BIwQ8D5Ml7nTNQbh1YlS"},"_N$disabledSprite":{"__uuid__":"29FYIk+N1GYaeWH/q1NxQO"},"_N$target":{"__id__":3}}],"_prefab":{"__type__":"cc.PrefabInfo","root":{"__id__":1},"asset":{"__id__":0},"fileId":"a1/zh7YylOIqZqJWqVZT4h"},"_contentSize":{"__type__":"cc.Size","width":512,"height":555.95},"_trs":{"__type__":"TypedArray","ctor":"Float64Array","array":[-465,-170,0,0,0,0,1,1,1,1]}},{"__type__":"cc.Node","_name":"100","_parent":{"__id__":2},"_components":[{"__type__":"sp.Skeleton","node":{"__id__":3},"_materials":[{"__uuid__":"7a/QZLET9IDreTiBfRn2PD"}],"defaultAnimation":"animation","_preCacheMode":0,"_animationName":"animation","_N$skeletonData":{"__uuid__":"9aftPHhdlOVa5d60jE6Xt3"}}],"_prefab":{"__type__":"cc.PrefabInfo","root":{"__id__":1},"asset":{"__id__":0},"fileId":"5biW4Uc6VPsaCadAzEFrJo"},"_contentSize":{"__type__":"cc.Size","width":512,"height":555.95},"_trs":{"__type__":"TypedArray","ctor":"Float64Array","array":[-20,0,0,0,0,0,1,0.8,0.8,1]}},{"__type__":"cc.Node","_name":"Hu","_parent":{"__id__":2},"_components":[{"__type__":"cc.Label","node":{"__id__":4},"_materials":[{"__uuid__":"ecpdLyjvZBwrvm+cedCcQy"}],"_useOriginalSize":false,"_string":"0","_N$string":"0","_fontSize":8,"_N$file":{"__uuid__":"b2aj6zTAxIE5MqrFvn2G/O"},"_isSystemFontUsed":false,"_N$horizontalAlign":1,"_N$verticalAlign":1}],"_prefab":{"__type__":"cc.PrefabInfo","root":{"__id__":1},"asset":{"__id__":0},"fileId":"c2c1JIu7tCDrY3rQTJ9MxD"},"_contentSize":{"__type__":"cc.Size","width":18.5,"height":10},"_trs":{"__type__":"TypedArray","ctor":"Float64Array","array":[1,-35,0,0,0,0,1,1,1,1]}},{"__type__":"cc.Node","_name":"Slot10K","_parent":{"__id__":1},"_children":[{"__id__":6},{"__id__":7}],"_components":[{"__type__":"cc.Button","node":{"__id__":5},"clickEvents":[null],"_N$transition":2,"transition":2,"_N$normalSprite":{"__uuid__":"f0BIwQ8D5Ml7nTNQbh1YlS"},"_N$pressedSprite":{"__uuid__":"e97GVMl6JHh5Ml5qEDdSGa"},"pressedSprite":{"__uuid__":"e97GVMl6JHh5Ml5qEDdSGa"},"_N$hoverSprite":{"__uuid__":"f0BIwQ8D5Ml7nTNQbh1YlS"},"hoverSprite":{"__uuid__":"f0BIwQ8D5Ml7nTNQbh1YlS"},"_N$disabledSprite":{"__uuid__":"29FYIk+N1GYaeWH/q1NxQO"},"_N$target":{"__id__":6}}],"_prefab":{"__type__":"cc.PrefabInfo","root":{"__id__":1},"asset":{"__id__":0},"fileId":"80qgPAPKRA3LhXB1Q9snIi"},"_contentSize":{"__type__":"cc.Size","width":674.82,"height":714.44},"_trs":{"__type__":"TypedArray","ctor":"Float64Array","array":[0,0,0,0,0,0,1,1,1,1]}},{"__type__":"cc.Node","_name":"10K","_parent":{"__id__":5},"_components":[{"__type__":"sp.Skeleton","node":{"__id__":6},"_materials":[{"__uuid__":"7a/QZLET9IDreTiBfRn2PD"}],"defaultAnimation":"animation","_preCacheMode":0,"_animationName":"animation","_N$skeletonData":{"__uuid__":"b0Ebh/3Q5OYaapXPqzPNKH"}}],"_prefab":{"__type__":"cc.PrefabInfo","root":{"__id__":1},"asset":{"__id__":0},"fileId":"f84DbM3stC65TkxBAdzIy3"},"_contentSize":{"__type__":"cc.Size","width":674.82,"height":714.44},"_trs":{"__type__":"TypedArray","ctor":"Float64Array","array":[18,-42,0,0,0,0,1,0.8,0.8,1]}},{"__type__":"cc.Node","_name":"Hu","_parent":{"__id__":5},"_components":[{"__type__":"cc.Label","node":{"__id__":7},"_materials":[{"__uuid__":"ecpdLyjvZBwrvm+cedCcQy"}],"_useOriginalSize":false,"_string":"0","_N$string":"0","_fontSize":8,"_N$file":{"__uuid__":"b2aj6zTAxIE5MqrFvn2G/O"},"_isSystemFontUsed":false,"_N$horizontalAlign":1,"_N$verticalAlign":1}],"_prefab":{"__type__":"cc.PrefabInfo","root":{"__id__":1},"asset":{"__id__":0},"fileId":"00RyXmFMVIOLO0y4Xke9UZ"},"_contentSize":{"__type__":"cc.Size","width":18.5,"height":10},"_trs":{"__type__":"TypedArray","ctor":"Float64Array","array":[42,-31,0,0,0,0,1,1,1,1]}},{"__type__":"cc.Node","_name":"Slot1K","_parent":{"__id__":1},"_children":[{"__id__":9},{"__id__":10}],"_components":[{"__type__":"cc.Button","node":{"__id__":8},"clickEvents":[null],"_N$transition":2,"transition":2,"_N$normalSprite":{"__uuid__":"f0BIwQ8D5Ml7nTNQbh1YlS"},"_N$pressedSprite":{"__uuid__":"e97GVMl6JHh5Ml5qEDdSGa"},"pressedSprite":{"__uuid__":"e97GVMl6JHh5Ml5qEDdSGa"},"_N$hoverSprite":{"__uuid__":"f0BIwQ8D5Ml7nTNQbh1YlS"},"hoverSprite":{"__uuid__":"f0BIwQ8D5Ml7nTNQbh1YlS"},"_N$disabledSprite":{"__uuid__":"29FYIk+N1GYaeWH/q1NxQO"},"_N$target":{"__id__":9}}],"_prefab":{"__type__":"cc.PrefabInfo","root":{"__id__":1},"asset":{"__id__":0},"fileId":"45SWx08UNF549EHW+EyDDR"},"_contentSize":{"__type__":"cc.Size","width":542,"height":522},"_trs":{"__type__":"TypedArray","ctor":"Float64Array","array":[410,-170,0,0,0,0,1,1,1,1]}},{"__type__":"cc.Node","_name":"1K","_parent":{"__id__":8},"_components":[{"__type__":"sp.Skeleton","node":{"__id__":9},"_materials":[{"__uuid__":"7a/QZLET9IDreTiBfRn2PD"}],"defaultAnimation":"animation","_preCacheMode":0,"_animationName":"animation","_N$skeletonData":{"__uuid__":"313lxeX1JGUrjfwBBLSIWd"}}],"_prefab":{"__type__":"cc.PrefabInfo","root":{"__id__":1},"asset":{"__id__":0},"fileId":"92hKj6cBhFIpNnKxfuvItB"},"_contentSize":{"__type__":"cc.Size","width":542,"height":522},"_trs":{"__type__":"TypedArray","ctor":"Float64Array","array":[70,19,0,0,0,0,1,0.8,0.8,1]}},{"__type__":"cc.Node","_name":"Hu","_parent":{"__id__":8},"_components":[{"__type__":"cc.Label","node":{"__id__":10},"_materials":[{"__uuid__":"ecpdLyjvZBwrvm+cedCcQy"}],"_useOriginalSize":false,"_string":"0","_N$string":"0","_fontSize":8,"_N$file":{"__uuid__":"b2aj6zTAxIE5MqrFvn2G/O"},"_isSystemFontUsed":false,"_N$horizontalAlign":1,"_N$verticalAlign":1}],"_prefab":{"__type__":"cc.PrefabInfo","root":{"__id__":1},"asset":{"__id__":0},"fileId":"afaXPoD5lEgr2XqdSR6biV"},"_contentSize":{"__type__":"cc.Size","width":18.5,"height":10},"_trs":{"__type__":"TypedArray","ctor":"Float64Array","array":[81,-62,0,0,0,0,1,1,1,1]}},{"__type__":"cc.Node","_name":"Button-back","_parent":{"__id__":1},"_components":[{"__type__":"cc.Sprite","node":{"__id__":11},"_materials":[{"__uuid__":"ecpdLyjvZBwrvm+cedCcQy"}],"_spriteFrame":{"__uuid__":"fbjin4RbZOa7gqzVahuepi"}},{"__type__":"cc.Button","node":{"__id__":11},"_normalMaterial":{"__uuid__":"ecpdLyjvZBwrvm+cedCcQy"},"zoomScale":1.1,"clickEvents":[null,null],"_N$transition":3,"transition":3}],"_prefab":{"__type__":"cc.PrefabInfo","root":{"__id__":1},"asset":{"__id__":0},"fileId":"aeRHESojJBVrN00WfmD3dO"},"_contentSize":{"__type__":"cc.Size","width":66,"height":61},"_trs":{"__type__":"TypedArray","ctor":"Float64Array","array":[-615.859,323.043,0,0,0,0,1,1,1,1]}}],{"__type__":"cc.SpriteFrame","content":{"name":"default_btn_pressed","texture":"b4P/PCArtIdIH38t6mlw8Y","rect":[0,0,40,40],"offset":[0,0],"originalSize":[40,40],"capInsets":[12,12,12,12]}},{"__type__":"cc.SpriteFrame","content":{"name":"default_btn_normal","texture":"e8Ueib+qJEhL6mXAHdnwbi","rect":[0,0,40,40],"offset":[0,0],"originalSize":[40,40],"capInsets":[12,12,12,12]}},{"__type__":"cc.SpriteFrame","content":{"name":"bg_0","texture":"41Sg+fmthBr5nd2zpYlXMf","rect":[0,0,1706,960],"offset":[0,0],"originalSize":[1706,960],"capInsets":[0,0,0,0]}},{"__type__":"cc.SpriteFrame","content":{"name":"button-back","texture":"08LiXA4LBIo66LDV628yt2","rect":[0,0,66,61],"offset":[0,0],"originalSize":[66,61],"capInsets":[0,0,0,0]}}]