[[{"__type__":"cc.Prefab","_name":"miniBigWin","data":{"__id__":1}},{"__type__":"cc.Node","_name":"miniBigWin","_children":[{"__id__":2},{"__id__":3},{"__id__":4}],"_components":[{"__type__":"cc.Animation","node":{"__id__":1},"_defaultClip":{"__uuid__":"b7bK/M4TtKHbvFQZgQTork"},"_clips":[{"__uuid__":"b7bK/M4TtKHbvFQZgQTork"}],"playOnLoad":true},{"__type__":"1b515XdufZBFaOcG7quJClg","node":{"__id__":1},"bet":{"__id__":5}}],"_prefab":{"__type__":"cc.PrefabInfo","root":{"__id__":1},"asset":{"__uuid__":"2emU5dJzBDPLDZMPwyAnFm"},"fileId":"b4VLhqwSJEHY3pqJrI22Qc"},"_trs":{"__type__":"TypedArray","ctor":"Float64Array","array":[0,0,0,0,0,0,1,1,1,1]}},{"__type__":"cc.Node","_name":"bg_jackpot","_parent":{"__id__":1},"_components":[{"__type__":"cc.Sprite","node":{"__id__":2},"_materials":[{"__uuid__":"ecpdLyjvZBwrvm+cedCcQy"}],"_spriteFrame":{"__uuid__":"fcI/y78U5L+IIlCihmL6aJ"}}],"_prefab":{"__type__":"cc.PrefabInfo","root":{"__id__":1},"asset":{"__uuid__":"2emU5dJzBDPLDZMPwyAnFm"},"fileId":"1coHw9E4ZAmKIQxNtc0Mfd"},"_contentSize":{"__type__":"cc.Size","width":266,"height":266},"_trs":{"__type__":"TypedArray","ctor":"Float64Array","array":[0,0,0,0,0,0,1,1,1,1]}},{"__type__":"cc.Node","_name":"bigwin","_parent":{"__id__":1},"_components":[{"__type__":"cc.Sprite","node":{"__id__":3},"_materials":[{"__uuid__":"ecpdLyjvZBwrvm+cedCcQy"}],"_spriteFrame":{"__uuid__":"7aSOx5M/pDZ4tZxIehjRws"}}],"_prefab":{"__type__":"cc.PrefabInfo","root":{"__id__":1},"asset":{"__uuid__":"2emU5dJzBDPLDZMPwyAnFm"},"fileId":"a8ODma19NJp7fud4kk+qD0"},"_contentSize":{"__type__":"cc.Size","width":246,"height":139},"_trs":{"__type__":"TypedArray","ctor":"Float64Array","array":[0,13,0,0,0,0,1,1,1,1]}},{"__type__":"cc.Node","_name":"Coint","_parent":{"__id__":1},"_components":[{"__id__":5}],"_prefab":{"__type__":"cc.PrefabInfo","root":{"__id__":1},"asset":{"__uuid__":"2emU5dJzBDPLDZMPwyAnFm"},"fileId":"2boser7i5Ax7iN8iOYNUlv"},"_contentSize":{"__type__":"cc.Size","height":121.88},"_trs":{"__type__":"TypedArray","ctor":"Float64Array","array":[0,-64,0,0,0,0,1,1,1,1]}},{"__type__":"cc.Label","node":{"__id__":4},"_materials":[{"__uuid__":"ecpdLyjvZBwrvm+cedCcQy"}],"_useOriginalSize":false,"_fontSize":30,"_lineHeight":130,"_N$file":{"__uuid__":"ef8o6k621BXZD8CLU28CwZ"},"_isSystemFontUsed":false,"_N$horizontalAlign":1}],{"__type__":"cc.SpriteFrame","content":{"name":"bigwin","texture":"1a5FBIr2BHNbt//VkyyeR/","rect":[0,0,246,139],"offset":[0,0],"originalSize":[246,139],"capInsets":[0,0,0,0]}},{"__type__":"cc.SpriteFrame","content":{"name":"bg_jackpot","texture":"a2DcSw4+hIRJKPnSGibumx","rect":[0,0,266,266],"offset":[0,0],"originalSize":[266,266],"capInsets":[0,0,0,0]}}]