[{"__type__":"cc.SpriteFrame","content":{"name":"500k","texture":"7euAp2a0BGCooh6L15wJLs","rect":[248,264,120,50],"offset":[0,0],"originalSize":[120,50],"capInsets":[0,0,0,0]}},{"__type__":"cc.SpriteFrame","content":{"name":"delete","texture":"7euAp2a0BGCooh6L15wJLs","rect":[164,428,80,50],"offset":[0,0],"originalSize":[80,50],"capInsets":[0,0,0,0]}},{"__type__":"cc.SpriteFrame","content":{"name":"2","texture":"7euAp2a0BGCooh6L15wJLs","rect":[330,368,80,50],"offset":[0,0],"originalSize":[80,50],"capInsets":[0,0,0,0]}},{"__type__":"cc.SpriteFrame","content":{"name":"50k","texture":"7euAp2a0BGCooh6L15wJLs","rect":[248,212,120,50],"offset":[0,0],"originalSize":[120,50],"capInsets":[0,0,0,0]}},{"__type__":"cc.SpriteFrame","content":{"name":"8","texture":"7euAp2a0BGCooh6L15wJLs","rect":[248,368,80,50],"offset":[0,0],"originalSize":[80,50],"capInsets":[0,0,0,0]}},{"__type__":"cc.SpriteFrame","content":{"name":"allin-btn","texture":"7euAp2a0BGCooh6L15wJLs","rect":[124,268,122,54],"offset":[0,0],"originalSize":[122,54],"capInsets":[0,0,0,0]}},{"__type__":"cc.SpriteFrame","content":{"name":"3","texture":"7euAp2a0BGCooh6L15wJLs","rect":[452,264,80,50],"offset":[0,0],"originalSize":[80,50],"capInsets":[0,0,0,0]}},{"__type__":"cc.SpriteFrame","content":{"name":"1k","texture":"7euAp2a0BGCooh6L15wJLs","rect":[0,376,120,50],"offset":[0,0],"originalSize":[120,50],"capInsets":[0,0,0,0]}},{"__type__":"cc.SpriteFrame","content":{"name":"huy-btn","texture":"7euAp2a0BGCooh6L15wJLs","rect":[124,212,122,54],"offset":[0,0],"originalSize":[122,54],"capInsets":[0,0,0,0]}},{"__type__":"cc.SpriteFrame","content":{"name":"100k","texture":"7euAp2a0BGCooh6L15wJLs","rect":[122,324,120,50],"offset":[0,0],"originalSize":[120,50],"capInsets":[0,0,0,0]}},{"__type__":"cc.SpriteFrame","content":{"name":"1m","texture":"7euAp2a0BGCooh6L15wJLs","rect":[122,376,120,50],"offset":[0,0],"originalSize":[120,50],"capInsets":[0,0,0,0]}},{"__type__":"cc.SpriteFrame","content":{"name":"000","texture":"7euAp2a0BGCooh6L15wJLs","rect":[370,316,80,50],"offset":[0,0],"originalSize":[80,50],"capInsets":[0,0,0,0]}},{"__type__":"cc.SpriteFrame","content":{"name":"6","texture":"7euAp2a0BGCooh6L15wJLs","rect":[0,428,80,50],"offset":[0,0],"originalSize":[80,50],"capInsets":[0,0,0,0]}},{"__type__":"cc.SpriteFrame","content":{"name":"1","texture":"7euAp2a0BGCooh6L15wJLs","rect":[248,420,80,50],"offset":[0,0],"originalSize":[80,50],"capInsets":[0,0,0,0]}},{"__type__":"cc.SpriteFrame","content":{"name":"9","texture":"7euAp2a0BGCooh6L15wJLs","rect":[370,264,80,50],"offset":[0,0],"originalSize":[80,50],"capInsets":[0,0,0,0]}},{"__type__":"cc.SpriteFrame","content":{"name":"5m","texture":"7euAp2a0BGCooh6L15wJLs","rect":[370,212,120,50],"offset":[0,0],"originalSize":[120,50],"capInsets":[0,0,0,0]}},{"__type__":"cc.SpriteFrame","content":{"name":"4","texture":"7euAp2a0BGCooh6L15wJLs","rect":[330,420,80,50],"offset":[0,0],"originalSize":[80,50],"capInsets":[0,0,0,0]}},{"__type__":"cc.SpriteFrame","content":{"name":"5","texture":"7euAp2a0BGCooh6L15wJLs","rect":[452,316,80,50],"offset":[0,0],"originalSize":[80,50],"capInsets":[0,0,0,0]}},{"__type__":"cc.SpriteAtlas","_name":"board.plist","_spriteFrames":{"1":{"__uuid__":"a5GEmfWBZP7oSVX+baQJ4O"},"2":{"__uuid__":"32yc9Mw9pBDItw20jHtDNC"},"3":{"__uuid__":"6bb0rOHStLF65XxkLVmLKG"},"4":{"__uuid__":"b78uUghYFPdL+/KD0/Ji2R"},"5":{"__uuid__":"c4hzbL4qxC+KlMC1jOcYGn"},"6":{"__uuid__":"96B5KEgnVEO6xYnNMJO4Yx"},"7":{"__uuid__":"daSVpRVn1N8570fu6eQJTd"},"8":{"__uuid__":"660KrJElVG3LK12g9N1j8g"},"9":{"__uuid__":"b2bctNlpVNGaUHfgqkADif"},"000":{"__uuid__":"95BFeT5cJHZZwdzkddVG6G"},"100k":{"__uuid__":"7dcCvIt31KdIDyX9Gs6PEd"},"10m":{"__uuid__":"eaHSG/kVVN17FFHiqRO3O4"},"1k":{"__uuid__":"7bObMhCxxDVaHwNhXSbyOr"},"1m":{"__uuid__":"88itjqrTdMdoE1tJcFzIVq"},"500k":{"__uuid__":"0bbgO7fS5KP7SXvWn/ZmF/"},"50k":{"__uuid__":"65RWdtaFFHOqAq9lXdCqw3"},"5k":{"__uuid__":"e6FJVSt+BOl6+eQV0olemO"},"5m":{"__uuid__":"b5GXRAuiNLBJha0C+G5BPD"},"allin-btn":{"__uuid__":"68Mz5tFMRNaJxkqltWN3Nj"},"dat-bg":{"__uuid__":"e92YNwkrdM7pN+9g6CNbyv"},"delete":{"__uuid__":"2fZtdafQFJursqjkfZyx+W"},"dongy-btn":{"__uuid__":"f2PUkQRf9DzqzkefXVAOe0"},"huy-btn":{"__uuid__":"7bu3WKfMNMmb1WmS7VMwqD"},"sokhac-btn":{"__uuid__":"d5WLf/x0lPh6g1hhzGE0IX"}}},{"__type__":"cc.SpriteFrame","content":{"name":"sokhac-btn","texture":"7euAp2a0BGCooh6L15wJLs","rect":[0,268,122,54],"offset":[0,0],"originalSize":[122,54],"capInsets":[0,0,0,0]}},{"__type__":"cc.SpriteFrame","content":{"name":"7","texture":"7euAp2a0BGCooh6L15wJLs","rect":[82,428,80,50],"offset":[0,0],"originalSize":[80,50],"capInsets":[0,0,0,0]}},{"__type__":"cc.SpriteFrame","content":{"name":"5k","texture":"7euAp2a0BGCooh6L15wJLs","rect":[248,316,120,50],"offset":[0,0],"originalSize":[120,50],"capInsets":[0,0,0,0]}},{"__type__":"cc.SpriteFrame","content":{"name":"dat-bg","texture":"7euAp2a0BGCooh6L15wJLs","rect":[0,0,558,210],"offset":[0,0],"originalSize":[558,210],"capInsets":[0,0,0,0]}},{"__type__":"cc.SpriteFrame","content":{"name":"10m","texture":"7euAp2a0BGCooh6L15wJLs","rect":[0,324,120,50],"offset":[0,0],"originalSize":[120,50],"capInsets":[0,0,0,0]}},{"__type__":"cc.SpriteFrame","content":{"name":"dongy-btn","texture":"7euAp2a0BGCooh6L15wJLs","rect":[0,212,122,54],"offset":[0,0],"originalSize":[122,54],"capInsets":[0,0,0,0]}}]