[{"__type__":"cc.BitmapFont","_name":"azuki","spriteFrame":{"__uuid__":"bbKrv30OhDnIqgrKYXGEt5"},"fontSize":60,"_fntConfig":{"commonHeight":74,"fontSize":60,"atlasName":"azuki.png","fontDefDictionary":{"32":{"rect":{"x":0,"y":0,"width":0,"height":0},"xOffset":2,"yOffset":52,"xAdvance":17},"33":{"rect":{"x":2,"y":2,"width":12,"height":37},"xOffset":1,"yOffset":21,"xAdvance":17},"34":{"rect":{"x":2,"y":41,"width":19,"height":15},"xOffset":1,"yOffset":21,"xAdvance":24},"35":{"rect":{"x":16,"y":2,"width":31,"height":37},"xOffset":1,"yOffset":21,"xAdvance":36},"36":{"rect":{"x":2,"y":58,"width":29,"height":50},"xOffset":1,"yOffset":15,"xAdvance":34},"37":{"rect":{"x":2,"y":110,"width":41,"height":41},"xOffset":1,"yOffset":19,"xAdvance":46},"38":{"rect":{"x":33,"y":41,"width":39,"height":41},"xOffset":1,"yOffset":19,"xAdvance":43},"39":{"rect":{"x":33,"y":84,"width":9,"height":14},"xOffset":1,"yOffset":21,"xAdvance":14},"40":{"rect":{"x":2,"y":153,"width":17,"height":51},"xOffset":1,"yOffset":21,"xAdvance":21},"41":{"rect":{"x":2,"y":206,"width":17,"height":51},"xOffset":1,"yOffset":21,"xAdvance":22},"42":{"rect":{"x":49,"y":2,"width":25,"height":25},"xOffset":1,"yOffset":21,"xAdvance":30},"43":{"rect":{"x":2,"y":259,"width":28,"height":26},"xOffset":1,"yOffset":25,"xAdvance":33},"44":{"rect":{"x":44,"y":84,"width":9,"height":16},"xOffset":1,"yOffset":52,"xAdvance":14},"45":{"rect":{"x":49,"y":29,"width":26,"height":7},"xOffset":1,"yOffset":34,"xAdvance":31},"46":{"rect":{"x":76,"y":2,"width":10,"height":7},"xOffset":1,"yOffset":52,"xAdvance":15},"47":{"rect":{"x":21,"y":153,"width":20,"height":38},"xOffset":1,"yOffset":20,"xAdvance":25},"48":{"rect":{"x":21,"y":193,"width":30,"height":39},"xOffset":1,"yOffset":20,"xAdvance":35},"49":{"rect":{"x":45,"y":102,"width":16,"height":39},"xOffset":2,"yOffset":21,"xAdvance":21},"50":{"rect":{"x":45,"y":143,"width":28,"height":40},"xOffset":1,"yOffset":20,"xAdvance":33},"51":{"rect":{"x":63,"y":84,"width":24,"height":40},"xOffset":1,"yOffset":20,"xAdvance":29},"52":{"rect":{"x":74,"y":38,"width":30,"height":41},"xOffset":1,"yOffset":20,"xAdvance":33},"53":{"rect":{"x":2,"y":287,"width":25,"height":41},"xOffset":1,"yOffset":19,"xAdvance":30},"54":{"rect":{"x":2,"y":330,"width":28,"height":40},"xOffset":1,"yOffset":19,"xAdvance":32},"55":{"rect":{"x":29,"y":287,"width":31,"height":39},"xOffset":1,"yOffset":20,"xAdvance":33},"56":{"rect":{"x":32,"y":234,"width":26,"height":40},"xOffset":1,"yOffset":20,"xAdvance":31},"57":{"rect":{"x":53,"y":185,"width":28,"height":40},"xOffset":1,"yOffset":19,"xAdvance":32},"58":{"rect":{"x":88,"y":2,"width":10,"height":27},"xOffset":1,"yOffset":32,"xAdvance":15},"59":{"rect":{"x":75,"y":126,"width":10,"height":35},"xOffset":1,"yOffset":32,"xAdvance":15},"60":{"rect":{"x":60,"y":227,"width":26,"height":38},"xOffset":1,"yOffset":20,"xAdvance":31},"61":{"rect":{"x":60,"y":267,"width":27,"height":18},"xOffset":1,"yOffset":30,"xAdvance":31},"62":{"rect":{"x":83,"y":163,"width":27,"height":36},"xOffset":1,"yOffset":21,"xAdvance":32},"63":{"rect":{"x":88,"y":201,"width":21,"height":38},"xOffset":1,"yOffset":21,"xAdvance":26},"64":{"rect":{"x":89,"y":81,"width":39,"height":49},"xOffset":1,"yOffset":20,"xAdvance":43},"65":{"rect":{"x":106,"y":2,"width":40,"height":40},"xOffset":1,"yOffset":20,"xAdvance":43},"66":{"rect":{"x":2,"y":372,"width":32,"height":41},"xOffset":1,"yOffset":19,"xAdvance":36},"67":{"rect":{"x":32,"y":328,"width":29,"height":39},"xOffset":1,"yOffset":20,"xAdvance":33},"68":{"rect":{"x":2,"y":415,"width":29,"height":40},"xOffset":1,"yOffset":19,"xAdvance":34},"69":{"rect":{"x":2,"y":457,"width":32,"height":40},"xOffset":1,"yOffset":20,"xAdvance":35},"70":{"rect":{"x":36,"y":369,"width":32,"height":42},"xOffset":1,"yOffset":19,"xAdvance":34},"71":{"rect":{"x":63,"y":287,"width":31,"height":43},"xOffset":1,"yOffset":19,"xAdvance":35},"72":{"rect":{"x":33,"y":415,"width":35,"height":38},"xOffset":1,"yOffset":20,"xAdvance":40},"73":{"rect":{"x":89,"y":241,"width":13,"height":39},"xOffset":3,"yOffset":20,"xAdvance":19},"74":{"rect":{"x":36,"y":455,"width":26,"height":38},"xOffset":1,"yOffset":20,"xAdvance":31},"75":{"rect":{"x":64,"y":455,"width":34,"height":38},"xOffset":1,"yOffset":20,"xAdvance":38},"76":{"rect":{"x":70,"y":332,"width":26,"height":38},"xOffset":2,"yOffset":21,"xAdvance":31},"77":{"rect":{"x":96,"y":282,"width":39,"height":38},"xOffset":1,"yOffset":20,"xAdvance":43},"78":{"rect":{"x":104,"y":241,"width":32,"height":38},"xOffset":1,"yOffset":20,"xAdvance":37},"79":{"rect":{"x":70,"y":372,"width":33,"height":40},"xOffset":1,"yOffset":19,"xAdvance":38},"80":{"rect":{"x":98,"y":322,"width":30,"height":40},"xOffset":1,"yOffset":19,"xAdvance":34},"81":{"rect":{"x":100,"y":414,"width":32,"height":45},"xOffset":1,"yOffset":19,"xAdvance":37},"82":{"rect":{"x":105,"y":364,"width":33,"height":41},"xOffset":1,"yOffset":19,"xAdvance":37},"83":{"rect":{"x":130,"y":322,"width":28,"height":40},"xOffset":1,"yOffset":19,"xAdvance":33},"84":{"rect":{"x":70,"y":414,"width":28,"height":38},"xOffset":1,"yOffset":20,"xAdvance":31},"85":{"rect":{"x":111,"y":201,"width":30,"height":38},"xOffset":1,"yOffset":20,"xAdvance":35},"86":{"rect":{"x":137,"y":281,"width":34,"height":38},"xOffset":1,"yOffset":20,"xAdvance":37},"87":{"rect":{"x":100,"y":461,"width":52,"height":39},"xOffset":1,"yOffset":20,"xAdvance":55},"88":{"rect":{"x":134,"y":407,"width":32,"height":41},"xOffset":1,"yOffset":18,"xAdvance":35},"89":{"rect":{"x":140,"y":364,"width":34,"height":39},"xOffset":1,"yOffset":20,"xAdvance":37},"90":{"rect":{"x":160,"y":321,"width":30,"height":40},"xOffset":1,"yOffset":20,"xAdvance":35},"91":{"rect":{"x":154,"y":450,"width":20,"height":51},"xOffset":1,"yOffset":20,"xAdvance":24},"92":{"rect":{"x":138,"y":241,"width":20,"height":38},"xOffset":1,"yOffset":20,"xAdvance":25},"93":{"rect":{"x":112,"y":132,"width":20,"height":51},"xOffset":1,"yOffset":20,"xAdvance":24},"94":{"rect":{"x":36,"y":495,"width":17,"height":15},"xOffset":1,"yOffset":22,"xAdvance":22},"95":{"rect":{"x":134,"y":450,"width":17,"height":2},"xOffset":0,"yOffset":59,"xAdvance":17},"96":{"rect":{"x":55,"y":502,"width":12,"height":8},"xOffset":1,"yOffset":22,"xAdvance":16},"97":{"rect":{"x":106,"y":44,"width":28,"height":29},"xOffset":1,"yOffset":31,"xAdvance":31},"98":{"rect":{"x":168,"y":405,"width":26,"height":38},"xOffset":0,"yOffset":21,"xAdvance":30},"99":{"rect":{"x":176,"y":363,"width":24,"height":29},"xOffset":1,"yOffset":30,"xAdvance":28},"100":{"rect":{"x":130,"y":75,"width":27,"height":39},"xOffset":1,"yOffset":20,"xAdvance":31},"101":{"rect":{"x":87,"y":132,"width":23,"height":29},"xOffset":1,"yOffset":31,"xAdvance":28},"102":{"rect":{"x":176,"y":445,"width":23,"height":47},"xOffset":-1,"yOffset":21,"xAdvance":25},"103":{"rect":{"x":196,"y":394,"width":27,"height":41},"xOffset":1,"yOffset":32,"xAdvance":32},"104":{"rect":{"x":148,"y":2,"width":27,"height":38},"xOffset":1,"yOffset":21,"xAdvance":31},"105":{"rect":{"x":201,"y":437,"width":16,"height":38},"xOffset":0,"yOffset":21,"xAdvance":17},"106":{"rect":{"x":219,"y":437,"width":16,"height":49},"xOffset":1,"yOffset":22,"xAdvance":19},"107":{"rect":{"x":134,"y":116,"width":28,"height":38},"xOffset":0,"yOffset":21,"xAdvance":30},"108":{"rect":{"x":134,"y":156,"width":13,"height":42},"xOffset":1,"yOffset":20,"xAdvance":17},"109":{"rect":{"x":136,"y":44,"width":42,"height":28},"xOffset":1,"yOffset":30,"xAdvance":47},"110":{"rect":{"x":143,"y":200,"width":26,"height":28},"xOffset":1,"yOffset":30,"xAdvance":30},"111":{"rect":{"x":177,"y":2,"width":25,"height":28},"xOffset":1,"yOffset":30,"xAdvance":29},"112":{"rect":{"x":149,"y":156,"width":26,"height":41},"xOffset":1,"yOffset":31,"xAdvance":30},"113":{"rect":{"x":160,"y":230,"width":26,"height":41},"xOffset":1,"yOffset":32,"xAdvance":31},"114":{"rect":{"x":171,"y":199,"width":23,"height":27},"xOffset":1,"yOffset":32,"xAdvance":27},"115":{"rect":{"x":159,"y":74,"width":25,"height":29},"xOffset":1,"yOffset":30,"xAdvance":29},"116":{"rect":{"x":173,"y":273,"width":24,"height":43},"xOffset":1,"yOffset":21,"xAdvance":25},"117":{"rect":{"x":180,"y":32,"width":27,"height":28},"xOffset":1,"yOffset":31,"xAdvance":31},"118":{"rect":{"x":204,"y":2,"width":25,"height":28},"xOffset":1,"yOffset":31,"xAdvance":29},"119":{"rect":{"x":192,"y":318,"width":38,"height":28},"xOffset":1,"yOffset":31,"xAdvance":41},"120":{"rect":{"x":188,"y":228,"width":25,"height":28},"xOffset":1,"yOffset":31,"xAdvance":30},"121":{"rect":{"x":202,"y":348,"width":27,"height":41},"xOffset":1,"yOffset":31,"xAdvance":31},"122":{"rect":{"x":225,"y":391,"width":24,"height":29},"xOffset":1,"yOffset":31,"xAdvance":28},"123":{"rect":{"x":199,"y":258,"width":23,"height":51},"xOffset":1,"yOffset":21,"xAdvance":27},"124":{"rect":{"x":237,"y":422,"width":9,"height":50},"xOffset":1,"yOffset":21,"xAdvance":14},"125":{"rect":{"x":248,"y":422,"width":23,"height":51},"xOffset":1,"yOffset":21,"xAdvance":27},"126":{"rect":{"x":176,"y":494,"width":34,"height":13},"xOffset":1,"yOffset":36,"xAdvance":38},"168":{"rect":{"x":29,"y":328,"width":0,"height":0},"xOffset":0,"yOffset":58,"xAdvance":32},"169":{"rect":{"x":231,"y":348,"width":33,"height":36},"xOffset":1,"yOffset":22,"xAdvance":38},"174":{"rect":{"x":164,"y":105,"width":33,"height":36},"xOffset":1,"yOffset":22,"xAdvance":38},"180":{"rect":{"x":143,"y":230,"width":12,"height":9},"xOffset":2,"yOffset":23,"xAdvance":17},"182":{"rect":{"x":177,"y":143,"width":31,"height":43},"xOffset":1,"yOffset":21,"xAdvance":36},"188":{"rect":{"x":196,"y":188,"width":31,"height":38},"xOffset":2,"yOffset":20,"xAdvance":37},"189":{"rect":{"x":186,"y":62,"width":31,"height":38},"xOffset":2,"yOffset":20,"xAdvance":37},"190":{"rect":{"x":210,"y":102,"width":34,"height":40},"xOffset":1,"yOffset":19,"xAdvance":38},"192":{"rect":{"x":219,"y":32,"width":40,"height":48},"xOffset":1,"yOffset":11,"xAdvance":43},"193":{"rect":{"x":224,"y":228,"width":40,"height":47},"xOffset":1,"yOffset":12,"xAdvance":43},"194":{"rect":{"x":232,"y":277,"width":40,"height":47},"xOffset":1,"yOffset":12,"xAdvance":43},"195":{"rect":{"x":229,"y":144,"width":40,"height":47},"xOffset":1,"yOffset":12,"xAdvance":43},"200":{"rect":{"x":246,"y":82,"width":32,"height":47},"xOffset":1,"yOffset":12,"xAdvance":35},"201":{"rect":{"x":261,"y":2,"width":32,"height":47},"xOffset":1,"yOffset":13,"xAdvance":35},"202":{"rect":{"x":266,"y":193,"width":32,"height":47},"xOffset":1,"yOffset":13,"xAdvance":35},"204":{"rect":{"x":271,"y":131,"width":13,"height":47},"xOffset":2,"yOffset":12,"xAdvance":19},"205":{"rect":{"x":280,"y":51,"width":13,"height":47},"xOffset":3,"yOffset":12,"xAdvance":19},"208":{"rect":{"x":286,"y":100,"width":30,"height":40},"xOffset":0,"yOffset":19,"xAdvance":34},"210":{"rect":{"x":286,"y":142,"width":33,"height":47},"xOffset":1,"yOffset":11,"xAdvance":38},"211":{"rect":{"x":266,"y":326,"width":33,"height":47},"xOffset":1,"yOffset":12,"xAdvance":38},"212":{"rect":{"x":274,"y":242,"width":33,"height":47},"xOffset":1,"yOffset":12,"xAdvance":38},"213":{"rect":{"x":300,"y":191,"width":33,"height":47},"xOffset":1,"yOffset":11,"xAdvance":38},"217":{"rect":{"x":295,"y":2,"width":30,"height":46},"xOffset":1,"yOffset":13,"xAdvance":35},"218":{"rect":{"x":295,"y":50,"width":30,"height":46},"xOffset":1,"yOffset":13,"xAdvance":35},"221":{"rect":{"x":321,"y":98,"width":34,"height":46},"xOffset":1,"yOffset":13,"xAdvance":37},"224":{"rect":{"x":321,"y":146,"width":28,"height":38},"xOffset":1,"yOffset":22,"xAdvance":31},"225":{"rect":{"x":266,"y":375,"width":28,"height":38},"xOffset":1,"yOffset":22,"xAdvance":31},"226":{"rect":{"x":327,"y":2,"width":28,"height":37},"xOffset":1,"yOffset":23,"xAdvance":31},"227":{"rect":{"x":327,"y":41,"width":28,"height":37},"xOffset":1,"yOffset":22,"xAdvance":31},"232":{"rect":{"x":273,"y":415,"width":23,"height":38},"xOffset":1,"yOffset":22,"xAdvance":28},"233":{"rect":{"x":296,"y":375,"width":23,"height":37},"xOffset":1,"yOffset":22,"xAdvance":28},"234":{"rect":{"x":273,"y":455,"width":23,"height":37},"xOffset":1,"yOffset":23,"xAdvance":28},"236":{"rect":{"x":210,"y":144,"width":13,"height":37},"xOffset":1,"yOffset":21,"xAdvance":17},"237":{"rect":{"x":301,"y":291,"width":13,"height":38},"xOffset":1,"yOffset":21,"xAdvance":17},"242":{"rect":{"x":301,"y":331,"width":25,"height":38},"xOffset":1,"yOffset":21,"xAdvance":29},"243":{"rect":{"x":309,"y":240,"width":25,"height":37},"xOffset":1,"yOffset":22,"xAdvance":29},"244":{"rect":{"x":316,"y":279,"width":25,"height":36},"xOffset":1,"yOffset":23,"xAdvance":29},"245":{"rect":{"x":335,"y":186,"width":25,"height":37},"xOffset":1,"yOffset":22,"xAdvance":29},"247":{"rect":{"x":33,"y":455,"width":0,"height":0},"xOffset":0,"yOffset":58,"xAdvance":52},"249":{"rect":{"x":351,"y":146,"width":27,"height":38},"xOffset":1,"yOffset":22,"xAdvance":31},"250":{"rect":{"x":336,"y":225,"width":27,"height":38},"xOffset":1,"yOffset":22,"xAdvance":31},"253":{"rect":{"x":298,"y":414,"width":27,"height":50},"xOffset":1,"yOffset":22,"xAdvance":31},"258":{"rect":{"x":327,"y":371,"width":40,"height":49},"xOffset":1,"yOffset":10,"xAdvance":43},"259":{"rect":{"x":298,"y":466,"width":28,"height":38},"xOffset":1,"yOffset":22,"xAdvance":31},"268":{"rect":{"x":87,"y":126,"width":0,"height":0},"xOffset":0,"yOffset":58,"xAdvance":39},"269":{"rect":{"x":87,"y":128,"width":0,"height":0},"xOffset":0,"yOffset":58,"xAdvance":29},"272":{"rect":{"x":327,"y":422,"width":30,"height":40},"xOffset":0,"yOffset":19,"xAdvance":34},"273":{"rect":{"x":328,"y":464,"width":32,"height":39},"xOffset":1,"yOffset":20,"xAdvance":31},"296":{"rect":{"x":328,"y":317,"width":16,"height":48},"xOffset":3,"yOffset":11,"xAdvance":19},"297":{"rect":{"x":362,"y":186,"width":15,"height":36},"xOffset":0,"yOffset":22,"xAdvance":17},"360":{"rect":{"x":343,"y":265,"width":30,"height":47},"xOffset":1,"yOffset":11,"xAdvance":35},"361":{"rect":{"x":365,"y":224,"width":27,"height":38},"xOffset":1,"yOffset":22,"xAdvance":31},"416":{"rect":{"x":346,"y":314,"width":34,"height":45},"xOffset":1,"yOffset":14,"xAdvance":38},"417":{"rect":{"x":237,"y":475,"width":26,"height":35},"xOffset":1,"yOffset":24,"xAdvance":29},"431":{"rect":{"x":375,"y":264,"width":34,"height":45},"xOffset":1,"yOffset":14,"xAdvance":35},"432":{"rect":{"x":379,"y":186,"width":29,"height":36},"xOffset":1,"yOffset":24,"xAdvance":31},"7840":{"rect":{"x":362,"y":422,"width":40,"height":49},"xOffset":1,"yOffset":20,"xAdvance":43},"7841":{"rect":{"x":394,"y":224,"width":28,"height":38},"xOffset":1,"yOffset":31,"xAdvance":31},"7842":{"rect":{"x":369,"y":361,"width":40,"height":52},"xOffset":1,"yOffset":7,"xAdvance":43},"7843":{"rect":{"x":382,"y":311,"width":28,"height":41},"xOffset":1,"yOffset":19,"xAdvance":31},"7844":{"rect":{"x":404,"y":415,"width":40,"height":55},"xOffset":1,"yOffset":4,"xAdvance":43},"7845":{"rect":{"x":411,"y":264,"width":28,"height":45},"xOffset":1,"yOffset":15,"xAdvance":31},"7846":{"rect":{"x":411,"y":354,"width":40,"height":56},"xOffset":1,"yOffset":3,"xAdvance":43},"7847":{"rect":{"x":446,"y":412,"width":28,"height":45},"xOffset":1,"yOffset":15,"xAdvance":31},"7848":{"rect":{"x":357,"y":2,"width":40,"height":56},"xOffset":1,"yOffset":3,"xAdvance":43},"7849":{"rect":{"x":446,"y":459,"width":28,"height":47},"xOffset":1,"yOffset":13,"xAdvance":31},"7850":{"rect":{"x":357,"y":60,"width":40,"height":54},"xOffset":1,"yOffset":5,"xAdvance":43},"7851":{"rect":{"x":380,"y":116,"width":28,"height":43},"xOffset":1,"yOffset":16,"xAdvance":31},"7852":{"rect":{"x":399,"y":2,"width":40,"height":56},"xOffset":1,"yOffset":12,"xAdvance":43},"7853":{"rect":{"x":399,"y":60,"width":28,"height":46},"xOffset":1,"yOffset":23,"xAdvance":31},"7854":{"rect":{"x":410,"y":108,"width":40,"height":56},"xOffset":1,"yOffset":3,"xAdvance":43},"7855":{"rect":{"x":429,"y":60,"width":28,"height":45},"xOffset":1,"yOffset":15,"xAdvance":31},"7856":{"rect":{"x":424,"y":166,"width":40,"height":57},"xOffset":1,"yOffset":3,"xAdvance":43},"7857":{"rect":{"x":441,"y":2,"width":28,"height":45},"xOffset":1,"yOffset":15,"xAdvance":31},"7858":{"rect":{"x":459,"y":49,"width":40,"height":59},"xOffset":1,"yOffset":0,"xAdvance":43},"7859":{"rect":{"x":452,"y":110,"width":28,"height":48},"xOffset":1,"yOffset":12,"xAdvance":31},"7860":{"rect":{"x":441,"y":225,"width":40,"height":57},"xOffset":1,"yOffset":2,"xAdvance":43},"7861":{"rect":{"x":466,"y":160,"width":28,"height":46},"xOffset":1,"yOffset":14,"xAdvance":31},"7862":{"rect":{"x":441,"y":284,"width":40,"height":58},"xOffset":1,"yOffset":10,"xAdvance":43},"7863":{"rect":{"x":482,"y":110,"width":28,"height":47},"xOffset":1,"yOffset":22,"xAdvance":31},"7864":{"rect":{"x":453,"y":344,"width":32,"height":49},"xOffset":1,"yOffset":20,"xAdvance":35},"7865":{"rect":{"x":412,"y":311,"width":23,"height":39},"xOffset":1,"yOffset":31,"xAdvance":28},"7866":{"rect":{"x":501,"y":2,"width":32,"height":53},"xOffset":1,"yOffset":7,"xAdvance":35},"7867":{"rect":{"x":471,"y":2,"width":23,"height":41},"xOffset":1,"yOffset":19,"xAdvance":28},"7868":{"rect":{"x":501,"y":57,"width":32,"height":48},"xOffset":1,"yOffset":11,"xAdvance":35},"7869":{"rect":{"x":362,"y":473,"width":23,"height":37},"xOffset":1,"yOffset":22,"xAdvance":28},"7870":{"rect":{"x":476,"y":395,"width":32,"height":55},"xOffset":1,"yOffset":4,"xAdvance":35},"7871":{"rect":{"x":476,"y":452,"width":23,"height":44},"xOffset":1,"yOffset":15,"xAdvance":28},"7872":{"rect":{"x":501,"y":452,"width":32,"height":55},"xOffset":1,"yOffset":4,"xAdvance":35},"7873":{"rect":{"x":483,"y":208,"width":23,"height":45},"xOffset":1,"yOffset":15,"xAdvance":28},"7874":{"rect":{"x":483,"y":255,"width":32,"height":56},"xOffset":1,"yOffset":3,"xAdvance":35},"7875":{"rect":{"x":496,"y":159,"width":23,"height":46},"xOffset":1,"yOffset":13,"xAdvance":28},"7876":{"rect":{"x":487,"y":313,"width":32,"height":55},"xOffset":1,"yOffset":5,"xAdvance":35},"7877":{"rect":{"x":508,"y":207,"width":23,"height":44},"xOffset":1,"yOffset":16,"xAdvance":28},"7878":{"rect":{"x":517,"y":253,"width":32,"height":56},"xOffset":1,"yOffset":13,"xAdvance":35},"7879":{"rect":{"x":512,"y":107,"width":23,"height":47},"xOffset":1,"yOffset":23,"xAdvance":28},"7880":{"rect":{"x":510,"y":370,"width":13,"height":52},"xOffset":3,"yOffset":7,"xAdvance":19},"7881":{"rect":{"x":410,"y":166,"width":12,"height":40},"xOffset":1,"yOffset":18,"xAdvance":17},"7882":{"rect":{"x":521,"y":156,"width":13,"height":49},"xOffset":3,"yOffset":20,"xAdvance":19},"7883":{"rect":{"x":521,"y":311,"width":16,"height":48},"xOffset":0,"yOffset":21,"xAdvance":17},"7884":{"rect":{"x":525,"y":361,"width":33,"height":50},"xOffset":1,"yOffset":19,"xAdvance":38},"7885":{"rect":{"x":533,"y":207,"width":25,"height":39},"xOffset":1,"yOffset":30,"xAdvance":29},"7886":{"rect":{"x":535,"y":413,"width":33,"height":53},"xOffset":1,"yOffset":6,"xAdvance":38},"7887":{"rect":{"x":535,"y":468,"width":25,"height":40},"xOffset":1,"yOffset":18,"xAdvance":29},"7888":{"rect":{"x":535,"y":2,"width":33,"height":55},"xOffset":1,"yOffset":4,"xAdvance":38},"7889":{"rect":{"x":535,"y":59,"width":25,"height":43},"xOffset":1,"yOffset":15,"xAdvance":29},"7890":{"rect":{"x":537,"y":104,"width":33,"height":55},"xOffset":1,"yOffset":4,"xAdvance":38},"7891":{"rect":{"x":536,"y":161,"width":25,"height":44},"xOffset":1,"yOffset":15,"xAdvance":29},"7892":{"rect":{"x":570,"y":2,"width":33,"height":56},"xOffset":1,"yOffset":2,"xAdvance":38},"7893":{"rect":{"x":539,"y":311,"width":25,"height":45},"xOffset":1,"yOffset":13,"xAdvance":29},"7894":{"rect":{"x":560,"y":358,"width":33,"height":53},"xOffset":1,"yOffset":6,"xAdvance":38},"7895":{"rect":{"x":551,"y":248,"width":25,"height":43},"xOffset":1,"yOffset":16,"xAdvance":29},"7896":{"rect":{"x":566,"y":293,"width":33,"height":57},"xOffset":1,"yOffset":12,"xAdvance":38},"7897":{"rect":{"x":563,"y":161,"width":25,"height":47},"xOffset":1,"yOffset":23,"xAdvance":29},"7898":{"rect":{"x":578,"y":210,"width":34,"height":47},"xOffset":1,"yOffset":12,"xAdvance":38},"7899":{"rect":{"x":387,"y":473,"width":26,"height":37},"xOffset":1,"yOffset":22,"xAdvance":29},"7900":{"rect":{"x":570,"y":413,"width":34,"height":47},"xOffset":1,"yOffset":11,"xAdvance":38},"7901":{"rect":{"x":415,"y":472,"width":26,"height":38},"xOffset":1,"yOffset":21,"xAdvance":29},"7902":{"rect":{"x":595,"y":352,"width":34,"height":53},"xOffset":1,"yOffset":6,"xAdvance":38},"7903":{"rect":{"x":562,"y":468,"width":26,"height":40},"xOffset":1,"yOffset":18,"xAdvance":29},"7904":{"rect":{"x":590,"y":462,"width":34,"height":47},"xOffset":1,"yOffset":11,"xAdvance":38},"7905":{"rect":{"x":562,"y":60,"width":26,"height":37},"xOffset":1,"yOffset":22,"xAdvance":29},"7906":{"rect":{"x":572,"y":99,"width":34,"height":56},"xOffset":1,"yOffset":14,"xAdvance":38},"7907":{"rect":{"x":590,"y":157,"width":26,"height":45},"xOffset":1,"yOffset":24,"xAdvance":29},"7908":{"rect":{"x":606,"y":407,"width":30,"height":49},"xOffset":1,"yOffset":20,"xAdvance":35},"7909":{"rect":{"x":626,"y":458,"width":27,"height":38},"xOffset":1,"yOffset":31,"xAdvance":31},"7910":{"rect":{"x":601,"y":259,"width":30,"height":50},"xOffset":1,"yOffset":9,"xAdvance":35},"7911":{"rect":{"x":614,"y":204,"width":27,"height":41},"xOffset":1,"yOffset":19,"xAdvance":31},"7912":{"rect":{"x":631,"y":311,"width":34,"height":46},"xOffset":1,"yOffset":13,"xAdvance":35},"7913":{"rect":{"x":631,"y":359,"width":29,"height":38},"xOffset":1,"yOffset":22,"xAdvance":31},"7914":{"rect":{"x":638,"y":399,"width":34,"height":46},"xOffset":1,"yOffset":13,"xAdvance":35},"7915":{"rect":{"x":662,"y":359,"width":29,"height":38},"xOffset":1,"yOffset":22,"xAdvance":31},"7916":{"rect":{"x":633,"y":247,"width":34,"height":50},"xOffset":1,"yOffset":9,"xAdvance":35},"7917":{"rect":{"x":667,"y":299,"width":29,"height":41},"xOffset":1,"yOffset":19,"xAdvance":31},"7918":{"rect":{"x":655,"y":447,"width":34,"height":47},"xOffset":1,"yOffset":11,"xAdvance":35},"7919":{"rect":{"x":674,"y":399,"width":29,"height":38},"xOffset":1,"yOffset":22,"xAdvance":31},"7920":{"rect":{"x":691,"y":439,"width":34,"height":56},"xOffset":1,"yOffset":14,"xAdvance":35},"7921":{"rect":{"x":693,"y":342,"width":29,"height":45},"xOffset":1,"yOffset":24,"xAdvance":31},"7922":{"rect":{"x":705,"y":389,"width":34,"height":46},"xOffset":1,"yOffset":13,"xAdvance":37},"7923":{"rect":{"x":727,"y":437,"width":27,"height":50},"xOffset":1,"yOffset":22,"xAdvance":31},"7924":{"rect":{"x":605,"y":2,"width":34,"height":50},"xOffset":1,"yOffset":20,"xAdvance":37},"7925":{"rect":{"x":605,"y":54,"width":27,"height":41},"xOffset":1,"yOffset":31,"xAdvance":31},"7926":{"rect":{"x":608,"y":97,"width":34,"height":50},"xOffset":1,"yOffset":8,"xAdvance":37},"7927":{"rect":{"x":618,"y":149,"width":27,"height":53},"xOffset":1,"yOffset":19,"xAdvance":31},"7928":{"rect":{"x":641,"y":2,"width":34,"height":46},"xOffset":1,"yOffset":13,"xAdvance":37},"7929":{"rect":{"x":644,"y":50,"width":27,"height":50},"xOffset":1,"yOffset":22,"xAdvance":31},"8208":{"rect":{"x":32,"y":276,"width":26,"height":7},"xOffset":1,"yOffset":34,"xAdvance":31},"8216":{"rect":{"x":76,"y":11,"width":7,"height":16},"xOffset":2,"yOffset":17,"xAdvance":12},"8217":{"rect":{"x":23,"y":41,"width":7,"height":15},"xOffset":2,"yOffset":18,"xAdvance":12},"8220":{"rect":{"x":424,"y":225,"width":15,"height":17},"xOffset":2,"yOffset":17,"xAdvance":21},"8221":{"rect":{"x":327,"y":80,"width":16,"height":16},"xOffset":2,"yOffset":18,"xAdvance":21},"8230":{"rect":{"x":655,"y":496,"width":34,"height":8},"xOffset":2,"yOffset":52,"xAdvance":39}},"kerningDict":{}}},{"__type__":"cc.SpriteFrame","content":{"name":"azuki","texture":"54vN6vE6FN465f2rNIUZlR","rect":[1,2,753,508],"offset":[-0.5,0],"originalSize":[756,512],"capInsets":[0,0,0,0]}}]