[{"__type__":"cc.SpriteFrame","content":{"name":"item_11","texture":"afUblSkSJM4bNIcwXFaksE","rect":[170,164,145,135],"offset":[0,0],"originalSize":[145,135],"capInsets":[0,0,0,0]}},[{"__type__":"cc.Prefab","_name":"item_icon","data":{"__id__":1}},{"__type__":"cc.Node","_name":"item_icon","_children":[{"__id__":2},{"__id__":4},{"__id__":5},{"__id__":6}],"_components":[{"__type__":"b4e909CNdZP+6qJOWfTDfrb","node":{"__id__":1},"icon":{"__id__":3},"free":{"__id__":6},"bonus":{"__id__":5},"jacpot":{"__id__":4}}],"_prefab":{"__type__":"cc.PrefabInfo","root":{"__id__":1},"asset":{"__uuid__":"b4VHRHe4NCrbEtpzegPo8W"},"fileId":"a6ndzSxOFPRrxpdKqDV3b3"},"_contentSize":{"__type__":"cc.Size","width":163,"height":163},"_trs":{"__type__":"TypedArray","ctor":"Float64Array","array":[0,0,0,0,0,0,1,1,1,1]}},{"__type__":"cc.Node","_name":"icon","_parent":{"__id__":1},"_active":false,"_components":[{"__id__":3}],"_prefab":{"__type__":"cc.PrefabInfo","root":{"__id__":1},"asset":{"__uuid__":"b4VHRHe4NCrbEtpzegPo8W"},"fileId":"53CDJnn0xNlbW0RyV2hESc"},"_contentSize":{"__type__":"cc.Size","width":145,"height":135},"_trs":{"__type__":"TypedArray","ctor":"Float64Array","array":[0,0,0,0,0,0,1,1,1,1]}},{"__type__":"cc.Sprite","node":{"__id__":2},"_materials":[{"__uuid__":"ecpdLyjvZBwrvm+cedCcQy"}],"_spriteFrame":{"__uuid__":"9eO2RjwRVDk7KMr6CcGUfN"}},{"__type__":"cc.Node","_name":"jackpot","_parent":{"__id__":1},"_active":false,"_components":[{"__type__":"sp.Skeleton","node":{"__id__":4},"_materials":[{"__uuid__":"7a/QZLET9IDreTiBfRn2PD"}],"defaultAnimation":"animation","_preCacheMode":0,"_animationName":"animation","_N$skeletonData":{"__uuid__":"b7af9dPnxJiYpeDjcINsnc"}}],"_prefab":{"__type__":"cc.PrefabInfo","root":{"__id__":1},"asset":{"__uuid__":"b4VHRHe4NCrbEtpzegPo8W"},"fileId":"e7J50FJepOAqUqhWSsd8Og"},"_contentSize":{"__type__":"cc.Size","width":194,"height":171.9},"_trs":{"__type__":"TypedArray","ctor":"Float64Array","array":[0,0,0,0,0,0,1,1,1,1]}},{"__type__":"cc.Node","_name":"bonus","_parent":{"__id__":1},"_active":false,"_components":[{"__type__":"sp.Skeleton","node":{"__id__":5},"_materials":[{"__uuid__":"7a/QZLET9IDreTiBfRn2PD"}],"defaultAnimation":"animation","_preCacheMode":0,"_animationName":"animation","_N$skeletonData":{"__uuid__":"cbmfGvpVNGD4ofL/gUtr31"}}],"_prefab":{"__type__":"cc.PrefabInfo","root":{"__id__":1},"asset":{"__uuid__":"b4VHRHe4NCrbEtpzegPo8W"},"fileId":"48DfAfL7lJpIds6/ODCAuh"},"_contentSize":{"__type__":"cc.Size","width":169,"height":155},"_trs":{"__type__":"TypedArray","ctor":"Float64Array","array":[0,0,0,0,0,0,1,1,1,1]}},{"__type__":"cc.Node","_name":"free","_parent":{"__id__":1},"_active":false,"_components":[{"__type__":"sp.Skeleton","node":{"__id__":6},"_materials":[{"__uuid__":"7a/QZLET9IDreTiBfRn2PD"}],"defaultAnimation":"animation","_preCacheMode":0,"_animationName":"animation","_N$skeletonData":{"__uuid__":"2fWeJ2gudHcY06ZgFHl2yZ"}}],"_prefab":{"__type__":"cc.PrefabInfo","root":{"__id__":1},"asset":{"__uuid__":"b4VHRHe4NCrbEtpzegPo8W"},"fileId":"6aDwXLBI9N3qacr5/z4asT"},"_contentSize":{"__type__":"cc.Size","width":169,"height":169.34},"_trs":{"__type__":"TypedArray","ctor":"Float64Array","array":[0,0,0,0,0,0,1,1,1,1]}}]]