[{"__type__":"cc.SpriteFrame","content":{"name":"19.1","texture":"6cN3FDlSFCSKk1a69juOHx","rect":[365,140,128,70],"offset":[0,0],"originalSize":[128,70],"capInsets":[0,0,0,0]}},{"__type__":"cc.SpriteFrame","content":{"name":"7.1","texture":"6cN3FDlSFCSKk1a69juOHx","rect":[846,70,120,70],"offset":[0,0],"originalSize":[120,70],"capInsets":[0,0,0,0]}},{"__type__":"cc.SpriteFrame","content":{"name":"13","texture":"6cN3FDlSFCSKk1a69juOHx","rect":[747,210,129,70],"offset":[0,0],"originalSize":[129,70],"capInsets":[0,0,0,0]}},{"__type__":"cc.SpriteFrame","content":{"name":"14.1","texture":"6cN3FDlSFCSKk1a69juOHx","rect":[386,280,128,70],"offset":[0,0],"originalSize":[128,70],"capInsets":[0,0,0,0]}},{"__type__":"cc.SpriteFrame","content":{"name":"10.1","texture":"6cN3FDlSFCSKk1a69juOHx","rect":[373,210,128,70],"offset":[0,0],"originalSize":[128,70],"capInsets":[0,0,0,0]}},{"__type__":"cc.SpriteFrame","content":{"name":"20","texture":"6cN3FDlSFCSKk1a69juOHx","rect":[486,0,130,70],"offset":[0,0],"originalSize":[130,70],"capInsets":[0,0,0,0]}},{"__type__":"cc.SpriteFrame","content":{"name":"18.1","texture":"6cN3FDlSFCSKk1a69juOHx","rect":[0,280,129,70],"offset":[0,0],"originalSize":[129,70],"capInsets":[0,0,0,0]}},{"__type__":"cc.SpriteFrame","content":{"name":"5.1","texture":"6cN3FDlSFCSKk1a69juOHx","rect":[242,70,121,70],"offset":[0,0],"originalSize":[121,70],"capInsets":[0,0,0,0]}},{"__type__":"cc.SpriteFrame","content":{"name":"16.1","texture":"6cN3FDlSFCSKk1a69juOHx","rect":[514,280,128,70],"offset":[0,0],"originalSize":[128,70],"capInsets":[0,0,0,0]}},{"__type__":"cc.SpriteFrame","content":{"name":"11.1","texture":"6cN3FDlSFCSKk1a69juOHx","rect":[0,210,128,70],"offset":[0,0],"originalSize":[128,70],"capInsets":[0,0,0,0]}},{"__type__":"cc.SpriteFrame","content":{"name":"9.1","texture":"6cN3FDlSFCSKk1a69juOHx","rect":[484,70,121,70],"offset":[0,0],"originalSize":[121,70],"capInsets":[0,0,0,0]}},{"__type__":"cc.SpriteFrame","content":{"name":"4.1","texture":"6cN3FDlSFCSKk1a69juOHx","rect":[243,0,121,70],"offset":[0,0],"originalSize":[121,70],"capInsets":[0,0,0,0]}},{"__type__":"cc.SpriteFrame","content":{"name":"18","texture":"6cN3FDlSFCSKk1a69juOHx","rect":[493,140,129,70],"offset":[0,0],"originalSize":[129,70],"capInsets":[0,0,0,0]}},{"__type__":"cc.SpriteFrame","content":{"name":"17","texture":"6cN3FDlSFCSKk1a69juOHx","rect":[129,280,129,70],"offset":[0,0],"originalSize":[129,70],"capInsets":[0,0,0,0]}},{"__type__":"cc.SpriteFrame","content":{"name":"10","texture":"6cN3FDlSFCSKk1a69juOHx","rect":[128,210,128,70],"offset":[0,0],"originalSize":[128,70],"capInsets":[0,0,0,0]}},{"__type__":"cc.SpriteFrame","content":{"name":"15","texture":"6cN3FDlSFCSKk1a69juOHx","rect":[770,280,127,70],"offset":[0,0],"originalSize":[127,70],"capInsets":[0,0,0,0]}},{"__type__":"cc.SpriteFrame","content":{"name":"11","texture":"6cN3FDlSFCSKk1a69juOHx","rect":[622,140,128,70],"offset":[0,0],"originalSize":[128,70],"capInsets":[0,0,0,0]}},{"__type__":"cc.SpriteFrame","content":{"name":"9","texture":"6cN3FDlSFCSKk1a69juOHx","rect":[0,0,121,70],"offset":[0,0],"originalSize":[121,70],"capInsets":[0,0,0,0]}},{"__type__":"cc.SpriteFrame","content":{"name":"1.1","texture":"6cN3FDlSFCSKk1a69juOHx","rect":[256,210,117,70],"offset":[0,0],"originalSize":[117,70],"capInsets":[0,0,0,0]}},{"__type__":"cc.SpriteFrame","content":{"name":"19","texture":"6cN3FDlSFCSKk1a69juOHx","rect":[746,0,128,70],"offset":[0,0],"originalSize":[128,70],"capInsets":[0,0,0,0]}},{"__type__":"cc.SpriteFrame","content":{"name":"2.1","texture":"6cN3FDlSFCSKk1a69juOHx","rect":[0,70,121,70],"offset":[0,0],"originalSize":[121,70],"capInsets":[0,0,0,0]}},{"__type__":"cc.SpriteFrame","content":{"name":"6.1","texture":"6cN3FDlSFCSKk1a69juOHx","rect":[243,140,122,70],"offset":[0,0],"originalSize":[122,70],"capInsets":[0,0,0,0]}},{"__type__":"cc.SpriteFrame","content":{"name":"17.1","texture":"6cN3FDlSFCSKk1a69juOHx","rect":[876,210,129,70],"offset":[0,0],"originalSize":[129,70],"capInsets":[0,0,0,0]}},{"__type__":"cc.SpriteAtlas","_name":"line-item.plist","_spriteFrames":{"1":{"__uuid__":"99EQj3395FYIlPnPYKr3qN"},"2":{"__uuid__":"bdTZB7Dq5JrJuLFcUdly0a"},"3":{"__uuid__":"d0TUjRrGhHGrtLstckNM2g"},"4":{"__uuid__":"dee+D9ExhPkYWoVBpNAECB"},"5":{"__uuid__":"c2vzb9aEdLOpCTZiKfhdG+"},"6":{"__uuid__":"d6swQnvT1PAJVW02NdtSJb"},"7":{"__uuid__":"e2HH7TVSJKV4GtoQgFn0mc"},"8":{"__uuid__":"efa7+/O51Kpr+AKEyVFihA"},"9":{"__uuid__":"5eXa1MgPxLhY0M7StW2IGy"},"10":{"__uuid__":"56hCTB0B1PsafjWMzPmss1"},"11":{"__uuid__":"5ccGBZUytOZ5SxW1d56ZQd"},"12":{"__uuid__":"ff2r+gJDhFbZbuGJEGuYOE"},"13":{"__uuid__":"14+FvwRFFBPLQGAPtOlLuT"},"14":{"__uuid__":"84cJzKibpLFJUZ+W1a8qvf"},"15":{"__uuid__":"598WN5cANMKKzV5ZSWINUd"},"16":{"__uuid__":"a0vUEA7ltA2YX01xzCNrvD"},"17":{"__uuid__":"50/JfnA5dLGJ3Q6BvlZGtz"},"18":{"__uuid__":"4fWabJ741CsYM7rrU/KuZG"},"19":{"__uuid__":"6b33jQUzFE7ptUyUPrqKXZ"},"20":{"__uuid__":"17tA39z6xIzbCadrf7AzYb"},"1.1":{"__uuid__":"5e2IU9ynRDS6ldNL4Vpzbq"},"10.1":{"__uuid__":"16WjxGvopLhKsGhmF23H1S"},"11.1":{"__uuid__":"36OZZhPQNKg7a8xQ6sjQW5"},"12.1":{"__uuid__":"a3HmZm70RPQrm7R6yUQuqa"},"13.1":{"__uuid__":"8a/01H+VNJs6RcbRS5YLDU"},"14.1":{"__uuid__":"15mBDhL39Lnac7W/dk1z3d"},"15.1":{"__uuid__":"a8igJ8T2BBAbnNvRFhdToq"},"16.1":{"__uuid__":"24F6LXQ99BNaRBXturk2lX"},"17.1":{"__uuid__":"77rib3GVVNl5ufOlS4IETq"},"18.1":{"__uuid__":"19cDiW+HxB87iU+S0ZLaiV"},"19.1":{"__uuid__":"02i/HyN7ZJjpoHQsy2Tnv8"},"2.1":{"__uuid__":"6cOkIkodVKP4LZIiCMeZiW"},"20.1":{"__uuid__":"fdy866QK5NQ7fIpAOhPKJn"},"3.1":{"__uuid__":"c7i7xVubZCl4ogzJQaPzpF"},"4.1":{"__uuid__":"4eyrFstM5Gdo+d9xpQwhGj"},"5.1":{"__uuid__":"19hr9Jh7ZAI67CSlNAlLUd"},"6.1":{"__uuid__":"77fvev6R1Purz/gNPjAa8g"},"7.1":{"__uuid__":"11n/9A3EpB+rMbW4onzK5A"},"8.1":{"__uuid__":"8dq603TZ5D16WTam+jDkG9"},"9.1":{"__uuid__":"42dlR9GmtIubOmITI4mHJL"}}},{"__type__":"cc.SpriteFrame","content":{"name":"14","texture":"6cN3FDlSFCSKk1a69juOHx","rect":[642,280,128,70],"offset":[0,0],"originalSize":[128,70],"capInsets":[0,0,0,0]}},{"__type__":"cc.SpriteFrame","content":{"name":"13.1","texture":"6cN3FDlSFCSKk1a69juOHx","rect":[618,210,129,70],"offset":[0,0],"originalSize":[129,70],"capInsets":[0,0,0,0]}},{"__type__":"cc.SpriteFrame","content":{"name":"8.1","texture":"6cN3FDlSFCSKk1a69juOHx","rect":[363,70,121,70],"offset":[0,0],"originalSize":[121,70],"capInsets":[0,0,0,0]}},{"__type__":"cc.SpriteFrame","content":{"name":"1","texture":"6cN3FDlSFCSKk1a69juOHx","rect":[501,210,117,70],"offset":[0,0],"originalSize":[117,70],"capInsets":[0,0,0,0]}},{"__type__":"cc.SpriteFrame","content":{"name":"16","texture":"6cN3FDlSFCSKk1a69juOHx","rect":[258,280,128,70],"offset":[0,0],"originalSize":[128,70],"capInsets":[0,0,0,0]}},{"__type__":"cc.SpriteFrame","content":{"name":"12.1","texture":"6cN3FDlSFCSKk1a69juOHx","rect":[879,140,129,70],"offset":[0,0],"originalSize":[129,70],"capInsets":[0,0,0,0]}},{"__type__":"cc.SpriteFrame","content":{"name":"15.1","texture":"6cN3FDlSFCSKk1a69juOHx","rect":[897,280,127,70],"offset":[0,0],"originalSize":[127,70],"capInsets":[0,0,0,0]}},{"__type__":"cc.SpriteFrame","content":{"name":"2","texture":"6cN3FDlSFCSKk1a69juOHx","rect":[874,0,121,70],"offset":[0,0],"originalSize":[121,70],"capInsets":[0,0,0,0]}},{"__type__":"cc.SpriteFrame","content":{"name":"5","texture":"6cN3FDlSFCSKk1a69juOHx","rect":[0,140,121,70],"offset":[0,0],"originalSize":[121,70],"capInsets":[0,0,0,0]}},{"__type__":"cc.SpriteFrame","content":{"name":"3.1","texture":"6cN3FDlSFCSKk1a69juOHx","rect":[121,0,122,70],"offset":[0,0],"originalSize":[122,70],"capInsets":[0,0,0,0]}},{"__type__":"cc.SpriteFrame","content":{"name":"3","texture":"6cN3FDlSFCSKk1a69juOHx","rect":[364,0,122,70],"offset":[0,0],"originalSize":[122,70],"capInsets":[0,0,0,0]}},{"__type__":"cc.SpriteFrame","content":{"name":"6","texture":"6cN3FDlSFCSKk1a69juOHx","rect":[121,140,122,70],"offset":[0,0],"originalSize":[122,70],"capInsets":[0,0,0,0]}},{"__type__":"cc.SpriteFrame","content":{"name":"4","texture":"6cN3FDlSFCSKk1a69juOHx","rect":[121,70,121,70],"offset":[0,0],"originalSize":[121,70],"capInsets":[0,0,0,0]}},{"__type__":"cc.SpriteFrame","content":{"name":"7","texture":"6cN3FDlSFCSKk1a69juOHx","rect":[726,70,120,70],"offset":[0,0],"originalSize":[120,70],"capInsets":[0,0,0,0]}},{"__type__":"cc.SpriteFrame","content":{"name":"8","texture":"6cN3FDlSFCSKk1a69juOHx","rect":[605,70,121,70],"offset":[0,0],"originalSize":[121,70],"capInsets":[0,0,0,0]}},{"__type__":"cc.SpriteFrame","content":{"name":"20.1","texture":"6cN3FDlSFCSKk1a69juOHx","rect":[616,0,130,70],"offset":[0,0],"originalSize":[130,70],"capInsets":[0,0,0,0]}},{"__type__":"cc.SpriteFrame","content":{"name":"12","texture":"6cN3FDlSFCSKk1a69juOHx","rect":[750,140,129,70],"offset":[0,0],"originalSize":[129,70],"capInsets":[0,0,0,0]}}]