{"__type__":"dragonBones.DragonBonesAtlasAsset","_name":"jinjiahusha_tex","_atlasJson":"{\"width\":1024,\"imagePath\":\"jinjiahusha_tex.png\",\"height\":1024,\"name\":\"jinjiahusha\",\"SubTexture\":[{\"y\":505,\"frameX\":-408,\"frameHeight\":765,\"frameY\":-273,\"width\":296,\"frameWidth\":1020,\"height\":159,\"name\":\"kyby_jjhs_09\",\"x\":1},{\"y\":339,\"frameX\":-408,\"frameHeight\":765,\"frameY\":-272,\"width\":297,\"frameWidth\":1020,\"height\":164,\"name\":\"kyby_jjhs_03\",\"x\":1},{\"y\":338,\"frameX\":-408,\"frameHeight\":765,\"frameY\":-271,\"width\":297,\"frameWidth\":1020,\"height\":164,\"name\":\"kyby_jjhs_11\",\"x\":302},{\"y\":827,\"frameX\":-408,\"frameHeight\":765,\"frameY\":-276,\"width\":298,\"frameWidth\":1020,\"height\":155,\"name\":\"kyby_jjhs_06\",\"x\":600},{\"y\":170,\"frameX\":-408,\"frameHeight\":765,\"frameY\":-273,\"width\":298,\"frameWidth\":1020,\"height\":165,\"name\":\"kyby_jjhs_01\",\"x\":605},{\"y\":827,\"frameX\":-408,\"frameHeight\":765,\"frameY\":-274,\"width\":297,\"frameWidth\":1020,\"height\":158,\"name\":\"kyby_jjhs_08\",\"x\":1},{\"y\":1,\"frameX\":-408,\"frameHeight\":765,\"frameY\":-272,\"width\":300,\"frameWidth\":1020,\"height\":167,\"name\":\"kyby_jjhs_16\",\"x\":605},{\"y\":827,\"frameX\":-408,\"frameHeight\":765,\"frameY\":-275,\"width\":298,\"frameWidth\":1020,\"height\":156,\"name\":\"kyby_jjhs_07\",\"x\":300},{\"y\":504,\"frameX\":-408,\"frameHeight\":765,\"frameY\":-272,\"width\":296,\"frameWidth\":1020,\"height\":161,\"name\":\"kyby_jjhs_10\",\"x\":300},{\"y\":337,\"frameX\":-408,\"frameHeight\":765,\"frameY\":-273,\"width\":298,\"frameWidth\":1020,\"height\":164,\"name\":\"kyby_jjhs_02\",\"x\":605},{\"y\":1,\"frameX\":-408,\"frameHeight\":765,\"frameY\":-271,\"width\":300,\"frameWidth\":1020,\"height\":168,\"name\":\"kyby_jjhs_15\",\"x\":1},{\"y\":171,\"frameX\":-407,\"frameHeight\":765,\"frameY\":-270,\"width\":299,\"frameWidth\":1020,\"height\":166,\"name\":\"kyby_jjhs_12\",\"x\":1},{\"y\":503,\"frameX\":-408,\"frameHeight\":765,\"frameY\":-272,\"width\":297,\"frameWidth\":1020,\"height\":162,\"name\":\"kyby_jjhs_04\",\"x\":601},{\"y\":667,\"frameX\":-408,\"frameHeight\":765,\"frameY\":-274,\"width\":298,\"frameWidth\":1020,\"height\":158,\"name\":\"kyby_jjhs_05\",\"x\":1},{\"y\":1,\"frameX\":-408,\"frameHeight\":765,\"frameY\":-270,\"width\":300,\"frameWidth\":1020,\"height\":167,\"name\":\"kyby_jjhs_14\",\"x\":303},{\"y\":170,\"frameX\":-407,\"frameHeight\":765,\"frameY\":-270,\"width\":300,\"frameWidth\":1020,\"height\":166,\"name\":\"kyby_jjhs_13\",\"x\":303}]}","_texture":{"__uuid__":"7bDTO7+jdHK5mTeX8ql6bI"},"texture":{"__uuid__":"7bDTO7+jdHK5mTeX8ql6bI"}}