{"__type__":"dragonBones.DragonBonesAtlasAsset","_name":"kyby_eff_gold_bomb_tex","_atlasJson":"{\"width\":1024,\"imagePath\":\"kyby_eff_gold_bomb_tex.png\",\"SubTexture\":[{\"width\":121,\"y\":395,\"height\":123,\"name\":\"by_eff_jb2\",\"x\":579},{\"frameWidth\":121,\"y\":574,\"frameX\":-28,\"frameHeight\":123,\"frameY\":0,\"width\":65,\"height\":123,\"name\":\"by_eff_jb4\",\"x\":486},{\"frameWidth\":121,\"y\":226,\"frameX\":-11,\"frameHeight\":123,\"frameY\":0,\"width\":100,\"height\":123,\"name\":\"by_eff_jb3\",\"x\":858},{\"width\":121,\"y\":574,\"height\":123,\"name\":\"by_eff_jb1\",\"x\":363},{\"width\":121,\"y\":226,\"height\":123,\"name\":\"by_eff_jb7\",\"x\":735},{\"frameWidth\":121,\"y\":699,\"frameX\":-10,\"frameHeight\":123,\"frameY\":0,\"width\":100,\"height\":123,\"name\":\"by_eff_jb5\",\"x\":363},{\"width\":154,\"y\":1,\"height\":392,\"name\":\"by_eff_jbglow_line\",\"x\":579},{\"width\":360,\"y\":574,\"height\":381,\"name\":\"by_eff_jbbaod_00000\",\"x\":1},{\"frameWidth\":582,\"y\":1,\"frameX\":-3,\"frameHeight\":579,\"frameY\":-8,\"width\":576,\"height\":571,\"name\":\"by_eff_cicle_00001\",\"x\":1},{\"width\":225,\"y\":1,\"height\":223,\"name\":\"by_eff_lizi_00003\",\"x\":735}],\"height\":1024,\"name\":\"kyby_eff_gold_bomb\"}","_texture":{"__uuid__":"d114cd3UhNsJ9w9PYVSas9"},"texture":{"__uuid__":"d114cd3UhNsJ9w9PYVSas9"}}