{"__type__":"dragonBones.DragonBonesAtlasAsset","_name":"jiewenyu_tex","_atlasJson":"{\"width\":512,\"imagePath\":\"jiewenyu_tex.png\",\"height\":512,\"name\":\"jiewenyu\",\"SubTexture\":[{\"y\":128,\"frameX\":-486,\"frameHeight\":765,\"frameY\":-275,\"width\":165,\"frameWidth\":1020,\"height\":116,\"name\":\"kyby_jwy_03\",\"x\":339},{\"y\":390,\"frameX\":-485,\"frameHeight\":765,\"frameY\":-318,\"width\":167,\"frameWidth\":1020,\"height\":68,\"name\":\"kyby_jwy_09\",\"x\":332},{\"y\":231,\"frameX\":-486,\"frameHeight\":765,\"frameY\":-299,\"width\":164,\"frameWidth\":1020,\"height\":89,\"name\":\"kyby_jwy_12\",\"x\":1},{\"y\":1,\"frameX\":-486,\"frameHeight\":765,\"frameY\":-260,\"width\":165,\"frameWidth\":1020,\"height\":130,\"name\":\"kyby_jwy_05\",\"x\":172},{\"y\":1,\"frameX\":-484,\"frameHeight\":765,\"frameY\":-255,\"width\":169,\"frameWidth\":1020,\"height\":131,\"name\":\"kyby_jwy_06\",\"x\":1},{\"y\":133,\"frameX\":-486,\"frameHeight\":765,\"frameY\":-284,\"width\":165,\"frameWidth\":1020,\"height\":102,\"name\":\"kyby_jwy_02\",\"x\":172},{\"y\":1,\"frameX\":-487,\"frameHeight\":765,\"frameY\":-267,\"width\":163,\"frameWidth\":1020,\"height\":125,\"name\":\"kyby_jwy_04\",\"x\":339},{\"y\":321,\"frameX\":-483,\"frameHeight\":765,\"frameY\":-314,\"width\":171,\"frameWidth\":1020,\"height\":67,\"name\":\"kyby_jwy_08\",\"x\":332},{\"y\":237,\"frameX\":-487,\"frameHeight\":765,\"frameY\":-309,\"width\":163,\"frameWidth\":1020,\"height\":80,\"name\":\"kyby_jwy_11\",\"x\":167},{\"y\":134,\"frameX\":-487,\"frameHeight\":765,\"frameY\":-291,\"width\":163,\"frameWidth\":1020,\"height\":95,\"name\":\"kyby_jwy_01\",\"x\":1},{\"y\":246,\"frameX\":-483,\"frameHeight\":765,\"frameY\":-310,\"width\":171,\"frameWidth\":1020,\"height\":73,\"name\":\"kyby_jwy_07\",\"x\":332},{\"y\":319,\"frameX\":-487,\"frameHeight\":765,\"frameY\":-316,\"width\":163,\"frameWidth\":1020,\"height\":73,\"name\":\"kyby_jwy_10\",\"x\":167}]}","_texture":{"__uuid__":"82GopceUZBS5taj6rCe4CB"},"texture":{"__uuid__":"82GopceUZBS5taj6rCe4CB"}}