{"__type__":"dragonBones.DragonBonesAtlasAsset","_name":"tuobaoguiwang_tex","_atlasJson":"{\"width\":1019,\"SubTexture\":[{\"frameY\":-260,\"y\":337,\"frameWidth\":1280,\"frameX\":-551,\"frameHeight\":720,\"width\":206,\"height\":161,\"name\":\"gui_00009\",\"x\":607},{\"frameY\":-250,\"y\":0,\"frameWidth\":1280,\"frameX\":-555,\"frameHeight\":720,\"width\":201,\"height\":200,\"name\":\"gui_00006\",\"x\":0},{\"frameY\":-258,\"y\":0,\"frameWidth\":1280,\"frameX\":-551,\"frameHeight\":720,\"width\":201,\"height\":187,\"name\":\"gui_00001\",\"x\":611},{\"frameY\":-254,\"y\":654,\"frameWidth\":1280,\"frameX\":-554,\"frameHeight\":720,\"width\":192,\"height\":160,\"name\":\"gui_00003\",\"x\":601},{\"frameY\":-252,\"y\":200,\"frameWidth\":1280,\"frameX\":-555,\"frameHeight\":720,\"width\":194,\"height\":173,\"name\":\"gui_00005\",\"x\":0},{\"frameY\":-262,\"y\":363,\"frameWidth\":1280,\"frameX\":-547,\"frameHeight\":720,\"width\":204,\"height\":157,\"name\":\"gui_00013\",\"x\":397},{\"frameY\":-255,\"y\":190,\"frameWidth\":1280,\"frameX\":-553,\"frameHeight\":720,\"width\":196,\"height\":176,\"name\":\"gui_00002\",\"x\":201},{\"frameY\":-260,\"y\":171,\"frameWidth\":1280,\"frameX\":-547,\"frameHeight\":720,\"width\":204,\"height\":166,\"name\":\"gui_00014\",\"x\":812},{\"frameY\":-258,\"y\":0,\"frameWidth\":1280,\"frameX\":-550,\"frameHeight\":720,\"width\":203,\"height\":190,\"name\":\"gui_00000\",\"x\":201},{\"frameY\":-261,\"y\":337,\"frameWidth\":1280,\"frameX\":-547,\"frameHeight\":720,\"width\":204,\"height\":156,\"name\":\"gui_00012\",\"x\":813},{\"frameY\":-260,\"y\":0,\"frameWidth\":1280,\"frameX\":-553,\"frameHeight\":720,\"width\":207,\"height\":171,\"name\":\"gui_00008\",\"x\":812},{\"frameY\":-258,\"y\":498,\"frameWidth\":1280,\"frameX\":-545,\"frameHeight\":720,\"width\":200,\"height\":156,\"name\":\"gui_00004\",\"x\":601},{\"frameY\":-260,\"y\":0,\"frameWidth\":1280,\"frameX\":-554,\"frameHeight\":720,\"width\":207,\"height\":184,\"name\":\"gui_00007\",\"x\":404},{\"frameY\":-261,\"y\":493,\"frameWidth\":1280,\"frameX\":-548,\"frameHeight\":720,\"width\":204,\"height\":155,\"name\":\"gui_00011\",\"x\":813},{\"frameY\":-259,\"y\":184,\"frameWidth\":1280,\"frameX\":-548,\"frameHeight\":720,\"width\":203,\"height\":179,\"name\":\"gui_00015\",\"x\":404},{\"frameY\":-261,\"y\":520,\"frameWidth\":1280,\"frameX\":-550,\"frameHeight\":720,\"width\":204,\"height\":157,\"name\":\"gui_00010\",\"x\":397},{\"frameY\":0,\"y\":648,\"frameWidth\":156,\"frameX\":0,\"frameHeight\":156,\"width\":152,\"height\":152,\"name\":\"shexian\",\"x\":801}],\"imagePath\":\"tuobaoguiwang_tex.png\",\"name\":\"tuobaoguiwang\",\"height\":814}","_texture":{"__uuid__":"74ndW1wThBbL0dfaluQCFV"},"texture":{"__uuid__":"74ndW1wThBbL0dfaluQCFV"}}