{"__type__":"sp.SkeletonData","_name":"Icon-TLMNF","_skeletonJson":{"skeleton":{"hash":"s9C4Gb3/ApKsEcrBSHHUFDHzOno","spine":"3.6.53","width":190,"height":213.9,"images":""},"bones":[{"name":"root"},{"name":"bone7","parent":"root","length":22.17},{"name":"bone","parent":"bone7","length":32.98,"x":3.4,"y":-38.7},{"name":"bone2","parent":"bone7","length":32.98,"x":5.67,"y":-11.42},{"name":"bone3","parent":"bone7","length":32.98,"rotation":75.18,"x":44.49,"y":26.46},{"name":"bone4","parent":"bone3","length":32.98,"rotation":11.2,"x":-2.3,"y":31.27},{"name":"bone5","parent":"bone4","length":32.98,"rotation":8.91,"x":-2.68,"y":27.17},{"name":"bone6","parent":"bone5","length":32.98,"rotation":12.28,"x":-1.35,"y":27.2}],"slots":[{"name":"Icon TLMN/1","bone":"bone7","attachment":"Icon TLMN/1"},{"name":"Icon TLMN/8","bone":"bone7","attachment":"Icon TLMN/8"},{"name":"Icon TLMN/2","bone":"bone6","attachment":"Icon TLMN/2"},{"name":"Icon TLMN/3","bone":"bone5","attachment":"Icon TLMN/3"},{"name":"Icon TLMN/4","bone":"bone4","attachment":"Icon TLMN/4"},{"name":"Icon TLMN/5","bone":"bone3","attachment":"Icon TLMN/5"},{"name":"Icon TLMN/6","bone":"bone2","attachment":"Icon TLMN/6"},{"name":"Icon TLMN/7","bone":"bone","attachment":"Icon TLMN/7"}],"skins":{"default":{"Icon TLMN/1":{"Icon TLMN/1":{"width":190,"height":190}},"Icon TLMN/2":{"Icon TLMN/2":{"x":0.25,"y":0.11,"rotation":-107.57,"width":88,"height":105}},"Icon TLMN/3":{"Icon TLMN/3":{"x":1.54,"y":0.65,"rotation":-95.29,"width":77,"height":97}},"Icon TLMN/4":{"Icon TLMN/4":{"x":0.94,"y":-0.21,"rotation":-86.38,"width":76,"height":97}},"Icon TLMN/5":{"Icon TLMN/5":{"x":1,"y":0.19,"rotation":-75.18,"width":88,"height":105}},"Icon TLMN/6":{"Icon TLMN/6":{"x":-4.78,"y":4.79,"width":180,"height":51}},"Icon TLMN/7":{"Icon TLMN/7":{"x":-2.3,"y":3.38,"width":164,"height":39}},"Icon TLMN/8":{"Icon TLMN/8":{"x":2.08,"y":-72.9,"width":165,"height":92}}}},"animations":{"Idle":{"slots":{"Icon TLMN/2":{"color":[{"time":6.7667,"color":"ffffffff"},{"time":7,"color":"ffffff00"}]},"Icon TLMN/3":{"color":[{"time":7,"color":"ffffffff"},{"time":7.1667,"color":"ffffff00"}]},"Icon TLMN/4":{"color":[{"time":7.1667,"color":"ffffffff"},{"time":7.3333,"color":"ffffff00"}]},"Icon TLMN/5":{"color":[{"time":7.3333,"color":"ffffffff"},{"time":7.5,"color":"ffffff00"}]},"Icon TLMN/8":{"color":[{"time":0.6,"color":"ffffffff"},{"time":0.9333,"color":"ffffff4a"},{"time":1.2667,"color":"ffffffff"},{"time":1.6,"color":"ffffff4a"},{"time":1.9333,"color":"ffffffff"},{"time":2.2667,"color":"ffffff4a"},{"time":2.6,"color":"ffffffff"},{"time":2.9333,"color":"ffffff4a"},{"time":3.2667,"color":"ffffffff"},{"time":3.6,"color":"ffffff4a"},{"time":3.9333,"color":"ffffffff"},{"time":4.2667,"color":"ffffff4a"},{"time":4.6,"color":"ffffffff"},{"time":4.9333,"color":"ffffff4a"},{"time":5.2667,"color":"ffffffff"},{"time":5.6,"color":"ffffff4a"},{"time":5.9333,"color":"ffffffff"}]}},"bones":{"root":{"rotate":[{"time":0,"angle":0}],"translate":[{"time":0,"x":0,"y":0}],"scale":[{"time":0,"x":1,"y":1}],"shear":[{"time":0,"x":0,"y":0}]},"bone":{"rotate":[{"time":0,"angle":0,"curve":"stepped"},{"time":1.8333,"angle":0,"curve":"stepped"},{"time":2,"angle":0,"curve":"stepped"},{"time":6.3667,"angle":0}],"translate":[{"time":0,"x":0,"y":0,"curve":"stepped"},{"time":1.8333,"x":0,"y":0,"curve":"stepped"},{"time":2,"x":0,"y":0,"curve":"stepped"},{"time":2.2,"x":0,"y":0,"curve":"stepped"},{"time":6.3667,"x":0,"y":0,"curve":"stepped"},{"time":6.9667,"x":0,"y":0}],"scale":[{"time":0,"x":0,"y":0,"curve":"stepped"},{"time":1.8333,"x":0,"y":0},{"time":1.9,"x":1.048,"y":1.048},{"time":2,"x":1.006,"y":1.006},{"time":2.1,"x":0.994,"y":0.994},{"time":2.2,"x":1,"y":1,"curve":"stepped"},{"time":6.3667,"x":1,"y":1},{"time":6.9,"x":1.165,"y":1.165},{"time":6.9667,"x":0,"y":0}],"shear":[{"time":0,"x":0,"y":0,"curve":"stepped"},{"time":1.8333,"x":0,"y":0,"curve":"stepped"},{"time":2,"x":0,"y":0,"curve":"stepped"},{"time":6.3667,"x":0,"y":0,"curve":"stepped"},{"time":6.9667,"x":0,"y":0,"curve":"stepped"},{"time":7.2667,"x":0,"y":0}]},"bone7":{"rotate":[{"time":0,"angle":0,"curve":"stepped"},{"time":0.2,"angle":0,"curve":"stepped"},{"time":0.4,"angle":0,"curve":"stepped"},{"time":0.6,"angle":0}],"translate":[{"time":0,"x":0,"y":0,"curve":"stepped"},{"time":0.2,"x":0,"y":0,"curve":"stepped"},{"time":0.4,"x":0,"y":0,"curve":"stepped"},{"time":0.6,"x":0,"y":0}],"scale":[{"time":0,"x":1,"y":1,"curve":[0.25,0,0.75,1]},{"time":0.1,"x":0.899,"y":0.899,"curve":[0.25,0,0.75,1]},{"time":0.2,"x":1,"y":1,"curve":[0.25,0,0.75,1]},{"time":0.3,"x":0.899,"y":0.899,"curve":[0.25,0,0.75,1]},{"time":0.4,"x":1,"y":1,"curve":[0.25,0,0.75,1]},{"time":0.5,"x":0.899,"y":0.899,"curve":[0.25,0,0.75,1]},{"time":0.6,"x":1,"y":1}],"shear":[{"time":0,"x":0,"y":0,"curve":"stepped"},{"time":0.2,"x":0,"y":0,"curve":"stepped"},{"time":0.4,"x":0,"y":0,"curve":"stepped"},{"time":0.6,"x":0,"y":0}]},"bone2":{"rotate":[{"time":0,"angle":0,"curve":"stepped"},{"time":1.5333,"angle":0,"curve":"stepped"},{"time":1.6667,"angle":0,"curve":"stepped"},{"time":2.4,"angle":0,"curve":"stepped"},{"time":2.5333,"angle":0,"curve":"stepped"},{"time":2.6667,"angle":0,"curve":"stepped"},{"time":2.8,"angle":0,"curve":"stepped"},{"time":2.9333,"angle":0,"curve":"stepped"},{"time":5.6667,"angle":0}],"translate":[{"time":0,"x":99.45,"y":0,"curve":"stepped"},{"time":1.5333,"x":99.45,"y":0,"curve":[0.557,0,0.842,0.5]},{"time":1.6,"x":51.91,"y":0,"curve":[0.652,0.48,0.784,0.97]},{"time":1.6667,"x":0,"y":0,"curve":"stepped"},{"time":2.4,"x":0,"y":0,"curve":"stepped"},{"time":2.5333,"x":0,"y":0,"curve":"stepped"},{"time":2.6667,"x":0,"y":0,"curve":"stepped"},{"time":2.8,"x":0,"y":0,"curve":"stepped"},{"time":2.9333,"x":0,"y":0,"curve":"stepped"},{"time":5.6667,"x":0,"y":0,"curve":"stepped"},{"time":6.2667,"x":0,"y":0}],"scale":[{"time":0,"x":0,"y":1,"curve":"stepped"},{"time":1.5333,"x":0,"y":1,"curve":[0.25,0,0.75,1]},{"time":1.6667,"x":1,"y":1,"curve":"stepped"},{"time":2.4,"x":1,"y":1},{"time":2.4667,"x":1.01,"y":1.01},{"time":2.5333,"x":1,"y":1},{"time":2.6,"x":1.01,"y":1.01},{"time":2.6667,"x":1,"y":1},{"time":2.7333,"x":1.01,"y":1.01},{"time":2.8,"x":1,"y":1},{"time":2.8667,"x":1.01,"y":1.01},{"time":2.9333,"x":1,"y":1,"curve":"stepped"},{"time":5.6667,"x":1,"y":1},{"time":6.2,"x":1.165,"y":1.165},{"time":6.2667,"x":0,"y":0}],"shear":[{"time":0,"x":0,"y":0,"curve":"stepped"},{"time":1.5333,"x":0,"y":0,"curve":"stepped"},{"time":1.6667,"x":0,"y":0,"curve":"stepped"},{"time":2.4,"x":0,"y":0,"curve":"stepped"},{"time":2.5333,"x":0,"y":0,"curve":"stepped"},{"time":2.6667,"x":0,"y":0,"curve":"stepped"},{"time":2.8,"x":0,"y":0,"curve":"stepped"},{"time":2.9333,"x":0,"y":0,"curve":"stepped"},{"time":5.6667,"x":0,"y":0,"curve":"stepped"},{"time":6.2667,"x":0,"y":0}]},"bone3":{"rotate":[{"time":0,"angle":0,"curve":"stepped"},{"time":0.7333,"angle":0},{"time":0.8333,"angle":-243.31},{"time":0.9,"angle":-178.5},{"time":1,"angle":-61.97},{"time":1.0667,"angle":10.04},{"time":1.2333,"angle":0}],"translate":[{"time":0,"x":-125.47,"y":-9.88,"curve":"stepped"},{"time":0.7333,"x":-125.47,"y":-9.88},{"time":1.0667,"x":0,"y":0,"curve":"stepped"},{"time":1.2333,"x":0,"y":0}],"scale":[{"time":0,"x":0,"y":0,"curve":"stepped"},{"time":0.7333,"x":0,"y":0},{"time":1.0667,"x":1,"y":1,"curve":"stepped"},{"time":1.2333,"x":1,"y":1,"curve":"stepped"},{"time":1.4,"x":1,"y":1}],"shear":[{"time":0,"x":0,"y":0,"curve":"stepped"},{"time":0.7333,"x":0,"y":0,"curve":"stepped"},{"time":1.0667,"x":0,"y":0,"curve":"stepped"},{"time":1.2333,"x":0,"y":0,"curve":"stepped"},{"time":1.4,"x":0,"y":0,"curve":"stepped"},{"time":7.6667,"x":0,"y":0}]},"bone4":{"rotate":[{"time":0,"angle":-11.14,"curve":"stepped"},{"time":0.7333,"angle":-11.14,"curve":"stepped"},{"time":1.0667,"angle":-11.14},{"time":1.1,"angle":-23.03},{"time":1.1667,"angle":12.29},{"time":1.2667,"angle":0}],"translate":[{"time":0,"x":1.99,"y":-31.31,"curve":"stepped"},{"time":0.7333,"x":1.99,"y":-31.31,"curve":"stepped"},{"time":1.0667,"x":1.99,"y":-31.31},{"time":1.1667,"x":0,"y":0,"curve":"stepped"},{"time":1.2667,"x":0,"y":0}],"scale":[{"time":0,"x":1,"y":1,"curve":"stepped"},{"time":0.7333,"x":1,"y":1,"curve":"stepped"},{"time":1.0667,"x":1,"y":1,"curve":"stepped"},{"time":1.1667,"x":1,"y":1}],"shear":[{"time":0,"x":0,"y":0,"curve":"stepped"},{"time":0.7333,"x":0,"y":0,"curve":"stepped"},{"time":1.0667,"x":0,"y":0,"curve":"stepped"},{"time":1.1667,"x":0,"y":0}]},"bone5":{"rotate":[{"time":0,"angle":-8.09,"curve":"stepped"},{"time":0.7333,"angle":-8.09,"curve":"stepped"},{"time":1.1667,"angle":-8.09},{"time":1.2,"angle":-20.57},{"time":1.2667,"angle":4.42},{"time":1.3667,"angle":0}],"translate":[{"time":0,"x":2.39,"y":-28.45,"curve":"stepped"},{"time":0.7333,"x":2.39,"y":-28.45,"curve":"stepped"},{"time":1.1667,"x":2.39,"y":-28.45},{"time":1.2667,"x":0,"y":0,"curve":"stepped"},{"time":1.3667,"x":0,"y":0}],"scale":[{"time":0,"x":1,"y":1,"curve":"stepped"},{"time":0.7333,"x":1,"y":1,"curve":"stepped"},{"time":1.1667,"x":1,"y":1,"curve":"stepped"},{"time":1.2667,"x":1,"y":1}],"shear":[{"time":0,"x":0,"y":0,"curve":"stepped"},{"time":0.7333,"x":0,"y":0,"curve":"stepped"},{"time":1.1667,"x":0,"y":0,"curve":"stepped"},{"time":1.2667,"x":0,"y":0}]},"bone6":{"rotate":[{"time":0,"angle":-10.49,"curve":"stepped"},{"time":0.7333,"angle":-10.49,"curve":"stepped"},{"time":1.2667,"angle":-10.49},{"time":1.3,"angle":-22.96},{"time":1.3667,"angle":4.7},{"time":1.5,"angle":0}],"translate":[{"time":0,"x":3.27,"y":-25.81,"curve":"stepped"},{"time":0.7333,"x":3.27,"y":-25.81,"curve":"stepped"},{"time":1.2667,"x":3.27,"y":-25.81},{"time":1.3667,"x":0,"y":0,"curve":"stepped"},{"time":1.5,"x":0,"y":0}],"scale":[{"time":0,"x":1,"y":1,"curve":"stepped"},{"time":0.7333,"x":1,"y":1,"curve":"stepped"},{"time":1.2667,"x":1,"y":1,"curve":"stepped"},{"time":1.3667,"x":1,"y":1}],"shear":[{"time":0,"x":0,"y":0,"curve":"stepped"},{"time":0.7333,"x":0,"y":0,"curve":"stepped"},{"time":1.2667,"x":0,"y":0,"curve":"stepped"},{"time":1.3667,"x":0,"y":0}]}}}}},"_atlasText":"\nIcon-TLMNF.png\nsize: 512,256\nformat: RGBA8888\nfilter: Linear,Linear\nrepeat: none\nIcon TLMN/1\n  rotate: false\n  xy: 2, 55\n  size: 190, 190\n  orig: 190, 190\n  offset: 0, 0\n  index: -1\nIcon TLMN/2\n  rotate: true\n  xy: 361, 157\n  size: 88, 105\n  orig: 88, 105\n  offset: 0, 0\n  index: -1\nIcon TLMN/3\n  rotate: false\n  xy: 301, 13\n  size: 77, 97\n  orig: 77, 97\n  offset: 0, 0\n  index: -1\nIcon TLMN/4\n  rotate: false\n  xy: 380, 58\n  size: 76, 97\n  orig: 76, 97\n  offset: 0, 0\n  index: -1\nIcon TLMN/5\n  rotate: true\n  xy: 194, 22\n  size: 88, 105\n  orig: 88, 105\n  offset: 0, 0\n  index: -1\nIcon TLMN/6\n  rotate: false\n  xy: 2, 2\n  size: 180, 51\n  orig: 180, 51\n  offset: 0, 0\n  index: -1\nIcon TLMN/7\n  rotate: false\n  xy: 194, 112\n  size: 164, 39\n  orig: 164, 39\n  offset: 0, 0\n  index: -1\nIcon TLMN/8\n  rotate: false\n  xy: 194, 153\n  size: 165, 92\n  orig: 165, 92\n  offset: 0, 0\n  index: -1\n","textures":[{"__uuid__":"2ecO2nnAhI4ZIJK7PH40of"}],"textureNames":["Icon-TLMNF.png"]}