{"__type__":"sp.SkeletonData","_name":"cowboy maincharacter","_skeletonJson":{"skeleton":{"hash":"dkVntEBXD3gN8PdWGkrJsHDlAaU","spine":"3.6.53","width":283,"height":689,"images":"./images/cowbor maincharacter/"},"bones":[{"name":"root"},{"name":"bone","parent":"root","x":-11.8,"y":347.52},{"name":"bone2","parent":"bone","length":91.36,"rotation":-88.43,"x":1.25},{"name":"bone3","parent":"bone2","length":100,"rotation":-8.51,"x":45.23,"y":44.5},{"name":"bone4","parent":"bone","length":230.49,"rotation":97.04,"x":4.81,"y":17.52},{"name":"bone5","parent":"bone4","length":50,"rotation":-4.1,"x":229.33,"y":-1.3},{"name":"bone6","parent":"bone4","x":145.93,"y":-17.81},{"name":"bone7","parent":"bone4","length":148.91,"rotation":139.52,"x":210.16,"y":51.8},{"name":"bone8","parent":"bone7","length":111.97,"rotation":62.99,"x":148.91},{"name":"bone9","parent":"bone4","length":84.24,"rotation":-165.01,"x":208.38,"y":-31.45},{"name":"bone10","parent":"bone9","length":78.01,"rotation":139.41,"x":114.63,"y":-0.17},{"name":"bone11","parent":"bone5","length":64.3,"rotation":159,"x":86.81,"y":11.78},{"name":"bone12","parent":"bone5","length":39.3,"rotation":-150.66,"x":20.42,"y":-15.54},{"name":"bone13","parent":"bone5","length":47.37,"rotation":163.74,"x":38.27,"y":43.95},{"name":"bone14","parent":"bone5","x":56.28,"y":-13.52},{"name":"bone15","parent":"bone5","x":28.18,"y":-12.08},{"name":"bone16","parent":"bone5","length":11.01,"rotation":73.36,"x":66.21,"y":-5.38},{"name":"bone17","parent":"bone5","length":9.11,"rotation":-65.64,"x":62.32,"y":-20.08}],"slots":[{"name":"c body 3","bone":"bone2","attachment":"c body 3"},{"name":"c chan1","bone":"bone3","attachment":"c chan1"},{"name":"Layer 1","bone":"bone2","attachment":"Layer 1"},{"name":"c taytrai","bone":"bone7","attachment":"c taytrai"},{"name":"c tayphai 2","bone":"bone10","attachment":"c tayphai 2"},{"name":"c tayphai","bone":"bone9","attachment":"c tayphai"},{"name":"c body","bone":"bone4","attachment":"c body"},{"name":"c boob","bone":"bone6","attachment":"c boob"},{"name":"c hair1","bone":"bone12","attachment":"c hair1"},{"name":"c head","bone":"bone5","attachment":"c head"},{"name":"c hair3","bone":"bone13","attachment":"c hair3"},{"name":"c hair2","bone":"bone11","attachment":"c hair2"},{"name":"c eye2","bone":"bone14","attachment":"c eye2"},{"name":"c eye1","bone":"bone14","attachment":"c eye1"},{"name":"c mouth1","bone":"bone15","attachment":"c mouth1"},{"name":"c mouth1 copy","bone":"bone15","attachment":"c mouth1 copy"},{"name":"c ebrow2","bone":"bone17","attachment":"c ebrow2"},{"name":"c ebrow1","bone":"bone16","attachment":"c ebrow1"},{"name":"c hong","bone":"bone4","attachment":"c hong"},{"name":"c taytrai1","bone":"bone8","attachment":"c taytrai1"}],"skins":{"default":{"Layer 1":{"Layer 1":{"x":17.26,"y":-6.6,"rotation":88.43,"width":183,"height":122}},"c body":{"c body":{"x":130.23,"y":9.79,"rotation":-97.04,"width":163,"height":248}},"c body 3":{"c body 3":{"x":134.51,"y":1.2,"rotation":88.43,"width":177,"height":356}},"c boob":{"c boob":{"x":-3.01,"y":3.86,"rotation":-97.04,"width":93,"height":69}},"c chan1":{"c chan1":{"x":-44.17,"y":-38.96,"rotation":96.94,"width":136,"height":630}},"c ebrow1":{"c ebrow1":{"x":8.93,"y":0.74,"rotation":-166.29,"width":27,"height":13}},"c ebrow2":{"c ebrow2":{"x":7.18,"y":-0.86,"rotation":-27.3,"width":22,"height":11}},"c eye1":{"c eye1":{"x":3.33,"y":18.34,"rotation":-92.94,"width":27,"height":18}},"c eye2":{"c eye2":{"x":0.22,"y":-13.04,"rotation":-92.94,"width":24,"height":17}},"c hair1":{"c hair1":{"x":9.39,"y":-42.99,"rotation":57.72,"width":155,"height":94}},"c hair2":{"c hair2":{"x":55.08,"y":4.65,"rotation":108.06,"width":43,"height":110}},"c hair3":{"c hair3":{"x":49.64,"y":-11.38,"rotation":103.33,"width":50,"height":104}},"c head":{"c head":{"x":35.38,"y":10.57,"rotation":-92.94,"width":188,"height":193}},"c hong":{"c hong":{"x":-56.91,"y":-4.38,"rotation":-97.04,"width":187,"height":204}},"c mouth1":{"c mouth1":{"x":-0.84,"y":2.53,"rotation":-92.94,"width":25,"height":19}},"c mouth1 copy":{"c mouth1 copy":{"x":-1.44,"y":0.56,"rotation":-92.94,"width":27,"height":18}},"c tayphai":{"c tayphai":{"x":-4.57,"y":25.74,"rotation":67.97,"width":52,"height":193}},"c tayphai 2":{"c tayphai 2":{"x":96.41,"y":15.16,"rotation":-71.44,"width":86,"height":239}},"c taytrai":{"c taytrai":{"x":86.56,"y":2.63,"rotation":123.44,"width":105,"height":159}},"c taytrai1":{"c taytrai1":{"x":79.15,"y":20.14,"rotation":60.45,"width":133,"height":142}}}},"animations":{"animation":{"slots":{"c eye1":{"attachment":[{"time":0.5,"name":null},{"time":0.6,"name":"c eye1"},{"time":0.7,"name":null},{"time":0.8333,"name":"c eye1"},{"time":2.3333,"name":null},{"time":2.4333,"name":"c eye1"},{"time":2.5333,"name":null},{"time":2.7333,"name":"c eye1"}]},"c eye2":{"attachment":[{"time":0.5,"name":null},{"time":0.6,"name":"c eye2"},{"time":0.7,"name":null},{"time":0.8333,"name":"c eye2"},{"time":2.3333,"name":null},{"time":2.4333,"name":"c eye2"},{"time":2.5333,"name":null},{"time":2.7333,"name":"c eye2"}]},"c mouth1":{"attachment":[{"time":0,"name":null},{"time":1.4667,"name":"c mouth1"},{"time":2.4,"name":"c mouth1"},{"time":2.8333,"name":null},{"time":3.8333,"name":null}]},"c mouth1 copy":{"attachment":[{"time":1.4667,"name":null},{"time":2.4,"name":null},{"time":2.8333,"name":"c mouth1 copy"}]}},"bones":{"bone":{"rotate":[{"time":0,"angle":0},{"time":0.6667,"angle":-0.62},{"time":1.3333,"angle":0},{"time":2,"angle":-0.62},{"time":2.7333,"angle":0},{"time":3.2667,"angle":-0.62},{"time":3.8333,"angle":0}],"translate":[{"time":0,"x":0,"y":0,"curve":"stepped"},{"time":1.3333,"x":0,"y":0,"curve":"stepped"},{"time":2.7333,"x":0,"y":0,"curve":"stepped"},{"time":3.8333,"x":0,"y":0}],"scale":[{"time":0,"x":1,"y":1,"curve":"stepped"},{"time":1.3333,"x":1,"y":1,"curve":"stepped"},{"time":2.7333,"x":1,"y":1,"curve":"stepped"},{"time":3.8333,"x":1,"y":1}],"shear":[{"time":0,"x":0,"y":0,"curve":"stepped"},{"time":1.3333,"x":0,"y":0,"curve":"stepped"},{"time":2.7333,"x":0,"y":0,"curve":"stepped"},{"time":3.8333,"x":0,"y":0}]},"bone2":{"rotate":[{"time":0,"angle":0,"curve":"stepped"},{"time":3.8333,"angle":0}],"translate":[{"time":0,"x":0,"y":0,"curve":"stepped"},{"time":3.8333,"x":0,"y":0}],"scale":[{"time":0,"x":1,"y":1,"curve":"stepped"},{"time":3.8333,"x":1,"y":1}],"shear":[{"time":0,"x":0,"y":0,"curve":"stepped"},{"time":3.8333,"x":0,"y":0}]},"bone3":{"rotate":[{"time":0,"angle":0,"curve":"stepped"},{"time":0.8333,"angle":0},{"time":1.7,"angle":-1.73},{"time":2.2,"angle":0},{"time":2.6333,"angle":-1.73},{"time":3.1,"angle":0,"curve":"stepped"},{"time":3.8333,"angle":0}],"translate":[{"time":0,"x":0,"y":0,"curve":"stepped"},{"time":0.8333,"x":0,"y":0,"curve":"stepped"},{"time":2.2,"x":0,"y":0,"curve":"stepped"},{"time":3.1,"x":0,"y":0,"curve":"stepped"},{"time":3.8333,"x":0,"y":0}],"scale":[{"time":0,"x":1,"y":1,"curve":"stepped"},{"time":0.8333,"x":1,"y":1,"curve":"stepped"},{"time":2.2,"x":1,"y":1,"curve":"stepped"},{"time":3.1,"x":1,"y":1,"curve":"stepped"},{"time":3.8333,"x":1,"y":1}],"shear":[{"time":0,"x":0,"y":0,"curve":"stepped"},{"time":0.8333,"x":0,"y":0,"curve":"stepped"},{"time":2.2,"x":0,"y":0,"curve":"stepped"},{"time":3.1,"x":0,"y":0,"curve":"stepped"},{"time":3.8333,"x":0,"y":0}]},"bone4":{"rotate":[{"time":0,"angle":0},{"time":0.4333,"angle":-2.83},{"time":0.8667,"angle":0},{"time":1.3667,"angle":-2.83},{"time":1.8333,"angle":0},{"time":2.3333,"angle":-2.83},{"time":2.8333,"angle":0},{"time":3.3,"angle":-2.83},{"time":3.8333,"angle":0}],"translate":[{"time":0,"x":0,"y":0,"curve":"stepped"},{"time":0.8667,"x":0,"y":0},{"time":1.3667,"x":-2.08,"y":-2.08},{"time":1.8333,"x":0,"y":0,"curve":"stepped"},{"time":2.8333,"x":0,"y":0,"curve":"stepped"},{"time":3.8333,"x":0,"y":0}],"scale":[{"time":0,"x":1,"y":1,"curve":"stepped"},{"time":0.8667,"x":1,"y":1,"curve":"stepped"},{"time":1.8333,"x":1,"y":1,"curve":"stepped"},{"time":2.8333,"x":1,"y":1,"curve":"stepped"},{"time":3.8333,"x":1,"y":1}],"shear":[{"time":0,"x":0,"y":0,"curve":"stepped"},{"time":0.8667,"x":0,"y":0,"curve":"stepped"},{"time":1.8333,"x":0,"y":0,"curve":"stepped"},{"time":2.8333,"x":0,"y":0,"curve":"stepped"},{"time":3.8333,"x":0,"y":0}]},"bone5":{"rotate":[{"time":0,"angle":0,"curve":"stepped"},{"time":1,"angle":0},{"time":1.5667,"angle":-2.68},{"time":2,"angle":0,"curve":"stepped"},{"time":2.8333,"angle":0,"curve":"stepped"},{"time":3.8333,"angle":0}],"translate":[{"time":0,"x":0,"y":0,"curve":"stepped"},{"time":1,"x":0,"y":0,"curve":"stepped"},{"time":2,"x":0,"y":0,"curve":"stepped"},{"time":2.8333,"x":0,"y":0,"curve":"stepped"},{"time":3.8333,"x":0,"y":0}],"scale":[{"time":0,"x":1,"y":1,"curve":"stepped"},{"time":1,"x":1,"y":1,"curve":"stepped"},{"time":2,"x":1,"y":1,"curve":"stepped"},{"time":2.8333,"x":1,"y":1,"curve":"stepped"},{"time":3.8333,"x":1,"y":1}],"shear":[{"time":0,"x":0,"y":0,"curve":"stepped"},{"time":1,"x":0,"y":0,"curve":"stepped"},{"time":2,"x":0,"y":0,"curve":"stepped"},{"time":2.8333,"x":0,"y":0,"curve":"stepped"},{"time":3.8333,"x":0,"y":0}]},"bone6":{"rotate":[{"time":0,"angle":0},{"time":0.5,"angle":1.47},{"time":1,"angle":0},{"time":1.5,"angle":1.47},{"time":2,"angle":0},{"time":2.4333,"angle":1.47},{"time":2.8333,"angle":0},{"time":3.3333,"angle":1.47},{"time":3.8333,"angle":0}],"translate":[{"time":0,"x":0,"y":0},{"time":0.5,"x":0.31,"y":0.22},{"time":1,"x":0,"y":0},{"time":1.5,"x":0.31,"y":0.22},{"time":2,"x":0,"y":0},{"time":2.4333,"x":0.31,"y":0.22},{"time":2.8333,"x":0,"y":0},{"time":3.3333,"x":0.31,"y":0.22},{"time":3.8333,"x":0,"y":0}],"scale":[{"time":0,"x":1,"y":1},{"time":0.5,"x":1.13,"y":1.013},{"time":1,"x":1,"y":1},{"time":1.5,"x":1.13,"y":1.013},{"time":2,"x":1,"y":1},{"time":2.4333,"x":1.13,"y":1.013},{"time":2.8333,"x":1,"y":1},{"time":3.3333,"x":1.13,"y":1.013},{"time":3.8333,"x":1,"y":1}],"shear":[{"time":0,"x":0,"y":0,"curve":"stepped"},{"time":1,"x":0,"y":0,"curve":"stepped"},{"time":2,"x":0,"y":0,"curve":"stepped"},{"time":2.8333,"x":0,"y":0,"curve":"stepped"},{"time":3.8333,"x":0,"y":0}]},"bone7":{"rotate":[{"time":0,"angle":0},{"time":0.5,"angle":5.1},{"time":1,"angle":0},{"time":1.5,"angle":8.08},{"time":2,"angle":0},{"time":2.4333,"angle":8.08},{"time":2.8333,"angle":0},{"time":3.3333,"angle":8.08},{"time":3.8333,"angle":0}],"translate":[{"time":0,"x":0,"y":0,"curve":"stepped"},{"time":1,"x":0,"y":0,"curve":"stepped"},{"time":2,"x":0,"y":0,"curve":"stepped"},{"time":2.8333,"x":0,"y":0,"curve":"stepped"},{"time":3.8333,"x":0,"y":0}],"scale":[{"time":0,"x":1,"y":1,"curve":"stepped"},{"time":1,"x":1,"y":1,"curve":"stepped"},{"time":2,"x":1,"y":1,"curve":"stepped"},{"time":2.8333,"x":1,"y":1,"curve":"stepped"},{"time":3.8333,"x":1,"y":1}],"shear":[{"time":0,"x":0,"y":0,"curve":"stepped"},{"time":1,"x":0,"y":0,"curve":"stepped"},{"time":2,"x":0,"y":0,"curve":"stepped"},{"time":2.8333,"x":0,"y":0,"curve":"stepped"},{"time":3.8333,"x":0,"y":0}]},"bone8":{"rotate":[{"time":0,"angle":0},{"time":0.5,"angle":-9.47},{"time":1,"angle":0},{"time":1.5,"angle":-1.16},{"time":2,"angle":0},{"time":2.4333,"angle":-14.28},{"time":2.8333,"angle":0},{"time":3.3333,"angle":-14.28},{"time":3.8333,"angle":0}],"translate":[{"time":0,"x":0,"y":0},{"time":0.5,"x":-11.79,"y":-5.22},{"time":1,"x":0,"y":0},{"time":1.5,"x":-9.94,"y":-8.49},{"time":2,"x":0,"y":0},{"time":2.4333,"x":-11.79,"y":-5.22},{"time":2.8333,"x":0,"y":0},{"time":3.3333,"x":-11.79,"y":-5.22},{"time":3.8333,"x":0,"y":0}],"scale":[{"time":0,"x":1,"y":1,"curve":"stepped"},{"time":1,"x":1,"y":1,"curve":"stepped"},{"time":2,"x":1,"y":1,"curve":"stepped"},{"time":2.8333,"x":1,"y":1,"curve":"stepped"},{"time":3.8333,"x":1,"y":1}],"shear":[{"time":0,"x":0,"y":0,"curve":"stepped"},{"time":1,"x":0,"y":0,"curve":"stepped"},{"time":2,"x":0,"y":0,"curve":"stepped"},{"time":2.8333,"x":0,"y":0,"curve":"stepped"},{"time":3.8333,"x":0,"y":0}]},"bone9":{"rotate":[{"time":0,"angle":0,"curve":"stepped"},{"time":1,"angle":0},{"time":1.5,"angle":4.66},{"time":1.7667,"angle":0},{"time":2,"angle":-3.8},{"time":2.8333,"angle":0,"curve":"stepped"},{"time":3.8333,"angle":0}],"translate":[{"time":0,"x":0,"y":0,"curve":"stepped"},{"time":1,"x":0,"y":0},{"time":1.5,"x":-5.8,"y":-2.07},{"time":1.7667,"x":0,"y":0},{"time":2,"x":6.59,"y":1.3},{"time":2.8333,"x":0,"y":0,"curve":"stepped"},{"time":3.8333,"x":0,"y":0}],"scale":[{"time":0,"x":1,"y":1,"curve":"stepped"},{"time":1,"x":1,"y":1,"curve":"stepped"},{"time":1.7667,"x":1,"y":1,"curve":"stepped"},{"time":2.8333,"x":1,"y":1,"curve":"stepped"},{"time":3.8333,"x":1,"y":1}],"shear":[{"time":0,"x":0,"y":0,"curve":"stepped"},{"time":1,"x":0,"y":0,"curve":"stepped"},{"time":1.7667,"x":0,"y":0,"curve":"stepped"},{"time":2.8333,"x":0,"y":0,"curve":"stepped"},{"time":3.8333,"x":0,"y":0}]},"bone10":{"rotate":[{"time":0,"angle":0,"curve":"stepped"},{"time":1,"angle":0},{"time":1.5333,"angle":-17.05},{"time":1.8667,"angle":0},{"time":2.1333,"angle":15.48},{"time":2.5333,"angle":0,"curve":"stepped"},{"time":3.8333,"angle":0}],"translate":[{"time":0,"x":0,"y":0,"curve":"stepped"},{"time":1,"x":0,"y":0,"curve":"stepped"},{"time":1.8667,"x":0,"y":0,"curve":"stepped"},{"time":2.5333,"x":0,"y":0,"curve":"stepped"},{"time":3.8333,"x":0,"y":0}],"scale":[{"time":0,"x":1,"y":1,"curve":"stepped"},{"time":1,"x":1,"y":1,"curve":"stepped"},{"time":1.8667,"x":1,"y":1,"curve":"stepped"},{"time":2.5333,"x":1,"y":1,"curve":"stepped"},{"time":3.8333,"x":1,"y":1}],"shear":[{"time":0,"x":0,"y":0,"curve":"stepped"},{"time":1,"x":0,"y":0,"curve":"stepped"},{"time":1.8667,"x":0,"y":0,"curve":"stepped"},{"time":2.5333,"x":0,"y":0,"curve":"stepped"},{"time":3.8333,"x":0,"y":0}]},"bone11":{"rotate":[{"time":0,"angle":0},{"time":0.9667,"angle":9.04,"curve":[0.251,0,0.624,0.49]},{"time":1.4667,"angle":11.44,"curve":[0.373,0.49,0.751,1]},{"time":2,"angle":0},{"time":2.4333,"angle":7.22},{"time":2.8333,"angle":0,"curve":"stepped"},{"time":3.8333,"angle":0}],"translate":[{"time":0,"x":0,"y":0,"curve":"stepped"},{"time":2,"x":0,"y":0,"curve":"stepped"},{"time":2.8333,"x":0,"y":0,"curve":"stepped"},{"time":3.8333,"x":0,"y":0}],"scale":[{"time":0,"x":1,"y":1},{"time":0.9667,"x":0.949,"y":0.989,"curve":[0.25,0,0.75,1]},{"time":2,"x":1,"y":1,"curve":"stepped"},{"time":2.8333,"x":1,"y":1,"curve":"stepped"},{"time":3.8333,"x":1,"y":1}],"shear":[{"time":0,"x":0,"y":0,"curve":"stepped"},{"time":2,"x":0,"y":0,"curve":"stepped"},{"time":2.8333,"x":0,"y":0,"curve":"stepped"},{"time":3.8333,"x":0,"y":0}]},"bone12":{"rotate":[{"time":0,"angle":0},{"time":0.5333,"angle":-2.41},{"time":1,"angle":0},{"time":1.5,"angle":-2.41},{"time":2,"angle":0},{"time":2.4333,"angle":-2.41},{"time":2.8333,"angle":0},{"time":3.3667,"angle":-2.41},{"time":3.8333,"angle":0}],"translate":[{"time":0,"x":0,"y":0,"curve":"stepped"},{"time":1,"x":0,"y":0,"curve":"stepped"},{"time":2,"x":0,"y":0,"curve":"stepped"},{"time":2.8333,"x":0,"y":0,"curve":"stepped"},{"time":3.8333,"x":0,"y":0}],"scale":[{"time":0,"x":1,"y":1},{"time":0.5333,"x":1,"y":1.097},{"time":1,"x":1,"y":1},{"time":1.5,"x":1,"y":1.097},{"time":2,"x":1,"y":1},{"time":2.4333,"x":1,"y":1.097},{"time":2.8333,"x":1,"y":1},{"time":3.3667,"x":1,"y":1.097},{"time":3.8333,"x":1,"y":1}],"shear":[{"time":0,"x":0,"y":0,"curve":"stepped"},{"time":1,"x":0,"y":0,"curve":"stepped"},{"time":2,"x":0,"y":0,"curve":"stepped"},{"time":2.8333,"x":0,"y":0,"curve":"stepped"},{"time":3.8333,"x":0,"y":0}]},"bone13":{"rotate":[{"time":0,"angle":0},{"time":0.5,"angle":2.41},{"time":1,"angle":0},{"time":1.5,"angle":2.41},{"time":2,"angle":0},{"time":2.4333,"angle":2.41},{"time":2.8333,"angle":0},{"time":3.3333,"angle":2.41},{"time":3.5333,"angle":0,"curve":"stepped"},{"time":3.8333,"angle":0}],"translate":[{"time":0,"x":0,"y":0},{"time":0.5,"x":-2.46,"y":0.61},{"time":1,"x":0,"y":0},{"time":1.5,"x":-2.46,"y":0.61},{"time":2,"x":0,"y":0},{"time":2.4333,"x":-2.46,"y":0.61},{"time":2.8333,"x":0,"y":0},{"time":3.3333,"x":-2.46,"y":0.61},{"time":3.5333,"x":0,"y":0,"curve":"stepped"},{"time":3.8333,"x":0,"y":0}],"scale":[{"time":0,"x":1,"y":1},{"time":0.5,"x":1,"y":1.236},{"time":1,"x":1,"y":1},{"time":1.5,"x":1,"y":1.236},{"time":2,"x":1,"y":1},{"time":2.4333,"x":1,"y":1.236},{"time":2.8333,"x":1,"y":1},{"time":3.3333,"x":1,"y":1.236},{"time":3.5333,"x":1,"y":1,"curve":"stepped"},{"time":3.8333,"x":1,"y":1}],"shear":[{"time":0,"x":0,"y":0,"curve":"stepped"},{"time":1,"x":0,"y":0,"curve":"stepped"},{"time":2,"x":0,"y":0,"curve":"stepped"},{"time":2.8333,"x":0,"y":0,"curve":"stepped"},{"time":3.5333,"x":0,"y":0,"curve":"stepped"},{"time":3.8333,"x":0,"y":0}]},"bone14":{"rotate":[{"time":0,"angle":0,"curve":"stepped"},{"time":1,"angle":0,"curve":"stepped"},{"time":2,"angle":0,"curve":"stepped"},{"time":2.8333,"angle":0,"curve":"stepped"},{"time":3.8333,"angle":0}],"translate":[{"time":0,"x":0,"y":0,"curve":"stepped"},{"time":1,"x":0,"y":0,"curve":"stepped"},{"time":2,"x":0,"y":0,"curve":"stepped"},{"time":2.8333,"x":0,"y":0,"curve":"stepped"},{"time":3.8333,"x":0,"y":0}],"scale":[{"time":0,"x":1,"y":1,"curve":"stepped"},{"time":1,"x":1,"y":1,"curve":"stepped"},{"time":2,"x":1,"y":1,"curve":"stepped"},{"time":2.8333,"x":1,"y":1,"curve":"stepped"},{"time":3.8333,"x":1,"y":1}],"shear":[{"time":0,"x":0,"y":0,"curve":"stepped"},{"time":1,"x":0,"y":0,"curve":"stepped"},{"time":2,"x":0,"y":0,"curve":"stepped"},{"time":2.8333,"x":0,"y":0,"curve":"stepped"},{"time":3.8333,"x":0,"y":0}]},"bone15":{"rotate":[{"time":0,"angle":0,"curve":"stepped"},{"time":1,"angle":0,"curve":"stepped"},{"time":2,"angle":0,"curve":"stepped"},{"time":2.8333,"angle":0,"curve":"stepped"},{"time":3.8333,"angle":0}],"translate":[{"time":0,"x":0,"y":0,"curve":"stepped"},{"time":1,"x":0,"y":0,"curve":"stepped"},{"time":2,"x":0,"y":0,"curve":"stepped"},{"time":2.8333,"x":0,"y":0,"curve":"stepped"},{"time":3.8333,"x":0,"y":0}],"scale":[{"time":0,"x":1,"y":1},{"time":0.5,"x":1,"y":1.069,"curve":[0.25,0,0.75,1]},{"time":1,"x":1,"y":1,"curve":[0.25,0,0.75,1]},{"time":1.4667,"x":1,"y":1.056,"curve":[0.25,0,0.625,0.5]},{"time":1.7333,"x":0.818,"y":1.028,"curve":[0.375,0.5,0.75,1]},{"time":2,"x":1,"y":1,"curve":[0.25,0,0.75,1]},{"time":2.2333,"x":0.818,"y":1.028,"curve":[0.375,0.5,0.75,1]},{"time":2.4,"x":1,"y":1.056,"curve":[0.25,0,0.75,1]},{"time":2.8333,"x":1,"y":1},{"time":3.0333,"x":1,"y":1.124},{"time":3.3333,"x":1,"y":1.069,"curve":[0.248,0,0.628,0.52]},{"time":3.6,"x":1,"y":1.088,"curve":[0.378,0.52,0.748,1]},{"time":3.8333,"x":1,"y":1}],"shear":[{"time":0,"x":0,"y":0,"curve":"stepped"},{"time":1,"x":0,"y":0,"curve":"stepped"},{"time":2,"x":0,"y":0,"curve":"stepped"},{"time":2.8333,"x":0,"y":0,"curve":"stepped"},{"time":3.8333,"x":0,"y":0}]},"bone16":{"rotate":[{"time":0,"angle":0,"curve":"stepped"},{"time":1,"angle":0,"curve":"stepped"},{"time":2,"angle":0,"curve":"stepped"},{"time":2.8333,"angle":0,"curve":"stepped"},{"time":3.8333,"angle":0}],"translate":[{"time":0,"x":0,"y":0},{"time":0.5,"x":0,"y":-0.33},{"time":1,"x":0,"y":0,"curve":"stepped"},{"time":2,"x":0,"y":0,"curve":"stepped"},{"time":2.8333,"x":0,"y":0},{"time":3.3333,"x":0,"y":-0.33},{"time":3.8333,"x":0,"y":0}],"scale":[{"time":0,"x":1,"y":1,"curve":"stepped"},{"time":0.5,"x":1,"y":1,"curve":"stepped"},{"time":1,"x":1,"y":1,"curve":"stepped"},{"time":2,"x":1,"y":1,"curve":"stepped"},{"time":2.8333,"x":1,"y":1,"curve":"stepped"},{"time":3.3333,"x":1,"y":1,"curve":"stepped"},{"time":3.8333,"x":1,"y":1}]},"bone17":{"rotate":[{"time":0,"angle":0,"curve":"stepped"},{"time":1,"angle":0,"curve":"stepped"},{"time":2,"angle":0,"curve":"stepped"},{"time":2.8333,"angle":0,"curve":"stepped"},{"time":3.8333,"angle":0}],"translate":[{"time":0,"x":0,"y":0,"curve":"stepped"},{"time":1,"x":0,"y":0,"curve":"stepped"},{"time":2,"x":0,"y":0,"curve":"stepped"},{"time":2.8333,"x":0,"y":0,"curve":"stepped"},{"time":3.8333,"x":0,"y":0}],"scale":[{"time":0,"x":1,"y":1,"curve":"stepped"},{"time":1,"x":1,"y":1,"curve":"stepped"},{"time":2,"x":1,"y":1,"curve":"stepped"},{"time":2.8333,"x":1,"y":1,"curve":"stepped"},{"time":3.8333,"x":1,"y":1}]}}}}},"_atlasText":"\ncowboy maincharacter.png\nsize: 1024,1024\nformat: RGBA8888\nfilter: Linear,Linear\nrepeat: none\nLayer 1\n  rotate: false\n  xy: 319, 689\n  size: 183, 122\n  orig: 183, 122\n  offset: 0, 0\n  index: -1\nc body\n  rotate: false\n  xy: 140, 411\n  size: 163, 248\n  orig: 163, 248\n  offset: 0, 0\n  index: -1\nc body 3\n  rotate: false\n  xy: 140, 661\n  size: 177, 356\n  orig: 177, 356\n  offset: 0, 0\n  index: -1\nc boob\n  rotate: true\n  xy: 2, 51\n  size: 93, 69\n  orig: 93, 69\n  offset: 0, 0\n  index: -1\nc chan1\n  rotate: false\n  xy: 2, 387\n  size: 136, 630\n  orig: 136, 630\n  offset: 0, 0\n  index: -1\nc ebrow1\n  rotate: false\n  xy: 2, 36\n  size: 27, 13\n  orig: 27, 13\n  offset: 0, 0\n  index: -1\nc ebrow2\n  rotate: true\n  xy: 305, 637\n  size: 22, 11\n  orig: 22, 11\n  offset: 0, 0\n  index: -1\nc eye1\n  rotate: false\n  xy: 319, 669\n  size: 27, 18\n  orig: 27, 18\n  offset: 0, 0\n  index: -1\nc eye2\n  rotate: false\n  xy: 90, 173\n  size: 24, 17\n  orig: 24, 17\n  offset: 0, 0\n  index: -1\nc hair1\n  rotate: false\n  xy: 144, 315\n  size: 155, 94\n  orig: 155, 94\n  offset: 0, 0\n  index: -1\nc hair2\n  rotate: true\n  xy: 698, 830\n  size: 43, 110\n  orig: 43, 110\n  offset: 0, 0\n  index: -1\nc hair3\n  rotate: false\n  xy: 144, 209\n  size: 50, 104\n  orig: 50, 104\n  offset: 0, 0\n  index: -1\nc head\n  rotate: false\n  xy: 508, 824\n  size: 188, 193\n  orig: 188, 193\n  offset: 0, 0\n  index: -1\nc hong\n  rotate: false\n  xy: 319, 813\n  size: 187, 204\n  orig: 187, 204\n  offset: 0, 0\n  index: -1\nc mouth1\n  rotate: false\n  xy: 994, 998\n  size: 25, 19\n  orig: 25, 19\n  offset: 0, 0\n  index: -1\nc mouth1 copy\n  rotate: false\n  xy: 833, 892\n  size: 27, 18\n  orig: 27, 18\n  offset: 0, 0\n  index: -1\nc tayphai\n  rotate: false\n  xy: 90, 192\n  size: 52, 193\n  orig: 52, 193\n  offset: 0, 0\n  index: -1\nc tayphai 2\n  rotate: false\n  xy: 2, 146\n  size: 86, 239\n  orig: 86, 239\n  offset: 0, 0\n  index: -1\nc taytrai\n  rotate: true\n  xy: 833, 912\n  size: 105, 159\n  orig: 105, 159\n  offset: 0, 0\n  index: -1\nc taytrai1\n  rotate: false\n  xy: 698, 875\n  size: 133, 142\n  orig: 133, 142\n  offset: 0, 0\n  index: -1\n","textures":[{"__uuid__":"d94RdyRoBO3qoIsneQGRDB"}],"textureNames":["cowboy maincharacter.png"]}