[[{"__type__":"cc.Prefab","_name":"item10","data":{"__id__":1}},{"__type__":"cc.Node","_name":"item10","_components":[{"__type__":"cc.Sprite","node":{"__id__":1},"_materials":[{"__uuid__":"ecpdLyjvZBwrvm+cedCcQy"}],"_spriteFrame":{"__uuid__":"d8DPQu+bBHvYaSDVotv1oz"}}],"_prefab":{"__type__":"cc.PrefabInfo","root":{"__id__":1},"asset":{"__uuid__":"32N9rPo0NAwLQBz6Vrd8Wr"},"fileId":"24Wu5o4sJCz45zcA2wuO+B"},"_contentSize":{"__type__":"cc.Size","width":163,"height":130},"_trs":{"__type__":"TypedArray","ctor":"Float64Array","array":[0,0,0,0,0,0,1,0.8,0.8,1]}}],{"__type__":"cc.SpriteFrame","content":{"name":"6","texture":"83wfQ7xjVPSKV6aPgRG+BV","rect":[0,0,163,130],"offset":[0,0],"originalSize":[163,130],"capInsets":[0,0,0,0]}}]