[{"__type__":"cc.SpriteFrame","content":{"name":"bg-line-2","texture":"2f/hhQZplGbItuJj398Spu","rect":[0,0,49,59],"offset":[0,0],"originalSize":[49,59],"capInsets":[0,0,0,0]}},[{"__type__":"cc.Prefab","_name":"loading","data":{"__id__":1}},{"__type__":"cc.Node","_name":"loading","_children":[{"__id__":2},{"__id__":3},{"__id__":4},{"__id__":5}],"_active":false,"_components":[{"__type__":"cc.Sprite","node":{"__id__":1},"_materials":[{"__uuid__":"ecpdLyjvZBwrvm+cedCcQy"}],"_spriteFrame":{"__uuid__":"16YB09ZblIGZhIq1epHuE+"},"_sizeMode":0},{"__type__":"cc.Button","node":{"__id__":1},"_N$normalColor":{"__type__":"cc.Color","r":214,"g":214,"b":214}},{"__type__":"b29c3M7ShVDkKHKf+49LVQZ","node":{"__id__":1},"text":{"__id__":6}},{"__type__":"8618cQMVlxIpJJWyUWs76o+","node":{"__id__":1}}],"_prefab":{"__type__":"cc.PrefabInfo","root":{"__id__":1},"asset":{"__uuid__":"9bZ55AGzpBHLzLZDympWLg"},"fileId":"27UWNsfrFLWLhcxXpKtYdl"},"_contentSize":{"__type__":"cc.Size","width":1398,"height":786},"_trs":{"__type__":"TypedArray","ctor":"Float64Array","array":[0,0,0,0,0,0,1,1,1,1]}},{"__type__":"cc.Node","_name":"Spinner1","_parent":{"__id__":1},"_components":[{"__type__":"cc.Sprite","node":{"__id__":2},"_materials":[{"__uuid__":"ecpdLyjvZBwrvm+cedCcQy"}],"_spriteFrame":{"__uuid__":"f8H/yIhyNE44iaATTfLqKe"}},{"__type__":"cc.Animation","node":{"__id__":2},"_defaultClip":{"__uuid__":"11RefYZX1HKYUwSiLZA5zr"},"_clips":[{"__uuid__":"11RefYZX1HKYUwSiLZA5zr"}],"playOnLoad":true}],"_prefab":{"__type__":"cc.PrefabInfo","root":{"__id__":1},"asset":{"__uuid__":"9bZ55AGzpBHLzLZDympWLg"},"fileId":"c2Vk20L4JPppSabWmXCe/V"},"_contentSize":{"__type__":"cc.Size","width":255,"height":270},"_trs":{"__type__":"TypedArray","ctor":"Float64Array","array":[0,0,0,0,0,0,1,0.24,0.24,1]}},{"__type__":"cc.Node","_name":"Spinner0","_parent":{"__id__":1},"_components":[{"__type__":"cc.Sprite","node":{"__id__":3},"_materials":[{"__uuid__":"ecpdLyjvZBwrvm+cedCcQy"}],"_spriteFrame":{"__uuid__":"f8H/yIhyNE44iaATTfLqKe"}},{"__type__":"cc.Animation","node":{"__id__":3},"_defaultClip":{"__uuid__":"67ufyH2uhH64LP45/+u6WV"},"_clips":[{"__uuid__":"67ufyH2uhH64LP45/+u6WV"}],"playOnLoad":true}],"_prefab":{"__type__":"cc.PrefabInfo","root":{"__id__":1},"asset":{"__uuid__":"9bZ55AGzpBHLzLZDympWLg"},"fileId":"f0diRPZ6xC8oErQFpT/0z4"},"_contentSize":{"__type__":"cc.Size","width":255,"height":270},"_trs":{"__type__":"TypedArray","ctor":"Float64Array","array":[0,0,0,0,0,0,1,-0.2,0.2,1]}},{"__type__":"cc.Node","_name":"gamehall_effect_touch_ske","_parent":{"__id__":1},"_components":[{"__type__":"dragonBones.ArmatureDisplay","node":{"__id__":4},"_materials":[{"__uuid__":"ecpdLyjvZBwrvm+cedCcQy"}],"_armatureName":"gamehall_effect_touch","_animationName":"newAnimation","_preCacheMode":0,"_armatureKey":"4dd4210a-2660-4650-801d-a86cff15a6d4#d20c6bfa-0549-4457-a3a3-031a091739d8","_N$dragonAsset":{"__uuid__":"4d1CEKJmBGUIAdqGz/FabU"},"_N$dragonAtlasAsset":{"__uuid__":"d2DGv6BUlEV6OjAxoJFznY"}}],"_prefab":{"__type__":"cc.PrefabInfo","root":{"__id__":1},"asset":{"__uuid__":"9bZ55AGzpBHLzLZDympWLg"},"fileId":"d544A/HfxLE6NAoDA2ua7n"},"_trs":{"__type__":"TypedArray","ctor":"Float64Array","array":[0,0,0,0,0,0,1,1,1,1]}},{"__type__":"cc.Node","_name":"text","_parent":{"__id__":1},"_components":[{"__id__":6}],"_prefab":{"__type__":"cc.PrefabInfo","root":{"__id__":1},"asset":{"__uuid__":"9bZ55AGzpBHLzLZDympWLg"},"fileId":"8bXKHGwjpGnr30lUhsdAHW"},"_color":{"__type__":"cc.Color","r":255,"g":246,"b":31},"_contentSize":{"__type__":"cc.Size","height":51.33},"_trs":{"__type__":"TypedArray","ctor":"Float64Array","array":[0,-56,0,0,0,0,1,1,1,1]}},{"__type__":"cc.Label","node":{"__id__":5},"_materials":[{"__uuid__":"ecpdLyjvZBwrvm+cedCcQy"}],"_useOriginalSize":false,"_fontSize":28,"_lineHeight":110,"_N$file":{"__uuid__":"340wrTd0ZDv7n0Sa9DOC8E"},"_isSystemFontUsed":false,"_N$horizontalAlign":1}],{"__type__":"cc.SpriteFrame","content":{"name":"Layer","texture":"62FVQYAtNL9pqJpm810SsR","rect":[1,1,255,270],"offset":[0,0],"originalSize":[255,270],"capInsets":[0,0,0,0]}}]