[{"__type__":"cc.SpriteFrame","content":{"name":"line02","texture":"c0fiXnJrdCBqTGTRmWfU6O","rect":[1,1,772,80],"offset":[0,0],"originalSize":[772,80],"capInsets":[0,0,0,0]}},{"__type__":"cc.SpriteFrame","content":{"name":"line16","texture":"c0fiXnJrdCBqTGTRmWfU6O","rect":[775,1,764,171],"offset":[0,0],"originalSize":[764,171],"rotated":1,"capInsets":[0,0,0,0]}},{"__type__":"cc.SpriteFrame","content":{"name":"line01","texture":"c0fiXnJrdCBqTGTRmWfU6O","rect":[1,136,771,25],"offset":[0,0],"originalSize":[771,25],"capInsets":[0,0,0,0]}},{"__type__":"cc.SpriteFrame","content":{"name":"line12","texture":"c0fiXnJrdCBqTGTRmWfU6O","rect":[1,486,767,158],"offset":[0,0],"originalSize":[767,158],"capInsets":[0,0,0,0]}},{"__type__":"cc.SpriteFrame","content":{"name":"line14","texture":"c0fiXnJrdCBqTGTRmWfU6O","rect":[1,325,768,159],"offset":[0,0],"originalSize":[768,159],"capInsets":[0,0,0,0]}},{"__type__":"cc.SpriteFrame","content":{"name":"line24","texture":"c0fiXnJrdCBqTGTRmWfU6O","rect":[1,1100,763,293],"offset":[0,0],"originalSize":[763,293],"capInsets":[0,0,0,0]}},{"__type__":"cc.SpriteFrame","content":{"name":"line13","texture":"c0fiXnJrdCBqTGTRmWfU6O","rect":[1,940,765,158],"offset":[0,0],"originalSize":[765,158],"capInsets":[0,0,0,0]}},{"__type__":"cc.SpriteFrame","content":{"name":"line15","texture":"c0fiXnJrdCBqTGTRmWfU6O","rect":[1,163,770,160],"offset":[0,0],"originalSize":[770,160],"capInsets":[0,0,0,0]}},{"__type__":"cc.SpriteAtlas","_name":"lines-1.plist","_spriteFrames":{"line01":{"__uuid__":"2aFAINqm9G5Zd3S49d5qBp"},"line02":{"__uuid__":"0cWb+LNtdG+o65+9yRLcMJ"},"line03":{"__uuid__":"f0u7Dc/bNKmIEfr1LJKlcO"},"line06":{"__uuid__":"999QhLz7tFF7iDUuT9W90/"},"line11":{"__uuid__":"b0I1hgrfJIX7p7Js5Khz9H"},"line12":{"__uuid__":"446XkFoa5IKLWCdHRHgVjB"},"line13":{"__uuid__":"72waBq+PdA865nQJIBkG6W"},"line14":{"__uuid__":"50qvBeZR1EU6Vexbmry1s1"},"line15":{"__uuid__":"88pCb2ZTxDkLg29en/ToAh"},"line16":{"__uuid__":"17C5cszrtHG5tjX/ZM+mFO"},"line24":{"__uuid__":"5d4T2R+HlNLpVl+KGZK6dJ"}}},{"__type__":"cc.SpriteFrame","content":{"name":"line06","texture":"c0fiXnJrdCBqTGTRmWfU6O","rect":[769,767,766,158],"offset":[0,0],"originalSize":[766,158],"rotated":1,"capInsets":[0,0,0,0]}},{"__type__":"cc.SpriteFrame","content":{"name":"line11","texture":"c0fiXnJrdCBqTGTRmWfU6O","rect":[1,646,766,292],"offset":[0,0],"originalSize":[766,292],"capInsets":[0,0,0,0]}},{"__type__":"cc.SpriteFrame","content":{"name":"line03","texture":"c0fiXnJrdCBqTGTRmWfU6O","rect":[1,83,771,51],"offset":[0,0],"originalSize":[771,51],"capInsets":[0,0,0,0]}}]