[{"__type__":"cc.Prefab","_name":"IconWild","data":{"__id__":1}},{"__type__":"cc.Node","_name":"IconWild","_components":[{"__type__":"sp.Skeleton","node":{"__id__":1},"_materials":[{"__uuid__":"7a/QZLET9IDreTiBfRn2PD"}],"defaultAnimation":"animation","_preCacheMode":0,"premultipliedAlpha":false,"_animationName":"animation","_N$skeletonData":{"__uuid__":"81IoxMxv5Ej5z+85ejzBzS"}}],"_prefab":{"__type__":"cc.PrefabInfo","root":{"__id__":1},"asset":{"__uuid__":"023h2SRB1JSa1scbC8IDrq"},"fileId":"00gjFbZ01KGq1UJWfdrHcc"},"_contentSize":{"__type__":"cc.Size","width":150.5,"height":144.26},"_trs":{"__type__":"TypedArray","ctor":"Float64Array","array":[0,0,0,0,0,0,1,0.8,0.8,1]}}]