{"__type__":"dragonBones.DragonBonesAsset","_name":"shenhaifufengwang_ske","_dragonBonesJson":"{\"frameRate\":24,\"name\":\"shenhaifufengwang\",\"version\":\"5.5\",\"compatibleVersion\":\"5.5\",\"armature\":[{\"type\":\"Sheet\",\"frameRate\":24,\"name\":\"shenhaifufenwang\",\"aabb\":{\"x\":-172.5,\"y\":-160,\"width\":345,\"height\":320},\"bone\":[{\"name\":\"root\"}],\"slot\":[{\"displayIndex\":3,\"name\":\"sheetSlot\",\"parent\":\"root\"}],\"skin\":[{\"slot\":[{\"name\":\"sheetSlot\",\"display\":[{\"name\":\"shenhaifufenwang_00000\"},{\"name\":\"shenhaifufenwang_00001\"},{\"name\":\"shenhaifufenwang_00002\"},{\"name\":\"shenhaifufenwang_00003\"},{\"name\":\"shenhaifufenwang_00004\"},{\"name\":\"shenhaifufenwang_00005\"},{\"name\":\"shenhaifufenwang_00006\"},{\"name\":\"shenhaifufenwang_00007\"},{\"name\":\"shenhaifufenwang_00008\"},{\"name\":\"shenhaifufenwang_00009\"}]}]}],\"animation\":[{\"duration\":10,\"playTimes\":0,\"name\":\"shenhaifufenwang\",\"slot\":[{\"name\":\"sheetSlot\",\"displayFrame\":[{},{\"value\":1},{\"value\":2},{\"value\":3},{\"value\":4},{\"value\":5},{\"value\":6},{\"value\":7},{\"value\":8},{\"value\":9}]}]}],\"defaultActions\":[{\"gotoAndPlay\":\"shenhaifufenwang\"}]}]}"}