[{"__type__":"cc.SpriteFrame","content":{"name":"help_x010","texture":"1ewkIgnydEDqRU4CMe0XG+","rect":[1425,1,381,213],"offset":[0,0],"originalSize":[381,213],"rotated":1,"capInsets":[0,0,0,0]}},{"__type__":"cc.SpriteFrame","content":{"name":"x2","texture":"1ewkIgnydEDqRU4CMe0XG+","rect":[1502,1394,123,79],"offset":[0,0],"originalSize":[123,79],"capInsets":[0,0,0,0]}},{"__type__":"cc.SpriteFrame","content":{"name":"x3","texture":"1ewkIgnydEDqRU4CMe0XG+","rect":[1557,1053,124,79],"offset":[0,0],"originalSize":[124,79],"rotated":1,"capInsets":[0,0,0,0]}},{"__type__":"cc.SpriteFrame","content":{"name":"help_x009","texture":"1ewkIgnydEDqRU4CMe0XG+","rect":[1180,1,482,242],"offset":[0,0],"originalSize":[482,242],"rotated":1,"capInsets":[0,0,0,0]}},{"__type__":"cc.SpriteFrame","content":{"name":"x5","texture":"1ewkIgnydEDqRU4CMe0XG+","rect":[1502,1312,124,79],"offset":[0,0],"originalSize":[124,79],"capInsets":[0,0,0,0]}},{"__type__":"cc.SpriteFrame","content":{"name":"bg_game","texture":"1ewkIgnydEDqRU4CMe0XG+","rect":[1,1267,1057,676],"offset":[0,0],"originalSize":[1057,676],"capInsets":[0,0,0,0]}},{"__type__":"cc.SpriteFrame","content":{"name":"help_x05","texture":"1ewkIgnydEDqRU4CMe0XG+","rect":[1554,1476,79,96],"offset":[0,0],"originalSize":[79,96],"capInsets":[0,0,0,0]}},{"__type__":"cc.SpriteFrame","content":{"name":"bg_log","texture":"1ewkIgnydEDqRU4CMe0XG+","rect":[1,1,1176,630],"offset":[0,0],"originalSize":[1176,630],"capInsets":[0,0,0,0]}},{"__type__":"cc.SpriteFrame","content":{"name":"bonus_game","texture":"1ewkIgnydEDqRU4CMe0XG+","rect":[832,1946,227,42],"offset":[0,0],"originalSize":[227,42],"capInsets":[0,0,0,0]}},{"__type__":"cc.SpriteFrame","content":{"name":"head_top","texture":"1ewkIgnydEDqRU4CMe0XG+","rect":[1,1946,828,34],"offset":[0,0],"originalSize":[828,34],"capInsets":[0,0,0,0]}},{"__type__":"cc.SpriteFrame","content":{"name":"auto_on","texture":"1ewkIgnydEDqRU4CMe0XG+","rect":[1472,1605,93,93],"offset":[0,0],"originalSize":[93,93],"capInsets":[0,0,0,0]}},{"__type__":"cc.SpriteFrame","content":{"name":"icon_04","texture":"1ewkIgnydEDqRU4CMe0XG+","rect":[1347,1636,115,147],"offset":[0,0],"originalSize":[115,147],"capInsets":[0,0,0,0]}},{"__type__":"cc.SpriteFrame","content":{"name":"icon_03","texture":"1ewkIgnydEDqRU4CMe0XG+","rect":[1447,486,134,154],"offset":[0,0],"originalSize":[134,154],"capInsets":[0,0,0,0]}},{"__type__":"cc.SpriteFrame","content":{"name":"jackpot","texture":"1ewkIgnydEDqRU4CMe0XG+","rect":[1169,1492,163,143],"offset":[0,0],"originalSize":[163,143],"capInsets":[0,0,0,0]}},{"__type__":"cc.SpriteFrame","content":{"name":"help_x04","texture":"1ewkIgnydEDqRU4CMe0XG+","rect":[1062,1944,78,96],"offset":[0,0],"originalSize":[78,96],"rotated":1,"capInsets":[0,0,0,0]}},{"__type__":"cc.SpriteFrame","content":{"name":"head_log","texture":"1ewkIgnydEDqRU4CMe0XG+","rect":[1,1983,797,39],"offset":[0,0],"originalSize":[797,39],"capInsets":[0,0,0,0]}},{"__type__":"cc.SpriteFrame","content":{"name":"bonus_open","texture":"1ewkIgnydEDqRU4CMe0XG+","rect":[1180,486,241,264],"offset":[0,0],"originalSize":[241,264],"rotated":1,"capInsets":[0,0,0,0]}},{"__type__":"cc.SpriteFrame","content":{"name":"help_x03","texture":"1ewkIgnydEDqRU4CMe0XG+","rect":[1223,1805,67,96],"offset":[0,0],"originalSize":[67,96],"rotated":1,"capInsets":[0,0,0,0]}},{"__type__":"cc.SpriteFrame","content":{"name":"button_top","texture":"1ewkIgnydEDqRU4CMe0XG+","rect":[1560,1959,59,54],"offset":[0,0],"originalSize":[59,54],"rotated":1,"capInsets":[0,0,0,0]}},{"__type__":"cc.SpriteFrame","content":{"name":"icon_06","texture":"1ewkIgnydEDqRU4CMe0XG+","rect":[1335,1492,134,141],"offset":[0,0],"originalSize":[134,141],"capInsets":[0,0,0,0]}},{"__type__":"cc.SpriteFrame","content":{"name":"icon_08","texture":"1ewkIgnydEDqRU4CMe0XG+","rect":[1297,1875,140,136],"offset":[0,0],"originalSize":[140,136],"rotated":1,"capInsets":[0,0,0,0]}},{"__type__":"cc.SpriteFrame","content":{"name":"icon_02","texture":"1ewkIgnydEDqRU4CMe0XG+","rect":[1427,1180,129,118],"offset":[0,0],"originalSize":[129,118],"rotated":1,"capInsets":[0,0,0,0]}},{"__type__":"cc.SpriteFrame","content":{"name":"line_chan","texture":"1ewkIgnydEDqRU4CMe0XG+","rect":[1460,978,172,72],"offset":[0,0],"originalSize":[172,72],"capInsets":[0,0,0,0]}},{"__type__":"cc.SpriteFrame","content":{"name":"free_","texture":"1ewkIgnydEDqRU4CMe0XG+","rect":[1426,730,249,31],"offset":[0,0],"originalSize":[249,31],"rotated":1,"capInsets":[0,0,0,0]}},{"__type__":"cc.SpriteFrame","content":{"name":"button_back","texture":"1ewkIgnydEDqRU4CMe0XG+","rect":[1436,1962,59,54],"offset":[0,0],"originalSize":[59,54],"capInsets":[0,0,0,0]}},{"__type__":"cc.SpriteFrame","content":{"name":"icon_00","texture":"1ewkIgnydEDqRU4CMe0XG+","rect":[1427,1053,127,124],"offset":[0,0],"originalSize":[127,124],"capInsets":[0,0,0,0]}},{"__type__":"cc.SpriteFrame","content":{"name":"help_x02","texture":"1ewkIgnydEDqRU4CMe0XG+","rect":[1568,1575,66,96],"offset":[0,0],"originalSize":[66,96],"capInsets":[0,0,0,0]}},{"__type__":"cc.SpriteFrame","content":{"name":"icon_05","texture":"1ewkIgnydEDqRU4CMe0XG+","rect":[1169,1879,143,125],"offset":[0,0],"originalSize":[143,125],"rotated":1,"capInsets":[0,0,0,0]}},{"__type__":"cc.SpriteFrame","content":{"name":"help_x06","texture":"1ewkIgnydEDqRU4CMe0XG+","rect":[1465,1784,79,96],"offset":[0,0],"originalSize":[79,96],"rotated":1,"capInsets":[0,0,0,0]}},{"__type__":"cc.SpriteFrame","content":{"name":"Spin","texture":"1ewkIgnydEDqRU4CMe0XG+","rect":[1169,1317,180,172],"offset":[0,0],"originalSize":[180,172],"capInsets":[0,0,0,0]}},{"__type__":"cc.SpriteFrame","content":{"name":"audio_off","texture":"1ewkIgnydEDqRU4CMe0XG+","rect":[1584,543,59,54],"offset":[0,0],"originalSize":[59,54],"rotated":1,"capInsets":[0,0,0,0]}},{"__type__":"cc.SpriteFrame","content":{"name":"help_x08","texture":"1ewkIgnydEDqRU4CMe0XG+","rect":[1532,1866,80,90],"offset":[0,0],"originalSize":[80,90],"capInsets":[0,0,0,0]}},{"__type__":"cc.SpriteFrame","content":{"name":"close","texture":"1ewkIgnydEDqRU4CMe0XG+","rect":[1568,1674,76,70],"offset":[0,0],"originalSize":[76,70],"rotated":1,"capInsets":[0,0,0,0]}},{"__type__":"cc.SpriteFrame","content":{"name":"x4","texture":"1ewkIgnydEDqRU4CMe0XG+","rect":[1548,1180,129,79],"offset":[0,0],"originalSize":[129,79],"rotated":1,"capInsets":[0,0,0,0]}},{"__type__":"cc.SpriteFrame","content":{"name":"auto_stop","texture":"1ewkIgnydEDqRU4CMe0XG+","rect":[1436,1866,93,93],"offset":[0,0],"originalSize":[93,93],"capInsets":[0,0,0,0]}},{"__type__":"cc.SpriteFrame","content":{"name":"button_helper","texture":"1ewkIgnydEDqRU4CMe0XG+","rect":[1564,1753,59,54],"offset":[0,0],"originalSize":[59,54],"capInsets":[0,0,0,0]}},{"__type__":"cc.SpriteFrame","content":{"name":"audio_on","texture":"1ewkIgnydEDqRU4CMe0XG+","rect":[1584,486,58,54],"offset":[0,0],"originalSize":[58,54],"capInsets":[0,0,0,0]}},{"__type__":"cc.SpriteFrame","content":{"name":"icon_01","texture":"1ewkIgnydEDqRU4CMe0XG+","rect":[1460,720,156,127],"offset":[0,0],"originalSize":[156,127],"capInsets":[0,0,0,0]}},{"__type__":"cc.SpriteFrame","content":{"name":"icon_09","texture":"1ewkIgnydEDqRU4CMe0XG+","rect":[1223,1638,121,164],"offset":[0,0],"originalSize":[121,164],"capInsets":[0,0,0,0]}},{"__type__":"cc.SpriteFrame","content":{"name":"vinhdanh","texture":"1ewkIgnydEDqRU4CMe0XG+","rect":[1389,1114,198,35],"offset":[0,0],"originalSize":[198,35],"rotated":1,"capInsets":[0,0,0,0]}},{"__type__":"cc.SpriteFrame","content":{"name":"chon_dong","texture":"1ewkIgnydEDqRU4CMe0XG+","rect":[1425,437,184,46],"offset":[0,0],"originalSize":[184,46],"capInsets":[0,0,0,0]}},{"__type__":"cc.SpriteFrame","content":{"name":"bang_thuong","texture":"1ewkIgnydEDqRU4CMe0XG+","rect":[801,1991,180,31],"offset":[0,0],"originalSize":[180,31],"capInsets":[0,0,0,0]}},{"__type__":"cc.SpriteFrame","content":{"name":"icon_07","texture":"1ewkIgnydEDqRU4CMe0XG+","rect":[1460,850,157,125],"offset":[0,0],"originalSize":[157,125],"capInsets":[0,0,0,0]}},{"__type__":"cc.SpriteFrame","content":{"name":"bg_top","texture":"1ewkIgnydEDqRU4CMe0XG+","rect":[1,634,1172,630],"offset":[0,0],"originalSize":[1172,630],"capInsets":[0,0,0,0]}},{"__type__":"cc.SpriteFrame","content":{"name":"x1","texture":"1ewkIgnydEDqRU4CMe0XG+","rect":[1472,1487,115,79],"offset":[0,0],"originalSize":[115,79],"rotated":1,"capInsets":[0,0,0,0]}},{"__type__":"cc.SpriteFrame","content":{"name":"line_clear","texture":"1ewkIgnydEDqRU4CMe0XG+","rect":[1427,1312,172,72],"offset":[0,0],"originalSize":[172,72],"rotated":1,"capInsets":[0,0,0,0]}},{"__type__":"cc.SpriteFrame","content":{"name":"help_x011","texture":"1ewkIgnydEDqRU4CMe0XG+","rect":[1176,730,381,213],"offset":[0,0],"originalSize":[381,213],"rotated":1,"capInsets":[0,0,0,0]}},{"__type__":"cc.SpriteFrame","content":{"name":"bonus_close","texture":"1ewkIgnydEDqRU4CMe0XG+","rect":[1176,1114,210,200],"offset":[0,0],"originalSize":[210,200],"capInsets":[0,0,0,0]}},{"__type__":"cc.SpriteFrame","content":{"name":"button_log","texture":"1ewkIgnydEDqRU4CMe0XG+","rect":[1498,1962,59,54],"offset":[0,0],"originalSize":[59,54],"capInsets":[0,0,0,0]}},{"__type__":"cc.SpriteFrame","content":{"name":"helper_line","texture":"1ewkIgnydEDqRU4CMe0XG+","rect":[1061,1267,674,105],"offset":[0,0],"originalSize":[674,105],"rotated":1,"capInsets":[0,0,0,0]}},{"__type__":"cc.SpriteFrame","content":{"name":"line_le","texture":"1ewkIgnydEDqRU4CMe0XG+","rect":[1447,643,172,74],"offset":[0,0],"originalSize":[172,74],"capInsets":[0,0,0,0]}},{"__type__":"cc.SpriteFrame","content":{"name":"help_x07","texture":"1ewkIgnydEDqRU4CMe0XG+","rect":[1465,1701,80,96],"offset":[0,0],"originalSize":[80,96],"rotated":1,"capInsets":[0,0,0,0]}},{"__type__":"cc.SpriteFrame","content":{"name":"log_title","texture":"1ewkIgnydEDqRU4CMe0XG+","rect":[1169,1638,238,51],"offset":[0,0],"originalSize":[238,51],"rotated":1,"capInsets":[0,0,0,0]}},{"__type__":"cc.SpriteFrame","content":{"name":"helper","texture":"1ewkIgnydEDqRU4CMe0XG+","rect":[1425,385,209,49],"offset":[0,0],"originalSize":[209,49],"capInsets":[0,0,0,0]}},{"__type__":"cc.SpriteFrame","content":{"name":"help_x01","texture":"1ewkIgnydEDqRU4CMe0XG+","rect":[1347,1786,66,96],"offset":[0,0],"originalSize":[66,96],"rotated":1,"capInsets":[0,0,0,0]}},{"__type__":"cc.SpriteAtlas","_name":"default.plist","_spriteFrames":{"Spin":{"__uuid__":"61jY/51JREqbSodqEB0jzB"},"audio_off":{"__uuid__":"67TrNPY8VBwrP4JIglfJjj"},"audio_on":{"__uuid__":"82pU9I9W1DY7baXgRQQlxN"},"auto_on":{"__uuid__":"24mY0g75BDL6VMu3QoW25Z"},"auto_stop":{"__uuid__":"7cildRGl1Lh4jrFGjUkx1y"},"bang_thuong":{"__uuid__":"aeMEtqMSpDrZJ/u7IfrSwY"},"bg_game":{"__uuid__":"16a8gEENBI6LazsmgAZvcR"},"bg_log":{"__uuid__":"18OS0EdslE3JKCV9aN+byr"},"bg_top":{"__uuid__":"b8/FxsLx5Nh5dDI3n7UKrD"},"bonus_close":{"__uuid__":"ccswySyqdLapMxEcXIZVIv"},"bonus_game":{"__uuid__":"1aDtljZLhAQKT1/hSxivUq"},"bonus_open":{"__uuid__":"36JaG8dPBGEJs9Zd44miQb"},"button_back":{"__uuid__":"479gHPQu1Al6xtUP8DcrQv"},"button_helper":{"__uuid__":"7dXnTnHFBLAqqxaqQpSQO1"},"button_log":{"__uuid__":"d0b/O63jFJ87vHuwXw6J5x"},"button_top":{"__uuid__":"3c14Ww3B9MDZDjXAgOkyO1"},"chon_dong":{"__uuid__":"ac6o0QFfRNwYt0o4aYZnE9"},"close":{"__uuid__":"79jnLnPbBF8Zywlw/2gQHh"},"free_":{"__uuid__":"47RtfUHfRGubt5NwUlWsA+"},"free_vqmm":{"__uuid__":"fdZSYJ8ndFvL/+hjWQF6tW"},"head_log":{"__uuid__":"353k7PsQpBuLinA6NlfbFG"},"head_top":{"__uuid__":"22Cjl5Aj9F0IDF9a1c7JZi"},"help_x009":{"__uuid__":"0fonwN3H5E0arCs16q8GFy"},"help_x01":{"__uuid__":"ea/JQ8JdZP/51k0Ol/zguB"},"help_x010":{"__uuid__":"05g4lkAM9PzrEq4GOJSYmq"},"help_x011":{"__uuid__":"ccFZqTcOVP/KUKShGpt4nb"},"help_x02":{"__uuid__":"5cDap91WdESpUPWnV9zWlw"},"help_x03":{"__uuid__":"39Cdc6PAJOUKQ8bThEldZ5"},"help_x04":{"__uuid__":"346NWMCUpIfbQSe3n5cDT9"},"help_x05":{"__uuid__":"16oBPfZNtGAJovO+3uZo0R"},"help_x06":{"__uuid__":"60tedaxa9Cm44mwW9HCwP8"},"help_x07":{"__uuid__":"dfVRAkEOVMwKG4nzFaQFFg"},"help_x08":{"__uuid__":"70LunTiqZOZ75DukMNbHnL"},"helper":{"__uuid__":"e6QMchg21PX54ImpgtuAdY"},"helper_line":{"__uuid__":"d7hMMWfI1MN6HYU0cxRTPY"},"icon_00":{"__uuid__":"58T7ZiyH5Np5RVdDHeNM5R"},"icon_01":{"__uuid__":"94FOuv2EFOcY8LZVGtrnRZ"},"icon_02":{"__uuid__":"430ucDACNBToZuVuGDCy5Z"},"icon_03":{"__uuid__":"2dhTKTFsxFR5ETYgT0K1Ij"},"icon_04":{"__uuid__":"27+7hYk5NERL3nxPW831D7"},"icon_05":{"__uuid__":"5eoFdC049ExrpMFKxUU2gQ"},"icon_06":{"__uuid__":"3db0n8mLNCtbFX+V2KXgE4"},"icon_07":{"__uuid__":"b8R8B92SlDGqNMWKJJckQL"},"icon_08":{"__uuid__":"40FO/tCLRJe4gSEhdyeycl"},"icon_09":{"__uuid__":"9bsHtbjS1P4Zm0X0GPOgbB"},"jackpot":{"__uuid__":"2fSYhAD4NJDKfbGS0WjrO0"},"line_all":{"__uuid__":"fd6jqzNWhNFLEhb9cT1eiw"},"line_chan":{"__uuid__":"45PvJfWO9I4JyEdFgzaRaO"},"line_clear":{"__uuid__":"c4DYyn0sJJrZMh3RIEv6UM"},"line_le":{"__uuid__":"d9BglVkPdOOqkBspuyp05X"},"log_title":{"__uuid__":"e3Ku9koaNKwqsUcP9Uqo3L"},"vinhdanh":{"__uuid__":"a1j1Bq+pxHcbUhsZEcQ4to"},"x1":{"__uuid__":"be45XfyVpNHbJIufAGE+o5"},"x2":{"__uuid__":"0dXw/UAhNDT4aj2c8DuPk5"},"x3":{"__uuid__":"0fj97pos9PiJ58jATfS8mT"},"x4":{"__uuid__":"7b0wn+RrtE87htHIt+jgDF"},"x5":{"__uuid__":"11ZZxP0+dHsLdGbpL9K3fg"}}},{"__type__":"cc.SpriteFrame","content":{"name":"free_vqmm","texture":"1ewkIgnydEDqRU4CMe0XG+","rect":[1392,730,363,31],"offset":[0,0],"originalSize":[363,31],"rotated":1,"capInsets":[0,0,0,0]}},{"__type__":"cc.SpriteFrame","content":{"name":"line_all","texture":"1ewkIgnydEDqRU4CMe0XG+","rect":[1352,1317,172,72],"offset":[0,0],"originalSize":[172,72],"rotated":1,"capInsets":[0,0,0,0]}}]