[{"__type__":"cc.SpriteFrame","content":{"name":"XoSo_botton_back2","texture":"34ELZ6PL1OZYBRBVEfzFr1","rect":[1,447,57,64],"offset":[0,0],"originalSize":[57,64],"rotated":1,"capInsets":[0,0,0,0]}},{"__type__":"cc.SpriteFrame","content":{"name":"XoSo_btn_refresh","texture":"34ELZ6PL1OZYBRBVEfzFr1","rect":[397,356,86,70],"offset":[0,0],"originalSize":[86,70],"rotated":1,"capInsets":[0,0,0,0]}},{"__type__":"cc.SpriteFrame","content":{"name":"XoSo_botton_main","texture":"34ELZ6PL1OZYBRBVEfzFr1","rect":[1633,348,262,98],"offset":[0,0],"originalSize":[262,98],"capInsets":[0,0,0,0]}},{"__type__":"cc.SpriteFrame","content":{"name":"XoSo_thongke_title","texture":"34ELZ6PL1OZYBRBVEfzFr1","rect":[607,440,964,64],"offset":[0,0],"originalSize":[964,64],"capInsets":[0,0,0,0]}},{"__type__":"cc.SpriteFrame","content":{"name":"XoSo_box_comingsome","texture":"34ELZ6PL1OZYBRBVEfzFr1","rect":[1125,105,805,157],"offset":[0,0],"originalSize":[805,157],"capInsets":[0,0,0,0]}},{"__type__":"cc.SpriteFrame","content":{"name":"XoSo_line","texture":"34ELZ6PL1OZYBRBVEfzFr1","rect":[1287,1,696,102],"offset":[0,0],"originalSize":[696,102],"capInsets":[0,0,0,0]}},{"__type__":"cc.SpriteFrame","content":{"name":"XoSo_botton_top2","texture":"34ELZ6PL1OZYBRBVEfzFr1","rect":[1287,348,184,78],"offset":[0,0],"originalSize":[184,78],"capInsets":[0,0,0,0]}},{"__type__":"cc.SpriteFrame","content":{"name":"XoSo_box_game","texture":"34ELZ6PL1OZYBRBVEfzFr1","rect":[307,1,816,353],"offset":[0,0],"originalSize":[816,353],"capInsets":[0,0,0,0]}},{"__type__":"cc.SpriteFrame","content":{"name":"XoSo_select_on","texture":"34ELZ6PL1OZYBRBVEfzFr1","rect":[1553,348,78,78],"offset":[0,0],"originalSize":[78,78],"capInsets":[0,0,0,0]}},{"__type__":"cc.SpriteFrame","content":{"name":"XoSo_box_lines1","texture":"34ELZ6PL1OZYBRBVEfzFr1","rect":[469,356,816,82],"offset":[0,0],"originalSize":[816,82],"capInsets":[0,0,0,0]}},{"__type__":"cc.SpriteFrame","content":{"name":"XoSo_box_kq_loc","texture":"34ELZ6PL1OZYBRBVEfzFr1","rect":[1,1,304,444],"offset":[0,0],"originalSize":[304,444],"capInsets":[0,0,0,0]}},{"__type__":"cc.SpriteFrame","content":{"name":"XoSo_btn_top3","texture":"34ELZ6PL1OZYBRBVEfzFr1","rect":[385,446,96,60],"offset":[0,0],"originalSize":[96,60],"capInsets":[0,0,0,0]}},{"__type__":"cc.SpriteFrame","content":{"name":"XoSo_box_lines2","texture":"34ELZ6PL1OZYBRBVEfzFr1","rect":[1125,264,802,82],"offset":[0,0],"originalSize":[802,82],"capInsets":[0,0,0,0]}},{"__type__":"cc.SpriteAtlas","_name":"XoSo.plist","_spriteFrames":{"XoSo_botton_back1":{"__uuid__":"cbGLnngcdOer7527tL/OxK"},"XoSo_botton_back2":{"__uuid__":"14CwzjNHpLV47u/f4gPe7k"},"XoSo_botton_main":{"__uuid__":"3b5eBNDc5NV4/Ww3kKGQYB"},"XoSo_botton_top1":{"__uuid__":"e3d3QWq89HCpNyoaS2orna"},"XoSo_botton_top2":{"__uuid__":"6aulzvHRdDW7qkE7e7C9/G"},"XoSo_botton_top4":{"__uuid__":"f8ceMNsLhNgZREactQEhWH"},"XoSo_box_comingsome":{"__uuid__":"49jSiIpH1CKo4iJFX2oQny"},"XoSo_box_game":{"__uuid__":"6duN0a10JFHabqkwsnCM75"},"XoSo_box_kq_loc":{"__uuid__":"951ZekPY5Ba6rZuEPAXqV5"},"XoSo_box_lines1":{"__uuid__":"85X3RiRy5KYbXj8BuUo2jU"},"XoSo_box_lines2":{"__uuid__":"afUEf8yTNJW6U00Tu8fEsr"},"XoSo_box_linesmaill_title":{"__uuid__":"efoTYSIJVDObAn8iyopIJh"},"XoSo_btn_refresh":{"__uuid__":"1b88IuR3VFmqOzbcT6VQa6"},"XoSo_btn_top3":{"__uuid__":"9er3THMwBACKwhqmc5s9ms"},"XoSo_line":{"__uuid__":"59T4JwbopNm6fMvDpV6mGZ"},"XoSo_select_off":{"__uuid__":"b92tWsNe1EcrSwNtVEcHtg"},"XoSo_select_on":{"__uuid__":"7diXGY4+VL26VTZvHwWM8S"},"XoSo_thongke_title":{"__uuid__":"49U7zfQ7JE/5AkTHC/VNOW"}}},{"__type__":"cc.SpriteFrame","content":{"name":"XoSo_select_off","texture":"34ELZ6PL1OZYBRBVEfzFr1","rect":[1473,348,78,78],"offset":[0,0],"originalSize":[78,78],"capInsets":[0,0,0,0]}},{"__type__":"cc.SpriteFrame","content":{"name":"XoSo_botton_back1","texture":"34ELZ6PL1OZYBRBVEfzFr1","rect":[307,356,88,88],"offset":[0,0],"originalSize":[88,88],"capInsets":[0,0,0,0]}},{"__type__":"cc.SpriteFrame","content":{"name":"XoSo_botton_top1","texture":"34ELZ6PL1OZYBRBVEfzFr1","rect":[1125,1,142,98],"offset":[0,0],"originalSize":[142,98],"capInsets":[0,0,0,0]}},{"__type__":"cc.SpriteFrame","content":{"name":"XoSo_box_linesmaill_title","texture":"34ELZ6PL1OZYBRBVEfzFr1","rect":[67,447,316,55],"offset":[0,0],"originalSize":[316,55],"capInsets":[0,0,0,0]}},{"__type__":"cc.SpriteFrame","content":{"name":"XoSo_botton_top4","texture":"34ELZ6PL1OZYBRBVEfzFr1","rect":[483,440,122,66],"offset":[0,0],"originalSize":[122,66],"capInsets":[0,0,0,0]}}]