[{"__type__":"cc.SpriteFrame","content":{"name":"kyby_zidan2","texture":"98ndER8KZH6KmN328m0oBO","rect":[0,0,43,53],"offset":[0,0.5],"originalSize":[43,54],"capInsets":[0,0,0,0]}},[{"__type__":"cc.Prefab","_name":"2","data":{"__id__":1}},{"__type__":"cc.Node","_name":"2","_children":[{"__id__":2}],"_components":[{"__type__":"b002ckgsd9Ndr4/xSE5GpV3","node":{"__id__":1},"body":{"__id__":3},"collider":{"__id__":4},"icon":{"__id__":2}},{"__id__":3},{"__id__":4},{"__type__":"cc.CircleCollider","node":{"__id__":1},"_radius":16}],"_prefab":{"__type__":"cc.PrefabInfo","root":{"__id__":1},"asset":{"__uuid__":"ebK5Te4yJPEoG77bs/kYEl"},"fileId":"17Pd2ppZhFo5ZWsm5thMpL"},"_trs":{"__type__":"TypedArray","ctor":"Float64Array","array":[0,0,0,0,0,0,1,1,1,1]}},{"__type__":"cc.Node","_name":"bullet","_parent":{"__id__":1},"_components":[{"__type__":"cc.Sprite","node":{"__id__":2},"_materials":[{"__uuid__":"ecpdLyjvZBwrvm+cedCcQy"}],"_spriteFrame":{"__uuid__":"745uxMHLlHLZiXVfupUqCa"}}],"_prefab":{"__type__":"cc.PrefabInfo","root":{"__id__":1},"asset":{"__uuid__":"ebK5Te4yJPEoG77bs/kYEl"},"fileId":"48fmRqJ8hI2ooKYjd8LYTh"},"_contentSize":{"__type__":"cc.Size","width":43,"height":53},"_anchorPoint":{"__type__":"cc.Vec2","x":0.52,"y":0.61},"_trs":{"__type__":"TypedArray","ctor":"Float64Array","array":[0,0,0,0,0,0,1,1,1,1]}},{"__type__":"cc.RigidBody","node":{"__id__":1},"_fixedRotation":true,"enabledContactListener":true},{"__type__":"cc.PhysicsCircleCollider","node":{"__id__":1},"_density":0,"_friction":0,"_restitution":1,"_radius":16}]]