[{"__type__":"cc.SpriteFrame","content":{"name":"fish_game_pic_suoding1","texture":"bclyb1CdFAXZK7vE6k7C0V","rect":[0,0,169,169],"offset":[-0.5,0.5],"originalSize":[170,170],"capInsets":[0,0,0,0]}},[{"__type__":"cc.Prefab","_name":"x150","data":{"__id__":1}},{"__type__":"cc.Node","_name":"x150","_children":[{"__id__":2},{"__id__":4},{"__id__":6},{"__id__":7},{"__id__":8},{"__id__":9}],"_components":[{"__type__":"655c6/MZdJNZo/YxgAvEk8A","node":{"__id__":1},"fish":{"__id__":5},"shadow":{"__id__":3},"collider":{"__id__":10},"anim":{"__id__":11},"head":{"__id__":6},"end":{"__id__":7},"suoMe":{"__id__":9},"suoOther":{"__id__":8},"speed":0.88},{"__id__":11},{"__id__":10}],"_prefab":{"__type__":"cc.PrefabInfo","root":{"__id__":1},"asset":{"__uuid__":"fabEdARjtJTIxo/sof6W5h"},"fileId":"c4AJjomwhJrblOVUYRkHv+"},"_trs":{"__type__":"TypedArray","ctor":"Float64Array","array":[-857.14,-278.036,0,0,0,0,1,1,1,1]},"_groupIndex":6,"groupIndex":6},{"__type__":"cc.Node","_name":"shadow","_parent":{"__id__":1},"_components":[{"__id__":3}],"_prefab":{"__type__":"cc.PrefabInfo","root":{"__id__":1},"asset":{"__uuid__":"fabEdARjtJTIxo/sof6W5h"},"fileId":"8azGAicQVOwr0BxbrdJxnz"},"_trs":{"__type__":"TypedArray","ctor":"Float64Array","array":[-23,-20,0,0,0,0,1,0.8,0.8,1]},"_groupIndex":6,"groupIndex":6},{"__type__":"dragonBones.ArmatureDisplay","node":{"__id__":2},"_materials":[{"__uuid__":"ecpdLyjvZBwrvm+cedCcQy"}],"_armatureName":"meirenyu2_shadow","_animationName":"newAnimation","_preCacheMode":0,"_armatureKey":"2f2b1b5f-79c7-4a54-be7e-1b2641c33c45#ed270d64-2812-4ddf-a47b-e964d22fa1dd","_N$dragonAsset":{"__uuid__":"2fKxtfecdKVL5+GyZBwzxF"},"_N$dragonAtlasAsset":{"__uuid__":"edJw1kKBJN36R76WTSL6Hd"},"_N$timeScale":0.5},{"__type__":"cc.Node","_name":"fish","_parent":{"__id__":1},"_components":[{"__id__":5}],"_prefab":{"__type__":"cc.PrefabInfo","root":{"__id__":1},"asset":{"__uuid__":"fabEdARjtJTIxo/sof6W5h"},"fileId":"e4xowYAt1GnJKdiTpvXVoJ"},"_trs":{"__type__":"TypedArray","ctor":"Float64Array","array":[0,0,0,0,0,0,1,0.8,0.8,1]}},{"__type__":"dragonBones.ArmatureDisplay","node":{"__id__":4},"_materials":[{"__uuid__":"ecpdLyjvZBwrvm+cedCcQy"}],"_armatureName":"Sprite","_animationName":"Sprite","_preCacheMode":0,"_armatureKey":"0ceb6d84-1279-45b6-bfbd-f08ec0260b6f#da266fcc-da65-4713-8597-a8fd557b2cc5","_N$dragonAsset":{"__uuid__":"0c622EEnlFtr+98I7AJgtv"},"_N$dragonAtlasAsset":{"__uuid__":"daJm/M2mVHE4WXqP1VeyzF"},"_N$timeScale":0.5},{"__type__":"cc.Node","_name":"head","_parent":{"__id__":1},"_prefab":{"__type__":"cc.PrefabInfo","root":{"__id__":1},"asset":{"__uuid__":"fabEdARjtJTIxo/sof6W5h"},"fileId":"1fls9jZg5As4w5s5BTbdVq"},"_trs":{"__type__":"TypedArray","ctor":"Float64Array","array":[-87.349,12.058,0,0,0,0,1,1,1,1]}},{"__type__":"cc.Node","_name":"end","_parent":{"__id__":1},"_prefab":{"__type__":"cc.PrefabInfo","root":{"__id__":1},"asset":{"__uuid__":"fabEdARjtJTIxo/sof6W5h"},"fileId":"d8X1qe4XlAablyLb1ESVvI"},"_trs":{"__type__":"TypedArray","ctor":"Float64Array","array":[27.698,-25.979,0,0,0,0,1,1,1,1]}},{"__type__":"cc.Node","_name":"fish_suoding_other","_parent":{"__id__":1},"_active":false,"_components":[{"__type__":"cc.Sprite","node":{"__id__":8},"_materials":[{"__uuid__":"ecpdLyjvZBwrvm+cedCcQy"}],"_spriteFrame":{"__uuid__":"d6GNvieS9K8pqo+oyuZNkc"}},{"__type__":"cc.Animation","node":{"__id__":8},"_defaultClip":{"__uuid__":"41C/GXlRNOjLlgy6YN7juw"},"_clips":[{"__uuid__":"41C/GXlRNOjLlgy6YN7juw"}],"playOnLoad":true}],"_prefab":{"__type__":"cc.PrefabInfo","root":{"__id__":1},"asset":{"__uuid__":"fabEdARjtJTIxo/sof6W5h"},"fileId":"baCX28neFB7ZKl9cFRRTGz"},"_opacity":97,"_contentSize":{"__type__":"cc.Size","width":169,"height":169},"_trs":{"__type__":"TypedArray","ctor":"Float64Array","array":[-55.751,23.364,0,0,0,0,1,0.85,0.85,1]}},{"__type__":"cc.Node","_name":"fish_suoding_me","_parent":{"__id__":1},"_active":false,"_components":[{"__type__":"cc.Sprite","node":{"__id__":9},"_materials":[{"__uuid__":"ecpdLyjvZBwrvm+cedCcQy"}],"_spriteFrame":{"__uuid__":"d6GNvieS9K8pqo+oyuZNkc"}},{"__type__":"cc.Animation","node":{"__id__":9},"_defaultClip":{"__uuid__":"41C/GXlRNOjLlgy6YN7juw"},"_clips":[{"__uuid__":"41C/GXlRNOjLlgy6YN7juw"}],"playOnLoad":true}],"_prefab":{"__type__":"cc.PrefabInfo","root":{"__id__":1},"asset":{"__uuid__":"fabEdARjtJTIxo/sof6W5h"},"fileId":"d7kMi9wctLCaIhyMKAOa+F"},"_contentSize":{"__type__":"cc.Size","width":169,"height":169},"_trs":{"__type__":"TypedArray","ctor":"Float64Array","array":[-55.751,23.364,0,0,0,0,1,1,1,1]}},{"__type__":"cc.PolygonCollider","node":{"__id__":1},"points":[{"__type__":"cc.Vec2","x":24.5,"y":-49.5},{"__type__":"cc.Vec2","x":94.8,"y":-27.3},{"__type__":"cc.Vec2","x":40.5,"y":2.5},{"__type__":"cc.Vec2","x":-13,"y":75.5},{"__type__":"cc.Vec2","x":-126.9,"y":53.5},{"__type__":"cc.Vec2","x":-138.5,"y":35.5},{"__type__":"cc.Vec2","x":-140.2,"y":8},{"__type__":"cc.Vec2","x":-106.5,"y":-16}]},{"__type__":"cc.Animation","node":{"__id__":1},"_clips":[{"__uuid__":"f9xFiGxvpBdru2m8e2Am+Y"},{"__uuid__":"b8KmaGSrtAf6ugR4r0O2Et"},{"__uuid__":"c4LwJHvepJ3ZFRt3EgaKC8"},{"__uuid__":"d7PSZ8MMpO0Kx8TJtqW8Kc"},{"__uuid__":"50dYBzTLVEXIQ8eFGpKi6J"},{"__uuid__":"40BePpzapN+Lrl2y20qgsm"},{"__uuid__":"4btRcw5rNGEq1broa1/hD1"},{"__uuid__":"e2Mlyt5zRDlJi0g40LTkYj"}]}]]