[[{"__type__":"cc.Prefab","_name":"item6","data":{"__id__":1}},{"__type__":"cc.Node","_name":"item6","_components":[{"__type__":"cc.Sprite","node":{"__id__":1},"_materials":[{"__uuid__":"ecpdLyjvZBwrvm+cedCcQy"}],"_spriteFrame":{"__uuid__":"bdNnVEyRJNr4WTncbLTSZy"}}],"_prefab":{"__type__":"cc.PrefabInfo","root":{"__id__":1},"asset":{"__uuid__":"6abVaFjdxP4KVfI6KuyDJ7"},"fileId":"72dg6CCu9DJJ3t+/iz3g07"},"_contentSize":{"__type__":"cc.Size","width":150,"height":107},"_trs":{"__type__":"TypedArray","ctor":"Float64Array","array":[0,0,0,0,0,0,1,0.8,0.8,1]}}],{"__type__":"cc.SpriteFrame","content":{"name":"2","texture":"7fYuFjs3NFUaShj10hZVJ5","rect":[0,0,150,107],"offset":[0,0],"originalSize":[150,107],"capInsets":[0,0,0,0]}}]