[{"__type__":"cc.SpriteFrame","content":{"name":"fish_game_other_coin","texture":"83VhzVxx1NZJ9y8E1v9cgT","rect":[1,1,126,89],"offset":[0,18.5],"originalSize":[128,128],"capInsets":[0,0,0,0]}},{"__type__":"cc.BitmapFont","_name":"fish_game_other_coin","spriteFrame":{"__uuid__":"14I47xvTJLaoMT9MGyuGZK"},"fontSize":32,"_fntConfig":{"commonHeight":32,"fontSize":32,"atlasName":"fish_game_other_coin.png","fontDefDictionary":{"36":{"rect":{"x":1,"y":1,"width":24,"height":34},"xOffset":0,"yOffset":-3,"xAdvance":24},"43":{"rect":{"x":69,"y":62,"width":20,"height":21},"xOffset":0,"yOffset":4,"xAdvance":20},"46":{"rect":{"x":91,"y":62,"width":9,"height":11},"xOffset":0,"yOffset":15,"xAdvance":9},"48":{"rect":{"x":27,"y":32,"width":23,"height":29},"xOffset":0,"yOffset":0,"xAdvance":23},"49":{"rect":{"x":52,"y":62,"width":15,"height":28},"xOffset":0,"yOffset":0,"xAdvance":15},"50":{"rect":{"x":78,"y":32,"width":23,"height":28},"xOffset":0,"yOffset":0,"xAdvance":23},"51":{"rect":{"x":103,"y":32,"width":22,"height":29},"xOffset":0,"yOffset":0,"xAdvance":22},"52":{"rect":{"x":53,"y":1,"width":24,"height":28},"xOffset":0,"yOffset":0,"xAdvance":24},"53":{"rect":{"x":104,"y":1,"width":23,"height":29},"xOffset":0,"yOffset":0,"xAdvance":23},"54":{"rect":{"x":53,"y":31,"width":23,"height":29},"xOffset":0,"yOffset":0,"xAdvance":23},"55":{"rect":{"x":1,"y":37,"width":22,"height":28},"xOffset":0,"yOffset":0,"xAdvance":22},"56":{"rect":{"x":79,"y":1,"width":23,"height":29},"xOffset":0,"yOffset":0,"xAdvance":23},"57":{"rect":{"x":27,"y":1,"width":24,"height":29},"xOffset":0,"yOffset":0,"xAdvance":24}},"kerningDict":{}}}]