[{"__type__":"cc.SpriteFrame","content":{"name":"box_white4","texture":"8e82CyM/BCJ7E8k4BiWA4Z","rect":[1,1181,169,168],"offset":[0,0],"originalSize":[169,168],"rotated":1,"capInsets":[0,0,0,0]}},{"__type__":"cc.SpriteFrame","content":{"name":"chip4","texture":"8e82CyM/BCJ7E8k4BiWA4Z","rect":[302,1446,101,103],"offset":[0,0],"originalSize":[101,103],"capInsets":[0,0,0,0]}},{"__type__":"cc.SpriteFrame","content":{"name":"dia","texture":"8e82CyM/BCJ7E8k4BiWA4Z","rect":[1,524,224,224],"offset":[0,0],"originalSize":[224,224],"capInsets":[0,0,0,0]}},{"__type__":"cc.SpriteFrame","content":{"name":"cr_red","texture":"8e82CyM/BCJ7E8k4BiWA4Z","rect":[1,1464,64,64],"offset":[0,0],"originalSize":[64,64],"capInsets":[0,0,0,0]}},{"__type__":"cc.SpriteFrame","content":{"name":"chip2","texture":"8e82CyM/BCJ7E8k4BiWA4Z","rect":[407,463,100,106],"offset":[0,0],"originalSize":[100,106],"capInsets":[0,0,0,0]}},{"__type__":"cc.SpriteFrame","content":{"name":"log","texture":"8e82CyM/BCJ7E8k4BiWA4Z","rect":[397,571,351,112],"offset":[0,0],"originalSize":[351,112],"rotated":1,"capInsets":[0,0,0,0]}},{"__type__":"cc.SpriteFrame","content":{"name":"box_chat","texture":"8e82CyM/BCJ7E8k4BiWA4Z","rect":[1,1,294,447],"offset":[0,0],"originalSize":[294,447],"rotated":1,"capInsets":[0,0,0,0]}},{"__type__":"cc.SpriteFrame","content":{"name":"chip3_active","texture":"8e82CyM/BCJ7E8k4BiWA4Z","rect":[171,1335,127,129],"offset":[0,0],"originalSize":[127,129],"rotated":1,"capInsets":[0,0,0,0]}},{"__type__":"cc.SpriteFrame","content":{"name":"chip1","texture":"8e82CyM/BCJ7E8k4BiWA4Z","rect":[407,354,100,107],"offset":[0,0],"originalSize":[100,107],"capInsets":[0,0,0,0]}},{"__type__":"cc.SpriteFrame","content":{"name":"chip3","texture":"8e82CyM/BCJ7E8k4BiWA4Z","rect":[405,1446,101,101],"offset":[0,0],"originalSize":[101,101],"capInsets":[0,0,0,0]}},{"__type__":"cc.SpriteFrame","content":{"name":"chip5","texture":"8e82CyM/BCJ7E8k4BiWA4Z","rect":[1,1352,100,101],"offset":[0,0],"originalSize":[100,101],"capInsets":[0,0,0,0]}},{"__type__":"cc.SpriteFrame","content":{"name":"box_active2","texture":"8e82CyM/BCJ7E8k4BiWA4Z","rect":[171,821,172,173],"offset":[0,0],"originalSize":[172,173],"rotated":1,"capInsets":[0,0,0,0]}},{"__type__":"cc.SpriteFrame","content":{"name":"chip2_active","texture":"8e82CyM/BCJ7E8k4BiWA4Z","rect":[346,924,132,129],"offset":[0,0],"originalSize":[132,129],"capInsets":[0,0,0,0]}},{"__type__":"cc.SpriteAtlas","_name":"XocXoc.plist","_spriteFrames":{"bat":{"__uuid__":"e1+H5c2YNAxqk+DbBqcRXb"},"box_active1":{"__uuid__":"f3xsmEbklI7pd6Vre6NuUM"},"box_active2":{"__uuid__":"88AvGIIYNHTbhiUekqaPPC"},"box_balans":{"__uuid__":"b78sa/K/hIPrvZXCjAHu0n"},"box_chan":{"__uuid__":"a0QwyfBqFID494XNRqtjsI"},"box_chat":{"__uuid__":"4cYBlvioNKLocTRbJPIp4L"},"box_le":{"__uuid__":"bc4DW+2MJB9KPIFZtj9wUl"},"box_red3":{"__uuid__":"f4iGBOdTJBHaRqP3vkkozs"},"box_red4":{"__uuid__":"f4G/U8x2dNOq10lV5Bp8hF"},"box_white3":{"__uuid__":"c4ngA5gA5Oa5iPEmUOcw65"},"box_white4":{"__uuid__":"0ewpsva6lL7Yga243/VLMu"},"chip1":{"__uuid__":"62YECwyl1BpbFEDb9tpEkt"},"chip1_active":{"__uuid__":"dcVu4A9aVDp6TkmXyW/U26"},"chip2":{"__uuid__":"47oKo5nodAMoFga+0pSfLW"},"chip2_active":{"__uuid__":"89Ckt8O/dBXIvpDdwYTjg2"},"chip3":{"__uuid__":"70EXW8XR1M3p5/cPNez+ab"},"chip3_active":{"__uuid__":"60OwgSeDVHUI4T15/xtf8Q"},"chip4":{"__uuid__":"23UmvCaN9AyILja+FjEMZW"},"chip4_active":{"__uuid__":"91mQBVh9dGEZtG6FkDIiM7"},"chip5":{"__uuid__":"72anMFt69PVJQ1KiWdVS2T"},"chip5_active":{"__uuid__":"c5XFcN2xNMe7pYqHsIVtA1"},"cr_blue":{"__uuid__":"c8T+30fkNNcIB75t4vwjyQ"},"cr_red":{"__uuid__":"29h7D5rxBJ8a1H9Iu2OHLt"},"dia":{"__uuid__":"26Bg1uMV5Km6mipOuEb31A"},"dot_red":{"__uuid__":"e4scQQjTtILYRxOK3+/tHR"},"dot_white":{"__uuid__":"8eghxA8X9Ku6krM+ddcWFY"},"log":{"__uuid__":"48v56LSRRGU5gr2IMOVvHP"},"mini_chan":{"__uuid__":"dbiK71vfdKmaoC7MiGbaob"},"mini_le":{"__uuid__":"c38yXICbtNmJm7iDx91O+D"},"nan_off":{"__uuid__":"97RCTxwbBMjruNC8bshKgt"},"nan_on":{"__uuid__":"c8qY9qPz9H942f4e3urAsa"},"send":{"__uuid__":"c92Sbw8TtCV7wdYXcK6beP"}}},{"__type__":"cc.SpriteFrame","content":{"name":"dot_white","texture":"8e82CyM/BCJ7E8k4BiWA4Z","rect":[407,297,23,24],"offset":[0,0],"originalSize":[23,24],"rotated":1,"capInsets":[0,0,0,0]}},{"__type__":"cc.SpriteFrame","content":{"name":"chip4_active","texture":"8e82CyM/BCJ7E8k4BiWA4Z","rect":[342,1055,129,131],"offset":[0,0],"originalSize":[129,131],"rotated":1,"capInsets":[0,0,0,0]}},{"__type__":"cc.SpriteFrame","content":{"name":"nan_off","texture":"8e82CyM/BCJ7E8k4BiWA4Z","rect":[450,155,98,47],"offset":[0,0],"originalSize":[98,47],"rotated":1,"capInsets":[0,0,0,0]}},{"__type__":"cc.SpriteFrame","content":{"name":"box_chan","texture":"8e82CyM/BCJ7E8k4BiWA4Z","rect":[227,561,168,258],"offset":[0,0],"originalSize":[168,258],"capInsets":[0,0,0,0]}},{"__type__":"cc.SpriteFrame","content":{"name":"box_balans","texture":"8e82CyM/BCJ7E8k4BiWA4Z","rect":[450,1,152,36],"offset":[0,0],"originalSize":[152,36],"rotated":1,"capInsets":[0,0,0,0]}},{"__type__":"cc.SpriteFrame","content":{"name":"box_le","texture":"8e82CyM/BCJ7E8k4BiWA4Z","rect":[1,750,168,258],"offset":[0,0],"originalSize":[168,258],"capInsets":[0,0,0,0]}},{"__type__":"cc.SpriteFrame","content":{"name":"mini_le","texture":"8e82CyM/BCJ7E8k4BiWA4Z","rect":[103,1352,51,50],"offset":[0,0],"originalSize":[51,50],"capInsets":[0,0,0,0]}},{"__type__":"cc.SpriteFrame","content":{"name":"box_white3","texture":"8e82CyM/BCJ7E8k4BiWA4Z","rect":[171,1165,169,168],"offset":[0,0],"originalSize":[169,168],"capInsets":[0,0,0,0]}},{"__type__":"cc.SpriteFrame","content":{"name":"chip5_active","texture":"8e82CyM/BCJ7E8k4BiWA4Z","rect":[342,1317,127,132],"offset":[0,0],"originalSize":[127,132],"rotated":1,"capInsets":[0,0,0,0]}},{"__type__":"cc.SpriteFrame","content":{"name":"cr_blue","texture":"8e82CyM/BCJ7E8k4BiWA4Z","rect":[67,1455,62,62],"offset":[0,0],"originalSize":[62,62],"capInsets":[0,0,0,0]}},{"__type__":"cc.SpriteFrame","content":{"name":"nan_on","texture":"8e82CyM/BCJ7E8k4BiWA4Z","rect":[450,255,97,47],"offset":[0,0],"originalSize":[97,47],"rotated":1,"capInsets":[0,0,0,0]}},{"__type__":"cc.SpriteFrame","content":{"name":"send","texture":"8e82CyM/BCJ7E8k4BiWA4Z","rect":[171,750,69,45],"offset":[0,0],"originalSize":[69,45],"rotated":1,"capInsets":[0,0,0,0]}},{"__type__":"cc.SpriteFrame","content":{"name":"mini_chan","texture":"8e82CyM/BCJ7E8k4BiWA4Z","rect":[346,821,49,48],"offset":[0,0],"originalSize":[49,48],"capInsets":[0,0,0,0]}},{"__type__":"cc.SpriteFrame","content":{"name":"chip1_active","texture":"8e82CyM/BCJ7E8k4BiWA4Z","rect":[342,1186,130,129],"offset":[0,0],"originalSize":[130,129],"capInsets":[0,0,0,0]}},{"__type__":"cc.SpriteFrame","content":{"name":"bat","texture":"8e82CyM/BCJ7E8k4BiWA4Z","rect":[1,297,230,225],"offset":[0,0],"originalSize":[230,225],"capInsets":[0,0,0,0]}},{"__type__":"cc.SpriteFrame","content":{"name":"dot_red","texture":"8e82CyM/BCJ7E8k4BiWA4Z","rect":[407,322,23,22],"offset":[0,0],"originalSize":[23,22],"capInsets":[0,0,0,0]}},{"__type__":"cc.SpriteFrame","content":{"name":"box_active1","texture":"8e82CyM/BCJ7E8k4BiWA4Z","rect":[233,297,172,262],"offset":[0,0],"originalSize":[172,262],"capInsets":[0,0,0,0]}},{"__type__":"cc.SpriteFrame","content":{"name":"box_red4","texture":"8e82CyM/BCJ7E8k4BiWA4Z","rect":[1,1010,169,168],"offset":[0,0],"originalSize":[169,168],"rotated":1,"capInsets":[0,0,0,0]}},{"__type__":"cc.SpriteFrame","content":{"name":"box_red3","texture":"8e82CyM/BCJ7E8k4BiWA4Z","rect":[171,995,169,168],"offset":[0,0],"originalSize":[169,168],"capInsets":[0,0,0,0]}}]