{"__type__":"dragonBones.DragonBonesAsset","_name":"kyby_hall_bj_chuan_ske","_dragonBonesJson":"{\"frameRate\":30,\"name\":\"kyby_hall_bj_chuan\",\"version\":\"5.5\",\"compatibleVersion\":\"5.5\",\"armature\":[{\"type\":\"Armature\",\"frameRate\":30,\"name\":\"kyby_hall_bj_chuan\",\"aabb\":{\"x\":-210.89,\"y\":-332.65,\"width\":419.39,\"height\":557},\"bone\":[{\"name\":\"root\"},{\"name\":\"saoguang0001\",\"parent\":\"root\",\"transform\":{\"x\":-23.7868,\"y\":76.046,\"scX\":2,\"scY\":2}},{\"name\":\"chuanchuan\",\"parent\":\"root\",\"transform\":{\"y\":107.3026,\"scX\":0.67,\"scY\":0.67}},{\"name\":\"shuixl\",\"parent\":\"chuanchuan\",\"transform\":{\"x\":-171.07,\"y\":-58.75}},{\"name\":\"shuixl2\",\"parent\":\"chuanchuan\",\"transform\":{\"x\":-158.11,\"y\":-41.47,\"scX\":1.2,\"scY\":1.2}},{\"name\":\"ppp7\",\"parent\":\"chuanchuan\",\"transform\":{\"x\":121.08,\"y\":-20.87}},{\"name\":\"shuixl3\",\"parent\":\"chuanchuan\",\"transform\":{\"x\":94.17,\"y\":-114.04,\"scX\":-1.2,\"scY\":1.2}},{\"name\":\"ppp6\",\"parent\":\"chuanchuan\",\"transform\":{\"x\":121.08,\"y\":-20.87}},{\"name\":\"ppp4\",\"parent\":\"chuanchuan\",\"transform\":{\"x\":121.08,\"y\":-20.87}},{\"name\":\"ppp3\",\"parent\":\"chuanchuan\",\"transform\":{\"x\":121.08,\"y\":-20.87}},{\"name\":\"ppp2\",\"parent\":\"chuanchuan\",\"transform\":{\"x\":121.08,\"y\":-20.87}},{\"name\":\"ppp\",\"parent\":\"chuanchuan\",\"transform\":{\"x\":121.08,\"y\":-20.87}},{\"name\":\"shuixl4\",\"parent\":\"chuanchuan\",\"transform\":{\"x\":82.54,\"y\":-84.97,\"scX\":-0.8,\"scY\":0.8}},{\"name\":\"ppp5\",\"parent\":\"chuanchuan\",\"transform\":{\"x\":121.08,\"y\":-20.87}},{\"name\":\"chuan\",\"parent\":\"chuanchuan\",\"transform\":{\"x\":1.97,\"y\":-42.36}},{\"name\":\"ciguang\",\"parent\":\"chuan\",\"transform\":{\"x\":-108.662,\"y\":-149.792,\"skX\":-5.5017,\"skY\":-5.5017,\"scX\":2,\"scY\":2}},{\"name\":\"jinzi1\",\"parent\":\"chuan\",\"transform\":{\"x\":-62.15,\"y\":-144.68}},{\"name\":\"xx2\",\"parent\":\"chuan\",\"transform\":{\"x\":-65.26,\"y\":-202.54}},{\"length\":277,\"name\":\"bone2\",\"parent\":\"chuan\",\"transform\":{\"x\":0.65,\"y\":-23.5,\"skX\":-85.04,\"skY\":-85.04}},{\"name\":\"jinzi09\",\"parent\":\"chuan\",\"transform\":{\"x\":-131.69,\"y\":-84.37,\"scX\":0.7,\"scY\":0.7}},{\"name\":\"jinzi05\",\"parent\":\"chuan\",\"transform\":{\"x\":-87.02,\"y\":-182.59,\"scX\":0.6,\"scY\":0.7}},{\"name\":\"chuanmao\",\"parent\":\"chuan\",\"transform\":{\"x\":-58.95,\"y\":-130.42}},{\"name\":\"xx\",\"parent\":\"chuan\",\"transform\":{\"x\":-11.92,\"y\":-448.79}},{\"length\":12,\"name\":\"bone3\",\"parent\":\"bone2\",\"transform\":{\"x\":270.64,\"y\":40.97,\"skX\":147.15,\"skY\":147.15}},{\"length\":209,\"name\":\"bone20\",\"parent\":\"bone2\",\"transform\":{\"x\":48.76,\"y\":-125.32,\"skX\":-29.2,\"skY\":-29.2}},{\"length\":244,\"name\":\"bone7\",\"parent\":\"bone2\",\"transform\":{\"x\":61.24,\"y\":-71.15,\"skX\":-21.48,\"skY\":-21.48}},{\"length\":72,\"name\":\"bone31\",\"parent\":\"chuanmao\",\"transform\":{\"x\":-1.1,\"y\":11.78,\"skX\":119.55,\"skY\":119.55}},{\"name\":\"saoguang\",\"parent\":\"bone2\",\"transform\":{\"x\":418.73,\"y\":-31.81,\"skX\":85.04,\"skY\":85.04,\"scX\":2,\"scY\":2}},{\"length\":63,\"name\":\"bone16\",\"parent\":\"bone7\",\"transform\":{\"x\":176.82,\"y\":4.77,\"skX\":99.82,\"skY\":99.82}},{\"length\":45,\"name\":\"bone21\",\"parent\":\"bone20\",\"transform\":{\"x\":23.63,\"y\":-1.55,\"skX\":-76.7,\"skY\":-76.7}},{\"length\":16,\"name\":\"bone4\",\"parent\":\"bone3\",\"transform\":{\"x\":12.82,\"y\":-0.5,\"skX\":4.05,\"skY\":4.05}},{\"length\":109,\"name\":\"bone8\",\"parent\":\"bone7\",\"transform\":{\"x\":3.03,\"y\":-12.96,\"skX\":-82.31,\"skY\":-82.31}},{\"length\":58,\"name\":\"bone\",\"parent\":\"bone7\",\"transform\":{\"x\":123.73,\"y\":-42.95,\"skX\":-90,\"skY\":-90}},{\"length\":54,\"name\":\"bone9\",\"parent\":\"bone7\",\"transform\":{\"x\":-1.73,\"y\":7.23,\"skX\":107.19,\"skY\":107.19}},{\"length\":68,\"name\":\"bone12\",\"parent\":\"bone7\",\"transform\":{\"x\":177.69,\"y\":-2.3,\"skX\":-92.25,\"skY\":-92.25}},{\"length\":10,\"name\":\"bone27\",\"parent\":\"bone20\",\"transform\":{\"x\":201.8536,\"y\":-1.6795,\"skX\":-113.94,\"skY\":-113.94}},{\"length\":52,\"name\":\"bone26\",\"parent\":\"bone20\",\"transform\":{\"x\":175.3793,\"y\":-1.4151,\"skX\":-98.54,\"skY\":-98.54}},{\"length\":45,\"name\":\"bone24\",\"parent\":\"bone20\",\"transform\":{\"x\":113.0693,\"y\":-0.7301,\"skX\":-88.2,\"skY\":-88.2}},{\"length\":81,\"name\":\"bone13\",\"parent\":\"bone7\",\"transform\":{\"x\":158.28,\"y\":-5.62,\"skX\":-94.08,\"skY\":-94.08}},{\"length\":97,\"name\":\"bone17\",\"parent\":\"bone7\",\"transform\":{\"x\":157.5,\"y\":8.01,\"skX\":104.56,\"skY\":104.56}},{\"length\":40,\"name\":\"bone25\",\"parent\":\"bone20\",\"transform\":{\"x\":145.0674,\"y\":-2.3958,\"skX\":-92.25,\"skY\":-92.25}},{\"length\":43,\"name\":\"bone23\",\"parent\":\"bone20\",\"transform\":{\"x\":101.6957,\"y\":-1.472,\"skX\":-101.06,\"skY\":-101.06}},{\"length\":38,\"name\":\"bone22\",\"parent\":\"bone20\",\"transform\":{\"x\":61.7761,\"y\":-3.8666,\"skX\":-86.08,\"skY\":-86.08}},{\"length\":59,\"name\":\"bone18\",\"parent\":\"bone16\",\"transform\":{\"x\":11.7,\"y\":-27.36,\"skX\":-1.35,\"skY\":-1.35}},{\"length\":102,\"name\":\"bone11\",\"parent\":\"bone8\",\"transform\":{\"x\":22.43,\"y\":83.61,\"skX\":-3.63,\"skY\":-3.63}},{\"length\":49,\"name\":\"bone14\",\"parent\":\"bone12\",\"transform\":{\"x\":9.76,\"y\":28.62,\"skX\":4.05,\"skY\":4.05}},{\"length\":10,\"name\":\"bone28\",\"parent\":\"bone27\",\"transform\":{\"x\":10.75,\"y\":-0.65,\"skX\":15.82,\"skY\":15.82}},{\"length\":84,\"name\":\"bone10\",\"parent\":\"bone9\",\"transform\":{\"x\":-6.46,\"y\":-85.17,\"skX\":-4.5,\"skY\":-4.5}},{\"length\":16,\"name\":\"bone5\",\"parent\":\"bone4\",\"transform\":{\"x\":17.88,\"y\":-1.48,\"skX\":1.8,\"skY\":1.8}},{\"length\":12,\"name\":\"bone29\",\"parent\":\"bone28\",\"transform\":{\"x\":10,\"y\":0.02,\"skX\":13.71,\"skY\":13.71}},{\"length\":14,\"name\":\"bone6\",\"parent\":\"bone5\",\"transform\":{\"x\":17.35,\"y\":0.07,\"skX\":-27.46,\"skY\":-27.46}},{\"length\":13,\"name\":\"bone30\",\"parent\":\"bone29\",\"transform\":{\"x\":13.79,\"y\":-0.5,\"skX\":10.7,\"skY\":10.7}}],\"slot\":[{\"name\":\"fan02\",\"parent\":\"chuanchuan\"},{\"displayIndex\":-1,\"name\":\"fan01\",\"parent\":\"chuanchuan\"},{\"name\":\"fan011\",\"parent\":\"chuanchuan\"},{\"name\":\"chuan\",\"parent\":\"bone2\"},{\"blendMode\":\"add\",\"displayIndex\":-1,\"name\":\"saoguang_00\",\"parent\":\"saoguang\"},{\"blendMode\":\"add\",\"name\":\"xx_09\",\"parent\":\"xx\"},{\"blendMode\":\"add\",\"name\":\"xx_9\",\"parent\":\"xx2\"},{\"name\":\"jinzi_1\",\"parent\":\"jinzi1\"},{\"name\":\"jinzi_09\",\"parent\":\"jinzi09\"},{\"name\":\"jinzi_05\",\"parent\":\"jinzi05\"},{\"displayIndex\":-1,\"name\":\"shuixl_00\",\"parent\":\"shuixl\"},{\"displayIndex\":-1,\"name\":\"shuixl_0\",\"parent\":\"shuixl2\"},{\"displayIndex\":-1,\"name\":\"shuixl_2\",\"parent\":\"shuixl4\"},{\"displayIndex\":-1,\"name\":\"shuixl_1\",\"parent\":\"shuixl3\"},{\"name\":\"ppp\",\"parent\":\"ppp\"},{\"name\":\"ppp2\",\"parent\":\"ppp2\"},{\"name\":\"ppp3\",\"parent\":\"ppp3\"},{\"name\":\"ppp4\",\"parent\":\"ppp4\"},{\"name\":\"ppp5\",\"parent\":\"ppp5\"},{\"name\":\"ppp6\",\"parent\":\"ppp6\"},{\"name\":\"ppp7\",\"parent\":\"ppp7\"},{\"name\":\"ziti\",\"parent\":\"chuanchuan\"},{\"name\":\"deng\",\"parent\":\"chuanchuan\"},{\"name\":\"chuanmao\",\"parent\":\"chuanchuan\"},{\"blendMode\":\"add\",\"displayIndex\":14,\"name\":\"ciguang00\",\"parent\":\"ciguang\"},{\"blendMode\":\"add\",\"displayIndex\":14,\"name\":\"saoguang0001\",\"parent\":\"saoguang0001\"}],\"skin\":[{\"slot\":[{\"name\":\"ppp7\",\"display\":[{\"name\":\"ppp\"}]},{\"name\":\"shuixl_1\",\"display\":[{\"name\":\"shuixl_00\",\"transform\":{\"scX\":-1}},{\"name\":\"shuixl_01\",\"transform\":{\"scX\":-1}},{\"name\":\"shuixl_02\",\"transform\":{\"scX\":-1}},{\"name\":\"shuixl_03\",\"transform\":{\"scX\":-1}},{\"name\":\"shuixl_04\",\"transform\":{\"scX\":-1}},{\"name\":\"shuixl_05\",\"transform\":{\"scX\":-1}},{\"name\":\"shuixl_06\",\"transform\":{\"scX\":-1}},{\"name\":\"shuixl_07\",\"transform\":{\"scX\":-1}},{\"name\":\"shuixl_08\",\"transform\":{\"scX\":-1}},{\"name\":\"shuixl_09\",\"transform\":{\"scX\":-1}},{\"name\":\"shuixl_10\",\"transform\":{\"scX\":-1}},{\"name\":\"shuixl_11\",\"transform\":{\"scX\":-1}},{\"name\":\"shuixl_12\",\"transform\":{\"scX\":-1}},{\"name\":\"shuixl_13\",\"transform\":{\"scX\":-1}},{\"name\":\"shuixl_14\",\"transform\":{\"scX\":-1}},{\"name\":\"shuixl_15\",\"transform\":{\"scX\":-1}},{\"name\":\"shuixl_16\",\"transform\":{\"scX\":-1}},{\"name\":\"shuixl_17\",\"transform\":{\"scX\":-1}}]},{\"name\":\"xx_9\",\"display\":[{\"name\":\"xx_09\"}]},{\"name\":\"ciguang00\",\"display\":[{\"name\":\"ciguang00\"},{\"name\":\"ciguang02\"},{\"name\":\"ciguang04\"},{\"name\":\"ciguang06\"},{\"name\":\"ciguang08\"},{\"name\":\"ciguang10\"},{\"name\":\"ciguang12\"},{\"name\":\"ciguang14\"},{\"name\":\"ciguang16\"},{\"name\":\"ciguang18\"},{\"name\":\"ciguang20\"},{\"name\":\"ciguang22\"},{\"name\":\"ciguang24\"},{\"name\":\"ciguang26\"},{\"name\":\"ciguang28\"}]},{\"name\":\"ppp4\",\"display\":[{\"name\":\"ppp\"}]},{\"name\":\"shuixl_00\",\"display\":[{\"name\":\"shuixl_00\",\"transform\":{\"scX\":-1}},{\"name\":\"shuixl_01\",\"transform\":{\"scX\":-1}},{\"name\":\"shuixl_02\",\"transform\":{\"scX\":-1}},{\"name\":\"shuixl_03\",\"transform\":{\"scX\":-1}},{\"name\":\"shuixl_04\",\"transform\":{\"scX\":-1}},{\"name\":\"shuixl_05\",\"transform\":{\"scX\":-1}},{\"name\":\"shuixl_06\",\"transform\":{\"scX\":-1}},{\"name\":\"shuixl_07\",\"transform\":{\"scX\":-1}},{\"name\":\"shuixl_08\",\"transform\":{\"scX\":-1}},{\"name\":\"shuixl_09\",\"transform\":{\"scX\":-1}},{\"name\":\"shuixl_10\",\"transform\":{\"scX\":-1}},{\"name\":\"shuixl_11\",\"transform\":{\"scX\":-1}},{\"name\":\"shuixl_12\",\"transform\":{\"scX\":-1}},{\"name\":\"shuixl_13\",\"transform\":{\"scX\":-1}},{\"name\":\"shuixl_14\",\"transform\":{\"scX\":-1}},{\"name\":\"shuixl_15\",\"transform\":{\"scX\":-1}},{\"name\":\"shuixl_16\",\"transform\":{\"scX\":-1}},{\"name\":\"shuixl_17\",\"transform\":{\"scX\":-1}}]},{\"name\":\"chuan\",\"display\":[{\"name\":\"chuan\",\"transform\":{\"x\":170.52,\"y\":-60.58,\"skX\":85.04,\"skY\":85.04}}]},{\"name\":\"ziti\",\"display\":[{\"name\":\"ziti\"}]},{\"name\":\"ppp\",\"display\":[{\"name\":\"ppp\"}]},{\"name\":\"jinzi_1\",\"display\":[{\"name\":\"jinzi_01\"}]},{\"name\":\"fan02\",\"display\":[{\"type\":\"mesh\",\"name\":\"fan02\",\"width\":181,\"height\":262,\"vertices\":[-69.99,-121.88,-110.14,-88.91,-135.98,-71.23,-177.57,-61.34,-213.41,-61.36,-229.17,-92.32,-204.76,-136.27,-179.42,-143.42,-196.13,-176.42,-212.38,-173.57,-229.08,-207.03,-225.72,-218.02,-227.15,-230.93,-233.82,-240.97,-246.74,-230.94,-248.65,-245.28,-239.07,-262,-226.12,-269.33,-213.64,-276.18,-202.4,-283.66,-196.78,-284.59,-198.77,-292.69,-203.66,-289.28,-208.96,-285.85,-214.26,-284.3,-221.44,-283.99,-229.24,-282.75,-240.16,-282.44,-250.68,-284.64,-250.13,-291.18,-243.89,-293.05,-236.09,-294.92,-229.54,-296.77,-224.23,-298.64,-217.37,-303.01,-212.7,-305.5,-209.9,-311.11,-208.12,-315.77,-210.94,-323.31,-200.34,-323.3,-188.48,-287.37,-174.12,-294.54,-160.71,-295.17,-147.29,-293.92,-129.2,-293.61,-116.41,-292.04,-93.95,-282.67,-85.83,-273.01,-102.37,-263.95,-96.76,-248.05,-87.71,-246.17,-84.59,-231.82,-97.7,-235.26,-83.65,-221.84,-96.76,-222.46,-95.2,-207.8,-82.41,-177.85,-69.82,-147.58,-204.15,-207.97,-186.48,-215.4,-154.29,-226.52,-127.95,-233.03,-115.23,-258.13,-150.58,-257.21,-172.59,-249.16,-196.06,-244.86,-212.5,-233.09,-222.1,-243.93,-203.18,-255.7,-179.93,-261.26,-159.57,-266.81,-131.36,-266.81,-112.45,-270.54,-204.73,-304.01,-203.16,-300.07,-209.63,-299.3,-207,-293,-214.1,-293.53,-226.2,-290.12,-220.4,-294.31,-219.89,-289.06,-233.03,-290.38,-240.4,-287.5],\"uvs\":[0.99908,0.76875,0.77724,0.89464,0.63463,0.96214,0.40488,1,0.20681,1,0.11966,0.88187,0.25435,0.71402,0.39431,0.68666,0.30188,0.56077,0.21209,0.57172,0.11966,0.44401,0.13815,0.40204,0.13023,0.35278,0.09325,0.31447,0.02195,0.35278,0.01139,0.29805,0.0642,0.2342,0.1357,0.2062,0.20465,0.18001,0.2667,0.15143,0.29773,0.14785,0.28739,0.11689,0.25981,0.12999,0.23051,0.14309,0.2012,0.14904,0.16156,0.15023,0.11846,0.155,0.05813,0.15619,0,0.14785,0.00297,0.12285,0.03745,0.1157,0.08054,0.10856,0.11674,0.10141,0.14604,0.09427,0.18396,0.07759,0.20982,0.06807,0.22533,0.04663,0.23568,0.02877,0.22016,0,0.27877,0,0.34427,0.13714,0.42357,0.10975,0.49769,0.10736,0.57181,0.11213,0.67179,0.11332,0.74246,0.11927,0.86657,0.155,0.91139,0.19191,0.82003,0.22645,0.85106,0.28718,0.90105,0.29433,0.91828,0.3491,0.84589,0.33601,0.92345,0.38721,0.85106,0.38483,0.85968,0.4408,0.93035,0.55512,1,0.67063,0.25738,0.44036,0.35501,0.41197,0.53313,0.36937,0.67871,0.34452,0.74893,0.24868,0.55368,0.25223,0.43208,0.283,0.30191,0.29956,0.21114,0.34452,0.15804,0.30311,0.26252,0.25815,0.39097,0.23685,0.50401,0.21556,0.65987,0.21556,0.76434,0.20136,0.2544,0.07366,0.26312,0.08872,0.22679,0.09173,0.24132,0.11582,0.20209,0.11381,0.13525,0.12686,0.16722,0.1108,0.17012,0.13088,0.09747,0.12586,0.05679,0.1369],\"triangles\":[56,7,57,7,1,57,1,0,57,50,52,51,55,7,56,60,7,55,46,48,47,49,52,50,61,60,55,72,48,46,45,72,46,48,62,49,54,61,55,61,54,52,62,61,52,62,52,49,8,7,60,7,2,1,72,62,48,44,71,45,45,71,72,71,62,72,71,61,62,59,8,60,7,3,2,43,71,44,71,63,61,63,60,61,43,70,71,70,63,71,7,6,3,64,60,63,42,70,43,6,5,3,70,64,63,42,41,70,64,59,60,40,69,41,69,64,70,41,69,70,58,8,59,5,4,3,69,65,64,65,59,64,40,20,69,68,65,69,20,68,69,37,73,39,19,68,20,65,66,59,66,58,59,18,68,19,21,20,40,37,36,73,58,9,8,68,66,65,10,9,58,67,66,68,66,11,58,74,76,21,76,22,21,38,37,39,18,17,68,73,75,74,75,76,74,17,67,68,76,23,22,36,35,73,11,10,58,35,75,73,77,23,76,75,77,76,77,24,23,12,11,66,35,34,75,34,77,75,80,24,77,34,79,77,67,12,66,80,25,24,79,80,77,17,16,67,33,79,34,16,13,67,13,12,67,79,78,80,78,25,80,33,78,79,32,78,33,78,26,25,32,81,78,81,26,78,16,15,13,81,27,26,31,81,32,31,82,81,82,27,81,15,14,13,30,82,31,30,29,82,29,28,82,28,27,82,52,54,53,73,74,39,74,21,40,39,74,40],\"weights\":[2,24,0.99464,29,0.00535,3,24,0.77219,29,0.22777,41,0.00002,3,24,0.04771,29,0.95199,41,0.00028,2,29,0.99921,41,0.00078,2,29,0.99892,41,0.00107,2,29,0.99875,41,0.00124,3,29,0.97629,42,0.02215,41,0.00155,2,29,0.58139,42,0.41859,3,29,0.00053,42,0.08601,41,0.91344,4,29,0.00048,41,0.67753,37,0.31967,40,0.0023,5,29,0.00001,41,0.00847,37,0.61393,40,0.37746,36,0.00011,3,37,0.36156,40,0.611,36,0.02742,1,40,1,1,36,1,1,36,1,1,36,1,1,36,1,1,36,1,1,36,1,1,36,1,1,24,1,1,24,1,3,24,0.00934,35,0.26065,46,0.73,2,46,0.73,49,0.26999,2,46,0.3379,49,0.66209,1,49,1,1,51,1,1,51,1,1,51,1,1,51,1,1,51,1,1,51,1,4,24,0.00175,35,0.00364,46,0.10213,49,0.89246,4,24,0.01983,35,0.03336,46,0.20235,49,0.74443,4,24,0.05988,35,0.08107,46,0.73,49,0.12902,4,24,0.13327,35,0.10423,46,0.73,49,0.03248,4,24,0.24,35,0.01,46,0.73,49,0.02,1,24,1,1,24,1,1,24,1,1,24,1,2,24,0.9632,35,0.03678,2,24,0.97175,35,0.02824,2,24,0.97845,35,0.02154,2,24,0.98325,35,0.01674,2,24,0.98492,35,0.01507,3,24,0.98659,41,0.00006,35,0.01333,2,24,0.98671,35,0.01328,3,24,0.98648,41,0.00144,35,0.01206,3,24,0.98395,41,0.00764,35,0.00839,3,24,0.98319,41,0.0091,35,0.0077,3,24,0.98241,41,0.0104,35,0.00717,3,24,0.98125,41,0.01184,35,0.0069,3,24,0.97904,41,0.01588,35,0.00507,3,24,0.97909,41,0.01553,35,0.00536,4,24,0.98227,29,0.00013,41,0.01463,35,0.00295,4,24,0.98854,29,0.00989,41,0.00106,35,0.00049,2,24,0.98412,29,0.01586,2,37,0.65752,40,0.34247,1,37,1,3,24,0.73157,37,0.26617,35,0.00224,4,24,0.98198,41,0.00385,37,0.0074,35,0.00674,4,24,0.98669,41,0.00082,37,0.00008,35,0.01238,3,24,0.98284,37,0.00681,35,0.01033,1,24,1,1,40,1,1,40,1,1,40,1,1,40,1,3,24,0.03643,40,0.86322,36,0.10033,3,24,0.98318,37,0.00086,35,0.01593,4,24,0.98618,41,0.00026,37,0.00071,35,0.01282,3,24,0.98616,41,0.00013,35,0.01369,1,24,1,1,24,1,4,24,0.0961,35,0.30192,46,0.46139,49,0.14057,2,35,0.26999,46,0.73,4,24,0.00676,35,0.01867,46,0.73,49,0.24456,3,35,0.00044,46,0.08876,49,0.91079,4,24,0.01583,35,0.04372,46,0.36783,49,0.5726,1,49,1,1,51,1,1,51,1],\"slotPose\":[1,0,0,1,0,0],\"bonePose\":[24,-0.41056,-0.911834,0.911834,-0.41056,-118.014913,-125.272607,29,-0.981826,0.189781,-0.189781,-0.981826,-129.129781,-146.18287,41,-0.816138,0.577858,-0.577858,-0.816138,-161.1093,-217.39788,42,-0.937768,0.347263,-0.347263,-0.937768,-146.903411,-180.014616,37,-0.92428,0.381716,-0.381716,-0.92428,-165.102331,-228.073282,40,-0.895012,0.446042,-0.446042,-0.895012,-179.758341,-256.566354,36,-0.840756,0.541415,-0.541415,-0.840756,-191.308924,-284.608384,35,-0.666793,0.745243,-0.745243,-0.666793,-202.419246,-308.639989,46,-0.844702,0.535237,-0.535237,-0.844702,-209.102858,-300.195209,49,-0.94749,0.319786,-0.319786,-0.94749,-217.560581,-294.859731,51,-0.990389,0.138309,-0.138309,-0.990389,-230.466571,-289.976133],\"edges\":[28,27,27,26,26,25,25,24,24,23,23,22,22,21,21,20,20,19,19,18,18,17,17,16,16,15,15,14,14,13,13,12,12,11,11,10,10,9,9,8,8,7,7,6,6,5,5,4,4,3,3,2,2,1,1,0,0,57,57,56,56,55,55,54,54,53,53,52,52,51,51,50,50,49,49,48,48,47,47,46,46,45,45,44,44,43,43,42,42,41,41,40,40,39,39,38,38,37,37,36,36,35,35,34,34,33,33,32,32,31,31,30,30,29,29,28],\"userEdges\":[]}]},{\"name\":\"saoguang0001\",\"display\":[{\"name\":\"saoguang0024\",\"transform\":{\"x\":11.75}},{\"name\":\"saoguang0023\",\"transform\":{\"x\":11.75}},{\"name\":\"saoguang0022\",\"transform\":{\"x\":11.75}},{\"name\":\"saoguang0021\",\"transform\":{\"x\":11.75}},{\"name\":\"saoguang0020\",\"transform\":{\"x\":11.75}},{\"name\":\"saoguang0019\",\"transform\":{\"x\":11.75}},{\"name\":\"saoguang0018\",\"transform\":{\"x\":11.75}},{\"name\":\"saoguang0017\",\"transform\":{\"x\":11.75}},{\"name\":\"saoguang0016\",\"transform\":{\"x\":11.75}},{\"name\":\"saoguang0015\",\"transform\":{\"x\":11.75}},{\"name\":\"saoguang0014\",\"transform\":{\"x\":11.75}},{\"name\":\"saoguang0013\",\"transform\":{\"x\":11.75}},{\"name\":\"saoguang0012\",\"transform\":{\"x\":11.75}},{\"name\":\"saoguang0011\",\"transform\":{\"x\":11.75}},{\"name\":\"saoguang0010\",\"transform\":{\"x\":11.75}},{\"name\":\"saoguang0009\",\"transform\":{\"x\":11.75}},{\"name\":\"saoguang0008\",\"transform\":{\"x\":11.75}},{\"name\":\"saoguang0007\",\"transform\":{\"x\":11.75}},{\"name\":\"saoguang0006\",\"transform\":{\"x\":11.75}},{\"name\":\"saoguang0005\",\"transform\":{\"x\":11.75}},{\"name\":\"saoguang0004\",\"transform\":{\"x\":11.75}},{\"name\":\"saoguang0003\",\"transform\":{\"x\":11.75}},{\"name\":\"saoguang0002\",\"transform\":{\"x\":11.75}},{\"name\":\"saoguang0001\",\"transform\":{\"x\":11.75}}]},{\"name\":\"ppp5\",\"display\":[{\"name\":\"ppp\"}]},{\"name\":\"shuixl_0\",\"display\":[{\"name\":\"shuixl_00\",\"transform\":{\"scX\":-1}},{\"name\":\"shuixl_01\",\"transform\":{\"scX\":-1}},{\"name\":\"shuixl_02\",\"transform\":{\"scX\":-1}},{\"name\":\"shuixl_03\",\"transform\":{\"scX\":-1}},{\"name\":\"shuixl_04\",\"transform\":{\"scX\":-1}},{\"name\":\"shuixl_05\",\"transform\":{\"scX\":-1}},{\"name\":\"shuixl_06\",\"transform\":{\"scX\":-1}},{\"name\":\"shuixl_07\",\"transform\":{\"scX\":-1}},{\"name\":\"shuixl_08\",\"transform\":{\"scX\":-1}},{\"name\":\"shuixl_09\",\"transform\":{\"scX\":-1}},{\"name\":\"shuixl_10\",\"transform\":{\"scX\":-1}},{\"name\":\"shuixl_11\",\"transform\":{\"scX\":-1}},{\"name\":\"shuixl_12\",\"transform\":{\"scX\":-1}},{\"name\":\"shuixl_13\",\"transform\":{\"scX\":-1}},{\"name\":\"shuixl_14\",\"transform\":{\"scX\":-1}},{\"name\":\"shuixl_15\",\"transform\":{\"scX\":-1}},{\"name\":\"shuixl_16\",\"transform\":{\"scX\":-1}},{\"name\":\"shuixl_17\",\"transform\":{\"scX\":-1}}]},{\"name\":\"saoguang_00\",\"display\":[{\"name\":\"saoguang_00\"},{\"name\":\"saoguang_01\"},{\"name\":\"saoguang_02\"},{\"name\":\"saoguang_03\"},{\"name\":\"saoguang_04\"},{\"name\":\"saoguang_05\"},{\"name\":\"saoguang_06\"},{\"name\":\"saoguang_07\"},{\"name\":\"saoguang_08\"},{\"name\":\"saoguang_09\"},{\"name\":\"saoguang_10\"},{\"name\":\"saoguang_11\"},{\"name\":\"saoguang_12\"},{\"name\":\"saoguang_13\"}]},{\"name\":\"deng\",\"display\":[{\"type\":\"mesh\",\"name\":\"deng\",\"width\":106,\"height\":127,\"vertices\":[61.85,-319.24,63.6,-315.41,66.22,-312.34,68.71,-308.84,68.84,-303.88,70.46,-298.76,73.22,-294.82,73.37,-290,75.7,-285.18,78.92,-282.4,82.85,-280.95,84.61,-277.59,86.51,-275.55,83.73,-270.73,78.18,-260.23,81.25,-255.98,91.76,-252.63,94.97,-244.6,93.66,-239.48,103.15,-234.37,103.44,-219.03,124.42,-213.76,143.78,-205.96,149.81,-205.96,154.5,-222.97,159.57,-234.81,167.74,-245.9,167.75,-249.29,163.72,-259.06,154.69,-260.38,148.86,-271.85,142.09,-272.79,135.32,-278.06,133.07,-289.91,117.47,-291.59,102.61,-295.17,98.66,-294.42,97.8,-296.87,96.3,-299.61,94.55,-301.16,92.79,-303.57,91.3,-304.81,89.35,-305.72,88.31,-307.47,88.11,-312.6,86.24,-315.59,84.16,-319.69,82.08,-322.42,81.37,-324.82,80.07,-326.9,78.57,-328.79,76.82,-330.93,74.54,-332.24,72.14,-332.98,68.24,-332.97,65.19,-332.76,63.38,-332.05,61.75,-331,61.76,-326.72,61.94,-323.53,63.66,-327.87,64.92,-322.72,66.5,-317.89,68.7,-314.22,70.8,-310.75,72.16,-306.76,73.11,-301.72,74.36,-297.84,75.83,-292.79,76.77,-288.7,78.67,-286.08,82.34,-284.92,85.7,-282.19,88.43,-279.04,90.74,-276.63,95.88,-276.32,102.92,-278.2,98.29,-285.55,97.35,-292.48,95.25,-296.78,91.89,-300.88,88.53,-303.6,86.32,-306.87,85.49,-311.06,84.33,-314.94,81.51,-319.78,79.72,-323.24,77.41,-326.81,74.58,-329.13,71.43,-330.6,67.65,-330.5,65.24,-329.86,65.98,-325.98,67.45,-321.36,68.91,-317.89,71.11,-314.01,73.53,-309.8,75.21,-305.4,76.25,-301.2,78.14,-296.47,79.08,-291.64,80.76,-287.96,85.49,-285.23,88.85,-283.45,91.05,-280.41,94.21,-279.47,98.61,-279.89,96.09,-284.6,95.78,-281.99,92,-284.19,94.09,-287.65,95.46,-291.64,92.52,-297.31,88.84,-299.93,85.9,-302.87,83.28,-307.59,82.34,-311.9,80.66,-316.83,78.36,-320.72,76.05,-324.19,73.95,-326.5,71.11,-327.87,68.08,-327.45,69.86,-324.3,71.33,-321.35,73.74,-318.2,76.25,-314.53,78.04,-310.86,79.4,-307.5,79.73,-304.57,82.03,-299.62,84.65,-296.16,89.37,-295.62,91.26,-289.64,87.59,-287.54,83.92,-291.85,87.06,-291.74],\"uvs\":[0.0009,0.10813,0.01743,0.13831,0.04222,0.16246,0.06564,0.19005,0.06702,0.22913,0.08217,0.26937,0.10834,0.30041,0.10971,0.33835,0.13175,0.37628,0.16205,0.39812,0.19924,0.40962,0.21577,0.43606,0.23368,0.45216,0.20751,0.49009,0.15517,0.57286,0.18409,0.6062,0.28326,0.63264,0.31356,0.69587,0.30117,0.73611,0.3907,0.77635,0.39345,0.89705,0.59134,0.93859,0.77402,1,0.83077,1,0.87511,0.86606,0.923,0.7728,1,0.68546,1,0.65882,0.96202,0.58184,0.87689,0.57148,0.82191,0.48118,0.75806,0.47378,0.69421,0.43233,0.67292,0.33907,0.52572,0.32574,0.3856,0.29762,0.34836,0.30354,0.34025,0.28417,0.32615,0.26268,0.30959,0.25039,0.29304,0.23146,0.27893,0.22173,0.26054,0.21457,0.25073,0.20075,0.24889,0.16032,0.2311,0.13677,0.21148,0.10453,0.19186,0.08303,0.18511,0.0641,0.17285,0.04772,0.15875,0.03288,0.14219,0.01599,0.12073,0.00575,0.09804,0,0.06125,0,0.03243,0.00166,0.01526,0.00729,0,0.01547,0,0.04925,0.00177,0.07433,0.01804,0.0402,0.02992,0.08071,0.04478,0.11874,0.06558,0.14768,0.0854,0.17496,0.09827,0.20638,0.10719,0.24606,0.11907,0.27665,0.13294,0.31634,0.14186,0.34858,0.15969,0.36925,0.19436,0.37835,0.22606,0.39984,0.25181,0.42464,0.2736,0.44366,0.32214,0.44614,0.38851,0.43126,0.34492,0.37339,0.33601,0.31882,0.3162,0.28492,0.2845,0.25268,0.2528,0.23118,0.232,0.20555,0.22407,0.17248,0.21318,0.14189,0.18643,0.10386,0.16959,0.07658,0.1478,0.04847,0.12106,0.03028,0.09134,0.0187,0.05568,0.01953,0.0329,0.02449,0.03983,0.05508,0.0537,0.09146,0.06757,0.11874,0.08837,0.14933,0.11115,0.1824,0.127,0.21713,0.1369,0.2502,0.15473,0.2874,0.16365,0.32543,0.1795,0.35437,0.22407,0.37587,0.25577,0.38992,0.27657,0.4139,0.30629,0.42134,0.34789,0.41803,0.32412,0.38083,0.32115,0.4015,0.28549,0.38413,0.3053,0.35685,0.31818,0.32543,0.29044,0.28079,0.25577,0.26012,0.22804,0.23697,0.20327,0.19976,0.19436,0.16587,0.17851,0.12701,0.15672,0.09642,0.13492,0.06913,0.11511,0.05095,0.08837,0.0402,0.05964,0.0435,0.07648,0.06831,0.09035,0.09146,0.11313,0.11626,0.1369,0.1452,0.15374,0.17413,0.16662,0.20059,0.16959,0.22374,0.19139,0.2626,0.21615,0.28988,0.26072,0.29402,0.27855,0.34114,0.24389,0.35768,0.20922,0.32378,0.23893,0.32461],\"triangles\":[29,25,26,29,26,27,28,29,27,29,19,25,19,21,25,21,24,25,31,19,29,30,31,29,21,22,24,22,23,24,76,17,32,17,19,32,32,19,31,16,17,76,33,34,32,34,76,32,19,20,21,75,16,76,35,77,76,35,76,34,13,16,75,78,77,35,36,78,35,17,18,19,106,75,76,77,106,76,13,15,16,74,13,75,79,78,36,79,36,37,105,75,106,108,105,106,110,107,77,78,111,77,111,110,77,108,106,77,107,108,77,38,79,37,79,111,78,12,13,74,112,111,79,109,108,107,112,79,38,39,112,38,110,109,107,112,132,111,105,74,75,111,133,110,133,109,110,132,133,111,104,105,108,109,104,108,80,112,39,40,80,39,104,74,105,14,15,13,133,134,109,103,104,109,41,80,40,134,103,109,132,136,133,81,80,41,80,113,112,113,132,112,81,113,80,73,74,104,42,81,41,103,73,104,73,12,74,136,134,133,114,113,81,44,83,43,82,81,42,72,73,103,134,102,103,113,131,132,131,136,132,43,82,42,102,72,103,130,131,114,114,131,113,11,12,73,82,114,81,83,82,43,136,135,134,135,102,134,72,11,73,45,83,44,135,101,102,10,11,72,84,83,45,131,135,136,83,115,82,115,114,82,101,71,102,46,84,45,102,71,72,71,10,72,115,129,114,129,130,114,116,115,83,84,116,83,117,84,46,99,135,131,130,99,131,117,116,84,85,117,46,47,85,46,99,100,135,100,101,135,116,128,115,128,129,115,71,9,10,127,128,116,117,127,116,86,85,47,48,86,47,126,127,117,129,98,130,101,70,71,70,9,71,86,118,85,118,117,85,98,99,130,49,86,48,69,70,101,100,69,101,118,126,117,50,87,49,119,118,86,49,87,86,87,119,86,128,97,129,97,98,129,127,97,128,68,69,100,68,100,99,98,67,99,8,9,70,69,8,70,96,97,127,125,126,118,88,87,50,51,88,50,119,125,118,126,96,127,67,68,99,120,119,87,88,120,87,95,96,126,124,125,119,97,66,98,67,6,68,7,8,69,68,7,69,52,88,51,96,65,97,125,95,126,66,67,98,6,7,68,120,124,119,95,64,96,123,124,120,52,89,88,65,66,97,66,5,67,53,89,52,121,120,88,89,121,88,121,123,120,65,4,66,124,94,125,94,95,125,64,65,96,67,5,6,4,5,66,94,63,95,64,3,65,3,4,65,90,121,89,53,54,89,54,90,89,90,122,121,122,123,121,95,63,64,93,94,124,123,93,124,63,2,64,2,3,64,122,92,123,92,93,123,93,62,94,94,62,63,62,2,63,92,61,93,1,2,62,91,122,90,54,55,90,55,91,90,91,92,122,60,92,91,93,61,62,61,0,62,0,1,62,60,58,92,58,59,92,55,56,91,56,60,91,92,59,61,59,0,61,56,57,60,57,58,60],\"weights\":[2,23,0.64031,30,0.35968,2,23,0.43592,30,0.56407,2,23,0.22746,30,0.77253,2,23,0.05244,30,0.94755,3,23,0.00205,30,0.96935,48,0.02859,3,30,0.82909,48,0.16605,50,0.00484,3,30,0.54584,48,0.39754,50,0.0566,3,30,0.29047,48,0.52744,50,0.18207,3,30,0.14149,48,0.4964,50,0.3621,3,30,0.07182,48,0.40544,50,0.52271,3,30,0.02085,48,0.23227,50,0.74687,3,30,0.00336,48,0.08686,50,0.90976,2,48,0.02318,50,0.97681,1,50,1,1,50,1,1,50,1,1,50,1,1,50,1,1,50,1,1,50,1,1,50,1,1,50,1,1,50,1,1,50,1,1,50,1,1,50,1,1,50,1,1,50,1,1,50,1,1,50,1,1,50,1,1,50,1,1,50,1,1,50,1,2,48,0.00287,50,0.99712,2,48,0.19911,50,0.80088,2,48,0.38425,50,0.61574,2,48,0.59533,50,0.40466,2,48,0.75245,50,0.24754,2,48,0.84429,50,0.1557,2,48,0.9293,50,0.07069,2,48,0.95875,50,0.04124,3,30,0.00096,48,0.98291,50,0.01612,3,30,0.03207,48,0.96594,50,0.00197,3,23,0.00253,30,0.27173,48,0.72572,3,23,0.03319,30,0.49644,48,0.47035,3,23,0.18215,30,0.605,48,0.21283,3,23,0.38813,30,0.53644,48,0.07542,3,23,0.56585,30,0.40329,48,0.03084,3,23,0.71141,30,0.27686,48,0.01171,3,23,0.83178,30,0.16554,48,0.00266,3,23,0.9296,30,0.07035,48,0.00002,2,23,0.97581,30,0.02418,1,23,1,1,23,1,1,23,1,1,23,1,2,23,0.99664,30,0.00335,2,23,0.94662,30,0.05337,2,23,0.83475,30,0.16524,2,23,0.97754,30,0.02245,2,23,0.76188,30,0.23811,2,23,0.56947,30,0.43052,2,23,0.32005,30,0.67994,2,23,0.10471,30,0.89528,2,23,0.0134,30,0.98659,2,30,0.92548,48,0.07451,3,30,0.72898,48,0.26231,50,0.0087,3,30,0.32464,48,0.54812,50,0.12721,3,30,0.18624,48,0.53875,50,0.27499,3,30,0.09943,48,0.46315,50,0.43741,3,30,0.04204,48,0.34825,50,0.6097,3,30,0.00894,48,0.17022,50,0.82082,2,48,0.04005,50,0.95993,1,50,1,1,50,1,1,50,1,2,48,0.04435,50,0.95564,2,48,0.38425,50,0.61574,2,48,0.63945,50,0.36054,2,48,0.92174,50,0.07825,2,48,0.9752,50,0.02479,2,48,0.99754,50,0.00245,2,30,0.16162,48,0.83837,3,23,0.01582,30,0.51751,48,0.46665,3,23,0.29832,30,0.61527,48,0.08639,3,23,0.54889,30,0.42402,48,0.02707,3,23,0.78387,30,0.21216,48,0.00394,2,23,0.94016,30,0.05983,1,23,1,1,23,1,2,23,0.99742,30,0.00257,2,23,0.93539,30,0.0646,2,23,0.77849,30,0.2215,2,23,0.50603,30,0.49395,2,23,0.19043,30,0.80956,2,23,0.01355,30,0.98644,1,30,1,2,30,0.72721,48,0.27278,3,30,0.36101,48,0.60731,50,0.03166,3,30,0.16397,48,0.65893,50,0.17709,3,30,0.079,48,0.51027,50,0.41071,3,30,0.01453,48,0.34496,50,0.64049,3,30,0.00002,48,0.0887,50,0.91127,3,30,0.00002,48,0.0887,50,0.91127,1,50,1,1,50,1,1,50,1,1,50,1,1,50,1,1,50,1,2,48,0.24081,50,0.75918,2,48,0.79737,50,0.20262,2,48,0.93885,50,0.06114,2,48,0.99981,50,0.00018,1,48,1,2,30,0.62483,48,0.37516,3,23,0.0669,30,0.7922,48,0.14088,3,23,0.36018,30,0.61303,48,0.02677,3,23,0.65163,30,0.34408,48,0.00428,2,23,0.89073,30,0.10926,1,23,1,1,23,1,1,23,1,2,23,0.74388,30,0.25611,3,23,0.19087,30,0.79553,48,0.01358,1,30,1,2,30,0.98908,48,0.01091,1,30,1,1,30,1,2,30,0.0847,48,0.91529,1,48,1,2,48,0.76613,50,0.23386,2,48,0.43382,50,0.56616,3,30,0.01453,48,0.34496,50,0.64049,3,30,0.03746,48,0.62884,50,0.33368,2,48,0.68873,50,0.31126],\"slotPose\":[1,0,0,1,0,0],\"bonePose\":[23,0.467776,0.883847,-0.883847,0.467776,66.836181,-331.944259,30,0.404184,0.914678,-0.914678,0.404184,73.274987,-320.847224,48,0.375254,0.926922,-0.926922,0.375254,81.855519,-305.090979,50,0.760406,0.649448,-0.649448,0.760406,88.301288,-288.982612],\"edges\":[57,58,58,59,59,0,0,1,1,2,2,3,3,4,4,5,5,6,6,7,7,8,8,9,9,10,10,11,11,12,12,13,13,14,14,15,15,16,16,17,17,18,18,19,19,20,20,21,21,22,22,23,23,24,24,25,25,26,26,27,27,28,28,29,29,30,30,31,31,32,32,33,33,34,34,35,35,36,36,37,37,38,38,39,39,40,40,41,41,42,42,43,43,44,44,45,45,46,46,47,47,48,48,49,49,50,50,51,51,52,52,53,53,54,54,55,55,56,56,57],\"userEdges\":[]}]},{\"name\":\"ppp2\",\"display\":[{\"name\":\"ppp\"}]},{\"name\":\"jinzi_09\",\"display\":[{\"name\":\"jinzi_09\",\"transform\":{\"x\":2.17,\"y\":3.26}}]},{\"name\":\"ppp6\",\"display\":[{\"name\":\"ppp\"}]},{\"name\":\"shuixl_2\",\"display\":[{\"name\":\"shuixl_00\",\"transform\":{\"scX\":-1}},{\"name\":\"shuixl_01\",\"transform\":{\"scX\":-1}},{\"name\":\"shuixl_02\",\"transform\":{\"scX\":-1}},{\"name\":\"shuixl_03\",\"transform\":{\"scX\":-1}},{\"name\":\"shuixl_04\",\"transform\":{\"scX\":-1}},{\"name\":\"shuixl_05\",\"transform\":{\"scX\":-1}},{\"name\":\"shuixl_06\",\"transform\":{\"scX\":-1}},{\"name\":\"shuixl_07\",\"transform\":{\"scX\":-1}},{\"name\":\"shuixl_08\",\"transform\":{\"scX\":-1}},{\"name\":\"shuixl_09\",\"transform\":{\"scX\":-1}},{\"name\":\"shuixl_10\",\"transform\":{\"scX\":-1}},{\"name\":\"shuixl_11\",\"transform\":{\"scX\":-1}},{\"name\":\"shuixl_12\",\"transform\":{\"scX\":-1}},{\"name\":\"shuixl_13\",\"transform\":{\"scX\":-1}},{\"name\":\"shuixl_14\",\"transform\":{\"scX\":-1}},{\"name\":\"shuixl_15\",\"transform\":{\"scX\":-1}},{\"name\":\"shuixl_16\",\"transform\":{\"scX\":-1}},{\"name\":\"shuixl_17\",\"transform\":{\"scX\":-1}}]},{\"name\":\"xx_09\",\"display\":[{\"name\":\"xx_09\"}]},{\"name\":\"chuanmao\",\"display\":[{\"type\":\"mesh\",\"name\":\"chuanmao\",\"width\":75,\"height\":99,\"vertices\":[-64.98,-180.47,-68.37,-174.43,-66.34,-169.92,-61.36,-164.27,-65.21,-161.56,-71.76,-160.66,-71.99,-149.8,-87.83,-121.78,-96.19,-126.76,-85.34,-139.65,-78.55,-147.78,-100.93,-155.25,-111.51,-129.48,-111.52,-115.24,-98.01,-109.59,-109.55,-94.67,-100.3,-81.5,-88.99,-81.49,-77.24,-89.68,-81.98,-97.6,-74.06,-100.54,-53.5,-96.45,-36.52,-122.89,-37.87,-134.2,-51.44,-139.18,-58.22,-137.38,-67.05,-117.26,-60.48,-141.22,-50.76,-145.73,-46.68,-153.19,-51.21,-157.71,-49.62,-162.01,-43.97,-166.76,-43.97,-174.21,-47.13,-180.47,-56.18,-180.47],\"uvs\":[0.62017,0,0.57496,0.06092,0.60209,0.10659,0.6684,0.16368,0.61716,0.19108,0.52975,0.20022,0.52673,0.30982,0.31574,0.59298,0.20421,0.54274,0.34889,0.41258,0.43932,0.33038,0.14091,0.25502,0,0.51534,0,0.6592,0.1801,0.71629,0.02637,0.867,0.14996,1,0.30067,1,0.45741,0.91723,0.39411,0.83731,0.4996,0.80763,0.7739,0.84873,1,0.58156,0.98188,0.46739,0.80103,0.41715,0.7106,0.43542,0.59305,0.63865,0.68046,0.3966,0.81007,0.35093,0.86432,0.27557,0.80404,0.2299,0.82514,0.18652,0.90049,0.13856,0.90049,0.06321,0.8583,0,0.73773,0],\"triangles\":[24,25,22,25,26,22,23,24,22,26,21,22,34,35,33,35,31,33,33,31,32,35,3,31,30,28,29,2,3,35,4,27,30,30,27,28,3,30,31,26,20,21,4,6,27,3,4,30,0,2,35,1,2,0,5,6,4,7,20,26,7,19,20,7,14,19,19,17,18,11,9,10,14,15,19,15,16,19,16,17,19,11,8,9,11,12,8,8,14,7,13,14,8,12,13,8,26,7,27,7,6,27],\"weights\":[1,21,1,2,21,0.98665,26,0.01334,1,21,1,1,21,1,2,21,0.02911,26,0.97088,1,26,1,1,26,1,1,26,1,1,26,1,1,26,1,1,26,1,1,26,1,1,26,1,1,26,1,1,26,1,1,26,1,1,26,1,1,26,1,1,26,1,1,26,1,1,26,1,1,26,1,1,26,1,1,26,1,1,26,1,1,26,1,1,26,1,1,26,1,1,26,1,1,26,1,2,21,0.0297,26,0.97029,1,21,1,1,21,1,1,21,1,2,21,0.99451,26,0.00548,1,21,1],\"slotPose\":[1,0,0,1,0,0],\"bonePose\":[21,1,0,0,1,-56.98,-172.78,26,-0.493183,0.869926,-0.869926,-0.493183,-58.08,-161],\"edges\":[12,13,13,14,14,15,15,16,16,17,17,18,18,19,19,20,20,21,21,22,22,23,23,24,24,25,25,26,26,27,27,28,28,29,29,30,30,31,31,32,32,33,33,34,34,35,35,0,0,1,1,2,2,3,3,4,4,5,5,6,6,7,7,8,8,9,9,10,10,11,11,12],\"userEdges\":[]}]},{\"name\":\"ppp3\",\"display\":[{\"name\":\"ppp\"}]},{\"name\":\"jinzi_05\",\"display\":[{\"name\":\"jinzi_05\",\"transform\":{\"x\":3.17}}]},{\"name\":\"fan011\",\"display\":[{\"type\":\"mesh\",\"name\":\"fan01\",\"width\":238,\"height\":342,\"vertices\":[12.74,-119.2,-7.04,-121.73,-27.25,-123.43,-50.82,-122.16,-77.33,-120.91,-105.96,-117.13,-125.33,-115.05,-154.37,-112.11,-172.06,-110.86,-188.89,-107.06,-206.58,-107.07,-188.47,-118.02,-182.98,-129.8,-185.08,-140.33,-187.6,-154.23,-196.43,-162.65,-206.11,-169.39,-204,-181.6,-217.81,-166.87,-217.47,-182.03,-203.32,-192.06,-202.07,-201.83,-201.06,-209.77,-199.75,-215.32,-197.27,-225.76,-195.55,-234.84,-193.92,-243.45,-216.23,-229.14,-213.7,-243.87,-200.64,-252.7,-203.59,-261.99,-203.59,-273.76,-189.27,-277.97,-187.34,-286.39,-185.89,-292.71,-184.52,-299.09,-183.35,-304.48,-183.3,-311.17,-182.89,-317.26,-182.88,-322.38,-182.45,-328.49,-182.13,-338.64,-201.5,-330.64,-204.45,-337.8,-197.29,-342.85,-197.28,-350.85,-180.75,-361.76,-163.17,-407.68,-172.84,-452.43,-149.44,-449,-153.22,-430.35,-125.01,-429.08,-122.08,-407.61,-92.61,-384.87,-55.15,-368.86,-13.47,-376.43,-23.57,-365.06,-45.71,-352,-43.61,-343.16,-40.66,-331.38,-41.93,-316.65,-21.72,-314.55,-25.1,-305.29,-46.14,-300.66,-24.25,-295.61,9.01,-294.33,20.18,-280.03,20.18,-270.77,0.59,-277.51,1.01,-264.45,2.27,-252.24,7.74,-240.04,16.16,-226.99,15.32,-219.42,2.27,-209.31,-4.06,-202.16,-7,-190.78,-12.9,-173.94,-14.17,-160.04,-9.98,-148.67,-0.29,-138.14,11.91,-128.46,-174.13,-345.79,-153.5,-352.52,-133.29,-354.62,-122.8,-355.83,-99.29,-354.98,-80.41,-358.34,-63.99,-357.92,-52.87,-343.17,-69.71,-341.07,-84.87,-340.65,-103.8,-338.14,-117.54,-338.61,-149.24,-329.73,-166.92,-325.53,-170.24,-307.59,-147.57,-315.41,-123.77,-318.58,-93.71,-323.4,-70.98,-326.76,-57.92,-326.76,-54.56,-315.82,-70.56,-308.25,-92.45,-305.73,-109.71,-303.61,-129.9,-297.32,-146.74,-293.95,-167.38,-284.29,-188.44,-255.65,-168.22,-262.8,-148.02,-268.69,-124.86,-275,-108.45,-281.3,-81.51,-283.83,-66.35,-285.51,-42.36,-286.77,-21.73,-285.93,-102.56,-272.46,-96.67,-254.78,-89.94,-226.99,-85.31,-198.37,-79,-170.16,-72.69,-136.05,-74.8,-156.69,-68.46,-247.2,-41.94,-248.46,-15.41,-250.98,-65.93,-213.11,-43.2,-220.67,-6.58,-227.83,-64.68,-190.37,-28.9,-192.89,-16.26,-201.73,-63.86,-165.52,-30.59,-166.36,-49.54,-177.31,-54.17,-141.1,-26.39,-142.36,-47.02,-155,-45.73,-203.84,-25.52,-233.31,-99.2,-141.53,-117.72,-141.12,-142.56,-137.78,-167.82,-134.84,-171.18,-152.95,-150.55,-154.62,-134.56,-156.29,-113.51,-157.54,-94.14,-167.64,-101.29,-189.95,-121.91,-179.02,-151.38,-176.52,-173.27,-172.74,-191.37,-189.17,-159.36,-198.84,-135.97,-199.88,-116,-207.23,-100.42,-214.36,-103.8,-231.63,-135.36,-224.91,-158.1,-220.71,-180.84,-215.25,-178.33,-234.59,-153.49,-242.16,-128.23,-253.1,-113.92,-253.94,-174.47,-334.5,-163.08,-339.07,-142.66,-340.44,-120.99,-346.9,-105.61,-347.95,-83.63,-348.22,-66.02,-348.77,-50.37,-332.48,-65.54,-333.61,-83.24,-329.96,-93.07,-331.09,-101.22,-313.67,-85.49,-316.75,-65.26,-316.75,-134.21,-307.92,-154.59,-300.47,-172.29,-292.62,-160.76,-310.6,-168.91,-316.22,-158.23,-322.67,-130.6,-327.01,-155.77,-337.48,-174.63,-323.83,-176.55,-312.4,-178.67,-301.8,-145.69,-322.14,-158.35,-330.2,-188.3,-219.86,-168.82,-227.77,-184.33,-240.3,-169.47,-247.91,-151,-231.07,-132.52,-237.33,-145.05,-250.2,-181.17,-250.13,-158.23,-255.29,-186.16,-229.59,-189.63,-208.04,-175.99,-224.64,-167.06,-238.02,-159.12,-231.33,-169.53,-216.45,-142.51,-238.76],\"uvs\":[0.96898,0.96422,0.88584,0.95684,0.80093,0.95191,0.70187,0.95561,0.59043,0.9593,0.47015,0.97038,0.38878,0.97653,0.26672,0.98515,0.19243,0.98884,0.12167,1,0.04738,1,0.12344,0.96792,0.14644,0.93345,0.13759,0.90267,0.12698,0.86205,0.08983,0.83743,0.04915,0.81774,0.05799,0.78204,0,0.82512,0.00139,0.78081,0.06153,0.75126,0.06641,0.72273,0.07037,0.69956,0.07589,0.68335,0.08629,0.65278,0.09356,0.62624,0.10044,0.60108,0.00669,0.64294,0.01731,0.59985,0.07214,0.574,0.05976,0.54692,0.05976,0.51245,0.1199,0.50014,0.12799,0.47551,0.13405,0.45706,0.13981,0.43837,0.14467,0.42259,0.14467,0.40309,0.14467,0.38566,0.14139,0.37142,0.13759,0.35488,0.13229,0.33273,0.05092,0.35611,0.03853,0.33519,0.0686,0.32042,0.0686,0.29703,0.11283,0.26502,0.21189,0.13084,0.1712,0,0.31271,0,0.29679,0.05452,0.41531,0.05821,0.42769,0.12099,0.55152,0.18747,0.70895,0.23425,0.85223,0.18624,0.84162,0.24532,0.7231,0.28349,0.73194,0.30934,0.74433,0.3438,0.73902,0.38689,0.82393,0.39304,0.80978,0.42013,0.72133,0.43367,0.81331,0.44844,0.95306,0.45213,1,0.49399,1,0.52107,0.91768,0.50137,0.91945,0.53953,0.92475,0.57523,0.94775,0.61093,0.98313,0.64909,0.97959,0.67125,0.92475,0.70079,0.89822,0.72172,0.88584,0.75496,0.86107,0.8042,0.85577,0.84482,0.87346,0.87805,0.91414,0.90883,0.96544,0.93714,0.16589,0.3118,0.25257,0.2921,0.33748,0.28595,0.42062,0.27241,0.52321,0.27487,0.60281,0.26502,0.6718,0.26625,0.69303,0.30934,0.62227,0.31549,0.55859,0.31672,0.47899,0.32411,0.37816,0.33273,0.28795,0.34873,0.21365,0.36104,0.19243,0.4152,0.29502,0.39058,0.38701,0.3832,0.52144,0.36719,0.61697,0.35734,0.6718,0.35734,0.68595,0.38935,0.61873,0.41151,0.52675,0.41889,0.45423,0.42505,0.36932,0.44351,0.29856,0.45336,0.21189,0.48168,0.12344,0.56538,0.20835,0.54446,0.29326,0.52722,0.39055,0.50876,0.45953,0.49029,0.57274,0.48291,0.63642,0.47798,0.73725,0.47429,0.82393,0.47675,0.4843,0.51614,0.50906,0.56784,0.53736,0.64909,0.55682,0.7328,0.58336,0.81527,0.60989,0.91498,0.60105,0.85467,0.62758,0.59,0.73902,0.58631,0.85046,0.57892,0.63819,0.68971,0.73371,0.66756,0.88761,0.64663,0.6435,0.75619,0.79386,0.7488,0.84692,0.72295,0.64704,0.82882,0.78678,0.82635,0.70718,0.79435,0.68772,0.90021,0.80447,0.89652,0.71779,0.85959,0.7231,0.71679,0.80801,0.63063,0.49845,0.89898,0.42062,0.90021,0.31625,0.91006,0.21012,0.91868,0.19597,0.86575,0.28264,0.86082,0.34986,0.8559,0.43831,0.8522,0.51968,0.82266,0.4896,0.75742,0.40293,0.78942,0.2791,0.79681,0.18712,0.80789,0.11106,0.75988,0.2455,0.73157,0.35163,0.72664,0.42769,0.70695,0.49314,0.68602,0.47899,0.63555,0.34632,0.65525,0.2508,0.66756,0.15528,0.68356,0.16589,0.62693,0.27026,0.60477,0.37639,0.57277,0.43654,0.57031,0.17463,0.33896,0.22067,0.32664,0.30804,0.32171,0.39187,0.30445,0.48514,0.29542,0.57487,0.2946,0.64926,0.29295,0.70357,0.34061,0.63981,0.33732,0.56543,0.348,0.52411,0.34471,0.48987,0.39566,0.55598,0.38662,0.64099,0.38662,0.34937,0.41291,0.26554,0.43427,0.19116,0.45728,0.23957,0.40469,0.20533,0.38826,0.25019,0.36936,0.34346,0.36197,0.25373,0.32993,0.17823,0.36771,0.17245,0.39987,0.16436,0.43043,0.29955,0.37173,0.2464,0.34921,0.12404,0.67005,0.20585,0.64689,0.14068,0.61023,0.20307,0.58803,0.28072,0.63724,0.35837,0.61891,0.30568,0.58128,0.15397,0.58154,0.25036,0.5664,0.13298,0.64156,0.11839,0.70465,0.1757,0.65606,0.21321,0.61691,0.24656,0.63648,0.20279,0.67999,0.31637,0.61473],\"triangles\":[65,68,66,66,68,67,130,73,72,71,130,72,130,74,73,1,0,81,80,1,81,117,68,65,64,117,65,70,130,71,133,75,74,130,133,74,69,127,70,127,130,70,117,127,69,117,69,68,138,1,80,79,138,80,127,141,130,141,133,130,138,2,1,133,76,75,132,77,76,133,132,76,141,129,133,117,126,127,78,138,79,116,126,117,135,78,77,132,135,77,129,140,133,54,56,55,135,138,78,140,132,133,126,141,127,54,57,56,136,135,132,135,139,138,60,62,61,64,116,117,137,3,138,138,3,2,63,116,64,60,63,62,126,129,141,139,137,138,140,136,132,136,139,135,101,102,175,136,134,139,131,136,140,54,88,57,102,63,60,175,102,60,115,125,126,115,126,116,126,125,129,125,128,129,175,60,59,58,175,59,89,175,58,63,115,116,128,140,129,57,89,58,128,131,140,88,89,57,102,103,63,103,115,63,134,137,139,134,124,137,88,174,89,137,123,3,87,88,54,53,87,54,131,134,136,89,176,175,176,101,175,181,103,102,123,4,3,114,125,115,101,181,102,124,123,137,174,176,89,90,176,174,125,120,128,131,122,134,87,174,88,100,181,101,176,100,101,114,119,125,103,114,115,128,121,131,173,90,174,87,173,174,122,124,134,121,122,131,180,103,181,100,180,181,90,100,176,120,121,128,104,114,103,177,100,90,91,177,90,119,120,125,124,142,123,173,91,90,118,119,114,53,86,87,177,180,100,180,104,103,120,159,121,121,151,122,142,4,123,151,150,122,86,173,87,122,150,124,150,142,124,142,5,4,119,160,120,99,180,177,86,91,173,104,113,114,113,118,114,85,86,53,91,178,177,178,99,177,159,151,121,92,178,91,172,92,91,86,172,91,99,179,180,179,104,180,105,113,104,149,142,150,52,85,53,160,159,120,158,151,159,167,160,119,151,152,150,179,105,104,85,172,86,178,92,99,92,179,99,152,149,150,92,98,179,143,5,142,118,167,119,160,158,159,149,143,142,93,98,92,158,152,151,98,105,179,143,6,5,161,158,160,167,200,160,112,167,118,171,92,172,85,171,172,113,112,118,84,85,52,105,106,113,171,93,92,200,161,160,47,84,52,157,152,158,166,200,167,106,112,113,112,166,167,98,106,105,182,106,98,144,6,143,148,143,149,152,148,149,51,50,52,50,47,52,161,157,158,84,171,85,148,144,143,93,188,98,47,83,84,106,107,112,111,166,112,157,153,152,153,148,152,107,111,112,84,93,171,144,7,6,111,201,166,84,170,93,188,182,98,201,210,200,201,200,166,170,188,93,188,97,182,161,162,157,182,107,106,193,97,188,147,144,148,153,147,148,162,156,157,156,153,157,210,161,200,210,199,161,170,94,188,183,107,182,199,162,161,97,183,182,94,193,188,83,170,84,47,46,83,108,111,107,111,203,201,147,145,144,145,7,144,48,50,49,201,165,210,165,199,210,185,183,97,189,94,170,83,189,170,203,165,201,154,147,153,183,108,107,187,97,193,94,187,193,154,146,147,146,145,147,48,47,50,110,203,111,108,110,111,187,185,97,165,208,199,208,162,199,156,154,153,194,187,94,189,194,94,209,156,162,145,8,7,169,189,83,184,108,183,207,208,165,203,198,165,198,207,165,46,82,83,185,96,183,96,184,183,155,154,156,169,194,189,82,169,83,208,196,162,196,209,162,186,185,187,95,186,187,194,95,187,110,198,203,207,196,208,169,95,194,163,205,156,205,155,156,209,163,156,12,8,145,186,96,185,192,184,96,196,206,209,190,186,95,202,198,110,32,110,108,146,13,145,168,95,169,82,168,169,154,14,146,12,11,8,191,96,186,168,190,95,33,32,108,198,164,207,164,196,207,184,33,108,13,12,145,109,202,110,32,109,110,164,206,196,197,164,198,202,197,198,190,191,186,206,163,209,34,33,184,14,13,146,11,9,8,190,38,191,192,35,184,15,14,154,191,192,96,35,34,184,155,15,154,195,163,206,164,204,206,39,38,190,40,39,190,82,41,168,41,40,168,40,190,168,36,192,191,37,36,191,38,37,191,204,195,206,17,15,155,46,45,41,197,204,164,46,41,82,36,35,192,26,197,202,195,205,163,32,30,109,109,26,202,31,30,32,45,44,41,25,204,197,21,155,205,26,25,197,17,16,15,23,205,195,24,195,204,25,24,204,44,42,41,11,10,9,29,26,109,21,20,155,30,29,109,24,23,195,23,22,205,22,21,205,20,17,155,29,28,26,43,42,44,20,19,17,18,19,17,27,28,26],\"weights\":[2,25,0.00002,33,0.99997,2,31,0.00003,33,0.99996,2,31,0.00038,33,0.99961,1,25,1,1,25,1,1,31,1,1,31,1,1,31,1,1,31,1,1,31,0.99999,1,31,0.99999,2,31,0.99724,44,0.00275,2,31,0.87971,44,0.12028,2,31,0.69134,44,0.30864,2,31,0.40202,44,0.59797,2,31,0.20537,44,0.79462,2,31,0.11281,44,0.88718,2,31,0.03506,44,0.96492,2,44,0.99948,38,0.00051,3,31,0.01171,44,0.98795,38,0.00032,1,44,1,3,44,0.61808,38,0.03427,32,0.34762,3,44,0.30785,38,0.06213,32,0.63,3,44,0.25273,38,0.08607,32,0.66119,3,44,0.14878,38,0.13121,32,0.72,3,44,0.07238,38,0.57728,32,0.35032,1,38,1,1,38,1,1,38,1,1,38,1,1,34,1,1,34,1,1,34,1,1,34,1,1,34,1,2,34,0.74731,45,0.25268,2,34,0.53394,45,0.46605,2,34,0.13,45,0.87,2,25,0.14,45,0.86,3,25,0.11562,34,0.05856,45,0.8258,3,25,0.25,34,0.00495,45,0.74504,1,25,1,1,25,1,1,25,1,1,25,1,1,25,1,1,25,1,1,25,1,1,25,1,1,25,1,1,25,1,1,25,1,1,25,1,1,25,1,1,25,1,1,25,1,1,25,1,1,43,0.99999,1,43,0.99999,2,28,0.32144,43,0.67855,2,28,0.92638,43,0.07361,1,28,1,1,28,1,1,28,1,1,39,1,1,39,1,1,39,1,1,39,1,1,39,1,2,47,0.34257,39,0.65742,2,47,0.61145,39,0.38854,2,47,0.8721,39,0.12789,1,47,1,1,47,1,3,25,0.01097,33,0.03618,47,0.95283,3,25,0.03644,33,0.0965,47,0.86704,3,25,0.07671,33,0.21888,47,0.70439,3,25,0.10871,33,0.46268,47,0.4286,3,25,0.06959,33,0.71544,47,0.21496,3,25,0.02091,33,0.89765,47,0.08143,3,25,0.00116,33,0.99297,47,0.00586,1,33,1,1,25,1,1,25,1,1,25,1,1,25,1,1,25,1,1,25,1,1,25,1,1,43,1,1,43,1,1,43,1,1,43,1,1,25,1,1,45,1,1,45,1,2,34,0.17,45,0.83,3,25,0.01559,34,0.47024,45,0.51415,1,25,1,3,25,0.06426,28,0.66358,43,0.27214,2,28,0.74672,43,0.25327,2,28,0.57378,43,0.42621,1,28,1,1,28,1,1,28,1,1,25,1,1,34,1,1,34,1,1,34,1,1,38,1,1,38,1,1,38,1,1,38,1,1,38,1,1,39,1,1,39,1,1,39,1,1,39,1,1,25,1,1,25,1,1,25,1,1,25,1,1,25,1,1,25,1,1,25,1,3,25,0.29461,47,0.29815,39,0.40721,2,47,0.63533,39,0.36466,2,47,0.53791,39,0.46208,3,25,0.05177,33,0.00709,47,0.94112,1,47,1,2,47,0.90923,39,0.09076,3,25,0.50883,33,0.08933,47,0.40183,3,25,0.137,33,0.28178,47,0.58119,3,25,0.04766,33,0.09355,47,0.85878,1,25,1,3,25,0.14838,33,0.53445,47,0.31716,3,25,0.60619,33,0.23018,47,0.16362,1,25,1,3,25,0.05303,33,0.84765,47,0.0993,3,25,0.22974,33,0.71418,47,0.05607,3,25,0.14713,33,0.0962,47,0.75666,2,47,0.82683,39,0.17316,3,25,0.17165,31,0.80527,44,0.02307,3,25,0.03145,31,0.93294,44,0.03558,3,25,0.00927,31,0.91818,44,0.07254,3,25,0.00037,31,0.84715,44,0.15245,3,25,0.00248,31,0.55905,44,0.43845,3,25,0.02285,31,0.5477,44,0.42944,3,25,0.10338,31,0.62431,44,0.27228,3,25,0.25587,31,0.59687,44,0.14725,3,25,0.64844,31,0.25813,44,0.09342,3,25,0.68605,31,0.04814,44,0.26578,3,25,0.29679,31,0.28535,44,0.41785,3,25,0.0151,31,0.18827,44,0.79662,3,25,0.00123,31,0.29673,44,0.70203,1,44,1,1,44,1,1,44,1,1,44,1,1,44,1,3,25,0.66364,44,0.28019,38,0.05615,3,25,0.04587,44,0.84404,38,0.11007,3,25,0.00708,44,0.71533,38,0.27757,2,44,0.73569,38,0.26429,3,44,0.07186,38,0.20813,32,0.72,4,25,0.00634,44,0.03912,38,0.23453,32,0.72,4,25,0.0796,44,0.05945,38,0.14094,32,0.72,3,25,0.84261,44,0.04886,38,0.10852,3,25,0.41689,34,0.00166,45,0.58143,3,25,0.52227,34,0.0004,45,0.47731,2,25,0.43186,45,0.56813,1,25,1,2,25,0.57333,43,0.42666,2,25,0.43504,43,0.56495,2,25,0.44939,43,0.5506,2,28,0.34059,43,0.6594,2,28,0.32541,43,0.67458,3,25,0.02233,28,0.48318,43,0.49448,3,25,0.03388,28,0.34987,43,0.61624,3,25,0.50407,28,0.35833,43,0.13759,3,25,0.00985,28,0.77181,43,0.21832,2,28,0.81084,43,0.18915,3,25,0.22977,34,0.60464,45,0.16558,3,25,0.00182,34,0.63062,45,0.36754,2,34,0.70424,45,0.29575,3,25,0.00097,34,0.33664,45,0.66237,1,45,1,1,45,1,3,25,0.55276,34,0.2337,45,0.21353,3,25,0.38759,34,0.00016,45,0.61223,3,25,0.16849,34,0.0325,45,0.799,2,34,0.21,45,0.79,2,34,0.4931,45,0.50689,1,45,1,3,25,0.18584,34,0.0375,45,0.77665,3,44,0.18086,38,0.09913,32,0.72,4,25,0.00093,44,0.13435,38,0.1447,32,0.72,3,44,0.04036,38,0.23962,32,0.72,3,25,0.00113,44,0.19063,38,0.80822,4,25,0.00632,44,0.13761,38,0.13605,32,0.72,4,25,0.04165,44,0.15727,38,0.08106,32,0.72,4,25,0.01494,44,0.06149,38,0.20355,32,0.72,1,38,1,4,25,0.00265,44,0.01634,38,0.68002,32,0.30096,3,44,0.11369,38,0.1663,32,0.72,3,44,0.49447,38,0.06089,32,0.44462,4,25,0.00032,44,0.35343,38,0.20794,32,0.43828,4,25,0.00173,44,0.14511,38,0.43184,32,0.4213,4,25,0.00467,44,0.28064,38,0.28826,32,0.4264,4,25,0.00029,44,0.54025,38,0.13064,32,0.32879,4,25,0.02177,44,0.12343,38,0.13478,32,0.72],\"slotPose\":[1,0,0,1,0,0],\"bonePose\":[25,-0.28435,-0.958721,0.958721,-0.28435,-62.968739,-133.022321,31,-0.988148,0.153503,-0.153503,-0.988148,-76.255338,-132.242068,33,0.999932,0.011693,-0.011693,0.999932,-55.545264,-133.419585,28,0.993171,-0.116671,0.116671,0.993171,-108.674413,-303.899636,47,0.997767,-0.066796,0.066796,0.997767,-61.008892,-218.659302,44,-0.976447,0.215758,-0.215758,-0.976447,-111.253908,-211.418056,38,-0.93606,0.351842,-0.351842,-0.93606,-113.36367,-283.170561,32,-0.958721,0.28435,-0.28435,-0.958721,-139.328414,-239.43198,34,-0.946818,0.32177,-0.32177,-0.946818,-115.699951,-302.723368,45,-0.967179,0.254096,-0.254096,-0.967179,-134.149951,-326.680821,43,0.990146,-0.140037,0.140037,0.990146,-100.246427,-332.437833,39,0.999415,-0.034202,0.034202,0.999415,-100.074516,-286.298449],\"edges\":[18,17,17,16,16,15,15,14,14,13,13,12,12,11,11,10,10,9,9,8,8,7,7,6,6,5,5,4,4,3,3,2,2,1,1,0,0,81,81,80,80,79,79,78,78,77,77,76,76,75,75,74,74,73,73,72,72,71,71,70,70,69,69,68,68,67,67,66,66,65,65,64,64,63,63,62,62,61,61,60,60,59,59,58,58,57,57,56,56,55,55,54,54,53,53,52,52,51,51,50,50,49,49,48,48,47,47,46,46,45,45,44,44,43,43,42,42,41,41,40,40,39,39,38,38,37,37,36,36,35,35,34,34,33,33,32,32,31,31,30,30,29,29,28,28,27,27,26,26,25,25,24,24,23,23,22,22,21,21,20,20,19,19,18],\"userEdges\":[]}]}]}],\"animation\":[{\"duration\":90,\"name\":\"animation\",\"bone\":[{\"name\":\"chuan\",\"translateFrame\":[{\"duration\":25,\"tweenEasing\":0},{\"duration\":20,\"curve\":[0.25,0,0.75,1],\"x\":7.02,\"y\":-18.53},{\"duration\":15,\"curve\":[0.25,0,0.75,1],\"x\":7.02,\"y\":-18.53},{\"duration\":30,\"curve\":[0.25,0,0.75,1],\"x\":11},{\"duration\":0}],\"rotateFrame\":[{\"duration\":25,\"tweenEasing\":0},{\"duration\":20,\"curve\":[0.25,0,0.75,1]},{\"duration\":15,\"curve\":[0.25,0,0.75,1],\"rotate\":7.1},{\"duration\":30,\"curve\":[0.25,0,0.75,1],\"rotate\":7.1},{\"duration\":0}]},{\"name\":\"bone20\",\"translateFrame\":[{\"duration\":15,\"tweenEasing\":0,\"x\":0.64,\"y\":-1.33},{\"duration\":40,\"tweenEasing\":0},{\"duration\":35,\"tweenEasing\":0,\"x\":2.13,\"y\":-4.45},{\"duration\":0,\"x\":0.64,\"y\":-1.33}],\"rotateFrame\":[{\"duration\":15,\"tweenEasing\":0,\"rotate\":-0.38},{\"duration\":40,\"tweenEasing\":0,\"rotate\":1.11},{\"duration\":35,\"tweenEasing\":0,\"rotate\":-3.87},{\"duration\":0,\"rotate\":-0.38}]},{\"name\":\"bone3\",\"rotateFrame\":[{\"duration\":7,\"tweenEasing\":0,\"rotate\":16.64},{\"duration\":25,\"tweenEasing\":0,\"rotate\":19.74},{\"duration\":13,\"tweenEasing\":0,\"rotate\":-8.35},{\"duration\":20,\"tweenEasing\":0,\"rotate\":-15.63},{\"duration\":3,\"tweenEasing\":0,\"rotate\":-2.76},{\"duration\":22,\"tweenEasing\":0,\"rotate\":-0.33},{\"duration\":0,\"rotate\":16.64}]},{\"name\":\"bone7\",\"rotateFrame\":[{\"duration\":40,\"tweenEasing\":0,\"rotate\":1.34},{\"duration\":50,\"tweenEasing\":0,\"rotate\":6.63},{\"duration\":0,\"rotate\":1.34}]},{\"name\":\"bone12\",\"translateFrame\":[{\"duration\":23,\"tweenEasing\":0,\"x\":2.53,\"y\":0.25},{\"duration\":22,\"tweenEasing\":0,\"x\":-2.13,\"y\":-0.46},{\"duration\":23,\"tweenEasing\":0},{\"duration\":22,\"tweenEasing\":0,\"x\":-2.13,\"y\":-0.46},{\"duration\":0,\"x\":2.53,\"y\":0.25}]},{\"name\":\"bone13\",\"translateFrame\":[{\"duration\":22,\"tweenEasing\":0},{\"duration\":23,\"tweenEasing\":0,\"x\":1.86,\"y\":-0.47},{\"duration\":22,\"tweenEasing\":0},{\"duration\":23,\"tweenEasing\":0,\"x\":1.86,\"y\":-0.47},{\"duration\":0}]},{\"name\":\"bone16\",\"translateFrame\":[{\"duration\":23,\"tweenEasing\":0,\"x\":2.53,\"y\":0.25},{\"duration\":22,\"tweenEasing\":0,\"x\":-2.13,\"y\":-0.46},{\"duration\":23,\"tweenEasing\":0},{\"duration\":22,\"tweenEasing\":0,\"x\":-2.13,\"y\":-0.46},{\"duration\":0,\"x\":2.53,\"y\":0.25}]},{\"name\":\"bone17\",\"translateFrame\":[{\"duration\":22,\"tweenEasing\":0},{\"duration\":23,\"tweenEasing\":0,\"x\":1.86,\"y\":-0.47},{\"duration\":22,\"tweenEasing\":0},{\"duration\":23,\"tweenEasing\":0,\"x\":1.86,\"y\":-0.47},{\"duration\":0}]},{\"name\":\"bone4\",\"rotateFrame\":[{\"duration\":7,\"tweenEasing\":0,\"rotate\":11.96},{\"duration\":25,\"tweenEasing\":0,\"rotate\":15.07},{\"duration\":13,\"tweenEasing\":0,\"rotate\":-13.02},{\"duration\":20,\"tweenEasing\":0,\"rotate\":-20.3},{\"duration\":3,\"tweenEasing\":0,\"rotate\":-7.44},{\"duration\":22,\"tweenEasing\":0,\"rotate\":-5.01},{\"duration\":0,\"rotate\":11.96}]},{\"name\":\"bone10\",\"translateFrame\":[{\"duration\":20,\"tweenEasing\":0},{\"duration\":35,\"tweenEasing\":0,\"x\":-17.94,\"y\":0.2},{\"duration\":35,\"tweenEasing\":0,\"x\":20.63,\"y\":-0.23},{\"duration\":0}]},{\"name\":\"bone14\",\"translateFrame\":[{\"duration\":5,\"tweenEasing\":0},{\"duration\":6,\"tweenEasing\":0,\"x\":-1.97,\"y\":-3.48},{\"duration\":6,\"tweenEasing\":0},{\"duration\":5,\"tweenEasing\":0,\"x\":-1.97,\"y\":-3.48},{\"duration\":6,\"tweenEasing\":0},{\"duration\":5,\"tweenEasing\":0,\"x\":-1.97,\"y\":-3.48},{\"duration\":6,\"tweenEasing\":0},{\"duration\":6,\"tweenEasing\":0,\"x\":-1.97,\"y\":-3.48},{\"duration\":5,\"tweenEasing\":0},{\"duration\":6,\"tweenEasing\":0,\"x\":-1.97,\"y\":-3.48},{\"duration\":6,\"tweenEasing\":0},{\"duration\":5,\"tweenEasing\":0,\"x\":-1.97,\"y\":-3.48},{\"duration\":6,\"tweenEasing\":0},{\"duration\":5,\"tweenEasing\":0,\"x\":-1.97,\"y\":-3.48},{\"duration\":6,\"tweenEasing\":0},{\"duration\":6,\"tweenEasing\":0,\"x\":-1.97,\"y\":-3.48},{\"duration\":0}],\"rotateFrame\":[{\"duration\":90,\"rotate\":4.05}]},{\"name\":\"bone18\",\"translateFrame\":[{\"duration\":11,\"tweenEasing\":0},{\"duration\":12,\"tweenEasing\":0,\"x\":0.41,\"y\":1.09},{\"duration\":11,\"tweenEasing\":0},{\"duration\":11,\"tweenEasing\":0,\"x\":2.88,\"y\":0.95},{\"duration\":12,\"tweenEasing\":0},{\"duration\":11,\"tweenEasing\":0,\"x\":1.59,\"y\":0.91},{\"duration\":11,\"tweenEasing\":0},{\"duration\":11,\"tweenEasing\":0,\"x\":2.38,\"y\":1.14},{\"duration\":0}]},{\"name\":\"bone22\",\"rotateFrame\":[{\"duration\":10,\"tweenEasing\":0,\"rotate\":-0.58},{\"duration\":22,\"tweenEasing\":0,\"rotate\":2.8},{\"duration\":23,\"tweenEasing\":0,\"rotate\":-4.97},{\"duration\":22,\"tweenEasing\":0,\"rotate\":2.8},{\"duration\":13,\"tweenEasing\":0,\"rotate\":-4.97},{\"duration\":0,\"rotate\":-0.58}],\"scaleFrame\":[{\"duration\":10,\"tweenEasing\":0,\"x\":0.94},{\"duration\":22,\"tweenEasing\":0},{\"duration\":23,\"tweenEasing\":0,\"x\":0.87},{\"duration\":22,\"tweenEasing\":0},{\"duration\":13,\"tweenEasing\":0,\"x\":0.87},{\"duration\":0,\"x\":0.94}]},{\"name\":\"bone5\",\"rotateFrame\":[{\"duration\":7,\"tweenEasing\":0,\"rotate\":10.33},{\"duration\":25,\"tweenEasing\":0,\"rotate\":13.44},{\"duration\":13,\"tweenEasing\":0,\"rotate\":-14.66},{\"duration\":20,\"tweenEasing\":0,\"rotate\":-21.93},{\"duration\":3,\"tweenEasing\":0,\"rotate\":-9.07},{\"duration\":22,\"tweenEasing\":0,\"rotate\":-6.64},{\"duration\":0,\"rotate\":10.33}]},{\"name\":\"bone23\",\"rotateFrame\":[{\"duration\":22,\"tweenEasing\":0,\"rotate\":7.96},{\"duration\":23,\"tweenEasing\":0,\"rotate\":-4.97},{\"duration\":22,\"tweenEasing\":0,\"rotate\":7.96},{\"duration\":23,\"tweenEasing\":0,\"rotate\":-4.97},{\"duration\":0,\"rotate\":7.96}]},{\"name\":\"bone6\",\"rotateFrame\":[{\"duration\":10,\"tweenEasing\":0,\"rotate\":23.06},{\"duration\":10,\"tweenEasing\":0,\"rotate\":35.53},{\"duration\":35,\"tweenEasing\":0,\"rotate\":55.08},{\"duration\":11,\"tweenEasing\":0,\"rotate\":10.5},{\"duration\":24,\"tweenEasing\":0,\"rotate\":-6.89},{\"duration\":0,\"rotate\":23.06}]},{\"name\":\"bone24\",\"translateFrame\":[{\"duration\":45,\"tweenEasing\":0},{\"duration\":45,\"tweenEasing\":0,\"x\":-0.04,\"y\":-2.86},{\"duration\":90}],\"rotateFrame\":[{\"duration\":5,\"tweenEasing\":0,\"rotate\":-1.79},{\"duration\":23,\"tweenEasing\":0,\"rotate\":-3.14},{\"duration\":17,\"tweenEasing\":0,\"rotate\":2.94},{\"duration\":5,\"tweenEasing\":0,\"rotate\":-1.79},{\"duration\":23,\"tweenEasing\":0,\"rotate\":-3.14},{\"duration\":17,\"tweenEasing\":0,\"rotate\":2.94},{\"duration\":0,\"rotate\":-1.79}]},{\"name\":\"bone25\",\"translateFrame\":[{\"duration\":11,\"tweenEasing\":0},{\"duration\":11,\"tweenEasing\":0,\"x\":-0.11,\"y\":4.08},{\"duration\":12,\"tweenEasing\":0},{\"duration\":11,\"tweenEasing\":0,\"x\":-0.11,\"y\":4.08},{\"duration\":11,\"tweenEasing\":0},{\"duration\":11,\"tweenEasing\":0,\"x\":-0.11,\"y\":4.08},{\"duration\":12,\"tweenEasing\":0},{\"duration\":11,\"tweenEasing\":0,\"x\":-0.11,\"y\":4.08},{\"duration\":0}],\"rotateFrame\":[{\"duration\":45,\"tweenEasing\":0,\"rotate\":1.88},{\"duration\":45,\"tweenEasing\":0,\"rotate\":-3.82},{\"duration\":0,\"rotate\":1.88}]},{\"name\":\"bone26\",\"rotateFrame\":[{\"duration\":3,\"tweenEasing\":0,\"rotate\":-2.46},{\"duration\":22,\"tweenEasing\":0,\"rotate\":-3.14},{\"duration\":20,\"tweenEasing\":0,\"rotate\":2.94},{\"duration\":3,\"tweenEasing\":0,\"rotate\":-2.46},{\"duration\":22,\"tweenEasing\":0,\"rotate\":-3.14},{\"duration\":20,\"tweenEasing\":0,\"rotate\":2.94},{\"duration\":0,\"rotate\":-2.46}]},{\"name\":\"bone27\",\"rotateFrame\":[{\"duration\":10,\"tweenEasing\":0},{\"duration\":10,\"tweenEasing\":0,\"rotate\":-3.09},{\"duration\":10,\"tweenEasing\":0,\"rotate\":-0.12},{\"duration\":10,\"tweenEasing\":0,\"rotate\":2.6},{\"duration\":10,\"tweenEasing\":0,\"rotate\":3.96},{\"duration\":10,\"tweenEasing\":0,\"rotate\":-3.09},{\"duration\":10,\"tweenEasing\":0,\"rotate\":-0.12},{\"duration\":10,\"tweenEasing\":0,\"rotate\":2.6},{\"duration\":10,\"tweenEasing\":0,\"rotate\":3.96},{\"duration\":0}]},{\"name\":\"bone28\",\"rotateFrame\":[{\"duration\":10,\"tweenEasing\":0,\"rotate\":-16.24},{\"duration\":10,\"tweenEasing\":0,\"rotate\":-21.63},{\"duration\":10,\"tweenEasing\":0,\"rotate\":-22.24},{\"duration\":10,\"tweenEasing\":0,\"rotate\":-11.86},{\"duration\":10,\"tweenEasing\":0,\"rotate\":-6.03},{\"duration\":10,\"tweenEasing\":0,\"rotate\":-21.63},{\"duration\":10,\"tweenEasing\":0,\"rotate\":-22.24},{\"duration\":10,\"tweenEasing\":0,\"rotate\":-11.86},{\"duration\":10,\"tweenEasing\":0,\"rotate\":-6.03},{\"duration\":0,\"rotate\":-16.24}]},{\"name\":\"bone29\",\"rotateFrame\":[{\"duration\":10,\"tweenEasing\":0,\"rotate\":-8.45},{\"duration\":10,\"tweenEasing\":0,\"rotate\":-2.33},{\"duration\":10,\"tweenEasing\":0,\"rotate\":-10.99},{\"duration\":10,\"tweenEasing\":0,\"rotate\":-21.33},{\"duration\":10,\"tweenEasing\":0,\"rotate\":-13.4},{\"duration\":10,\"tweenEasing\":0,\"rotate\":-2.33},{\"duration\":10,\"tweenEasing\":0,\"rotate\":-10.99},{\"duration\":10,\"tweenEasing\":0,\"rotate\":-21.33},{\"duration\":10,\"tweenEasing\":0,\"rotate\":-13.4},{\"duration\":0,\"rotate\":-8.45}]},{\"name\":\"bone30\",\"rotateFrame\":[{\"duration\":10,\"tweenEasing\":0,\"rotate\":1.64},{\"duration\":10,\"tweenEasing\":0,\"rotate\":9.63},{\"duration\":10,\"tweenEasing\":0,\"rotate\":-7.84},{\"duration\":10,\"tweenEasing\":0,\"rotate\":-22.62},{\"duration\":10,\"tweenEasing\":0,\"rotate\":-6.08},{\"duration\":10,\"tweenEasing\":0,\"rotate\":9.63},{\"duration\":10,\"tweenEasing\":0,\"rotate\":-7.84},{\"duration\":10,\"tweenEasing\":0,\"rotate\":-22.62},{\"duration\":10,\"tweenEasing\":0,\"rotate\":-6.08},{\"duration\":0,\"rotate\":1.64}]},{\"name\":\"xx\",\"rotateFrame\":[{\"duration\":33,\"tweenEasing\":0},{\"duration\":9,\"tweenEasing\":0},{\"duration\":48,\"rotate\":60}],\"scaleFrame\":[{\"duration\":33,\"tweenEasing\":0},{\"duration\":9,\"tweenEasing\":0},{\"duration\":48,\"x\":0.3,\"y\":0.3}]},{\"name\":\"jinzi1\",\"translateFrame\":[{\"duration\":33,\"x\":-1.15,\"y\":-55.13},{\"duration\":10,\"tweenEasing\":0,\"x\":-1.15,\"y\":-55.13},{\"duration\":24,\"tweenEasing\":0,\"x\":-19.08,\"y\":26.78},{\"duration\":23,\"tweenEasing\":0,\"x\":-37.95,\"y\":198.02},{\"duration\":0,\"x\":-1.15,\"y\":-55.13}],\"scaleFrame\":[{\"duration\":33,\"x\":0.7,\"y\":0.7},{\"duration\":10,\"tweenEasing\":0,\"x\":0.7,\"y\":0.7},{\"duration\":24,\"tweenEasing\":0,\"x\":0.7,\"y\":0.8},{\"duration\":23,\"x\":0.8,\"y\":0.8}]},{\"name\":\"jinzi09\",\"translateFrame\":[{\"duration\":13},{\"duration\":4,\"tweenEasing\":0,\"y\":-31.55},{\"duration\":2,\"tweenEasing\":0,\"y\":18.49},{\"duration\":2,\"tweenEasing\":0,\"y\":41.88},{\"duration\":2,\"tweenEasing\":0,\"y\":52.76},{\"duration\":2,\"tweenEasing\":0,\"y\":70.17},{\"duration\":2,\"tweenEasing\":0,\"y\":85.95},{\"duration\":2,\"tweenEasing\":0,\"y\":97.91},{\"duration\":2,\"tweenEasing\":0,\"y\":109.88},{\"duration\":2,\"tweenEasing\":0,\"y\":120.76},{\"duration\":57,\"y\":137.63},{\"duration\":0}]},{\"name\":\"jinzi05\",\"translateFrame\":[{\"duration\":12},{\"duration\":8,\"tweenEasing\":0},{\"duration\":15,\"tweenEasing\":0,\"x\":-29.57,\"y\":38.22},{\"duration\":55,\"x\":-68.05,\"y\":154.64},{\"duration\":0,\"x\":-124.43,\"y\":167.02}]},{\"name\":\"xx2\",\"translateFrame\":[{\"duration\":14,\"tweenEasing\":0,\"x\":-10.66,\"y\":13.33},{\"duration\":21,\"x\":-10.66,\"y\":13.33},{\"duration\":10,\"tweenEasing\":0,\"x\":-41.88,\"y\":60.1},{\"duration\":20,\"x\":-41.88,\"y\":60.1},{\"duration\":15,\"tweenEasing\":0,\"x\":3.2,\"y\":-5.24},{\"duration\":10,\"tweenEasing\":0,\"x\":3.2,\"y\":-5.24},{\"duration\":0,\"x\":-10.66,\"y\":13.33}],\"rotateFrame\":[{\"duration\":4,\"tweenEasing\":0},{\"duration\":10,\"tweenEasing\":0},{\"duration\":21,\"rotate\":58.43},{\"duration\":10,\"tweenEasing\":0,\"rotate\":58.42},{\"duration\":20,\"rotate\":114.96},{\"duration\":15,\"tweenEasing\":0,\"rotate\":114.96},{\"duration\":10,\"rotate\":-103.07}],\"scaleFrame\":[{\"duration\":4,\"tweenEasing\":0},{\"duration\":10,\"tweenEasing\":0},{\"duration\":21,\"x\":0.3,\"y\":0.3},{\"duration\":10,\"tweenEasing\":0,\"x\":0.7,\"y\":0.7},{\"duration\":20,\"x\":0.2,\"y\":0.2},{\"duration\":15,\"tweenEasing\":0,\"x\":1.2,\"y\":1.2},{\"duration\":10,\"x\":0.5,\"y\":0.5}]},{\"name\":\"bone\",\"translateFrame\":[{\"duration\":5,\"tweenEasing\":0,\"x\":5.91,\"y\":0.73},{\"duration\":6,\"tweenEasing\":0,\"x\":0.46,\"y\":5.79},{\"duration\":6,\"tweenEasing\":0,\"x\":5.91,\"y\":0.73},{\"duration\":5,\"tweenEasing\":0,\"x\":0.46,\"y\":5.79},{\"duration\":6,\"tweenEasing\":0,\"x\":5.91,\"y\":0.73},{\"duration\":5,\"tweenEasing\":0,\"x\":0.46,\"y\":5.79},{\"duration\":6,\"tweenEasing\":0,\"x\":5.91,\"y\":0.73},{\"duration\":6,\"tweenEasing\":0,\"x\":0.46,\"y\":5.79},{\"duration\":5,\"tweenEasing\":0,\"x\":5.91,\"y\":0.73},{\"duration\":6,\"tweenEasing\":0,\"x\":0.46,\"y\":5.79},{\"duration\":6,\"tweenEasing\":0,\"x\":5.91,\"y\":0.73},{\"duration\":5,\"tweenEasing\":0,\"x\":0.46,\"y\":5.79},{\"duration\":6,\"tweenEasing\":0,\"x\":5.91,\"y\":0.73},{\"duration\":5,\"tweenEasing\":0,\"x\":0.46,\"y\":5.79},{\"duration\":6,\"tweenEasing\":0,\"x\":5.91,\"y\":0.73},{\"duration\":6,\"tweenEasing\":0,\"x\":0.46,\"y\":5.79},{\"duration\":0,\"x\":5.91,\"y\":0.73}]},{\"name\":\"bone31\",\"rotateFrame\":[{\"duration\":35,\"tweenEasing\":0,\"rotate\":-18.59},{\"duration\":10,\"tweenEasing\":0,\"rotate\":-51.92},{\"duration\":35,\"tweenEasing\":0,\"rotate\":-46.36},{\"duration\":10,\"tweenEasing\":0,\"rotate\":-25.88},{\"duration\":0,\"rotate\":-18.59}]},{\"name\":\"ppp\",\"translateFrame\":[{\"duration\":25,\"tweenEasing\":0,\"x\":-5.76,\"y\":19.87},{\"duration\":35,\"tweenEasing\":0,\"x\":17.3,\"y\":-16.66},{\"tweenEasing\":0,\"x\":41.66,\"y\":-76.91},{\"duration\":11,\"tweenEasing\":0,\"x\":35.58,\"y\":10.28},{\"duration\":18,\"tweenEasing\":0,\"x\":23.41,\"y\":-0.53},{\"duration\":0,\"x\":18.68,\"y\":-16.75}],\"rotateFrame\":[{\"duration\":25,\"tweenEasing\":0},{\"duration\":35,\"tweenEasing\":0},{\"duration\":30,\"rotate\":-60}],\"scaleFrame\":[{\"duration\":60,\"tweenEasing\":0,\"x\":0.7,\"y\":0.7},{\"tweenEasing\":0,\"x\":0.7,\"y\":0.7},{\"duration\":29,\"x\":0.4,\"y\":0.4}]},{\"name\":\"ppp2\",\"translateFrame\":[{\"duration\":30,\"tweenEasing\":0,\"x\":-224.34,\"y\":30.12},{\"duration\":60,\"tweenEasing\":0,\"x\":-264.73,\"y\":-6.4},{\"duration\":0,\"x\":-256.39,\"y\":-62.17}],\"rotateFrame\":[{\"duration\":30,\"tweenEasing\":0},{\"duration\":60,\"tweenEasing\":0},{\"duration\":0,\"rotate\":25}],\"scaleFrame\":[{\"duration\":90,\"x\":0.4,\"y\":0.4}]},{\"name\":\"ppp3\",\"translateFrame\":[{\"duration\":30,\"tweenEasing\":0,\"x\":28.75,\"y\":25.15},{\"duration\":45,\"tweenEasing\":0,\"x\":7.78,\"y\":-2.99},{\"duration\":15,\"x\":5.99,\"y\":-34.14}],\"scaleFrame\":[{\"duration\":90,\"x\":0.3,\"y\":0.3}]},{\"name\":\"ppp4\",\"translateFrame\":[{\"duration\":6,\"tweenEasing\":0,\"x\":-240.72,\"y\":21.6},{\"duration\":18,\"tweenEasing\":0,\"x\":-247.75,\"y\":7.88},{\"x\":-248.58,\"y\":-15.36},{\"duration\":28,\"tweenEasing\":0,\"x\":-241.39,\"y\":31.74},{\"duration\":37,\"tweenEasing\":0,\"x\":-239.6,\"y\":-8.98},{\"duration\":0,\"x\":-248.58,\"y\":-61.09}],\"scaleFrame\":[{\"duration\":24,\"tweenEasing\":0,\"x\":0.4,\"y\":0.4},{\"x\":0.4,\"y\":0.4},{\"duration\":65,\"x\":0.7,\"y\":0.7}]},{\"name\":\"ppp5\",\"translateFrame\":[{\"duration\":20,\"tweenEasing\":0,\"x\":-278.53,\"y\":10.18},{\"duration\":35,\"tweenEasing\":0,\"x\":-273.74,\"y\":-29.35},{\"x\":-252.17,\"y\":-62.89},{\"duration\":12,\"tweenEasing\":0,\"x\":-252.17,\"y\":17.37},{\"duration\":22,\"tweenEasing\":0,\"x\":-257.57,\"y\":4.79},{\"duration\":0,\"x\":-258.16,\"y\":-20.36}],\"scaleFrame\":[{\"duration\":55,\"tweenEasing\":0,\"x\":0.3,\"y\":0.3},{\"x\":0.3,\"y\":0.3},{\"duration\":34,\"x\":0.4,\"y\":0.4}]},{\"name\":\"ppp6\",\"translateFrame\":[{\"duration\":15,\"tweenEasing\":0,\"x\":-159.53,\"y\":15.54},{\"duration\":30,\"tweenEasing\":0,\"x\":-173.05,\"y\":-4.05},{\"tweenEasing\":0,\"x\":-177.11,\"y\":-47.31},{\"duration\":16,\"tweenEasing\":0,\"x\":-139.93,\"y\":22.3},{\"duration\":28,\"tweenEasing\":0,\"x\":-127.08,\"y\":-9.46},{\"duration\":0,\"x\":-118.97,\"y\":-50.02}],\"scaleFrame\":[{\"duration\":15,\"tweenEasing\":0,\"x\":0.7,\"y\":0.7},{\"duration\":30,\"tweenEasing\":0,\"x\":0.7,\"y\":0.7},{\"duration\":45,\"x\":0.5,\"y\":0.5}]},{\"name\":\"ppp7\",\"translateFrame\":[{\"duration\":25,\"tweenEasing\":0,\"x\":30.41,\"y\":-9.46},{\"duration\":17,\"tweenEasing\":0,\"x\":27.41,\"y\":-36.11},{\"tweenEasing\":0,\"x\":16.54,\"y\":-47.78},{\"duration\":16,\"tweenEasing\":0,\"x\":5.4,\"y\":24.33},{\"duration\":31,\"tweenEasing\":0,\"x\":18.25,\"y\":-3.37},{\"duration\":0,\"x\":18.92,\"y\":-44.61}],\"scaleFrame\":[{\"duration\":42,\"tweenEasing\":0,\"x\":0.5,\"y\":0.5},{\"tweenEasing\":0,\"x\":0.5,\"y\":0.5},{\"duration\":47,\"x\":0.6,\"y\":0.6}]}],\"slot\":[{\"name\":\"ciguang00\",\"displayFrame\":[{\"duration\":2},{\"duration\":2,\"value\":1},{\"duration\":2,\"value\":2},{\"duration\":2,\"value\":3},{\"duration\":2,\"value\":4},{\"duration\":2,\"value\":5},{\"duration\":2,\"value\":6},{\"duration\":2,\"value\":7},{\"duration\":2,\"value\":8},{\"duration\":2,\"value\":9},{\"duration\":2,\"value\":10},{\"duration\":2,\"value\":11},{\"duration\":2,\"value\":12},{\"duration\":2,\"value\":13},{\"duration\":2,\"value\":14},{\"duration\":2},{\"duration\":2,\"value\":1},{\"duration\":2,\"value\":2},{\"duration\":2,\"value\":3},{\"duration\":2,\"value\":4},{\"duration\":2,\"value\":5},{\"duration\":2,\"value\":6},{\"duration\":2,\"value\":7},{\"duration\":2,\"value\":8},{\"duration\":2,\"value\":9},{\"duration\":2,\"value\":10},{\"duration\":2,\"value\":11},{\"duration\":2,\"value\":12},{\"duration\":2,\"value\":13},{\"duration\":2,\"value\":14},{\"duration\":2},{\"duration\":2,\"value\":1},{\"duration\":2,\"value\":2},{\"duration\":2,\"value\":3},{\"duration\":2,\"value\":4},{\"duration\":2,\"value\":5},{\"duration\":2,\"value\":6},{\"duration\":2,\"value\":7},{\"duration\":2,\"value\":8},{\"duration\":2,\"value\":9},{\"duration\":2,\"value\":10},{\"duration\":2,\"value\":11},{\"duration\":2,\"value\":12},{\"duration\":2,\"value\":13},{\"duration\":2,\"value\":14}]},{\"name\":\"jinzi_1\",\"colorFrame\":[{\"duration\":33,\"value\":{\"aM\":0}},{\"duration\":13,\"tweenEasing\":0,\"value\":{\"aM\":0}},{\"duration\":14},{\"duration\":6,\"tweenEasing\":0},{\"duration\":24,\"value\":{\"aM\":0}}]},{\"name\":\"jinzi_05\",\"colorFrame\":[{\"duration\":12,\"value\":{\"aM\":0}},{\"duration\":6,\"tweenEasing\":0,\"value\":{\"aM\":0}},{\"duration\":13},{\"duration\":4,\"tweenEasing\":0},{\"duration\":55,\"value\":{\"aM\":0}}]},{\"name\":\"jinzi_09\",\"colorFrame\":[{\"duration\":12,\"value\":{\"aM\":0}},{\"duration\":3,\"tweenEasing\":0,\"value\":{\"aM\":0}},{\"duration\":15},{\"duration\":4,\"tweenEasing\":0},{\"duration\":56,\"value\":{\"aM\":0}}]},{\"name\":\"ppp\",\"colorFrame\":[{\"duration\":25,\"tweenEasing\":0,\"value\":{\"aM\":0}},{\"duration\":35,\"tweenEasing\":0},{\"duration\":12,\"tweenEasing\":0,\"value\":{\"aM\":0}},{\"duration\":18,\"tweenEasing\":0},{\"duration\":0,\"value\":{\"aM\":0}}]},{\"name\":\"ppp2\",\"colorFrame\":[{\"duration\":30,\"tweenEasing\":0,\"value\":{\"aM\":0}},{\"duration\":60,\"tweenEasing\":0},{\"duration\":0,\"value\":{\"aM\":0}}]},{\"name\":\"ppp3\",\"colorFrame\":[{\"duration\":30,\"tweenEasing\":0,\"value\":{\"aM\":0}},{\"duration\":45,\"tweenEasing\":0},{\"duration\":15,\"value\":{\"aM\":0}}]},{\"name\":\"ppp4\",\"colorFrame\":[{\"duration\":6,\"tweenEasing\":0,\"value\":{\"aM\":0}},{\"duration\":18,\"tweenEasing\":0},{\"duration\":29,\"tweenEasing\":0,\"value\":{\"aM\":0}},{\"duration\":37,\"tweenEasing\":0},{\"duration\":0,\"value\":{\"aM\":0}}]},{\"name\":\"ppp5\",\"colorFrame\":[{\"duration\":20,\"tweenEasing\":0,\"value\":{\"aM\":0}},{\"duration\":35,\"tweenEasing\":0},{\"duration\":13,\"tweenEasing\":0,\"value\":{\"aM\":0}},{\"duration\":22,\"tweenEasing\":0},{\"duration\":0,\"value\":{\"aM\":0}}]},{\"name\":\"ppp6\",\"colorFrame\":[{\"duration\":15,\"tweenEasing\":0,\"value\":{\"aM\":0}},{\"duration\":30,\"tweenEasing\":0},{\"duration\":17,\"tweenEasing\":0,\"value\":{\"aM\":0}},{\"duration\":28,\"tweenEasing\":0},{\"duration\":0,\"value\":{\"aM\":0}}]},{\"name\":\"ppp7\",\"colorFrame\":[{\"duration\":25,\"tweenEasing\":0,\"value\":{\"aM\":0}},{\"duration\":17,\"tweenEasing\":0},{\"value\":{\"aM\":0}},{\"duration\":16,\"tweenEasing\":0,\"value\":{\"aM\":0}},{\"duration\":31,\"tweenEasing\":0},{\"duration\":0,\"value\":{\"aM\":0}}]},{\"name\":\"saoguang_00\",\"displayFrame\":[{\"duration\":25,\"value\":-1},{},{\"value\":1},{\"value\":2},{\"value\":3},{\"value\":4},{\"value\":5},{\"value\":6},{\"value\":7},{\"value\":8},{\"value\":9},{\"value\":10},{\"value\":11},{\"value\":12},{\"value\":13},{\"duration\":51,\"value\":-1}],\"colorFrame\":[{\"duration\":25,\"tweenEasing\":0},{\"tweenEasing\":0,\"value\":{\"aM\":53}},{\"duration\":64}]},{\"name\":\"shuixl_00\",\"displayFrame\":[{\"duration\":30,\"value\":-1},{\"duration\":2},{\"duration\":2,\"value\":1},{\"duration\":2,\"value\":2},{\"duration\":2,\"value\":3},{\"duration\":2,\"value\":4},{\"duration\":2,\"value\":5},{\"duration\":2,\"value\":6},{\"duration\":2,\"value\":7},{\"duration\":2,\"value\":8},{\"duration\":2,\"value\":9},{\"duration\":2,\"value\":10},{\"duration\":2,\"value\":11},{\"duration\":2,\"value\":12},{\"duration\":2,\"value\":13},{\"duration\":2,\"value\":14},{\"duration\":2,\"value\":15},{\"duration\":2,\"value\":16},{\"duration\":2,\"value\":17},{\"duration\":24,\"value\":-1}]},{\"name\":\"shuixl_0\",\"displayFrame\":[{\"duration\":3,\"value\":-1},{\"duration\":2},{\"duration\":2,\"value\":1},{\"duration\":2,\"value\":2},{\"duration\":2,\"value\":3},{\"duration\":2,\"value\":4},{\"duration\":2,\"value\":5},{\"duration\":2,\"value\":6},{\"duration\":2,\"value\":7},{\"duration\":2,\"value\":8},{\"duration\":2,\"value\":9},{\"duration\":2,\"value\":10},{\"duration\":2,\"value\":11},{\"duration\":2,\"value\":12},{\"duration\":2,\"value\":13},{\"duration\":2,\"value\":14},{\"duration\":2,\"value\":15},{\"duration\":2,\"value\":16},{\"duration\":2,\"value\":17},{\"duration\":51,\"value\":-1}]},{\"name\":\"shuixl_1\",\"displayFrame\":[{\"duration\":48,\"value\":-1},{\"duration\":2},{\"duration\":2,\"value\":1},{\"duration\":2,\"value\":2},{\"duration\":2,\"value\":3},{\"duration\":2,\"value\":4},{\"duration\":2,\"value\":5},{\"duration\":2,\"value\":6},{\"duration\":2,\"value\":7},{\"duration\":2,\"value\":8},{\"duration\":2,\"value\":9},{\"duration\":2,\"value\":10},{\"duration\":2,\"value\":11},{\"duration\":2,\"value\":12},{\"duration\":2,\"value\":13},{\"duration\":2,\"value\":14},{\"duration\":2,\"value\":15},{\"duration\":2,\"value\":16},{\"duration\":2,\"value\":17},{\"duration\":6,\"value\":-1}]},{\"name\":\"shuixl_2\",\"displayFrame\":[{\"duration\":2,\"value\":12},{\"duration\":2,\"value\":13},{\"duration\":2,\"value\":14},{\"duration\":2,\"value\":15},{\"duration\":2,\"value\":16},{\"duration\":2,\"value\":17},{\"duration\":56,\"value\":-1},{\"duration\":2},{\"duration\":2,\"value\":1},{\"duration\":2,\"value\":2},{\"duration\":2,\"value\":3},{\"duration\":2,\"value\":4},{\"duration\":2,\"value\":5},{\"duration\":2,\"value\":6},{\"duration\":2,\"value\":7},{\"duration\":2,\"value\":8},{\"duration\":2,\"value\":9},{\"duration\":2,\"value\":10},{\"duration\":0,\"value\":11}]},{\"name\":\"xx_09\",\"colorFrame\":[{\"duration\":32,\"value\":{\"aM\":0}},{\"tweenEasing\":0,\"value\":{\"aM\":0}},{\"duration\":7},{\"duration\":4,\"tweenEasing\":0},{\"duration\":46,\"value\":{\"aM\":0}}]},{\"name\":\"xx_9\",\"colorFrame\":[{\"duration\":4,\"tweenEasing\":0,\"value\":{\"aM\":0}},{\"duration\":8},{\"duration\":3,\"tweenEasing\":0},{\"duration\":19,\"value\":{\"aM\":0}},{\"tweenEasing\":0,\"value\":{\"aM\":0}},{\"duration\":8},{\"duration\":3,\"tweenEasing\":0},{\"duration\":18,\"value\":{\"aM\":0}},{\"tweenEasing\":0,\"value\":{\"aM\":0}},{\"duration\":12},{\"duration\":3,\"tweenEasing\":0},{\"duration\":10,\"value\":{\"aM\":0}}]},{\"name\":\"saoguang0001\",\"displayFrame\":[{\"duration\":39,\"value\":-1},{\"duration\":2,\"value\":23},{\"duration\":2,\"value\":22},{\"duration\":2,\"value\":21},{\"duration\":2,\"value\":20},{\"duration\":2,\"value\":19},{\"duration\":2,\"value\":18},{\"duration\":2,\"value\":17},{\"duration\":2,\"value\":16},{\"duration\":2,\"value\":15},{\"duration\":2,\"value\":14},{\"duration\":2,\"value\":13},{\"duration\":2,\"value\":12},{\"duration\":2,\"value\":11},{\"duration\":2,\"value\":10},{\"duration\":2,\"value\":9},{\"duration\":2,\"value\":8},{\"duration\":2,\"value\":7},{\"duration\":2,\"value\":6},{\"duration\":2,\"value\":5},{\"duration\":2,\"value\":4},{\"duration\":2,\"value\":3},{\"duration\":2,\"value\":2},{\"duration\":2,\"value\":1},{\"duration\":2},{\"duration\":3,\"value\":-1}]}],\"ffd\":[{\"name\":\"fan01\",\"slot\":\"fan011\",\"frame\":[{\"duration\":6,\"tweenEasing\":0},{\"duration\":6,\"tweenEasing\":0,\"offset\":172,\"vertices\":[2.46,-0.19,0,0,0,0,0,0,0,0,3.52,-1.96,3.52,-1.96,3.52,-1.96,4.85,-2.38,0,0,0,0,4.93,-2.21,5.01,-2.03,3.52,-1.96,0,0,0,0,0,0,0,0,0,0,0,0,0,0,0,0,0,0,0,0,0,0,0,0,0,0,0,0,0,0,0,0,0,0,0,0,0,0,0,0,0,0,0,0,0,0,0,0,0,0,0,0,0,0,0,0,0,0,0,0,0,0,0,0,0,0,0,0,0,0,0,0,0,0,0,0,0,0,0,0,0,0,0,0,0,0,0,0,0,0,0,0,0,0,0,0,0,0,0,0,0,0,0,0,0,0,0,0,0,0,0,0,0,0,0,0,0,0,0,0,0,0,0,0,0,0,0,0,0,0,0,0,0,0,0,0,0,0,0,0,4.93,-2.23,5.01,-2.03,5.01,-2.03,5.01,-2.03,0,0,0,0,0,0,3.52,-1.96,-1.49,0.07,3.52,-1.96,3.52,-1.96,0,0,4.99,-2.09,0,0,0,0,0,0,0,0,0,0,4.98,-2.11]},{\"duration\":6,\"tweenEasing\":0},{\"duration\":5,\"tweenEasing\":0,\"offset\":172,\"vertices\":[2.46,-0.19,0,0,0,0,0,0,0,0,3.52,-1.96,3.52,-1.96,3.52,-1.96,4.85,-2.38,0,0,0,0,4.93,-2.21,5.01,-2.03,3.52,-1.96,0,0,0,0,0,0,0,0,0,0,0,0,0,0,0,0,0,0,0,0,0,0,0,0,0,0,0,0,0,0,0,0,0,0,0,0,0,0,0,0,0,0,0,0,0,0,0,0,0,0,0,0,0,0,0,0,0,0,0,0,0,0,0,0,0,0,0,0,0,0,0,0,0,0,0,0,0,0,0,0,0,0,0,0,0,0,0,0,0,0,0,0,0,0,0,0,0,0,0,0,0,0,0,0,0,0,0,0,0,0,0,0,0,0,0,0,0,0,0,0,0,0,0,0,0,0,0,0,0,0,0,0,0,0,0,0,0,0,0,0,4.93,-2.23,5.01,-2.03,5.01,-2.03,5.01,-2.03,0,0,0,0,0,0,3.52,-1.96,-1.49,0.07,3.52,-1.96,3.52,-1.96,0,0,4.99,-2.09,0,0,0,0,0,0,0,0,0,0,4.98,-2.11]},{\"duration\":5,\"tweenEasing\":0},{\"duration\":6,\"tweenEasing\":0,\"offset\":172,\"vertices\":[2.46,-0.19,0,0,0,0,0,0,0,0,3.52,-1.96,3.52,-1.96,3.52,-1.96,4.85,-2.38,0,0,0,0,4.93,-2.21,5.01,-2.03,3.52,-1.96,0,0,0,0,0,0,0,0,0,0,0,0,0,0,0,0,0,0,0,0,0,0,0,0,0,0,0,0,0,0,0,0,0,0,0,0,0,0,0,0,0,0,0,0,0,0,0,0,0,0,0,0,0,0,0,0,0,0,0,0,0,0,0,0,0,0,0,0,0,0,0,0,0,0,0,0,0,0,0,0,0,0,0,0,0,0,0,0,0,0,0,0,0,0,0,0,0,0,0,0,0,0,0,0,0,0,0,0,0,0,0,0,0,0,0,0,0,0,0,0,0,0,0,0,0,0,0,0,0,0,0,0,0,0,0,0,0,0,0,0,4.93,-2.23,5.01,-2.03,5.01,-2.03,5.01,-2.03,0,0,0,0,0,0,3.52,-1.96,-1.49,0.07,3.52,-1.96,3.52,-1.96,0,0,4.99,-2.09,0,0,0,0,0,0,0,0,0,0,4.98,-2.11]},{\"duration\":6,\"tweenEasing\":0},{\"duration\":5,\"tweenEasing\":0,\"offset\":172,\"vertices\":[2.46,-0.19,0,0,0,0,0,0,0,0,3.52,-1.96,3.52,-1.96,3.52,-1.96,4.85,-2.38,0,0,0,0,4.93,-2.21,5.01,-2.03,3.52,-1.96,0,0,0,0,0,0,0,0,0,0,0,0,0,0,0,0,0,0,0,0,0,0,0,0,0,0,0,0,0,0,0,0,0,0,0,0,0,0,0,0,0,0,0,0,0,0,0,0,0,0,0,0,0,0,0,0,0,0,0,0,0,0,0,0,0,0,0,0,0,0,0,0,0,0,0,0,0,0,0,0,0,0,0,0,0,0,0,0,0,0,0,0,0,0,0,0,0,0,0,0,0,0,0,0,0,0,0,0,0,0,0,0,0,0,0,0,0,0,0,0,0,0,0,0,0,0,0,0,0,0,0,0,0,0,0,0,0,0,0,0,4.93,-2.23,5.01,-2.03,5.01,-2.03,5.01,-2.03,0,0,0,0,0,0,3.52,-1.96,-1.49,0.07,3.52,-1.96,3.52,-1.96,0,0,4.99,-2.09,0,0,0,0,0,0,0,0,0,0,4.98,-2.11]},{\"duration\":6,\"tweenEasing\":0},{\"duration\":6,\"tweenEasing\":0,\"offset\":172,\"vertices\":[2.46,-0.19,0,0,0,0,0,0,0,0,3.52,-1.96,3.52,-1.96,3.52,-1.96,4.85,-2.38,0,0,0,0,4.93,-2.21,5.01,-2.03,3.52,-1.96,0,0,0,0,0,0,0,0,0,0,0,0,0,0,0,0,0,0,0,0,0,0,0,0,0,0,0,0,0,0,0,0,0,0,0,0,0,0,0,0,0,0,0,0,0,0,0,0,0,0,0,0,0,0,0,0,0,0,0,0,0,0,0,0,0,0,0,0,0,0,0,0,0,0,0,0,0,0,0,0,0,0,0,0,0,0,0,0,0,0,0,0,0,0,0,0,0,0,0,0,0,0,0,0,0,0,0,0,0,0,0,0,0,0,0,0,0,0,0,0,0,0,0,0,0,0,0,0,0,0,0,0,0,0,0,0,0,0,0,0,4.93,-2.23,5.01,-2.03,5.01,-2.03,5.01,-2.03,0,0,0,0,0,0,3.52,-1.96,-1.49,0.07,3.52,-1.96,3.52,-1.96,0,0,4.99,-2.09,0,0,0,0,0,0,0,0,0,0,4.98,-2.11]},{\"duration\":6,\"tweenEasing\":0},{\"duration\":5,\"tweenEasing\":0,\"offset\":172,\"vertices\":[2.46,-0.19,0,0,0,0,0,0,0,0,3.52,-1.96,3.52,-1.96,3.52,-1.96,4.85,-2.38,0,0,0,0,4.93,-2.21,5.01,-2.03,3.52,-1.96,0,0,0,0,0,0,0,0,0,0,0,0,0,0,0,0,0,0,0,0,0,0,0,0,0,0,0,0,0,0,0,0,0,0,0,0,0,0,0,0,0,0,0,0,0,0,0,0,0,0,0,0,0,0,0,0,0,0,0,0,0,0,0,0,0,0,0,0,0,0,0,0,0,0,0,0,0,0,0,0,0,0,0,0,0,0,0,0,0,0,0,0,0,0,0,0,0,0,0,0,0,0,0,0,0,0,0,0,0,0,0,0,0,0,0,0,0,0,0,0,0,0,0,0,0,0,0,0,0,0,0,0,0,0,0,0,0,0,0,0,4.93,-2.23,5.01,-2.03,5.01,-2.03,5.01,-2.03,0,0,0,0,0,0,3.52,-1.96,-1.49,0.07,3.52,-1.96,3.52,-1.96,0,0,4.99,-2.09,0,0,0,0,0,0,0,0,0,0,4.98,-2.11]},{\"duration\":5,\"tweenEasing\":0},{\"duration\":6,\"tweenEasing\":0,\"offset\":172,\"vertices\":[2.46,-0.19,0,0,0,0,0,0,0,0,3.52,-1.96,3.52,-1.96,3.52,-1.96,4.85,-2.38,0,0,0,0,4.93,-2.21,5.01,-2.03,3.52,-1.96,0,0,0,0,0,0,0,0,0,0,0,0,0,0,0,0,0,0,0,0,0,0,0,0,0,0,0,0,0,0,0,0,0,0,0,0,0,0,0,0,0,0,0,0,0,0,0,0,0,0,0,0,0,0,0,0,0,0,0,0,0,0,0,0,0,0,0,0,0,0,0,0,0,0,0,0,0,0,0,0,0,0,0,0,0,0,0,0,0,0,0,0,0,0,0,0,0,0,0,0,0,0,0,0,0,0,0,0,0,0,0,0,0,0,0,0,0,0,0,0,0,0,0,0,0,0,0,0,0,0,0,0,0,0,0,0,0,0,0,0,4.93,-2.23,5.01,-2.03,5.01,-2.03,5.01,-2.03,0,0,0,0,0,0,3.52,-1.96,-1.49,0.07,3.52,-1.96,3.52,-1.96,0,0,4.99,-2.09,0,0,0,0,0,0,0,0,0,0,4.98,-2.11]},{\"duration\":6,\"tweenEasing\":0},{\"duration\":5,\"tweenEasing\":0,\"offset\":172,\"vertices\":[2.46,-0.19,0,0,0,0,0,0,0,0,3.52,-1.96,3.52,-1.96,3.52,-1.96,4.85,-2.38,0,0,0,0,4.93,-2.21,5.01,-2.03,3.52,-1.96,0,0,0,0,0,0,0,0,0,0,0,0,0,0,0,0,0,0,0,0,0,0,0,0,0,0,0,0,0,0,0,0,0,0,0,0,0,0,0,0,0,0,0,0,0,0,0,0,0,0,0,0,0,0,0,0,0,0,0,0,0,0,0,0,0,0,0,0,0,0,0,0,0,0,0,0,0,0,0,0,0,0,0,0,0,0,0,0,0,0,0,0,0,0,0,0,0,0,0,0,0,0,0,0,0,0,0,0,0,0,0,0,0,0,0,0,0,0,0,0,0,0,0,0,0,0,0,0,0,0,0,0,0,0,0,0,0,0,0,0,4.93,-2.23,5.01,-2.03,5.01,-2.03,5.01,-2.03,0,0,0,0,0,0,3.52,-1.96,-1.49,0.07,3.52,-1.96,3.52,-1.96,0,0,4.99,-2.09,0,0,0,0,0,0,0,0,0,0,4.98,-2.11]},{\"duration\":0}]}]}],\"defaultActions\":[{\"gotoAndPlay\":\"animation\"}],\"canvas\":{\"width\":1280,\"height\":720}}]}"}