{"__type__":"sp.SkeletonData","_name":"skeleton","_skeletonJson":{"skeleton":{"hash":"oLulzji5gRD+RYSVlv1GGV1wf4Y","spine":"3.6.53","width":302,"height":219},"bones":[{"name":"root"},{"name":"wild-x1-bg","parent":"root","length":95.28},{"name":"wild-x1-light","parent":"root","length":123.12,"y":-7.01}],"slots":[{"name":"wild-x1-bg","bone":"wild-x1-bg","attachment":"wild-x1-bg"},{"name":"wild-x1-light","bone":"wild-x1-light","attachment":"wild-x1-light"}],"skins":{"default":{"wild-x1-bg":{"wild-x1-bg":{"width":266,"height":219}},"wild-x1-light":{"wild-x1-light":{"x":-3.65,"y":5.67,"width":302,"height":135}}}},"animations":{"win":{"slots":{"wild-x1-light":{"color":[{"time":0,"color":"ffffff00"},{"time":0.3333,"color":"ffffffff"},{"time":0.5,"color":"ffffff00","curve":"stepped"},{"time":0.5333,"color":"ffffff00"},{"time":0.6,"color":"ffffffff"},{"time":0.6667,"color":"ffffff00","curve":"stepped"},{"time":0.7,"color":"ffffff00","curve":"stepped"},{"time":1.4667,"color":"ffffff00"}]}},"bones":{"wild-x1-light":{"translate":[{"time":0,"x":0,"y":0,"curve":"stepped"},{"time":0.3333,"x":0,"y":0},{"time":0.5,"x":0,"y":8.01},{"time":0.5333,"x":0,"y":0,"curve":"stepped"},{"time":0.6,"x":0,"y":0},{"time":0.6667,"x":0,"y":8.01},{"time":0.7,"x":0,"y":0,"curve":"stepped"},{"time":1.4667,"x":0,"y":0}],"scale":[{"time":0,"x":1,"y":1,"curve":"stepped"},{"time":0.3333,"x":1,"y":1},{"time":0.5,"x":1.1,"y":1.1},{"time":0.5333,"x":1,"y":1,"curve":"stepped"},{"time":0.6,"x":1,"y":1},{"time":0.6667,"x":1.1,"y":1.1},{"time":0.7,"x":1,"y":1,"curve":"stepped"},{"time":1.4667,"x":1,"y":1}]}}},"animation":{"slots":{"wild-x1-light":{"color":[{"time":0,"color":"ffffff00"},{"time":0.3333,"color":"ffffffff"},{"time":0.5,"color":"ffffff00","curve":"stepped"},{"time":0.5333,"color":"ffffff00","curve":"stepped"},{"time":1,"color":"ffffff00"}]}},"bones":{"wild-x1-light":{"translate":[{"time":0,"x":0,"y":0,"curve":"stepped"},{"time":0.3333,"x":0,"y":0},{"time":0.5,"x":0,"y":8.01},{"time":0.5333,"x":0,"y":0,"curve":"stepped"},{"time":1,"x":0,"y":0}],"scale":[{"time":0,"x":1,"y":1,"curve":"stepped"},{"time":0.3333,"x":1,"y":1},{"time":0.5,"x":1.1,"y":1.1},{"time":0.5333,"x":1,"y":1,"curve":"stepped"},{"time":1,"x":1,"y":1}]}}}}},"_atlasText":"\nskeleton.png\nsize: 357,304\nformat: RGBA8888\nfilter: Linear,Linear\nrepeat: none\nwild-x1-bg\n  rotate: true\n  xy: 1, 37\n  size: 266, 219\n  orig: 266, 219\n  offset: 0, 0\n  index: -1\nwild-x1-light\n  rotate: true\n  xy: 221, 1\n  size: 302, 135\n  orig: 302, 135\n  offset: 0, 0\n  index: -1\n","textures":[{"__uuid__":"76YuVScQBKuaHIjNLhzVas"}],"textureNames":["skeleton.png"]}