[[{"__type__":"cc.Prefab","_name":"x4_1","data":{"__id__":1}},{"__type__":"cc.Node","_name":"x4_1","_children":[{"__id__":2},{"__id__":4},{"__id__":6},{"__id__":7},{"__id__":8},{"__id__":9}],"_components":[{"__type__":"655c6/MZdJNZo/YxgAvEk8A","node":{"__id__":1},"fish":{"__id__":5},"shadow":{"__id__":3},"collider":{"__id__":10},"anim":{"__id__":11},"head":{"__id__":6},"end":{"__id__":7},"suoMe":{"__id__":9},"suoOther":{"__id__":8}},{"__id__":11},{"__id__":10}],"_prefab":{"__type__":"cc.PrefabInfo","root":{"__id__":1},"asset":{"__uuid__":"53u7J6mwxMObJhafoI08IA"},"fileId":"fbttOkGIhPFoZanOwmGbJe"},"_trs":{"__type__":"TypedArray","ctor":"Float64Array","array":[0,0,0,0,0,0,1,1,1,1]},"_groupIndex":6,"groupIndex":6},{"__type__":"cc.Node","_name":"shadow","_parent":{"__id__":1},"_components":[{"__id__":3}],"_prefab":{"__type__":"cc.PrefabInfo","root":{"__id__":1},"asset":{"__uuid__":"53u7J6mwxMObJhafoI08IA"},"fileId":"09ULJCk8dJzY5Q9M0GAIme"},"_trs":{"__type__":"TypedArray","ctor":"Float64Array","array":[-16,-14,0,0,0,0,1,1,1,1]},"_groupIndex":6,"groupIndex":6},{"__type__":"dragonBones.ArmatureDisplay","node":{"__id__":2},"_materials":[{"__uuid__":"ecpdLyjvZBwrvm+cedCcQy"}],"_armatureName":"hbby_shuimu_shadow","_animationName":"newAnimation","_preCacheMode":0,"_armatureKey":"a38420e4-3653-4351-8881-ea544a7a650b#e316801f-5af6-47cd-a4a4-597c06756442","_N$dragonAsset":{"__uuid__":"a3hCDkNlNDUYiB6lRKemUL"},"_N$dragonAtlasAsset":{"__uuid__":"e3FoAfWvZHzaSkWXwGdWRC"},"_N$timeScale":0.5},{"__type__":"cc.Node","_name":"fish","_parent":{"__id__":1},"_components":[{"__id__":5}],"_prefab":{"__type__":"cc.PrefabInfo","root":{"__id__":1},"asset":{"__uuid__":"53u7J6mwxMObJhafoI08IA"},"fileId":"be6LPi5xlBiJ1NTFhab0AX"},"_trs":{"__type__":"TypedArray","ctor":"Float64Array","array":[0,0,0,0,0,0,1,1,1,1]}},{"__type__":"dragonBones.ArmatureDisplay","node":{"__id__":4},"_materials":[{"__uuid__":"ecpdLyjvZBwrvm+cedCcQy"}],"_armatureName":"hbby_shuimu","_animationName":"newAnimation","_preCacheMode":0,"_armatureKey":"bc145b0f-c883-43a7-9616-1b30d7dfb4b4#3b0cce54-7e52-4bea-8618-8db8aa85c7b7","_N$dragonAsset":{"__uuid__":"bcFFsPyINDp5YWGzDX37S0"},"_N$dragonAtlasAsset":{"__uuid__":"3bDM5UflJL6oYYjbiqhce3"},"_N$timeScale":0.5},{"__type__":"cc.Node","_name":"head","_parent":{"__id__":1},"_prefab":{"__type__":"cc.PrefabInfo","root":{"__id__":1},"asset":{"__uuid__":"53u7J6mwxMObJhafoI08IA"},"fileId":"03irN7UVdKtYRSCvwmjslB"},"_trs":{"__type__":"TypedArray","ctor":"Float64Array","array":[-32.098,23.418,0,0,0,0,1,1,1,1]}},{"__type__":"cc.Node","_name":"end","_parent":{"__id__":1},"_prefab":{"__type__":"cc.PrefabInfo","root":{"__id__":1},"asset":{"__uuid__":"53u7J6mwxMObJhafoI08IA"},"fileId":"27uIPvlcNHbKdDXjfiuC+1"},"_trs":{"__type__":"TypedArray","ctor":"Float64Array","array":[2.599,22.66,0,0,0,0,1,1,1,1]}},{"__type__":"cc.Node","_name":"fish_suoding_other","_parent":{"__id__":1},"_active":false,"_components":[{"__type__":"cc.Sprite","node":{"__id__":8},"_materials":[{"__uuid__":"ecpdLyjvZBwrvm+cedCcQy"}],"_spriteFrame":{"__uuid__":"d6GNvieS9K8pqo+oyuZNkc"}},{"__type__":"cc.Animation","node":{"__id__":8},"_defaultClip":{"__uuid__":"41C/GXlRNOjLlgy6YN7juw"},"_clips":[{"__uuid__":"41C/GXlRNOjLlgy6YN7juw"}],"playOnLoad":true}],"_prefab":{"__type__":"cc.PrefabInfo","root":{"__id__":1},"asset":{"__uuid__":"53u7J6mwxMObJhafoI08IA"},"fileId":"d1WyKR77pBj6FSlmCCvBwA"},"_opacity":97,"_contentSize":{"__type__":"cc.Size","width":169,"height":169},"_trs":{"__type__":"TypedArray","ctor":"Float64Array","array":[0,6,0,0,0,0,1,0.85,0.85,1]}},{"__type__":"cc.Node","_name":"fish_suoding_me","_parent":{"__id__":1},"_active":false,"_components":[{"__type__":"cc.Sprite","node":{"__id__":9},"_materials":[{"__uuid__":"ecpdLyjvZBwrvm+cedCcQy"}],"_spriteFrame":{"__uuid__":"d6GNvieS9K8pqo+oyuZNkc"}},{"__type__":"cc.Animation","node":{"__id__":9},"_defaultClip":{"__uuid__":"41C/GXlRNOjLlgy6YN7juw"},"_clips":[{"__uuid__":"41C/GXlRNOjLlgy6YN7juw"}],"playOnLoad":true}],"_prefab":{"__type__":"cc.PrefabInfo","root":{"__id__":1},"asset":{"__uuid__":"53u7J6mwxMObJhafoI08IA"},"fileId":"01f8wqgllFPZiPy1NyMXxX"},"_contentSize":{"__type__":"cc.Size","width":169,"height":169},"_trs":{"__type__":"TypedArray","ctor":"Float64Array","array":[0,6,0,0,0,0,1,1,1,1]}},{"__type__":"cc.PolygonCollider","node":{"__id__":1},"_offset":{"__type__":"cc.Vec2","x":-11.5,"y":-15.2},"points":[{"__type__":"cc.Vec2","x":9.2,"y":-30.3},{"__type__":"cc.Vec2","x":39.5,"y":6.2},{"__type__":"cc.Vec2","x":43,"y":41.5},{"__type__":"cc.Vec2","x":37.6,"y":55.2},{"__type__":"cc.Vec2","x":13.5,"y":69},{"__type__":"cc.Vec2","x":-12.3,"y":57.3},{"__type__":"cc.Vec2","x":-19.5,"y":44.7},{"__type__":"cc.Vec2","x":-17.3,"y":10}]},{"__type__":"cc.Animation","node":{"__id__":1},"_clips":[{"__uuid__":"6fa02y4pJF/p5x34MwtB7Y"},{"__uuid__":"a5MY9cm9BHA5nBidAokLZJ"},{"__uuid__":"b1Lyx0z2VESb/RkxUnYfY2"},{"__uuid__":"8a+HYfEJpLxJ4TWbCLnI+e"}]}],{"__type__":"cc.SpriteFrame","content":{"name":"fish_game_pic_suoding1","texture":"bclyb1CdFAXZK7vE6k7C0V","rect":[0,0,169,169],"offset":[-0.5,0.5],"originalSize":[170,170],"capInsets":[0,0,0,0]}}]