[[{"__type__":"cc.Prefab","_name":"item7","data":{"__id__":1}},{"__type__":"cc.Node","_name":"item7","_components":[{"__type__":"cc.Sprite","node":{"__id__":1},"_materials":[{"__uuid__":"ecpdLyjvZBwrvm+cedCcQy"}],"_spriteFrame":{"__uuid__":"85u7ZfwklKRaVwKVRzrlBS"}}],"_prefab":{"__type__":"cc.PrefabInfo","root":{"__id__":1},"asset":{"__uuid__":"31BgsGJf9JrrIWu5LkBSgM"},"fileId":"0dE3Jb+nlP2ZOlKAIeCjgb"},"_contentSize":{"__type__":"cc.Size","width":146,"height":134},"_trs":{"__type__":"TypedArray","ctor":"Float64Array","array":[0,0,0,0,0,0,1,0.8,0.8,1]}}],{"__type__":"cc.SpriteFrame","content":{"name":"3","texture":"b6w501iv5EAYjNT/PU+ldc","rect":[0,0,146,134],"offset":[-1,3.5],"originalSize":[148,141],"capInsets":[0,0,0,0]}}]