[[{"__type__":"cc.Prefab","_name":"1","data":{"__id__":1}},{"__type__":"cc.Node","_name":"1","_children":[{"__id__":2}],"_components":[{"__type__":"b002ckgsd9Ndr4/xSE5GpV3","node":{"__id__":1},"body":{"__id__":3},"collider":{"__id__":4},"icon":{"__id__":2}},{"__id__":3},{"__id__":4},{"__type__":"cc.CircleCollider","node":{"__id__":1},"_radius":10}],"_prefab":{"__type__":"cc.PrefabInfo","root":{"__id__":1},"asset":{"__uuid__":"18276KwOBPapmjswUzgCdO"},"fileId":"1feYom/D9J3oXk4gJ9i9tq"},"_trs":{"__type__":"TypedArray","ctor":"Float64Array","array":[0,0,0,0,0,0,1,1,1,1]}},{"__type__":"cc.Node","_name":"bullet","_parent":{"__id__":1},"_components":[{"__type__":"cc.Sprite","node":{"__id__":2},"_materials":[{"__uuid__":"ecpdLyjvZBwrvm+cedCcQy"}],"_spriteFrame":{"__uuid__":"48tmRt2IZJjqcfeh85HlZQ"}}],"_prefab":{"__type__":"cc.PrefabInfo","root":{"__id__":1},"asset":{"__uuid__":"18276KwOBPapmjswUzgCdO"},"fileId":"47D1ZdY/5JW7ZaHadcXZXY"},"_contentSize":{"__type__":"cc.Size","width":32,"height":79},"_anchorPoint":{"__type__":"cc.Vec2","x":0.475,"y":0.77},"_trs":{"__type__":"TypedArray","ctor":"Float64Array","array":[0,0,0,0,0,0,1,1,1,1]}},{"__type__":"cc.RigidBody","node":{"__id__":1},"_fixedRotation":true,"enabledContactListener":true},{"__type__":"cc.PhysicsCircleCollider","node":{"__id__":1},"_density":0,"_friction":0,"_restitution":1,"_radius":10}],{"__type__":"cc.SpriteFrame","content":{"name":"kyby_zidan1","texture":"a4d+fFhc5K1r1Aoo8S7mIc","rect":[0,0,32,79],"offset":[0,0],"originalSize":[32,79],"capInsets":[0,0,0,0]}}]