[{"__type__":"cc.SpriteFrame","content":{"name":"roboto-regular","texture":"66iC9rLV1CVaGe3baUraCa","rect":[2,2,386,547],"offset":[0,12.5],"originalSize":[390,576],"capInsets":[0,0,0,0]}},{"__type__":"cc.BitmapFont","_name":"roboto-regular","spriteFrame":{"__uuid__":"01ux9F5/5EWLmDhRrAZQur"},"fontSize":40,"_fntConfig":{"commonHeight":47,"fontSize":40,"atlasName":"roboto-regular.png","fontDefDictionary":{"32":{"rect":{"x":178,"y":530,"width":0,"height":0},"xOffset":0,"yOffset":38,"xAdvance":10},"33":{"rect":{"x":264,"y":471,"width":7,"height":31},"xOffset":3,"yOffset":7,"xAdvance":10},"34":{"rect":{"x":63,"y":530,"width":11,"height":12},"xOffset":3,"yOffset":6,"xAdvance":13},"35":{"rect":{"x":57,"y":438,"width":24,"height":31},"xOffset":2,"yOffset":7,"xAdvance":25},"36":{"rect":{"x":276,"y":94,"width":21,"height":40},"xOffset":2,"yOffset":2,"xAdvance":22},"37":{"rect":{"x":87,"y":369,"width":28,"height":32},"xOffset":2,"yOffset":6,"xAdvance":29},"38":{"rect":{"x":117,"y":369,"width":25,"height":32},"xOffset":2,"yOffset":6,"xAdvance":25},"39":{"rect":{"x":86,"y":530,"width":5,"height":12},"xOffset":2,"yOffset":5,"xAdvance":7},"40":{"rect":{"x":165,"y":2,"width":13,"height":44},"xOffset":3,"yOffset":3,"xAdvance":14},"41":{"rect":{"x":180,"y":2,"width":13,"height":44},"xOffset":1,"yOffset":3,"xAdvance":14},"42":{"rect":{"x":2,"y":530,"width":19,"height":19},"xOffset":1,"yOffset":7,"xAdvance":17},"43":{"rect":{"x":312,"y":504,"width":22,"height":23},"xOffset":2,"yOffset":12,"xAdvance":23},"44":{"rect":{"x":76,"y":530,"width":8,"height":12},"xOffset":1,"yOffset":32,"xAdvance":8},"45":{"rect":{"x":164,"y":530,"width":12,"height":5},"xOffset":1,"yOffset":22,"xAdvance":11},"46":{"rect":{"x":133,"y":530,"width":7,"height":7},"xOffset":3,"yOffset":31,"xAdvance":11},"47":{"rect":{"x":43,"y":369,"width":17,"height":33},"xOffset":0,"yOffset":7,"xAdvance":16},"48":{"rect":{"x":48,"y":404,"width":20,"height":32},"xOffset":2,"yOffset":6,"xAdvance":22},"49":{"rect":{"x":249,"y":471,"width":13,"height":31},"xOffset":3,"yOffset":7,"xAdvance":22},"50":{"rect":{"x":337,"y":438,"width":22,"height":31},"xOffset":2,"yOffset":7,"xAdvance":22},"51":{"rect":{"x":356,"y":369,"width":21,"height":32},"xOffset":2,"yOffset":6,"xAdvance":22},"52":{"rect":{"x":187,"y":438,"width":23,"height":31},"xOffset":1,"yOffset":7,"xAdvance":22},"53":{"rect":{"x":73,"y":471,"width":20,"height":31},"xOffset":3,"yOffset":7,"xAdvance":22},"54":{"rect":{"x":95,"y":471,"width":20,"height":31},"xOffset":3,"yOffset":7,"xAdvance":22},"55":{"rect":{"x":361,"y":438,"width":22,"height":31},"xOffset":2,"yOffset":7,"xAdvance":22},"56":{"rect":{"x":2,"y":404,"width":21,"height":32},"xOffset":2,"yOffset":6,"xAdvance":22},"57":{"rect":{"x":117,"y":471,"width":20,"height":31},"xOffset":2,"yOffset":7,"xAdvance":22},"58":{"rect":{"x":303,"y":504,"width":7,"height":24},"xOffset":3,"yOffset":11,"xAdvance":10},"59":{"rect":{"x":327,"y":471,"width":8,"height":29},"xOffset":1,"yOffset":15,"xAdvance":8},"60":{"rect":{"x":357,"y":504,"width":18,"height":20},"xOffset":1,"yOffset":14,"xAdvance":20},"61":{"rect":{"x":42,"y":530,"width":19,"height":14},"xOffset":3,"yOffset":16,"xAdvance":22},"62":{"rect":{"x":336,"y":504,"width":19,"height":20},"xOffset":3,"yOffset":14,"xAdvance":21},"63":{"rect":{"x":158,"y":404,"width":18,"height":32},"xOffset":1,"yOffset":6,"xAdvance":19},"64":{"rect":{"x":312,"y":94,"width":35,"height":39},"xOffset":2,"yOffset":8,"xAdvance":36},"65":{"rect":{"x":293,"y":404,"width":28,"height":31},"xOffset":1,"yOffset":7,"xAdvance":26},"66":{"rect":{"x":2,"y":471,"width":22,"height":31},"xOffset":3,"yOffset":7,"xAdvance":25},"67":{"rect":{"x":279,"y":369,"width":24,"height":32},"xOffset":2,"yOffset":6,"xAdvance":26},"68":{"rect":{"x":212,"y":438,"width":23,"height":31},"xOffset":3,"yOffset":7,"xAdvance":26},"69":{"rect":{"x":50,"y":471,"width":21,"height":31},"xOffset":3,"yOffset":7,"xAdvance":23},"70":{"rect":{"x":139,"y":471,"width":20,"height":31},"xOffset":3,"yOffset":7,"xAdvance":22},"71":{"rect":{"x":305,"y":369,"width":24,"height":32},"xOffset":2,"yOffset":6,"xAdvance":27},"72":{"rect":{"x":83,"y":438,"width":24,"height":31},"xOffset":3,"yOffset":7,"xAdvance":29},"73":{"rect":{"x":282,"y":471,"width":6,"height":31},"xOffset":4,"yOffset":7,"xAdvance":11},"74":{"rect":{"x":161,"y":471,"width":20,"height":31},"xOffset":1,"yOffset":7,"xAdvance":22},"75":{"rect":{"x":109,"y":438,"width":24,"height":31},"xOffset":3,"yOffset":7,"xAdvance":25},"76":{"rect":{"x":183,"y":471,"width":20,"height":31},"xOffset":3,"yOffset":7,"xAdvance":22},"77":{"rect":{"x":260,"y":404,"width":31,"height":31},"xOffset":3,"yOffset":7,"xAdvance":35},"78":{"rect":{"x":135,"y":438,"width":24,"height":31},"xOffset":3,"yOffset":7,"xAdvance":29},"79":{"rect":{"x":144,"y":369,"width":25,"height":32},"xOffset":2,"yOffset":6,"xAdvance":28},"80":{"rect":{"x":237,"y":438,"width":23,"height":31},"xOffset":3,"yOffset":7,"xAdvance":25},"81":{"rect":{"x":2,"y":259,"width":25,"height":36},"xOffset":2,"yOffset":7,"xAdvance":28},"82":{"rect":{"x":262,"y":438,"width":23,"height":31},"xOffset":3,"yOffset":7,"xAdvance":25},"83":{"rect":{"x":331,"y":369,"width":23,"height":32},"xOffset":2,"yOffset":6,"xAdvance":24},"84":{"rect":{"x":161,"y":438,"width":24,"height":31},"xOffset":1,"yOffset":7,"xAdvance":24},"85":{"rect":{"x":287,"y":438,"width":23,"height":31},"xOffset":3,"yOffset":7,"xAdvance":26},"86":{"rect":{"x":323,"y":404,"width":27,"height":31},"xOffset":1,"yOffset":7,"xAdvance":25},"87":{"rect":{"x":222,"y":404,"width":36,"height":31},"xOffset":1,"yOffset":7,"xAdvance":35},"88":{"rect":{"x":30,"y":438,"width":25,"height":31},"xOffset":1,"yOffset":7,"xAdvance":25},"89":{"rect":{"x":352,"y":404,"width":26,"height":31},"xOffset":0,"yOffset":7,"xAdvance":24},"90":{"rect":{"x":312,"y":438,"width":23,"height":31},"xOffset":2,"yOffset":7,"xAdvance":24},"91":{"rect":{"x":210,"y":94,"width":10,"height":41},"xOffset":3,"yOffset":3,"xAdvance":11},"92":{"rect":{"x":23,"y":369,"width":18,"height":33},"xOffset":1,"yOffset":7,"xAdvance":16},"93":{"rect":{"x":222,"y":94,"width":10,"height":41},"xOffset":0,"yOffset":3,"xAdvance":11},"94":{"rect":{"x":23,"y":530,"width":17,"height":17},"xOffset":1,"yOffset":7,"xAdvance":17},"95":{"rect":{"x":142,"y":530,"width":20,"height":5},"xOffset":0,"yOffset":36,"xAdvance":18},"96":{"rect":{"x":120,"y":530,"width":11,"height":8},"xOffset":1,"yOffset":6,"xAdvance":12},"97":{"rect":{"x":116,"y":504,"width":20,"height":24},"xOffset":2,"yOffset":14,"xAdvance":22},"98":{"rect":{"x":74,"y":334,"width":20,"height":33},"xOffset":3,"yOffset":5,"xAdvance":22},"99":{"rect":{"x":138,"y":504,"width":20,"height":24},"xOffset":2,"yOffset":14,"xAdvance":21},"100":{"rect":{"x":96,"y":334,"width":20,"height":33},"xOffset":2,"yOffset":5,"xAdvance":23},"101":{"rect":{"x":160,"y":504,"width":20,"height":24},"xOffset":2,"yOffset":14,"xAdvance":21},"102":{"rect":{"x":62,"y":369,"width":15,"height":33},"xOffset":1,"yOffset":5,"xAdvance":14},"103":{"rect":{"x":70,"y":404,"width":20,"height":32},"xOffset":2,"yOffset":14,"xAdvance":22},"104":{"rect":{"x":316,"y":334,"width":19,"height":33},"xOffset":3,"yOffset":5,"xAdvance":22},"105":{"rect":{"x":273,"y":471,"width":7,"height":31},"xOffset":3,"yOffset":7,"xAdvance":10},"106":{"rect":{"x":299,"y":94,"width":11,"height":40},"xOffset":-1,"yOffset":7,"xAdvance":10},"107":{"rect":{"x":118,"y":334,"width":20,"height":33},"xOffset":3,"yOffset":5,"xAdvance":20},"108":{"rect":{"x":79,"y":369,"width":6,"height":33},"xOffset":3,"yOffset":5,"xAdvance":10},"109":{"rect":{"x":2,"y":504,"width":32,"height":24},"xOffset":3,"yOffset":14,"xAdvance":35},"110":{"rect":{"x":204,"y":504,"width":19,"height":24},"xOffset":3,"yOffset":14,"xAdvance":22},"111":{"rect":{"x":69,"y":504,"width":22,"height":24},"xOffset":2,"yOffset":14,"xAdvance":23},"112":{"rect":{"x":92,"y":404,"width":20,"height":32},"xOffset":3,"yOffset":14,"xAdvance":22},"113":{"rect":{"x":114,"y":404,"width":20,"height":32},"xOffset":2,"yOffset":14,"xAdvance":23},"114":{"rect":{"x":288,"y":504,"width":13,"height":24},"xOffset":3,"yOffset":14,"xAdvance":14},"115":{"rect":{"x":225,"y":504,"width":19,"height":24},"xOffset":2,"yOffset":14,"xAdvance":21},"116":{"rect":{"x":311,"y":471,"width":14,"height":29},"xOffset":0,"yOffset":9,"xAdvance":13},"117":{"rect":{"x":246,"y":504,"width":19,"height":24},"xOffset":3,"yOffset":14,"xAdvance":22},"118":{"rect":{"x":182,"y":504,"width":20,"height":24},"xOffset":1,"yOffset":14,"xAdvance":19},"119":{"rect":{"x":36,"y":504,"width":31,"height":24},"xOffset":1,"yOffset":14,"xAdvance":30},"120":{"rect":{"x":93,"y":504,"width":21,"height":24},"xOffset":1,"yOffset":14,"xAdvance":20},"121":{"rect":{"x":25,"y":404,"width":21,"height":32},"xOffset":0,"yOffset":15,"xAdvance":19},"122":{"rect":{"x":267,"y":504,"width":19,"height":24},"xOffset":2,"yOffset":14,"xAdvance":20},"123":{"rect":{"x":178,"y":94,"width":14,"height":41},"xOffset":1,"yOffset":4,"xAdvance":14},"124":{"rect":{"x":325,"y":259,"width":5,"height":36},"xOffset":3,"yOffset":7,"xAdvance":10},"125":{"rect":{"x":194,"y":94,"width":14,"height":41},"xOffset":0,"yOffset":4,"xAdvance":14},"126":{"rect":{"x":93,"y":530,"width":25,"height":10},"xOffset":3,"yOffset":20,"xAdvance":27},"192":{"rect":{"x":160,"y":137,"width":28,"height":39},"xOffset":1,"yOffset":-1,"xAdvance":26},"193":{"rect":{"x":190,"y":137,"width":28,"height":39},"xOffset":1,"yOffset":-1,"xAdvance":26},"194":{"rect":{"x":220,"y":137,"width":28,"height":39},"xOffset":1,"yOffset":-1,"xAdvance":26},"195":{"rect":{"x":66,"y":219,"width":28,"height":38},"xOffset":1,"yOffset":0,"xAdvance":26},"200":{"rect":{"x":128,"y":178,"width":21,"height":39},"xOffset":3,"yOffset":-1,"xAdvance":23},"201":{"rect":{"x":151,"y":178,"width":21,"height":39},"xOffset":3,"yOffset":-1,"xAdvance":23},"202":{"rect":{"x":174,"y":178,"width":21,"height":39},"xOffset":3,"yOffset":-1,"xAdvance":23},"204":{"rect":{"x":263,"y":178,"width":11,"height":39},"xOffset":-1,"yOffset":-1,"xAdvance":11},"205":{"rect":{"x":276,"y":178,"width":11,"height":39},"xOffset":3,"yOffset":-1,"xAdvance":11},"210":{"rect":{"x":306,"y":137,"width":25,"height":39},"xOffset":2,"yOffset":-1,"xAdvance":28},"211":{"rect":{"x":333,"y":137,"width":25,"height":39},"xOffset":2,"yOffset":-1,"xAdvance":28},"212":{"rect":{"x":360,"y":137,"width":25,"height":39},"xOffset":2,"yOffset":-1,"xAdvance":28},"213":{"rect":{"x":2,"y":178,"width":25,"height":39},"xOffset":2,"yOffset":-1,"xAdvance":28},"217":{"rect":{"x":29,"y":178,"width":23,"height":39},"xOffset":3,"yOffset":-1,"xAdvance":26},"218":{"rect":{"x":54,"y":178,"width":23,"height":39},"xOffset":3,"yOffset":-1,"xAdvance":26},"221":{"rect":{"x":250,"y":137,"width":26,"height":39},"xOffset":0,"yOffset":-1,"xAdvance":24},"224":{"rect":{"x":140,"y":334,"width":20,"height":33},"xOffset":2,"yOffset":5,"xAdvance":22},"225":{"rect":{"x":162,"y":334,"width":20,"height":33},"xOffset":2,"yOffset":5,"xAdvance":22},"226":{"rect":{"x":184,"y":334,"width":20,"height":33},"xOffset":2,"yOffset":5,"xAdvance":22},"227":{"rect":{"x":206,"y":334,"width":20,"height":33},"xOffset":2,"yOffset":5,"xAdvance":22},"232":{"rect":{"x":228,"y":334,"width":20,"height":33},"xOffset":2,"yOffset":5,"xAdvance":21},"233":{"rect":{"x":250,"y":334,"width":20,"height":33},"xOffset":2,"yOffset":5,"xAdvance":21},"234":{"rect":{"x":272,"y":334,"width":20,"height":33},"xOffset":2,"yOffset":5,"xAdvance":21},"236":{"rect":{"x":196,"y":404,"width":11,"height":32},"xOffset":-1,"yOffset":6,"xAdvance":10},"237":{"rect":{"x":209,"y":404,"width":11,"height":32},"xOffset":3,"yOffset":6,"xAdvance":10},"242":{"rect":{"x":362,"y":297,"width":22,"height":33},"xOffset":2,"yOffset":5,"xAdvance":23},"243":{"rect":{"x":2,"y":334,"width":22,"height":33},"xOffset":2,"yOffset":5,"xAdvance":23},"244":{"rect":{"x":26,"y":334,"width":22,"height":33},"xOffset":2,"yOffset":5,"xAdvance":23},"245":{"rect":{"x":50,"y":334,"width":22,"height":33},"xOffset":2,"yOffset":5,"xAdvance":23},"249":{"rect":{"x":337,"y":334,"width":19,"height":33},"xOffset":3,"yOffset":5,"xAdvance":22},"250":{"rect":{"x":358,"y":334,"width":19,"height":33},"xOffset":3,"yOffset":5,"xAdvance":22},"253":{"rect":{"x":86,"y":94,"width":21,"height":41},"xOffset":0,"yOffset":6,"xAdvance":19},"258":{"rect":{"x":96,"y":219,"width":28,"height":38},"xOffset":1,"yOffset":0,"xAdvance":26},"259":{"rect":{"x":136,"y":404,"width":20,"height":32},"xOffset":2,"yOffset":6,"xAdvance":22},"272":{"rect":{"x":2,"y":438,"width":26,"height":31},"xOffset":1,"yOffset":7,"xAdvance":27},"273":{"rect":{"x":232,"y":297,"width":24,"height":33},"xOffset":2,"yOffset":5,"xAdvance":23},"296":{"rect":{"x":332,"y":219,"width":16,"height":38},"xOffset":-1,"yOffset":0,"xAdvance":11},"297":{"rect":{"x":178,"y":404,"width":16,"height":32},"xOffset":-2,"yOffset":6,"xAdvance":10},"360":{"rect":{"x":79,"y":178,"width":23,"height":39},"xOffset":3,"yOffset":-1,"xAdvance":26},"361":{"rect":{"x":2,"y":369,"width":19,"height":33},"xOffset":3,"yOffset":5,"xAdvance":22},"416":{"rect":{"x":146,"y":297,"width":29,"height":34},"xOffset":2,"yOffset":4,"xAdvance":27},"417":{"rect":{"x":364,"y":471,"width":24,"height":26},"xOffset":2,"yOffset":12,"xAdvance":23},"431":{"rect":{"x":200,"y":297,"width":30,"height":33},"xOffset":3,"yOffset":5,"xAdvance":28},"432":{"rect":{"x":337,"y":471,"width":25,"height":26},"xOffset":3,"yOffset":12,"xAdvance":25},"7840":{"rect":{"x":126,"y":219,"width":28,"height":38},"xOffset":1,"yOffset":7,"xAdvance":26},"7841":{"rect":{"x":205,"y":471,"width":20,"height":31},"xOffset":2,"yOffset":14,"xAdvance":22},"7842":{"rect":{"x":246,"y":50,"width":28,"height":41},"xOffset":1,"yOffset":-3,"xAdvance":26},"7843":{"rect":{"x":26,"y":297,"width":20,"height":35},"xOffset":2,"yOffset":3,"xAdvance":22},"7844":{"rect":{"x":276,"y":50,"width":28,"height":41},"xOffset":1,"yOffset":-3,"xAdvance":26},"7845":{"rect":{"x":56,"y":259,"width":24,"height":36},"xOffset":2,"yOffset":2,"xAdvance":22},"7846":{"rect":{"x":306,"y":50,"width":28,"height":41},"xOffset":1,"yOffset":-3,"xAdvance":26},"7847":{"rect":{"x":160,"y":259,"width":23,"height":36},"xOffset":-1,"yOffset":2,"xAdvance":22},"7848":{"rect":{"x":284,"y":2,"width":28,"height":42},"xOffset":1,"yOffset":-4,"xAdvance":26},"7849":{"rect":{"x":185,"y":259,"width":22,"height":36},"xOffset":2,"yOffset":2,"xAdvance":22},"7850":{"rect":{"x":314,"y":2,"width":28,"height":42},"xOffset":1,"yOffset":-4,"xAdvance":26},"7851":{"rect":{"x":281,"y":259,"width":20,"height":36},"xOffset":2,"yOffset":2,"xAdvance":22},"7852":{"rect":{"x":25,"y":2,"width":28,"height":45},"xOffset":1,"yOffset":0,"xAdvance":26},"7853":{"rect":{"x":197,"y":178,"width":20,"height":39},"xOffset":2,"yOffset":6,"xAdvance":22},"7854":{"rect":{"x":336,"y":50,"width":28,"height":41},"xOffset":1,"yOffset":-3,"xAdvance":26},"7855":{"rect":{"x":48,"y":297,"width":20,"height":35},"xOffset":2,"yOffset":3,"xAdvance":22},"7856":{"rect":{"x":2,"y":94,"width":28,"height":41},"xOffset":1,"yOffset":-3,"xAdvance":26},"7857":{"rect":{"x":70,"y":297,"width":20,"height":35},"xOffset":2,"yOffset":3,"xAdvance":22},"7858":{"rect":{"x":112,"y":2,"width":28,"height":44},"xOffset":1,"yOffset":-6,"xAdvance":26},"7859":{"rect":{"x":310,"y":219,"width":20,"height":38},"xOffset":2,"yOffset":0,"xAdvance":22},"7860":{"rect":{"x":195,"y":2,"width":28,"height":43},"xOffset":1,"yOffset":-5,"xAdvance":26},"7861":{"rect":{"x":368,"y":219,"width":20,"height":37},"xOffset":2,"yOffset":1,"xAdvance":22},"7862":{"rect":{"x":55,"y":2,"width":28,"height":45},"xOffset":1,"yOffset":0,"xAdvance":26},"7863":{"rect":{"x":219,"y":178,"width":20,"height":39},"xOffset":2,"yOffset":6,"xAdvance":22},"7864":{"rect":{"x":264,"y":219,"width":21,"height":38},"xOffset":3,"yOffset":7,"xAdvance":23},"7865":{"rect":{"x":227,"y":471,"width":20,"height":31},"xOffset":2,"yOffset":14,"xAdvance":21},"7866":{"rect":{"x":109,"y":94,"width":21,"height":41},"xOffset":3,"yOffset":-3,"xAdvance":23},"7867":{"rect":{"x":92,"y":297,"width":20,"height":35},"xOffset":2,"yOffset":3,"xAdvance":21},"7868":{"rect":{"x":287,"y":219,"width":21,"height":38},"xOffset":3,"yOffset":0,"xAdvance":23},"7869":{"rect":{"x":294,"y":334,"width":20,"height":33},"xOffset":2,"yOffset":5,"xAdvance":21},"7870":{"rect":{"x":84,"y":50,"width":24,"height":42},"xOffset":3,"yOffset":-4,"xAdvance":23},"7871":{"rect":{"x":82,"y":259,"width":24,"height":36},"xOffset":2,"yOffset":2,"xAdvance":21},"7872":{"rect":{"x":60,"y":94,"width":24,"height":41},"xOffset":0,"yOffset":-3,"xAdvance":23},"7873":{"rect":{"x":108,"y":259,"width":24,"height":36},"xOffset":-1,"yOffset":2,"xAdvance":21},"7874":{"rect":{"x":135,"y":50,"width":22,"height":42},"xOffset":3,"yOffset":-4,"xAdvance":23},"7875":{"rect":{"x":209,"y":259,"width":22,"height":36},"xOffset":2,"yOffset":2,"xAdvance":21},"7876":{"rect":{"x":159,"y":50,"width":21,"height":42},"xOffset":3,"yOffset":-4,"xAdvance":23},"7877":{"rect":{"x":303,"y":259,"width":20,"height":36},"xOffset":2,"yOffset":2,"xAdvance":21},"7878":{"rect":{"x":2,"y":2,"width":21,"height":46},"xOffset":3,"yOffset":-1,"xAdvance":23},"7879":{"rect":{"x":241,"y":178,"width":20,"height":39},"xOffset":2,"yOffset":6,"xAdvance":21},"7880":{"rect":{"x":234,"y":94,"width":9,"height":41},"xOffset":4,"yOffset":-3,"xAdvance":11},"7881":{"rect":{"x":135,"y":297,"width":9,"height":35},"xOffset":3,"yOffset":3,"xAdvance":10},"7882":{"rect":{"x":350,"y":219,"width":7,"height":38},"xOffset":3,"yOffset":7,"xAdvance":11},"7883":{"rect":{"x":359,"y":219,"width":7,"height":38},"xOffset":3,"yOffset":7,"xAdvance":10},"7884":{"rect":{"x":212,"y":219,"width":25,"height":38},"xOffset":2,"yOffset":7,"xAdvance":28},"7885":{"rect":{"x":26,"y":471,"width":22,"height":31},"xOffset":2,"yOffset":14,"xAdvance":23},"7886":{"rect":{"x":30,"y":50,"width":25,"height":42},"xOffset":2,"yOffset":-4,"xAdvance":28},"7887":{"rect":{"x":2,"y":297,"width":22,"height":35},"xOffset":2,"yOffset":3,"xAdvance":23},"7888":{"rect":{"x":344,"y":2,"width":26,"height":42},"xOffset":2,"yOffset":-4,"xAdvance":28},"7889":{"rect":{"x":134,"y":259,"width":24,"height":36},"xOffset":2,"yOffset":2,"xAdvance":23},"7890":{"rect":{"x":2,"y":50,"width":26,"height":42},"xOffset":1,"yOffset":-4,"xAdvance":28},"7891":{"rect":{"x":29,"y":259,"width":25,"height":36},"xOffset":-1,"yOffset":2,"xAdvance":23},"7892":{"rect":{"x":225,"y":2,"width":25,"height":43},"xOffset":2,"yOffset":-5,"xAdvance":28},"7893":{"rect":{"x":233,"y":259,"width":22,"height":36},"xOffset":2,"yOffset":2,"xAdvance":23},"7894":{"rect":{"x":57,"y":50,"width":25,"height":42},"xOffset":2,"yOffset":-4,"xAdvance":28},"7895":{"rect":{"x":257,"y":259,"width":22,"height":36},"xOffset":2,"yOffset":2,"xAdvance":23},"7896":{"rect":{"x":85,"y":2,"width":25,"height":45},"xOffset":2,"yOffset":0,"xAdvance":28},"7897":{"rect":{"x":104,"y":178,"width":22,"height":39},"xOffset":2,"yOffset":6,"xAdvance":23},"7898":{"rect":{"x":98,"y":137,"width":29,"height":39},"xOffset":2,"yOffset":-1,"xAdvance":27},"7899":{"rect":{"x":258,"y":297,"width":24,"height":33},"xOffset":2,"yOffset":5,"xAdvance":23},"7900":{"rect":{"x":129,"y":137,"width":29,"height":39},"xOffset":2,"yOffset":-1,"xAdvance":27},"7901":{"rect":{"x":284,"y":297,"width":24,"height":33},"xOffset":2,"yOffset":5,"xAdvance":23},"7902":{"rect":{"x":215,"y":50,"width":29,"height":41},"xOffset":2,"yOffset":-3,"xAdvance":27},"7903":{"rect":{"x":359,"y":259,"width":24,"height":35},"xOffset":2,"yOffset":3,"xAdvance":23},"7904":{"rect":{"x":35,"y":219,"width":29,"height":38},"xOffset":2,"yOffset":0,"xAdvance":27},"7905":{"rect":{"x":310,"y":297,"width":24,"height":33},"xOffset":2,"yOffset":5,"xAdvance":23},"7906":{"rect":{"x":245,"y":94,"width":29,"height":40},"xOffset":2,"yOffset":5,"xAdvance":27},"7907":{"rect":{"x":336,"y":297,"width":24,"height":33},"xOffset":2,"yOffset":12,"xAdvance":23},"7908":{"rect":{"x":239,"y":219,"width":23,"height":38},"xOffset":3,"yOffset":7,"xAdvance":26},"7909":{"rect":{"x":290,"y":471,"width":19,"height":30},"xOffset":3,"yOffset":15,"xAdvance":22},"7910":{"rect":{"x":110,"y":50,"width":23,"height":42},"xOffset":3,"yOffset":-4,"xAdvance":26},"7911":{"rect":{"x":114,"y":297,"width":19,"height":35},"xOffset":3,"yOffset":3,"xAdvance":22},"7912":{"rect":{"x":349,"y":94,"width":30,"height":39},"xOffset":3,"yOffset":-1,"xAdvance":28},"7913":{"rect":{"x":171,"y":369,"width":25,"height":32},"xOffset":3,"yOffset":6,"xAdvance":25},"7914":{"rect":{"x":2,"y":137,"width":30,"height":39},"xOffset":3,"yOffset":-1,"xAdvance":28},"7915":{"rect":{"x":198,"y":369,"width":25,"height":32},"xOffset":3,"yOffset":6,"xAdvance":25},"7916":{"rect":{"x":252,"y":2,"width":30,"height":42},"xOffset":3,"yOffset":-4,"xAdvance":28},"7917":{"rect":{"x":332,"y":259,"width":25,"height":35},"xOffset":3,"yOffset":3,"xAdvance":25},"7918":{"rect":{"x":34,"y":137,"width":30,"height":39},"xOffset":3,"yOffset":-1,"xAdvance":28},"7919":{"rect":{"x":225,"y":369,"width":25,"height":32},"xOffset":3,"yOffset":6,"xAdvance":25},"7920":{"rect":{"x":66,"y":137,"width":30,"height":39},"xOffset":3,"yOffset":6,"xAdvance":28},"7921":{"rect":{"x":252,"y":369,"width":25,"height":32},"xOffset":3,"yOffset":13,"xAdvance":25},"7922":{"rect":{"x":278,"y":137,"width":26,"height":39},"xOffset":0,"yOffset":-1,"xAdvance":24},"7923":{"rect":{"x":132,"y":94,"width":21,"height":41},"xOffset":0,"yOffset":6,"xAdvance":19},"7924":{"rect":{"x":156,"y":219,"width":26,"height":38},"xOffset":0,"yOffset":7,"xAdvance":24},"7925":{"rect":{"x":177,"y":297,"width":21,"height":34},"xOffset":0,"yOffset":14,"xAdvance":19},"7926":{"rect":{"x":32,"y":94,"width":26,"height":41},"xOffset":0,"yOffset":-3,"xAdvance":24},"7927":{"rect":{"x":142,"y":2,"width":21,"height":44},"xOffset":0,"yOffset":3,"xAdvance":19},"7928":{"rect":{"x":184,"y":219,"width":26,"height":38},"xOffset":0,"yOffset":0,"xAdvance":24},"7929":{"rect":{"x":155,"y":94,"width":21,"height":41},"xOffset":0,"yOffset":6,"xAdvance":19},"9824":{"rect":{"x":2,"y":219,"width":31,"height":38},"xOffset":6,"yOffset":2,"xAdvance":40},"9827":{"rect":{"x":289,"y":178,"width":37,"height":38},"xOffset":3,"yOffset":2,"xAdvance":40},"9829":{"rect":{"x":328,"y":178,"width":35,"height":38},"xOffset":4,"yOffset":3,"xAdvance":40},"9830":{"rect":{"x":182,"y":50,"width":31,"height":41},"xOffset":6,"yOffset":1,"xAdvance":40}},"kerningDict":{}}}]