[[{"__type__":"cc.Prefab","_name":"x130","data":{"__id__":1}},{"__type__":"cc.Node","_name":"x130","_children":[{"__id__":2},{"__id__":4},{"__id__":6},{"__id__":7},{"__id__":8},{"__id__":9}],"_components":[{"__type__":"655c6/MZdJNZo/YxgAvEk8A","node":{"__id__":1},"fish":{"__id__":5},"shadow":{"__id__":3},"collider":{"__id__":10},"anim":{"__id__":11},"head":{"__id__":6},"end":{"__id__":7},"suoMe":{"__id__":9},"suoOther":{"__id__":8},"speed":0.89},{"__id__":11},{"__id__":10}],"_prefab":{"__type__":"cc.PrefabInfo","root":{"__id__":1},"asset":{"__uuid__":"adbynObJpJEoDKTnLVnmax"},"fileId":"d8Kj+VZrdEtYr7u1Kwg8O3"},"_trs":{"__type__":"TypedArray","ctor":"Float64Array","array":[-899.738,-312.182,0,0,0,0,1,1,1,1]},"_groupIndex":6,"groupIndex":6},{"__type__":"cc.Node","_name":"shadow","_parent":{"__id__":1},"_components":[{"__id__":3}],"_prefab":{"__type__":"cc.PrefabInfo","root":{"__id__":1},"asset":{"__uuid__":"adbynObJpJEoDKTnLVnmax"},"fileId":"7b1igA5LZBqpO+gbin8thp"},"_trs":{"__type__":"TypedArray","ctor":"Float64Array","array":[-23,-21,0,0,0,0,1,0.75,0.75,1]},"_groupIndex":6,"groupIndex":6},{"__type__":"dragonBones.ArmatureDisplay","node":{"__id__":2},"_materials":[{"__uuid__":"ecpdLyjvZBwrvm+cedCcQy"}],"_armatureName":"Armature","_preCacheMode":0,"_armatureKey":"da7d41e8-9c13-406b-9b8a-fbd863b2e55b#cb6d705a-8c68-4f11-a100-758c757307e3","_N$dragonAsset":{"__uuid__":"dafUHonBNAa5uK+9hjsuVb"},"_N$dragonAtlasAsset":{"__uuid__":"cbbXBajGhPEaEAdYx1cwfj"},"_N$timeScale":0.5},{"__type__":"cc.Node","_name":"fish","_parent":{"__id__":1},"_components":[{"__id__":5}],"_prefab":{"__type__":"cc.PrefabInfo","root":{"__id__":1},"asset":{"__uuid__":"adbynObJpJEoDKTnLVnmax"},"fileId":"f3+Cgb43FBz52ONvr7anhC"},"_trs":{"__type__":"TypedArray","ctor":"Float64Array","array":[0,0,0,0,0,0,1,0.75,0.75,1]}},{"__type__":"dragonBones.ArmatureDisplay","node":{"__id__":4},"_materials":[{"__uuid__":"ecpdLyjvZBwrvm+cedCcQy"}],"_armatureName":"Sprite","_animationName":"Sprite","_preCacheMode":0,"_armatureKey":"c3645fe8-00fe-433c-a62b-b03832398ae9#9b3cdc6e-f3b9-400b-8f8c-dff2b611fbce","_N$dragonAsset":{"__uuid__":"c3ZF/oAP5DPKYrsDgyOYrp"},"_N$dragonAtlasAsset":{"__uuid__":"9bPNxu87lAC4+M3/K2EfvO"},"_N$timeScale":0.5},{"__type__":"cc.Node","_name":"head","_parent":{"__id__":1},"_prefab":{"__type__":"cc.PrefabInfo","root":{"__id__":1},"asset":{"__uuid__":"adbynObJpJEoDKTnLVnmax"},"fileId":"68O9TvxphNr4Mc3FrsJonX"},"_trs":{"__type__":"TypedArray","ctor":"Float64Array","array":[-95.888,32.117,0,0,0,0,1,1,1,1]}},{"__type__":"cc.Node","_name":"end","_parent":{"__id__":1},"_prefab":{"__type__":"cc.PrefabInfo","root":{"__id__":1},"asset":{"__uuid__":"adbynObJpJEoDKTnLVnmax"},"fileId":"33eS84NphPkr169IdpCTkW"},"_trs":{"__type__":"TypedArray","ctor":"Float64Array","array":[59.255,18.013,0,0,0,0,1,1,1,1]}},{"__type__":"cc.Node","_name":"fish_suoding_other","_parent":{"__id__":1},"_active":false,"_components":[{"__type__":"cc.Sprite","node":{"__id__":8},"_materials":[{"__uuid__":"ecpdLyjvZBwrvm+cedCcQy"}],"_spriteFrame":{"__uuid__":"d6GNvieS9K8pqo+oyuZNkc"}},{"__type__":"cc.Animation","node":{"__id__":8},"_defaultClip":{"__uuid__":"41C/GXlRNOjLlgy6YN7juw"},"_clips":[{"__uuid__":"41C/GXlRNOjLlgy6YN7juw"}],"playOnLoad":true}],"_prefab":{"__type__":"cc.PrefabInfo","root":{"__id__":1},"asset":{"__uuid__":"adbynObJpJEoDKTnLVnmax"},"fileId":"f91ksuf19Afb0bfJW/fyVD"},"_opacity":97,"_contentSize":{"__type__":"cc.Size","width":169,"height":169},"_trs":{"__type__":"TypedArray","ctor":"Float64Array","array":[0,33,0,0,0,0,1,0.85,0.85,1]}},{"__type__":"cc.Node","_name":"fish_suoding_me","_parent":{"__id__":1},"_active":false,"_components":[{"__type__":"cc.Sprite","node":{"__id__":9},"_materials":[{"__uuid__":"ecpdLyjvZBwrvm+cedCcQy"}],"_spriteFrame":{"__uuid__":"d6GNvieS9K8pqo+oyuZNkc"}},{"__type__":"cc.Animation","node":{"__id__":9},"_defaultClip":{"__uuid__":"41C/GXlRNOjLlgy6YN7juw"},"_clips":[{"__uuid__":"41C/GXlRNOjLlgy6YN7juw"}],"playOnLoad":true}],"_prefab":{"__type__":"cc.PrefabInfo","root":{"__id__":1},"asset":{"__uuid__":"adbynObJpJEoDKTnLVnmax"},"fileId":"b1/RCdMapKsLTQ49g8k8Er"},"_contentSize":{"__type__":"cc.Size","width":169,"height":169},"_trs":{"__type__":"TypedArray","ctor":"Float64Array","array":[0,33,0,0,0,0,1,1,1,1]}},{"__type__":"cc.PolygonCollider","node":{"__id__":1},"points":[{"__type__":"cc.Vec2","x":-47.9,"y":-47.2},{"__type__":"cc.Vec2","x":16.8,"y":-6.9},{"__type__":"cc.Vec2","x":45.2,"y":-10.2},{"__type__":"cc.Vec2","x":44.6,"y":-45.9},{"__type__":"cc.Vec2","x":79.4,"y":6.4},{"__type__":"cc.Vec2","x":109.8,"y":-18.3},{"__type__":"cc.Vec2","x":108.4,"y":19.3},{"__type__":"cc.Vec2","x":42.4,"y":60.9},{"__type__":"cc.Vec2","x":67,"y":78.9},{"__type__":"cc.Vec2","x":13.7,"y":141.8},{"__type__":"cc.Vec2","x":-18.4,"y":146.5},{"__type__":"cc.Vec2","x":-52.8,"y":89.2},{"__type__":"cc.Vec2","x":-35,"y":50.3},{"__type__":"cc.Vec2","x":-87.3,"y":36.6},{"__type__":"cc.Vec2","x":-94.4,"y":17.7},{"__type__":"cc.Vec2","x":-68.5,"y":-44.7}]},{"__type__":"cc.Animation","node":{"__id__":1},"_clips":[{"__uuid__":"afO35G4U5Pr6x8QqzPKt59"},{"__uuid__":"04eg7Y/KlIv6Lf6AoltVDX"},{"__uuid__":"d4VY7iKeJF/L1TkzsRdiap"},{"__uuid__":"88Y99rCRZO+6E1LlV1b+G7"},{"__uuid__":"87I2U6RKZE16qum7sLy4Fb"},{"__uuid__":"095U0j79hFN7r05cWhAjt7"},{"__uuid__":"0cEQ7v1nhFubn7UKVOU4gy"},{"__uuid__":"2cwBFxjDJETY9LQG9pGzCh"},{"__uuid__":"506ju1j4dAAbeF5lQYuLg2"},{"__uuid__":"a1ehNkAi9NyYRwBn1DikUz"}]}],{"__type__":"cc.SpriteFrame","content":{"name":"fish_game_pic_suoding1","texture":"bclyb1CdFAXZK7vE6k7C0V","rect":[0,0,169,169],"offset":[-0.5,0.5],"originalSize":[170,170],"capInsets":[0,0,0,0]}}]