[{"__type__":"cc.SpriteFrame","content":{"name":"log","texture":"e9+woy+9JAB5zDqh8hq9Rd","rect":[1,123,788,168],"offset":[0,0],"originalSize":[788,168],"capInsets":[0,0,0,0]}},{"__type__":"cc.SpriteAtlas","_name":"CapThapV2.plist","_spriteFrames":{"bg":{"__uuid__":"69siyEyg9ABoIWxlECXmJt"},"btn_dow":{"__uuid__":"e5Pr1zqQdCM7ee4u0Sd3K8"},"btn_new":{"__uuid__":"5a1F+bRDxIH42yN+XdPJq8"},"btn_up":{"__uuid__":"feJVEaskxDRruIdTpmJLDI"},"card":{"__uuid__":"687CjXow1Jlb8Ze1QtyQqg"},"cardA":{"__uuid__":"d0plkn8HxL5pSVS78Q6HVB"},"log":{"__uuid__":"34LDSGG3dOmLBk8A+dnZ86"}}},{"__type__":"cc.SpriteFrame","content":{"name":"btn_new","texture":"e9+woy+9JAB5zDqh8hq9Rd","rect":[267,1,181,74],"offset":[0,0],"originalSize":[181,74],"capInsets":[0,0,0,0]}},{"__type__":"cc.SpriteFrame","content":{"name":"card","texture":"e9+woy+9JAB5zDqh8hq9Rd","rect":[450,1,120,157],"offset":[0,0],"originalSize":[120,157],"rotated":1,"capInsets":[0,0,0,0]}},{"__type__":"cc.SpriteFrame","content":{"name":"bg","texture":"e9+woy+9JAB5zDqh8hq9Rd","rect":[1,293,791,472],"offset":[0,0],"originalSize":[791,472],"capInsets":[0,0,0,0]}},{"__type__":"cc.SpriteFrame","content":{"name":"cardA","texture":"e9+woy+9JAB5zDqh8hq9Rd","rect":[1,1,52,68],"offset":[0,0],"originalSize":[52,68],"rotated":1,"capInsets":[0,0,0,0]}},{"__type__":"cc.SpriteFrame","content":{"name":"btn_dow","texture":"e9+woy+9JAB5zDqh8hq9Rd","rect":[169,1,96,65],"offset":[0,0],"originalSize":[96,65],"capInsets":[0,0,0,0]}},{"__type__":"cc.SpriteFrame","content":{"name":"btn_up","texture":"e9+woy+9JAB5zDqh8hq9Rd","rect":[71,1,96,63],"offset":[0,0],"originalSize":[96,63],"capInsets":[0,0,0,0]}}]