[{"__type__":"cc.SpriteFrame","content":{"name":"vinhDanh","texture":"19DGn9RepNlqCrvqSNZO9a","rect":[354,1175,189,31],"offset":[0,0],"originalSize":[189,31],"capInsets":[0,0,0,0]}},{"__type__":"cc.SpriteFrame","content":{"name":"history_play","texture":"19DGn9RepNlqCrvqSNZO9a","rect":[1,1175,226,48],"offset":[0,0],"originalSize":[226,48],"capInsets":[0,0,0,0]}},{"__type__":"cc.SpriteAtlas","_name":"bgHistory.plist","_spriteFrames":{"bgTitle_center":{"__uuid__":"f8ffLcYqJF8LnPmjK5KEWM"},"bgTitle_left":{"__uuid__":"c7DBXyNf1NV52EkYJg1wJV"},"bgTitle_right":{"__uuid__":"f9PZI6PxxPY6bH2WBYn1Qq"},"bg_dialog_6":{"__uuid__":"63GIu+Rz1KnJ0sto9E3sGv"},"history_play":{"__uuid__":"23UejsZ4tMwaNpCCt+xd06"},"vinhDanh":{"__uuid__":"09Zi4RTsZAibC/yn1qyo18"}}},{"__type__":"cc.SpriteFrame","content":{"name":"bg_dialog_6","texture":"19DGn9RepNlqCrvqSNZO9a","rect":[1,1,1172,662],"offset":[0,0],"originalSize":[1172,662],"rotated":1,"capInsets":[0,0,0,0]}},{"__type__":"cc.SpriteFrame","content":{"name":"bgTitle_left","texture":"19DGn9RepNlqCrvqSNZO9a","rect":[229,1175,59,47],"offset":[0,0],"originalSize":[59,47],"capInsets":[0,0,0,0]}},{"__type__":"cc.SpriteFrame","content":{"name":"bgTitle_center","texture":"19DGn9RepNlqCrvqSNZO9a","rect":[351,1175,1,47],"offset":[0,0],"originalSize":[1,47],"capInsets":[0,0,0,0]}},{"__type__":"cc.SpriteFrame","content":{"name":"bgTitle_right","texture":"19DGn9RepNlqCrvqSNZO9a","rect":[290,1175,59,47],"offset":[0,0],"originalSize":[59,47],"capInsets":[0,0,0,0]}}]