[{"__type__":"cc.SpriteFrame","content":{"name":"singleColor","texture":"a8Anh32NZGRZegUtSgEj26","rect":[0,0,2,2],"offset":[0,0],"originalSize":[2,2],"capInsets":[0,0,0,0]}},[{"__type__":"cc.Prefab","_name":"itemTop","data":{"__id__":1}},{"__type__":"cc.Node","_name":"itemTop","_children":[{"__id__":2},{"__id__":3},{"__id__":5},{"__id__":7},{"__id__":9},{"__id__":11}],"_components":[{"__type__":"95d5aIW7xZHfKL9yYH2NHME","node":{"__id__":1},"time":{"__id__":4},"phien":{"__id__":6},"cuoc":{"__id__":8},"line":{"__id__":10},"win":{"__id__":12}}],"_prefab":{"__type__":"cc.PrefabInfo","root":{"__id__":1},"asset":{"__id__":0},"fileId":"b6zkMFEWRAFq2T9j2k+aWi"},"_contentSize":{"__type__":"cc.Size","width":966,"height":46},"_trs":{"__type__":"TypedArray","ctor":"Float64Array","array":[0,-23,0,0,0,0,1,1,1,1]},"_zIndex":0},{"__type__":"cc.Node","_name":"singleColor","_parent":{"__id__":1},"_components":[{"__type__":"cc.Sprite","node":{"__id__":2},"_spriteFrame":{"__uuid__":"41D7kWhyFGY7q4NDlzkazn"},"_sizeMode":0}],"_prefab":{"__type__":"cc.PrefabInfo","root":{"__id__":1},"asset":{"__id__":0},"fileId":"49SGlRATNHpJAgJ1ZpWCbf"},"_opacity":43,"_color":{"__type__":"cc.Color"},"_contentSize":{"__type__":"cc.Size","width":966,"height":46},"_trs":{"__type__":"TypedArray","ctor":"Float64Array","array":[0,0,0,0,0,0,1,1,1,1]},"_zIndex":0},{"__type__":"cc.Node","_name":"time","_parent":{"__id__":1},"_components":[{"__id__":4}],"_prefab":{"__type__":"cc.PrefabInfo","root":{"__id__":1},"asset":{"__id__":0},"fileId":"27j2jomudKKZdi1ouwwUqd"},"_color":{"__type__":"cc.Color","r":253,"g":222,"b":104},"_contentSize":{"__type__":"cc.Size","width":172.57,"height":26.29},"_trs":{"__type__":"TypedArray","ctor":"Float64Array","array":[-342,0,0,0,0,0,1,1,1,1]},"_zIndex":0},{"__type__":"cc.Label","node":{"__id__":3},"_useOriginalSize":false,"_string":"17:02 17/02/1998","_N$string":"17:02 17/02/1998","_fontSize":20,"_lineHeight":46,"_N$file":{"__uuid__":"ca/STOHexDCpBHB3XPtG62"},"_isSystemFontUsed":false,"_N$horizontalAlign":1,"_N$verticalAlign":1},{"__type__":"cc.Node","_name":"name","_parent":{"__id__":1},"_components":[{"__id__":6}],"_prefab":{"__type__":"cc.PrefabInfo","root":{"__id__":1},"asset":{"__id__":0},"fileId":"e4sn1LNVxGmaxQfVxGYGBA"},"_color":{"__type__":"cc.Color","r":253,"g":222,"b":104},"_contentSize":{"__type__":"cc.Size","width":132.57,"height":26.29},"_trs":{"__type__":"TypedArray","ctor":"Float64Array","array":[-122.4,0,0,0,0,0,1,1,1,1]},"_zIndex":0},{"__type__":"cc.Label","node":{"__id__":5},"_useOriginalSize":false,"_string":"00000000000","_N$string":"00000000000","_fontSize":20,"_lineHeight":46,"_N$file":{"__uuid__":"ca/STOHexDCpBHB3XPtG62"},"_isSystemFontUsed":false,"_N$horizontalAlign":1,"_N$verticalAlign":1},{"__type__":"cc.Node","_name":"room","_parent":{"__id__":1},"_components":[{"__id__":8}],"_prefab":{"__type__":"cc.PrefabInfo","root":{"__id__":1},"asset":{"__id__":0},"fileId":"83XxvoTJhIYau9oHcPKTiY"},"_color":{"__type__":"cc.Color","r":253,"g":222,"b":104},"_contentSize":{"__type__":"cc.Size","width":36.57,"height":26.29},"_trs":{"__type__":"TypedArray","ctor":"Float64Array","array":[59,0,0,0,0,0,1,1,1,1]},"_zIndex":0},{"__type__":"cc.Label","node":{"__id__":7},"_useOriginalSize":false,"_string":"000","_N$string":"000","_fontSize":20,"_lineHeight":46,"_N$file":{"__uuid__":"ca/STOHexDCpBHB3XPtG62"},"_isSystemFontUsed":false,"_N$horizontalAlign":1,"_N$verticalAlign":1},{"__type__":"cc.Node","_name":"win","_parent":{"__id__":1},"_components":[{"__id__":10}],"_prefab":{"__type__":"cc.PrefabInfo","root":{"__id__":1},"asset":{"__id__":0},"fileId":"ddkMlsetNIWZtTu7m6LhQX"},"_color":{"__type__":"cc.Color","r":253,"g":222,"b":104},"_contentSize":{"__type__":"cc.Size","width":143.75,"height":22.5},"_trs":{"__type__":"TypedArray","ctor":"Float64Array","array":[207,0,0,0,0,0,1,1,1,1]},"_zIndex":0},{"__type__":"cc.Label","node":{"__id__":9},"_useOriginalSize":false,"_string":"1.000.000.000","_N$string":"1.000.000.000","_fontSize":20,"_lineHeight":36,"_N$file":{"__uuid__":"50Yq4Ym45Oiale/Gz2e9FJ"},"_isSystemFontUsed":false,"_N$horizontalAlign":1,"_N$verticalAlign":1},{"__type__":"cc.Node","_name":"chitiet","_parent":{"__id__":1},"_components":[{"__id__":12}],"_prefab":{"__type__":"cc.PrefabInfo","root":{"__id__":1},"asset":{"__id__":0},"fileId":"49lJLXJnRP8JPy9lZN8StR"},"_color":{"__type__":"cc.Color","r":253,"g":222,"b":104},"_contentSize":{"__type__":"cc.Size","width":98.29,"height":26.29},"_trs":{"__type__":"TypedArray","ctor":"Float64Array","array":[358.3,0,0,0,0,0,1,1,1,1]},"_zIndex":0},{"__type__":"cc.Label","node":{"__id__":11},"_useOriginalSize":false,"_string":"Thắng Lớn","_N$string":"Thắng Lớn","_fontSize":20,"_lineHeight":46,"_N$file":{"__uuid__":"ca/STOHexDCpBHB3XPtG62"},"_isSystemFontUsed":false,"_N$horizontalAlign":1,"_N$verticalAlign":1}]]