[{"__type__":"cc.SpriteFrame","content":{"name":"roboto-italic","texture":"daJlq3b/JJ5I08hl6HAJ94","rect":[3,3,441,441],"offset":[-0.5,0.5],"originalSize":[448,448],"capInsets":[0,0,0,0]}},{"__type__":"cc.BitmapFont","_name":"roboto-italic","spriteFrame":{"__uuid__":"36xh4izYVNh5MSqAKBCNa9"},"fontSize":35,"_fntConfig":{"commonHeight":43,"fontSize":35,"atlasName":"roboto-italic.png","fontDefDictionary":{"32":{"rect":{"x":34,"y":232,"width":0,"height":0},"xOffset":0,"yOffset":33,"xAdvance":9},"33":{"rect":{"x":328,"y":382,"width":10,"height":28},"xOffset":2,"yOffset":7,"xAdvance":10},"34":{"rect":{"x":20,"y":430,"width":12,"height":12},"xOffset":4,"yOffset":7,"xAdvance":13},"35":{"rect":{"x":244,"y":42,"width":24,"height":28},"xOffset":1,"yOffset":7,"xAdvance":22},"36":{"rect":{"x":116,"y":182,"width":22,"height":36},"xOffset":2,"yOffset":2,"xAdvance":21},"37":{"rect":{"x":336,"y":142,"width":24,"height":28},"xOffset":3,"yOffset":7,"xAdvance":26},"38":{"rect":{"x":310,"y":142,"width":24,"height":28},"xOffset":1,"yOffset":7,"xAdvance":22},"39":{"rect":{"x":266,"y":426,"width":8,"height":12},"xOffset":4,"yOffset":6,"xAdvance":8},"40":{"rect":{"x":188,"y":292,"width":16,"height":38},"xOffset":2,"yOffset":4,"xAdvance":12},"41":{"rect":{"x":188,"y":252,"width":16,"height":38},"xOffset":-2,"yOffset":4,"xAdvance":12},"42":{"rect":{"x":2,"y":430,"width":16,"height":14},"xOffset":3,"yOffset":14,"xAdvance":16},"43":{"rect":{"x":378,"y":296,"width":20,"height":22},"xOffset":2,"yOffset":10,"xAdvance":20},"44":{"rect":{"x":256,"y":426,"width":8,"height":12},"xOffset":-1,"yOffset":27,"xAdvance":7},"45":{"rect":{"x":142,"y":438,"width":14,"height":6},"xOffset":3,"yOffset":19,"xAdvance":16},"46":{"rect":{"x":240,"y":34,"width":6,"height":6},"xOffset":2,"yOffset":29,"xAdvance":10},"47":{"rect":{"x":256,"y":266,"width":20,"height":30},"xOffset":-1,"yOffset":7,"xAdvance":15},"48":{"rect":{"x":210,"y":264,"width":22,"height":28},"xOffset":2,"yOffset":7,"xAdvance":20},"49":{"rect":{"x":432,"y":266,"width":12,"height":28},"xOffset":6,"yOffset":7,"xAdvance":20},"50":{"rect":{"x":410,"y":266,"width":20,"height":28},"xOffset":2,"yOffset":7,"xAdvance":20},"51":{"rect":{"x":210,"y":234,"width":22,"height":28},"xOffset":2,"yOffset":7,"xAdvance":20},"52":{"rect":{"x":388,"y":266,"width":20,"height":28},"xOffset":1,"yOffset":7,"xAdvance":20},"53":{"rect":{"x":366,"y":266,"width":20,"height":28},"xOffset":2,"yOffset":7,"xAdvance":20},"54":{"rect":{"x":344,"y":266,"width":20,"height":28},"xOffset":2,"yOffset":7,"xAdvance":20},"55":{"rect":{"x":322,"y":266,"width":20,"height":28},"xOffset":4,"yOffset":7,"xAdvance":20},"56":{"rect":{"x":402,"y":204,"width":22,"height":28},"xOffset":1,"yOffset":7,"xAdvance":20},"57":{"rect":{"x":300,"y":266,"width":20,"height":28},"xOffset":3,"yOffset":7,"xAdvance":20},"58":{"rect":{"x":430,"y":178,"width":10,"height":22},"xOffset":2,"yOffset":13,"xAdvance":9},"59":{"rect":{"x":328,"y":412,"width":10,"height":26},"xOffset":0,"yOffset":13,"xAdvance":9},"60":{"rect":{"x":234,"y":426,"width":18,"height":18},"xOffset":2,"yOffset":15,"xAdvance":18},"61":{"rect":{"x":116,"y":430,"width":18,"height":12},"xOffset":3,"yOffset":16,"xAdvance":20},"62":{"rect":{"x":64,"y":426,"width":18,"height":18},"xOffset":2,"yOffset":15,"xAdvance":19},"63":{"rect":{"x":426,"y":204,"width":18,"height":28},"xOffset":3,"yOffset":7,"xAdvance":17},"64":{"rect":{"x":2,"y":2,"width":34,"height":36},"xOffset":1,"yOffset":6,"xAdvance":32},"65":{"rect":{"x":284,"y":142,"width":24,"height":28},"xOffset":0,"yOffset":7,"xAdvance":23},"66":{"rect":{"x":378,"y":204,"width":22,"height":28},"xOffset":2,"yOffset":7,"xAdvance":23},"67":{"rect":{"x":258,"y":142,"width":24,"height":28},"xOffset":2,"yOffset":7,"xAdvance":23},"68":{"rect":{"x":232,"y":142,"width":24,"height":28},"xOffset":2,"yOffset":7,"xAdvance":24},"69":{"rect":{"x":354,"y":204,"width":22,"height":28},"xOffset":2,"yOffset":7,"xAdvance":20},"70":{"rect":{"x":330,"y":204,"width":22,"height":28},"xOffset":2,"yOffset":7,"xAdvance":20},"71":{"rect":{"x":416,"y":110,"width":24,"height":28},"xOffset":2,"yOffset":7,"xAdvance":24},"72":{"rect":{"x":216,"y":42,"width":26,"height":28},"xOffset":2,"yOffset":7,"xAdvance":25},"73":{"rect":{"x":328,"y":352,"width":10,"height":28},"xOffset":2,"yOffset":7,"xAdvance":10},"74":{"rect":{"x":306,"y":204,"width":22,"height":28},"xOffset":1,"yOffset":7,"xAdvance":20},"75":{"rect":{"x":390,"y":110,"width":24,"height":28},"xOffset":2,"yOffset":7,"xAdvance":21},"76":{"rect":{"x":426,"y":42,"width":18,"height":28},"xOffset":2,"yOffset":7,"xAdvance":20},"77":{"rect":{"x":98,"y":42,"width":32,"height":28},"xOffset":2,"yOffset":7,"xAdvance":31},"78":{"rect":{"x":188,"y":42,"width":26,"height":28},"xOffset":2,"yOffset":7,"xAdvance":25},"79":{"rect":{"x":364,"y":110,"width":24,"height":28},"xOffset":2,"yOffset":7,"xAdvance":24},"80":{"rect":{"x":400,"y":42,"width":24,"height":28},"xOffset":2,"yOffset":7,"xAdvance":23},"81":{"rect":{"x":338,"y":110,"width":24,"height":30},"xOffset":2,"yOffset":7,"xAdvance":25},"82":{"rect":{"x":374,"y":42,"width":24,"height":28},"xOffset":2,"yOffset":7,"xAdvance":23},"83":{"rect":{"x":282,"y":204,"width":22,"height":28},"xOffset":2,"yOffset":7,"xAdvance":22},"84":{"rect":{"x":348,"y":42,"width":24,"height":28},"xOffset":3,"yOffset":7,"xAdvance":21},"85":{"rect":{"x":322,"y":42,"width":24,"height":28},"xOffset":2,"yOffset":7,"xAdvance":24},"86":{"rect":{"x":296,"y":42,"width":24,"height":28},"xOffset":3,"yOffset":7,"xAdvance":23},"87":{"rect":{"x":64,"y":42,"width":32,"height":28},"xOffset":3,"yOffset":7,"xAdvance":31},"88":{"rect":{"x":160,"y":42,"width":26,"height":28},"xOffset":0,"yOffset":7,"xAdvance":23},"89":{"rect":{"x":270,"y":42,"width":24,"height":28},"xOffset":4,"yOffset":7,"xAdvance":23},"90":{"rect":{"x":258,"y":204,"width":22,"height":28},"xOffset":1,"yOffset":7,"xAdvance":20},"92":{"rect":{"x":432,"y":234,"width":12,"height":30},"xOffset":4,"yOffset":7,"xAdvance":15},"94":{"rect":{"x":188,"y":428,"width":16,"height":16},"xOffset":2,"yOffset":6,"xAdvance":15},"95":{"rect":{"x":218,"y":34,"width":20,"height":6},"xOffset":-1,"yOffset":31,"xAdvance":16},"97":{"rect":{"x":356,"y":296,"width":20,"height":22},"xOffset":1,"yOffset":13,"xAdvance":20},"98":{"rect":{"x":410,"y":234,"width":20,"height":30},"xOffset":2,"yOffset":5,"xAdvance":20},"99":{"rect":{"x":334,"y":296,"width":20,"height":22},"xOffset":2,"yOffset":13,"xAdvance":19},"100":{"rect":{"x":418,"y":142,"width":22,"height":30},"xOffset":1,"yOffset":5,"xAdvance":20},"101":{"rect":{"x":312,"y":296,"width":20,"height":22},"xOffset":2,"yOffset":13,"xAdvance":19},"102":{"rect":{"x":294,"y":328,"width":16,"height":30},"xOffset":2,"yOffset":5,"xAdvance":12},"103":{"rect":{"x":388,"y":234,"width":20,"height":30},"xOffset":2,"yOffset":12,"xAdvance":20},"104":{"rect":{"x":366,"y":234,"width":20,"height":30},"xOffset":2,"yOffset":5,"xAdvance":20},"105":{"rect":{"x":328,"y":320,"width":10,"height":30},"xOffset":2,"yOffset":5,"xAdvance":9},"106":{"rect":{"x":188,"y":212,"width":16,"height":38},"xOffset":-3,"yOffset":4,"xAdvance":10},"107":{"rect":{"x":344,"y":234,"width":20,"height":30},"xOffset":2,"yOffset":5,"xAdvance":18},"108":{"rect":{"x":312,"y":414,"width":10,"height":30},"xOffset":2,"yOffset":5,"xAdvance":9},"109":{"rect":{"x":386,"y":142,"width":30,"height":22},"xOffset":2,"yOffset":13,"xAdvance":31},"110":{"rect":{"x":210,"y":422,"width":20,"height":22},"xOffset":2,"yOffset":13,"xAdvance":20},"111":{"rect":{"x":408,"y":178,"width":20,"height":22},"xOffset":2,"yOffset":13,"xAdvance":20},"112":{"rect":{"x":234,"y":204,"width":22,"height":28},"xOffset":1,"yOffset":14,"xAdvance":20},"113":{"rect":{"x":278,"y":266,"width":20,"height":28},"xOffset":1,"yOffset":14,"xAdvance":20},"114":{"rect":{"x":400,"y":296,"width":16,"height":22},"xOffset":2,"yOffset":13,"xAdvance":13},"115":{"rect":{"x":386,"y":178,"width":20,"height":22},"xOffset":1,"yOffset":13,"xAdvance":19},"116":{"rect":{"x":312,"y":320,"width":14,"height":26},"xOffset":2,"yOffset":9,"xAdvance":12},"117":{"rect":{"x":364,"y":178,"width":20,"height":22},"xOffset":2,"yOffset":13,"xAdvance":20},"118":{"rect":{"x":342,"y":178,"width":20,"height":22},"xOffset":3,"yOffset":13,"xAdvance":18},"119":{"rect":{"x":266,"y":178,"width":28,"height":22},"xOffset":3,"yOffset":13,"xAdvance":27},"120":{"rect":{"x":296,"y":178,"width":22,"height":22},"xOffset":0,"yOffset":13,"xAdvance":18},"121":{"rect":{"x":210,"y":204,"width":22,"height":28},"xOffset":0,"yOffset":14,"xAdvance":18},"122":{"rect":{"x":320,"y":178,"width":20,"height":22},"xOffset":1,"yOffset":13,"xAdvance":18},"124":{"rect":{"x":312,"y":348,"width":10,"height":32},"xOffset":1,"yOffset":7,"xAdvance":9},"126":{"rect":{"x":88,"y":432,"width":22,"height":10},"xOffset":3,"yOffset":18,"xAdvance":24},"192":{"rect":{"x":116,"y":110,"width":24,"height":34},"xOffset":0,"yOffset":1,"xAdvance":23},"193":{"rect":{"x":116,"y":146,"width":24,"height":34},"xOffset":0,"yOffset":1,"xAdvance":23},"194":{"rect":{"x":88,"y":324,"width":24,"height":34},"xOffset":0,"yOffset":1,"xAdvance":23},"195":{"rect":{"x":296,"y":72,"width":24,"height":36},"xOffset":0,"yOffset":-1,"xAdvance":23},"200":{"rect":{"x":116,"y":394,"width":22,"height":34},"xOffset":2,"yOffset":1,"xAdvance":20},"201":{"rect":{"x":142,"y":142,"width":22,"height":34},"xOffset":2,"yOffset":1,"xAdvance":20},"202":{"rect":{"x":116,"y":322,"width":22,"height":34},"xOffset":2,"yOffset":1,"xAdvance":20},"204":{"rect":{"x":434,"y":72,"width":10,"height":34},"xOffset":2,"yOffset":1,"xAdvance":10},"205":{"rect":{"x":278,"y":336,"width":14,"height":34},"xOffset":2,"yOffset":1,"xAdvance":10},"210":{"rect":{"x":244,"y":72,"width":24,"height":36},"xOffset":2,"yOffset":-1,"xAdvance":24},"211":{"rect":{"x":270,"y":72,"width":24,"height":36},"xOffset":2,"yOffset":-1,"xAdvance":24},"212":{"rect":{"x":192,"y":72,"width":24,"height":36},"xOffset":2,"yOffset":-1,"xAdvance":24},"213":{"rect":{"x":218,"y":72,"width":24,"height":36},"xOffset":2,"yOffset":-1,"xAdvance":24},"217":{"rect":{"x":114,"y":72,"width":24,"height":36},"xOffset":2,"yOffset":-1,"xAdvance":24},"218":{"rect":{"x":140,"y":72,"width":24,"height":36},"xOffset":2,"yOffset":-1,"xAdvance":24},"221":{"rect":{"x":88,"y":252,"width":24,"height":34},"xOffset":4,"yOffset":1,"xAdvance":23},"224":{"rect":{"x":300,"y":234,"width":20,"height":30},"xOffset":1,"yOffset":5,"xAdvance":20},"225":{"rect":{"x":322,"y":234,"width":20,"height":30},"xOffset":1,"yOffset":5,"xAdvance":20},"226":{"rect":{"x":234,"y":394,"width":20,"height":30},"xOffset":1,"yOffset":5,"xAdvance":20},"227":{"rect":{"x":278,"y":234,"width":20,"height":30},"xOffset":1,"yOffset":5,"xAdvance":20},"232":{"rect":{"x":234,"y":330,"width":20,"height":30},"xOffset":2,"yOffset":5,"xAdvance":19},"233":{"rect":{"x":234,"y":362,"width":20,"height":30},"xOffset":2,"yOffset":5,"xAdvance":19},"234":{"rect":{"x":234,"y":266,"width":20,"height":30},"xOffset":2,"yOffset":5,"xAdvance":19},"236":{"rect":{"x":312,"y":382,"width":10,"height":30},"xOffset":2,"yOffset":5,"xAdvance":9},"237":{"rect":{"x":294,"y":360,"width":14,"height":28},"xOffset":2,"yOffset":7,"xAdvance":9},"242":{"rect":{"x":210,"y":390,"width":20,"height":30},"xOffset":2,"yOffset":5,"xAdvance":20},"243":{"rect":{"x":234,"y":234,"width":20,"height":30},"xOffset":2,"yOffset":5,"xAdvance":20},"244":{"rect":{"x":210,"y":326,"width":20,"height":30},"xOffset":2,"yOffset":5,"xAdvance":20},"245":{"rect":{"x":210,"y":358,"width":20,"height":30},"xOffset":2,"yOffset":5,"xAdvance":20},"249":{"rect":{"x":188,"y":364,"width":20,"height":30},"xOffset":2,"yOffset":5,"xAdvance":20},"250":{"rect":{"x":188,"y":396,"width":20,"height":30},"xOffset":2,"yOffset":5,"xAdvance":20},"253":{"rect":{"x":64,"y":350,"width":22,"height":36},"xOffset":0,"yOffset":6,"xAdvance":18},"258":{"rect":{"x":88,"y":360,"width":24,"height":34},"xOffset":0,"yOffset":1,"xAdvance":23},"259":{"rect":{"x":256,"y":234,"width":20,"height":30},"xOffset":1,"yOffset":5,"xAdvance":20},"272":{"rect":{"x":132,"y":42,"width":26,"height":28},"xOffset":1,"yOffset":7,"xAdvance":24},"273":{"rect":{"x":38,"y":414,"width":24,"height":30},"xOffset":1,"yOffset":5,"xAdvance":20},"296":{"rect":{"x":256,"y":298,"width":16,"height":36},"xOffset":2,"yOffset":-1,"xAdvance":10},"297":{"rect":{"x":294,"y":296,"width":16,"height":30},"xOffset":1,"yOffset":5,"xAdvance":9},"360":{"rect":{"x":88,"y":72,"width":24,"height":36},"xOffset":2,"yOffset":-1,"xAdvance":24},"361":{"rect":{"x":188,"y":332,"width":20,"height":30},"xOffset":2,"yOffset":5,"xAdvance":20},"416":{"rect":{"x":252,"y":2,"width":30,"height":32},"xOffset":2,"yOffset":3,"xAdvance":24},"417":{"rect":{"x":238,"y":178,"width":26,"height":24},"xOffset":2,"yOffset":11,"xAdvance":21},"431":{"rect":{"x":218,"y":2,"width":32,"height":30},"xOffset":2,"yOffset":5,"xAdvance":25},"432":{"rect":{"x":210,"y":178,"width":26,"height":24},"xOffset":2,"yOffset":11,"xAdvance":21},"7840":{"rect":{"x":88,"y":396,"width":24,"height":34},"xOffset":0,"yOffset":6,"xAdvance":23},"7841":{"rect":{"x":256,"y":396,"width":20,"height":28},"xOffset":1,"yOffset":12,"xAdvance":20},"7842":{"rect":{"x":38,"y":374,"width":24,"height":38},"xOffset":0,"yOffset":-3,"xAdvance":23},"7843":{"rect":{"x":188,"y":178,"width":20,"height":32},"xOffset":1,"yOffset":3,"xAdvance":20},"7844":{"rect":{"x":2,"y":312,"width":30,"height":38},"xOffset":0,"yOffset":-3,"xAdvance":23},"7845":{"rect":{"x":88,"y":110,"width":26,"height":32},"xOffset":1,"yOffset":3,"xAdvance":20},"7846":{"rect":{"x":414,"y":2,"width":24,"height":38},"xOffset":0,"yOffset":-3,"xAdvance":23},"7847":{"rect":{"x":166,"y":348,"width":20,"height":32},"xOffset":1,"yOffset":3,"xAdvance":20},"7848":{"rect":{"x":68,"y":2,"width":28,"height":38},"xOffset":0,"yOffset":-3,"xAdvance":23},"7849":{"rect":{"x":116,"y":288,"width":24,"height":32},"xOffset":1,"yOffset":3,"xAdvance":20},"7850":{"rect":{"x":388,"y":2,"width":24,"height":38},"xOffset":0,"yOffset":-3,"xAdvance":23},"7851":{"rect":{"x":142,"y":402,"width":20,"height":34},"xOffset":1,"yOffset":1,"xAdvance":20},"7852":{"rect":{"x":38,"y":128,"width":24,"height":40},"xOffset":0,"yOffset":0,"xAdvance":23},"7853":{"rect":{"x":142,"y":254,"width":20,"height":36},"xOffset":1,"yOffset":4,"xAdvance":20},"7854":{"rect":{"x":38,"y":334,"width":24,"height":38},"xOffset":0,"yOffset":-3,"xAdvance":23},"7855":{"rect":{"x":166,"y":382,"width":20,"height":32},"xOffset":1,"yOffset":3,"xAdvance":20},"7856":{"rect":{"x":38,"y":294,"width":24,"height":38},"xOffset":0,"yOffset":-3,"xAdvance":23},"7857":{"rect":{"x":210,"y":142,"width":20,"height":34},"xOffset":1,"yOffset":1,"xAdvance":20},"7858":{"rect":{"x":38,"y":212,"width":24,"height":40},"xOffset":0,"yOffset":-5,"xAdvance":23},"7859":{"rect":{"x":188,"y":142,"width":20,"height":34},"xOffset":1,"yOffset":1,"xAdvance":20},"7860":{"rect":{"x":38,"y":254,"width":24,"height":38},"xOffset":0,"yOffset":-3,"xAdvance":23},"7861":{"rect":{"x":166,"y":142,"width":20,"height":34},"xOffset":1,"yOffset":1,"xAdvance":20},"7862":{"rect":{"x":38,"y":170,"width":24,"height":40},"xOffset":0,"yOffset":0,"xAdvance":23},"7863":{"rect":{"x":142,"y":292,"width":20,"height":36},"xOffset":1,"yOffset":4,"xAdvance":20},"7864":{"rect":{"x":116,"y":358,"width":22,"height":34},"xOffset":2,"yOffset":6,"xAdvance":20},"7865":{"rect":{"x":256,"y":366,"width":20,"height":28},"xOffset":2,"yOffset":12,"xAdvance":19},"7866":{"rect":{"x":64,"y":234,"width":22,"height":38},"xOffset":2,"yOffset":-3,"xAdvance":20},"7867":{"rect":{"x":166,"y":314,"width":20,"height":32},"xOffset":2,"yOffset":3,"xAdvance":19},"7868":{"rect":{"x":64,"y":388,"width":22,"height":36},"xOffset":2,"yOffset":-1,"xAdvance":20},"7869":{"rect":{"x":234,"y":298,"width":20,"height":30},"xOffset":2,"yOffset":5,"xAdvance":19},"7870":{"rect":{"x":190,"y":2,"width":26,"height":38},"xOffset":2,"yOffset":-3,"xAdvance":20},"7871":{"rect":{"x":406,"y":72,"width":26,"height":32},"xOffset":2,"yOffset":3,"xAdvance":19},"7872":{"rect":{"x":64,"y":194,"width":22,"height":38},"xOffset":2,"yOffset":-3,"xAdvance":20},"7873":{"rect":{"x":166,"y":280,"width":20,"height":32},"xOffset":2,"yOffset":3,"xAdvance":19},"7874":{"rect":{"x":162,"y":2,"width":26,"height":38},"xOffset":2,"yOffset":-3,"xAdvance":20},"7875":{"rect":{"x":116,"y":254,"width":24,"height":32},"xOffset":2,"yOffset":3,"xAdvance":19},"7876":{"rect":{"x":64,"y":154,"width":22,"height":38},"xOffset":2,"yOffset":-3,"xAdvance":20},"7877":{"rect":{"x":142,"y":366,"width":20,"height":34},"xOffset":2,"yOffset":1,"xAdvance":19},"7878":{"rect":{"x":64,"y":72,"width":22,"height":40},"xOffset":2,"yOffset":0,"xAdvance":20},"7879":{"rect":{"x":142,"y":216,"width":20,"height":36},"xOffset":2,"yOffset":4,"xAdvance":19},"7880":{"rect":{"x":278,"y":296,"width":14,"height":38},"xOffset":2,"yOffset":-3,"xAdvance":10},"7881":{"rect":{"x":294,"y":390,"width":12,"height":32},"xOffset":2,"yOffset":3,"xAdvance":9},"7882":{"rect":{"x":278,"y":410,"width":12,"height":34},"xOffset":1,"yOffset":6,"xAdvance":10},"7883":{"rect":{"x":278,"y":372,"width":12,"height":36},"xOffset":1,"yOffset":4,"xAdvance":9},"7884":{"rect":{"x":88,"y":288,"width":24,"height":34},"xOffset":2,"yOffset":6,"xAdvance":24},"7885":{"rect":{"x":256,"y":336,"width":20,"height":28},"xOffset":2,"yOffset":12,"xAdvance":20},"7886":{"rect":{"x":362,"y":2,"width":24,"height":38},"xOffset":2,"yOffset":-3,"xAdvance":24},"7887":{"rect":{"x":166,"y":246,"width":20,"height":32},"xOffset":2,"yOffset":3,"xAdvance":20},"7888":{"rect":{"x":38,"y":2,"width":28,"height":38},"xOffset":2,"yOffset":-3,"xAdvance":24},"7889":{"rect":{"x":378,"y":72,"width":26,"height":32},"xOffset":2,"yOffset":3,"xAdvance":20},"7890":{"rect":{"x":336,"y":2,"width":24,"height":38},"xOffset":2,"yOffset":-3,"xAdvance":24},"7891":{"rect":{"x":166,"y":212,"width":20,"height":32},"xOffset":2,"yOffset":3,"xAdvance":20},"7892":{"rect":{"x":2,"y":390,"width":28,"height":38},"xOffset":2,"yOffset":-3,"xAdvance":24},"7893":{"rect":{"x":116,"y":220,"width":24,"height":32},"xOffset":2,"yOffset":3,"xAdvance":20},"7894":{"rect":{"x":38,"y":86,"width":24,"height":40},"xOffset":2,"yOffset":-5,"xAdvance":24},"7895":{"rect":{"x":142,"y":330,"width":20,"height":34},"xOffset":2,"yOffset":1,"xAdvance":20},"7896":{"rect":{"x":38,"y":42,"width":24,"height":42},"xOffset":2,"yOffset":-2,"xAdvance":24},"7897":{"rect":{"x":142,"y":178,"width":20,"height":36},"xOffset":2,"yOffset":4,"xAdvance":20},"7898":{"rect":{"x":130,"y":2,"width":30,"height":34},"xOffset":2,"yOffset":1,"xAdvance":24},"7899":{"rect":{"x":310,"y":110,"width":26,"height":30},"xOffset":2,"yOffset":5,"xAdvance":21},"7900":{"rect":{"x":98,"y":2,"width":30,"height":34},"xOffset":2,"yOffset":1,"xAdvance":24},"7901":{"rect":{"x":282,"y":110,"width":26,"height":30},"xOffset":2,"yOffset":5,"xAdvance":21},"7902":{"rect":{"x":2,"y":272,"width":30,"height":38},"xOffset":2,"yOffset":-3,"xAdvance":24},"7903":{"rect":{"x":350,"y":72,"width":26,"height":32},"xOffset":2,"yOffset":3,"xAdvance":21},"7904":{"rect":{"x":2,"y":352,"width":30,"height":36},"xOffset":2,"yOffset":-1,"xAdvance":24},"7905":{"rect":{"x":210,"y":294,"width":20,"height":30},"xOffset":2,"yOffset":5,"xAdvance":20},"7906":{"rect":{"x":2,"y":232,"width":30,"height":38},"xOffset":2,"yOffset":2,"xAdvance":24},"7907":{"rect":{"x":254,"y":110,"width":26,"height":30},"xOffset":2,"yOffset":10,"xAdvance":21},"7908":{"rect":{"x":88,"y":144,"width":24,"height":34},"xOffset":2,"yOffset":6,"xAdvance":24},"7909":{"rect":{"x":166,"y":416,"width":20,"height":28},"xOffset":2,"yOffset":12,"xAdvance":20},"7910":{"rect":{"x":284,"y":2,"width":24,"height":38},"xOffset":2,"yOffset":-3,"xAdvance":24},"7911":{"rect":{"x":166,"y":178,"width":20,"height":32},"xOffset":2,"yOffset":3,"xAdvance":20},"7912":{"rect":{"x":2,"y":194,"width":32,"height":36},"xOffset":2,"yOffset":-1,"xAdvance":25},"7913":{"rect":{"x":226,"y":110,"width":26,"height":30},"xOffset":2,"yOffset":5,"xAdvance":21},"7914":{"rect":{"x":2,"y":156,"width":32,"height":36},"xOffset":2,"yOffset":-1,"xAdvance":25},"7915":{"rect":{"x":198,"y":110,"width":26,"height":30},"xOffset":2,"yOffset":5,"xAdvance":21},"7916":{"rect":{"x":2,"y":40,"width":32,"height":38},"xOffset":2,"yOffset":-3,"xAdvance":25},"7917":{"rect":{"x":322,"y":72,"width":26,"height":32},"xOffset":2,"yOffset":3,"xAdvance":21},"7918":{"rect":{"x":2,"y":118,"width":32,"height":36},"xOffset":2,"yOffset":-1,"xAdvance":25},"7919":{"rect":{"x":170,"y":110,"width":26,"height":30},"xOffset":2,"yOffset":5,"xAdvance":21},"7920":{"rect":{"x":2,"y":80,"width":32,"height":36},"xOffset":2,"yOffset":4,"xAdvance":25},"7921":{"rect":{"x":142,"y":110,"width":26,"height":30},"xOffset":2,"yOffset":10,"xAdvance":21},"7922":{"rect":{"x":88,"y":216,"width":24,"height":34},"xOffset":4,"yOffset":1,"xAdvance":23},"7923":{"rect":{"x":64,"y":312,"width":22,"height":36},"xOffset":0,"yOffset":6,"xAdvance":18},"7924":{"rect":{"x":88,"y":180,"width":24,"height":34},"xOffset":4,"yOffset":6,"xAdvance":23},"7925":{"rect":{"x":362,"y":142,"width":22,"height":30},"xOffset":0,"yOffset":13,"xAdvance":18},"7926":{"rect":{"x":310,"y":2,"width":24,"height":38},"xOffset":4,"yOffset":-3,"xAdvance":23},"7927":{"rect":{"x":64,"y":114,"width":22,"height":38},"xOffset":0,"yOffset":4,"xAdvance":18},"7928":{"rect":{"x":166,"y":72,"width":24,"height":36},"xOffset":4,"yOffset":-1,"xAdvance":23},"7929":{"rect":{"x":64,"y":274,"width":22,"height":36},"xOffset":0,"yOffset":6,"xAdvance":18},"9824":{"rect":{"x":22,"y":28,"width":28,"height":36},"xOffset":2,"yOffset":14,"xAdvance":27},"9827":{"rect":{"x":18,"y":26,"width":36,"height":36},"xOffset":2,"yOffset":14,"xAdvance":33},"9829":{"rect":{"x":20,"y":24,"width":32,"height":36},"xOffset":2,"yOffset":14,"xAdvance":30},"9830":{"rect":{"x":22,"y":22,"width":28,"height":36},"xOffset":2,"yOffset":14,"xAdvance":26}},"kerningDict":{}}}]