[[{"__type__":"cc.Prefab","_name":"x80","data":{"__id__":1}},{"__type__":"cc.Node","_name":"x80","_children":[{"__id__":2},{"__id__":4},{"__id__":6},{"__id__":7},{"__id__":8},{"__id__":9}],"_components":[{"__type__":"655c6/MZdJNZo/YxgAvEk8A","node":{"__id__":1},"fish":{"__id__":5},"shadow":{"__id__":3},"collider":{"__id__":10},"anim":{"__id__":11},"head":{"__id__":6},"end":{"__id__":7},"suoMe":{"__id__":9},"suoOther":{"__id__":8},"speed":0.88},{"__id__":11},{"__id__":10}],"_prefab":{"__type__":"cc.PrefabInfo","root":{"__id__":1},"asset":{"__uuid__":"c8O0fe4nJO0q2XSzJOiJbc"},"fileId":"5bIyzHKYhIyoHSVSr5N7HQ"},"_trs":{"__type__":"TypedArray","ctor":"Float64Array","array":[-1021.953,-263.828,0,0,0,0,1,1,1,1]},"_groupIndex":6,"groupIndex":6},{"__type__":"cc.Node","_name":"shadow","_parent":{"__id__":1},"_components":[{"__id__":3}],"_prefab":{"__type__":"cc.PrefabInfo","root":{"__id__":1},"asset":{"__uuid__":"c8O0fe4nJO0q2XSzJOiJbc"},"fileId":"3e5+Um6PFLXLbdAuIWXFwU"},"_trs":{"__type__":"TypedArray","ctor":"Float64Array","array":[-20,-20,0,0,0,0,1,0.9,0.9,1]},"_groupIndex":6,"groupIndex":6},{"__type__":"dragonBones.ArmatureDisplay","node":{"__id__":2},"_materials":[{"__uuid__":"ecpdLyjvZBwrvm+cedCcQy"}],"_armatureName":"baolongwang_shadow","_animationName":"baolongwang_shadow","_preCacheMode":0,"_armatureKey":"dea7cb2d-84db-4a93-93fe-2812a201cfae#6bb95a8b-07ae-4f7e-be17-1166f32c862a","_N$dragonAsset":{"__uuid__":"dep8sthNtKk5P+KBKiAc+u"},"_N$dragonAtlasAsset":{"__uuid__":"6buVqLB65Pfr4XEWbzLIYq"},"_N$timeScale":0.5},{"__type__":"cc.Node","_name":"fish","_parent":{"__id__":1},"_components":[{"__id__":5}],"_prefab":{"__type__":"cc.PrefabInfo","root":{"__id__":1},"asset":{"__uuid__":"c8O0fe4nJO0q2XSzJOiJbc"},"fileId":"17D/Vl+cNCT6Y9KLUj33i4"},"_trs":{"__type__":"TypedArray","ctor":"Float64Array","array":[0,0,0,0,0,0,1,0.9,0.9,1]}},{"__type__":"dragonBones.ArmatureDisplay","node":{"__id__":4},"_materials":[{"__uuid__":"ecpdLyjvZBwrvm+cedCcQy"}],"_armatureName":"Sprite","_animationName":"Sprite","_preCacheMode":0,"_armatureKey":"b7708d09-9b53-4dbd-9f87-5606f8f05719#eaef5a7d-786f-4f9d-9623-d477b10ee706","_N$dragonAsset":{"__uuid__":"b7cI0Jm1NNvZ+HVgb48FcZ"},"_N$dragonAtlasAsset":{"__uuid__":"ea71p9eG9PnZYj1HexDucG"},"_N$timeScale":0.5},{"__type__":"cc.Node","_name":"head","_parent":{"__id__":1},"_prefab":{"__type__":"cc.PrefabInfo","root":{"__id__":1},"asset":{"__uuid__":"c8O0fe4nJO0q2XSzJOiJbc"},"fileId":"28vOVZLM1GSbpdtDVNUzrv"},"_trs":{"__type__":"TypedArray","ctor":"Float64Array","array":[-155.425,-22.167,0,0,0,0,1,1,1,1]}},{"__type__":"cc.Node","_name":"end","_parent":{"__id__":1},"_prefab":{"__type__":"cc.PrefabInfo","root":{"__id__":1},"asset":{"__uuid__":"c8O0fe4nJO0q2XSzJOiJbc"},"fileId":"e6DiVHZRBPFaM0JdlnJGCV"},"_trs":{"__type__":"TypedArray","ctor":"Float64Array","array":[182.314,-20.054,0,0,0,0,1,1,1,1]}},{"__type__":"cc.Node","_name":"fish_suoding_other","_parent":{"__id__":1},"_active":false,"_components":[{"__type__":"cc.Sprite","node":{"__id__":8},"_materials":[{"__uuid__":"ecpdLyjvZBwrvm+cedCcQy"}],"_spriteFrame":{"__uuid__":"d6GNvieS9K8pqo+oyuZNkc"}},{"__type__":"cc.Animation","node":{"__id__":8},"_defaultClip":{"__uuid__":"41C/GXlRNOjLlgy6YN7juw"},"_clips":[{"__uuid__":"41C/GXlRNOjLlgy6YN7juw"}],"playOnLoad":true}],"_prefab":{"__type__":"cc.PrefabInfo","root":{"__id__":1},"asset":{"__uuid__":"c8O0fe4nJO0q2XSzJOiJbc"},"fileId":"01ROC23XxNCr2y2D6oogqN"},"_opacity":97,"_contentSize":{"__type__":"cc.Size","width":169,"height":169},"_trs":{"__type__":"TypedArray","ctor":"Float64Array","array":[0,0,0,0,0,0,1,0.85,0.85,1]}},{"__type__":"cc.Node","_name":"fish_suoding_me","_parent":{"__id__":1},"_active":false,"_components":[{"__type__":"cc.Sprite","node":{"__id__":9},"_materials":[{"__uuid__":"ecpdLyjvZBwrvm+cedCcQy"}],"_spriteFrame":{"__uuid__":"d6GNvieS9K8pqo+oyuZNkc"}},{"__type__":"cc.Animation","node":{"__id__":9},"_defaultClip":{"__uuid__":"41C/GXlRNOjLlgy6YN7juw"},"_clips":[{"__uuid__":"41C/GXlRNOjLlgy6YN7juw"}],"playOnLoad":true}],"_prefab":{"__type__":"cc.PrefabInfo","root":{"__id__":1},"asset":{"__uuid__":"c8O0fe4nJO0q2XSzJOiJbc"},"fileId":"48TQlZD7hL5KgrmvGiFVcC"},"_contentSize":{"__type__":"cc.Size","width":169,"height":169},"_trs":{"__type__":"TypedArray","ctor":"Float64Array","array":[0,0,0,0,0,0,1,1,1,1]}},{"__type__":"cc.PolygonCollider","node":{"__id__":1},"points":[{"__type__":"cc.Vec2","x":-165.4,"y":-44.6},{"__type__":"cc.Vec2","x":-53.7,"y":-44.7},{"__type__":"cc.Vec2","x":-36.9,"y":-77.9},{"__type__":"cc.Vec2","x":2.5,"y":-60.9},{"__type__":"cc.Vec2","x":8.8,"y":-29},{"__type__":"cc.Vec2","x":81.9,"y":-11.6},{"__type__":"cc.Vec2","x":109.2,"y":-50},{"__type__":"cc.Vec2","x":140,"y":-46.1},{"__type__":"cc.Vec2","x":173.9,"y":-27.3},{"__type__":"cc.Vec2","x":252.3,"y":-29.9},{"__type__":"cc.Vec2","x":260.9,"y":1.2},{"__type__":"cc.Vec2","x":215.4,"y":-10.6},{"__type__":"cc.Vec2","x":160.2,"y":13.9},{"__type__":"cc.Vec2","x":60,"y":26.5},{"__type__":"cc.Vec2","x":-37.1,"y":3},{"__type__":"cc.Vec2","x":-103.6,"y":-4},{"__type__":"cc.Vec2","x":-181.7,"y":0.6},{"__type__":"cc.Vec2","x":-206.1,"y":-2},{"__type__":"cc.Vec2","x":-211.6,"y":-16.4},{"__type__":"cc.Vec2","x":-204.9,"y":-29.9}]},{"__type__":"cc.Animation","node":{"__id__":1},"_clips":[{"__uuid__":"29iR4W+iJIo5KxMYuK4tBL"},{"__uuid__":"38R/ZklLNKEqGKDmbcCnXp"},{"__uuid__":"7eg3BnlLFN+IDQxeTECoyV"},{"__uuid__":"cdtyorO9pHiqgdygDSinME"},{"__uuid__":"d4ApCYre9KCJTQiLR7mshQ"},{"__uuid__":"76vbq7jvhKYbvj7TurUSFV"},{"__uuid__":"3eAKF7zAFAg60ukLqhhrZL"},{"__uuid__":"469Dxt2dBPSphEPNGNNm2z"},{"__uuid__":"fdhLt7GcFM4aTCtkhnL9JT"},{"__uuid__":"9d03nr+1NDaqARln7ReEok"},{"__uuid__":"e9NR+mrH9PvKeoyjmAU63s"},{"__uuid__":"64zG0nSSZFxp28PxC2Impi"},{"__uuid__":"a39D6lV5ZGWrhVvWHYumVu"},{"__uuid__":"50cCi1tzJA742Ek+NgINX2"},{"__uuid__":"9aXiEWY8tAFIKflG9uhoCq"},{"__uuid__":"38lHOKQmtDIZHRtvTMTWbg"}]}],{"__type__":"cc.SpriteFrame","content":{"name":"fish_game_pic_suoding1","texture":"bclyb1CdFAXZK7vE6k7C0V","rect":[0,0,169,169],"offset":[-0.5,0.5],"originalSize":[170,170],"capInsets":[0,0,0,0]}}]