[{"__type__":"cc.SpriteFrame","content":{"name":"HUthanglon1","texture":"e1sg2tENNNc4UDeEDxzi9K","rect":[346,285,311,308],"offset":[0,0],"originalSize":[311,308],"capInsets":[0,0,0,0]}},{"__type__":"cc.SpriteFrame","content":{"name":"HUthanglon2","texture":"e1sg2tENNNc4UDeEDxzi9K","rect":[0,0,684,284],"offset":[0,0],"originalSize":[684,284],"capInsets":[0,0,0,0]}},{"__type__":"cc.SpriteAtlas","_name":"aladdin_bigwin.plist","_spriteFrames":{"HUthanglon1":{"__uuid__":"26Lqpq1yxKtK7lUOCkhF9d"},"HUthanglon2":{"__uuid__":"906MsdW61DfpFbRZ12HTHx"},"thangsieulon":{"__uuid__":"e5xu1tuM1NspKTOAnDw4eW"}}},{"__type__":"cc.SpriteFrame","content":{"name":"thangsieulon","texture":"e1sg2tENNNc4UDeEDxzi9K","rect":[0,285,345,192],"offset":[0,0],"originalSize":[345,192],"capInsets":[0,0,0,0]}}]