{"__type__":"dragonBones.DragonBonesAtlasAsset","_name":"zjh_effect_hall_girl_tex","_atlasJson":"{\"width\":2048,\"imagePath\":\"zjh_effect_hall_girl_tex.webp\",\"height\":1024,\"name\":\"zjh_effect_hall_girl\",\"SubTexture\":[{\"width\":123,\"y\":1,\"height\":313,\"name\":\"头带\",\"x\":1283},{\"width\":406,\"y\":513,\"height\":311,\"name\":\"头发大\",\"x\":326},{\"width\":200,\"y\":513,\"height\":309,\"name\":\"头发5\",\"x\":734},{\"width\":331,\"y\":824,\"height\":126,\"name\":\"头发4\",\"x\":734},{\"width\":160,\"y\":826,\"height\":175,\"name\":\"头发3\",\"x\":478},{\"width\":52,\"y\":846,\"height\":119,\"name\":\"左手衣摆2\",\"x\":1219},{\"width\":140,\"y\":1,\"height\":238,\"name\":\"左手衣摆1\",\"x\":333},{\"width\":88,\"y\":213,\"height\":236,\"name\":\"右手衣摆2\",\"x\":477},{\"width\":323,\"y\":513,\"height\":421,\"name\":\"右臂\",\"x\":1},{\"width\":129,\"y\":513,\"height\":331,\"name\":\"右手衣摆1\",\"x\":1152},{\"width\":330,\"y\":1,\"height\":510,\"name\":\"身体\",\"x\":1},{\"width\":100,\"y\":1,\"height\":210,\"name\":\"左臂\",\"x\":475},{\"width\":150,\"y\":826,\"height\":194,\"name\":\"头\",\"x\":326},{\"y\":952,\"frameX\":-4,\"frameHeight\":50,\"frameY\":0,\"width\":76,\"frameWidth\":80,\"height\":50,\"name\":\"睁眼\",\"x\":698},{\"width\":77,\"y\":776,\"height\":65,\"name\":\"闭眼中间帧\",\"x\":1067},{\"width\":79,\"y\":952,\"height\":48,\"name\":\"闭眼\",\"x\":776},{\"width\":56,\"y\":826,\"height\":149,\"name\":\"头发1\",\"x\":640},{\"width\":142,\"y\":241,\"height\":179,\"name\":\"头发2\",\"x\":333},{\"width\":32,\"y\":977,\"height\":36,\"name\":\"发饰\",\"x\":640},{\"width\":214,\"y\":513,\"height\":261,\"name\":\"左手\",\"x\":936},{\"width\":150,\"y\":846,\"height\":150,\"name\":\"右小臂\",\"x\":1067},{\"width\":103,\"y\":422,\"height\":64,\"name\":\"右手\",\"x\":333},{\"width\":30,\"y\":422,\"height\":34,\"name\":\"发饰1\",\"x\":438},{\"width\":18,\"y\":977,\"height\":31,\"name\":\"发饰2\",\"x\":674},{\"width\":38,\"y\":776,\"height\":21,\"name\":\"发饰3\",\"x\":936}]}","_texture":{"__uuid__":"d7nBNwhuBBC6qUeug4pUYJ"},"texture":{"__uuid__":"d7nBNwhuBBC6qUeug4pUYJ"}}