{"__type__":"dragonBones.DragonBonesAsset","_name":"kyby_chibang2_ske","_dragonBonesJson":"{\"frameRate\":24,\"name\":\"kyby_chibang2\",\"version\":\"5.5\",\"compatibleVersion\":\"5.5\",\"armature\":[{\"type\":\"Armature\",\"frameRate\":24,\"name\":\"kyby_chibang2\",\"aabb\":{\"x\":-280.64,\"y\":-221.41,\"width\":561.6,\"height\":356.41},\"bone\":[{\"name\":\"root\",\"transform\":{\"y\":169}},{\"name\":\"chibang2\",\"parent\":\"root\",\"transform\":{\"x\":-0.7,\"y\":-224.35}},{\"name\":\"chibang21\",\"parent\":\"root\",\"transform\":{\"x\":-0.7,\"y\":-224.35,\"scX\":-1}},{\"length\":46,\"name\":\"xingguangchibang21\",\"parent\":\"root\",\"transform\":{\"x\":63.7723,\"y\":-189.3,\"skX\":-90,\"skY\":-90}},{\"length\":46,\"name\":\"xingguangchibang22\",\"parent\":\"root\",\"transform\":{\"x\":-65.826,\"y\":-277.9086,\"skX\":-45,\"skY\":-45}},{\"name\":\"chibang2lizihuang\",\"parent\":\"root\"},{\"length\":188,\"name\":\"chibang2xulieshang\",\"parent\":\"root\",\"transform\":{\"y\":-227,\"skX\":-90,\"skY\":-90,\"scX\":4,\"scY\":4}},{\"name\":\"chibang2lizihuang1\",\"parent\":\"root\",\"transform\":{\"scX\":-1}},{\"length\":47,\"name\":\"chibang2_R-chibang\",\"parent\":\"chibang2\",\"transform\":{\"x\":43.05,\"y\":0.7,\"skX\":-1.6366,\"skY\":-1.6366}},{\"length\":47,\"name\":\"chibang2_R-chibang8\",\"parent\":\"chibang21\",\"transform\":{\"x\":43.05,\"y\":0.7,\"skX\":-1.6366,\"skY\":178.3634,\"scX\":-1}},{\"length\":11,\"name\":\"chibang2xiaoguangdian1412\",\"parent\":\"chibang2lizihuang1\",\"transform\":{\"x\":257.1885,\"y\":-277.5571,\"skX\":-88.5185,\"skY\":-88.5185}},{\"length\":11,\"name\":\"chibang2xiaoguangdian14111\",\"parent\":\"chibang2lizihuang1\",\"transform\":{\"x\":257.1885,\"y\":-277.5571,\"skX\":-88.5185,\"skY\":-88.5185}},{\"length\":11,\"name\":\"chibang2xiaoguangdian141\",\"parent\":\"chibang2lizihuang\",\"transform\":{\"x\":257.1885,\"y\":-277.5571,\"skX\":-88.5185,\"skY\":-88.5185}},{\"length\":11,\"name\":\"chibang2xiaoguangdian14\",\"parent\":\"chibang2lizihuang\",\"transform\":{\"x\":257.1885,\"y\":-277.5571,\"skX\":-88.5185,\"skY\":-88.5185}},{\"length\":11,\"name\":\"chibang2xiaoguangdian1411\",\"parent\":\"chibang2lizihuang\",\"transform\":{\"x\":257.1885,\"y\":-277.5571,\"skX\":-88.5185,\"skY\":-88.5185}},{\"length\":11,\"name\":\"chibang2xiaoguangdian142\",\"parent\":\"chibang2lizihuang1\",\"transform\":{\"x\":257.1885,\"y\":-277.5571,\"skX\":-88.5185,\"skY\":-88.5185}},{\"length\":37,\"name\":\"chibang2_R-chibang14\",\"parent\":\"chibang2_R-chibang8\",\"transform\":{\"x\":55.5257,\"y\":-7.0946,\"skX\":-42.7402,\"skY\":-42.7402}},{\"length\":40,\"name\":\"chibang2_R-chibang111\",\"parent\":\"chibang2_R-chibang8\",\"transform\":{\"x\":33.0894,\"y\":58.6189,\"skX\":29.0835,\"skY\":29.0835}},{\"length\":42,\"name\":\"chibang2_R-chibang12\",\"parent\":\"chibang2_R-chibang\",\"transform\":{\"x\":47.9704,\"y\":47.2393,\"skX\":24.8085,\"skY\":24.8085}},{\"length\":55,\"name\":\"chibang2_R-chibang61\",\"parent\":\"chibang2_R-chibang8\",\"transform\":{\"x\":71.0739,\"y\":12.4349,\"skX\":-32.0821,\"skY\":-32.0821}},{\"length\":40,\"name\":\"chibang2_R-chibang11\",\"parent\":\"chibang2_R-chibang\",\"transform\":{\"x\":33.0894,\"y\":58.6189,\"skX\":29.0835,\"skY\":29.0835}},{\"length\":42,\"name\":\"chibang2_R-chibang121\",\"parent\":\"chibang2_R-chibang8\",\"transform\":{\"x\":47.9704,\"y\":47.2393,\"skX\":24.8085,\"skY\":24.8085}},{\"length\":50,\"name\":\"chibang2_R-chibang2\",\"parent\":\"chibang2_R-chibang\",\"transform\":{\"x\":75.3325,\"y\":24.1218,\"skX\":2.8373,\"skY\":2.8373}},{\"length\":37,\"name\":\"chibang2_R-chibang1\",\"parent\":\"chibang2_R-chibang\",\"transform\":{\"x\":55.5257,\"y\":-7.0946,\"skX\":-42.7402,\"skY\":-42.7402}},{\"length\":50,\"name\":\"chibang2_R-chibang21\",\"parent\":\"chibang2_R-chibang8\",\"transform\":{\"x\":75.3325,\"y\":24.1218,\"skX\":2.8373,\"skY\":2.8373}},{\"length\":66,\"name\":\"chibang2liuguang_01\",\"parent\":\"chibang2_R-chibang8\",\"transform\":{\"x\":32.8636,\"y\":94.603,\"skX\":-87.06,\"skY\":-87.06}},{\"length\":55,\"name\":\"chibang2_R-chibang6\",\"parent\":\"chibang2_R-chibang\",\"transform\":{\"x\":71.0739,\"y\":12.4349,\"skX\":-32.0821,\"skY\":-32.0821}},{\"name\":\"chibang2_saoguang\",\"parent\":\"chibang2_R-chibang\",\"transform\":{\"x\":33.1411,\"y\":71.5225,\"skX\":1.6366,\"skY\":1.6366,\"scX\":2,\"scY\":2}},{\"name\":\"chibang2_saoguang1\",\"parent\":\"chibang2_R-chibang8\",\"transform\":{\"x\":32.1363,\"y\":71.467,\"skX\":1.6366,\"skY\":1.6366,\"scX\":2,\"scY\":2}},{\"length\":36,\"name\":\"chibang2_R-chibang3\",\"parent\":\"chibang2_R-chibang1\",\"transform\":{\"x\":44.2681,\"y\":54.5561,\"skX\":-6.4099,\"skY\":-6.4099}},{\"length\":40,\"name\":\"chibang2_R-chibang13\",\"parent\":\"chibang2_R-chibang12\",\"transform\":{\"x\":42.3135,\"skX\":-21.1823,\"skY\":-21.1823}},{\"length\":36,\"name\":\"chibang2_R-chibang32\",\"parent\":\"chibang2_R-chibang14\",\"transform\":{\"x\":44.2681,\"y\":54.5561,\"skX\":-6.4099,\"skY\":-6.4099}},{\"length\":46,\"name\":\"chibang2_R-chibang4\",\"parent\":\"chibang2_R-chibang1\",\"transform\":{\"x\":50.6275,\"y\":11.1718,\"skX\":-5.868,\"skY\":-5.868}},{\"length\":49,\"name\":\"chibang2_R-chibang5\",\"parent\":\"chibang2_R-chibang11\",\"transform\":{\"x\":40.6789,\"skX\":5.6035,\"skY\":5.6035}},{\"length\":38,\"name\":\"chibang2_R-chibang71\",\"parent\":\"chibang2_R-chibang14\",\"transform\":{\"x\":38.3176,\"y\":1.0016,\"skX\":-49.27,\"skY\":-49.27}},{\"length\":46,\"name\":\"chibang2_R-chibang43\",\"parent\":\"chibang2_R-chibang14\",\"transform\":{\"x\":50.6275,\"y\":11.1718,\"skX\":-5.868,\"skY\":-5.868}},{\"length\":40,\"name\":\"chibang2_R-chibang131\",\"parent\":\"chibang2_R-chibang121\",\"transform\":{\"x\":42.3135,\"skX\":-21.1823,\"skY\":-21.1823}},{\"length\":49,\"name\":\"chibang2_R-chibang51\",\"parent\":\"chibang2_R-chibang111\",\"transform\":{\"x\":40.6789,\"skX\":5.6035,\"skY\":5.6035}},{\"length\":38,\"name\":\"chibang2_R-chibang7\",\"parent\":\"chibang2_R-chibang1\",\"transform\":{\"x\":38.3176,\"y\":1.0016,\"skX\":-49.27,\"skY\":-49.27}},{\"length\":47,\"name\":\"chibang2_R-chibang311\",\"parent\":\"chibang2_R-chibang32\",\"transform\":{\"x\":40.7805,\"y\":-0.9018,\"skX\":-14.3051,\"skY\":-14.3051}},{\"length\":47,\"name\":\"chibang2_R-chibang42\",\"parent\":\"chibang2_R-chibang4\",\"transform\":{\"x\":53.2018,\"y\":11.807,\"skX\":-10.9523,\"skY\":-10.9523}},{\"length\":47,\"name\":\"chibang2_R-chibang421\",\"parent\":\"chibang2_R-chibang43\",\"transform\":{\"x\":53.2018,\"y\":11.807,\"skX\":-10.9523,\"skY\":-10.9523}},{\"length\":48,\"name\":\"chibang2_R-chibang411\",\"parent\":\"chibang2_R-chibang43\",\"transform\":{\"x\":59.408,\"y\":-13.2572,\"skX\":-50.598,\"skY\":-50.598}},{\"length\":47,\"name\":\"chibang2_R-chibang31\",\"parent\":\"chibang2_R-chibang3\",\"transform\":{\"x\":40.7805,\"y\":-0.9018,\"skX\":-14.3051,\"skY\":-14.3051}},{\"length\":48,\"name\":\"chibang2_R-chibang41\",\"parent\":\"chibang2_R-chibang4\",\"transform\":{\"x\":59.408,\"y\":-13.2572,\"skX\":-50.598,\"skY\":-50.598}}],\"slot\":[{\"blendMode\":\"add\",\"name\":\"chibang2xuyin01\",\"parent\":\"chibang2_R-chibang2\"},{\"blendMode\":\"add\",\"name\":\"chibang2xuyin02\",\"parent\":\"chibang2_R-chibang31\"},{\"blendMode\":\"add\",\"name\":\"chibang2xuyin031\",\"parent\":\"chibang2_R-chibang421\"},{\"blendMode\":\"add\",\"name\":\"chibang2xuyin03\",\"parent\":\"chibang2_R-chibang42\"},{\"name\":\"chibang2xiaoguangdian14\",\"parent\":\"chibang2xiaoguangdian14\"},{\"name\":\"chibang2xuyin042\",\"parent\":\"chibang2_R-chibang7\"},{\"blendMode\":\"add\",\"name\":\"chibang2xuyin04\",\"parent\":\"chibang2_R-chibang11\"},{\"blendMode\":\"add\",\"name\":\"chibang2xuyin041\",\"parent\":\"chibang2_R-chibang111\"},{\"blendMode\":\"add\",\"name\":\"chibang2xuyin011\",\"parent\":\"chibang2_R-chibang21\"},{\"blendMode\":\"add\",\"name\":\"chibang2xuyin021\",\"parent\":\"chibang2_R-chibang311\"},{\"name\":\"chibang2_R-chibang4\",\"parent\":\"chibang2_R-chibang42\"},{\"name\":\"chibang2_R-chibang3\",\"parent\":\"chibang2_R-chibang31\"},{\"name\":\"chibang2_R-chibang2\",\"parent\":\"chibang2_R-chibang2\"},{\"name\":\"chibang2_R-chibang1\",\"parent\":\"chibang2_R-chibang13\"},{\"name\":\"chibang2_R-chibang\",\"parent\":\"chibang2_R-chibang7\"},{\"name\":\"chibang2_R-chibang41\",\"parent\":\"chibang2_R-chibang421\"},{\"name\":\"chibang2_R-chibang31\",\"parent\":\"chibang2_R-chibang311\"},{\"name\":\"chibang2_R-chibang21\",\"parent\":\"chibang2_R-chibang21\"},{\"name\":\"chibang2_R-chibang11\",\"parent\":\"chibang2_R-chibang131\"},{\"name\":\"chibang2_R-chibang5\",\"parent\":\"chibang2_R-chibang71\"},{\"blendMode\":\"add\",\"name\":\"chibang2xuyin05\",\"parent\":\"chibang2_R-chibang12\"},{\"blendMode\":\"add\",\"name\":\"chibang2xuyin051\",\"parent\":\"chibang2_R-chibang121\"},{\"name\":\"chibang2xuyin0411\",\"parent\":\"chibang2_R-chibang71\"},{\"blendMode\":\"add\",\"name\":\"xingguangchibang21\",\"parent\":\"xingguangchibang21\"},{\"blendMode\":\"add\",\"name\":\"xingguangchibang22\",\"parent\":\"xingguangchibang22\"},{\"name\":\"chibang2xiaoguangdian141\",\"parent\":\"chibang2xiaoguangdian141\"},{\"name\":\"chibang2xiaoguangdian1411\",\"parent\":\"chibang2xiaoguangdian1411\"},{\"name\":\"chibang2xiaoguangdian142\",\"parent\":\"chibang2xiaoguangdian142\"},{\"name\":\"chibang2xiaoguangdian1412\",\"parent\":\"chibang2xiaoguangdian1412\"},{\"name\":\"chibang2xiaoguangdian14111\",\"parent\":\"chibang2xiaoguangdian14111\"},{\"blendMode\":\"add\",\"displayIndex\":-1,\"name\":\"chibang2xuliechuxian_0\",\"parent\":\"chibang2xulieshang\"},{\"displayIndex\":11,\"name\":\"chibang2_saoguang1\",\"parent\":\"chibang2_saoguang\"},{\"displayIndex\":-1,\"name\":\"chibang2_saoguang11\",\"parent\":\"chibang2_saoguang1\"}],\"skin\":[{\"slot\":[{\"name\":\"chibang2_R-chibang11\",\"display\":[{\"type\":\"mesh\",\"name\":\"chibang2_R-chibang1\",\"width\":116,\"height\":40,\"path\":\"R-chibang1\",\"vertices\":[75,-186.49,83.8,-186.94,94.75,-187.04,106.35,-186.49,118.4,-184.34,128.45,-180.84,139.5,-176.44,149.55,-171.19,158.55,-166.39,165.75,-164.64,174.7,-166.39,180.15,-169.69,185,-174.04,190.45,-177.09,190.7,-172.09,184.55,-164.64,176.95,-158.54,168.6,-154.59,159.6,-151.54,150.7,-148.94,141.25,-147.04,130.55,-147.04,119.15,-147.04,108.05,-148.84,98.65,-152.39,88.6,-155.24,79.4,-159.84,75,-163.74],\"uvs\":[0,0.01375,0.07586,0.0025,0.17026,0,0.27026,0.01375,0.37414,0.0675,0.46078,0.155,0.55603,0.265,0.64267,0.39625,0.72026,0.51625,0.78233,0.56,0.85948,0.51625,0.90647,0.43375,0.94828,0.325,0.99526,0.24875,0.99741,0.37375,0.9444,0.56,0.87888,0.7125,0.8069,0.81125,0.72931,0.8875,0.65259,0.9525,0.57112,1,0.47888,1,0.3806,1,0.28491,0.955,0.20388,0.86625,0.11724,0.795,0.03793,0.68,0,0.5825],\"triangles\":[13,12,14,12,15,14,11,15,12,11,10,15,10,16,15,10,9,16,9,17,16,9,18,17,8,18,9,7,19,8,8,19,18,6,21,20,6,20,7,7,20,19,5,22,21,5,21,6,23,22,4,4,22,5,24,23,4,3,24,4,2,25,24,2,24,3,26,25,2,27,26,1,1,26,2,0,27,1],\"weights\":[2,21,0.913554,36,0.086446,2,21,0.951537,36,0.048463,2,21,0.953582,36,0.046418,2,21,0.866149,36,0.133851,2,21,0.714751,36,0.285249,2,21,0.567823,36,0.432177,2,21,0.435304,36,0.564696,2,21,0.195604,36,0.804396,2,21,0.044592,36,0.955408,2,21,0.01717,36,0.98283,2,21,0.029765,36,0.970235,2,21,0.069517,36,0.930483,2,21,0.115718,36,0.884282,2,21,0.15258,36,0.84742,2,21,0.129142,36,0.870858,2,21,0.069359,36,0.930641,2,21,0.019173,36,0.980827,2,21,0.017763,36,0.982237,2,21,0.071754,36,0.928246,2,21,0.188416,36,0.811584,2,21,0.368281,36,0.631719,2,21,0.495243,36,0.504757,2,21,0.519167,36,0.480833,2,21,0.617873,36,0.382127,2,21,0.720492,36,0.279508,2,21,0.788532,36,0.211468,2,21,0.847096,36,0.152904,2,21,0.866888,36,0.133112],\"slotPose\":[1,0,0,1,0,0],\"bonePose\":[21,0.919328,0.393491,-0.393491,0.919328,91.65,-177.8,36,0.999397,0.034719,-0.034719,0.999397,130.55,-161.15],\"edges\":[0,1,1,2,2,3,3,4,4,5,5,6,6,7,7,8,8,9,9,10,10,11,11,12,12,13,13,14,14,15,15,16,16,17,17,18,18,19,19,20,20,21,21,22,22,23,23,24,24,25,25,26,26,27,27,0],\"userEdges\":[]}]},{\"name\":\"chibang2xuyin051\",\"display\":[{\"name\":\"chibang2xuyin05\",\"transform\":{\"x\":68.84,\"y\":-21.73,\"skX\":-23.17,\"skY\":156.83,\"scX\":-1}}]},{\"name\":\"chibang2_saoguang1\",\"display\":[{\"name\":\"chibang2_saoguang9\"},{\"name\":\"chibang2_saoguang8\"},{\"name\":\"chibang2_saoguang7\"},{\"name\":\"chibang2_saoguang6\"},{\"name\":\"chibang2_saoguang5\"},{\"name\":\"chibang2_saoguang4\"},{\"name\":\"chibang2_saoguang3\"},{\"name\":\"chibang2_saoguang2\"},{\"name\":\"chibang2_saoguang12\"},{\"name\":\"chibang2_saoguang11\"},{\"name\":\"chibang2_saoguang10\"},{\"name\":\"chibang2_saoguang1\"}]},{\"name\":\"xingguangchibang22\",\"display\":[{\"name\":\"xingguangchibang2\",\"transform\":{\"x\":0.5,\"y\":-1.25,\"skX\":90,\"skY\":90}}]},{\"name\":\"chibang2xuyin041\",\"display\":[{\"type\":\"mesh\",\"name\":\"chibang2xuyin04\",\"width\":128,\"height\":264,\"vertices\":[4.54,-3.63,35.46,-25.89,80.24,-38.5,141.45,-9.27,156.76,20.19,114.96,41.9,47.13,68.06,15.02,25.01],\"uvs\":[0.03047,0.65417,0.325,0.63333,0.68086,0.66913,1,0.87424,1,1,0.63203,1,0.06758,0.96951,0,0.76875],\"triangles\":[2,5,3,3,5,4,1,7,5,7,6,5,1,5,2,0,7,1],\"edges\":[0,1,1,2,2,3,3,4,4,5,5,6,6,7,7,0],\"userEdges\":[]}]},{\"name\":\"chibang2_R-chibang21\",\"display\":[{\"type\":\"mesh\",\"name\":\"chibang2_R-chibang2\",\"width\":106,\"height\":42,\"path\":\"R-chibang2\",\"vertices\":[95,-208.29,107.9,-211.84,124.45,-214.49,139.95,-215.24,154.2,-215.24,166.65,-212.44,179,-209.04,191.95,-204.64,201.05,-193.29,200.75,-189.39,190.4,-195.89,174.65,-195.09,163.75,-188.89,150.85,-183.14,135.8,-182.69,123.65,-186.04,111.55,-189.14,99.85,-196.14],\"uvs\":[0,0.18452,0.1217,0.1,0.27783,0.0369,0.42406,0.01905,0.55849,0.01905,0.67594,0.08571,0.79245,0.16667,0.91462,0.27143,1.00047,0.54167,0.99764,0.63452,0.9,0.47976,0.75142,0.49881,0.64858,0.64643,0.52689,0.78333,0.38491,0.79405,0.27028,0.71429,0.15613,0.64048,0.04575,0.47381],\"triangles\":[7,10,8,8,10,9,6,10,7,6,11,10,5,11,6,5,12,11,4,13,12,4,12,5,3,13,4,3,14,13,15,14,3,2,15,3,16,15,2,1,16,2,0,17,1,1,17,16],\"weights\":[1,24,1,1,24,1,1,24,1,1,24,1,1,24,1,1,24,1,1,24,1,1,24,1,1,24,1,1,24,1,1,24,1,1,24,1,1,24,1,1,24,1,1,24,1,1,24,1,1,24,1,1,24,1],\"slotPose\":[1,0,0,1,0,0],\"bonePose\":[9,0.999592,-0.02856,0.02856,0.999592,42.35,-223.65,24,0.99978,0.020955,-0.020955,0.99978,118.340727,-201.689516],\"edges\":[0,1,1,2,2,3,3,4,4,5,5,6,6,7,7,8,8,9,9,10,10,11,11,12,12,13,13,14,14,15,15,16,16,17,17,0],\"userEdges\":[]}]},{\"name\":\"chibang2xuyin0411\",\"display\":[{\"type\":\"mesh\",\"name\":\"chibang2xuyin04\",\"width\":128,\"height\":264,\"vertices\":[-81.98,-37.98,-95.13,1.72,-89.25,69.73,-45.71,78.42,45.6,84.24,76.42,81.09,80.66,14.48,84.23,-41.56,22.76,-45.48,-41.86,-49.6,-77.54,-51.87],\"uvs\":[0.11055,0.62746,0.42656,0.66761,0.95391,0.62898,1,0.46231,1,0.11572,0.96016,0,0.43867,0,0,0,0,0.23333,0,0.4786,0,0.61402],\"triangles\":[5,6,4,6,8,4,1,2,3,9,1,3,4,8,3,8,9,3,9,0,1,7,8,6,9,10,0],\"edges\":[0,1,1,2,2,3,3,4,4,5,5,6,6,7,7,8,8,9,9,10,10,0],\"userEdges\":[]}]},{\"name\":\"chibang2_R-chibang4\",\"display\":[{\"type\":\"mesh\",\"name\":\"chibang2_R-chibang4\",\"width\":124,\"height\":126,\"path\":\"R-chibang4\",\"vertices\":[113,-257.29,120.6,-270.44,129.15,-284.34,138.4,-297.14,150.15,-307.84,158.45,-317.79,162.35,-327.74,161.9,-338.44,159.75,-349.84,154.5,-358.39,150.15,-365.04,159.5,-365.04,163.4,-359.09,168.65,-350.19,173.35,-339.49,177.25,-328.49,179.25,-318.29,178.7,-309.94,179.75,-309.54,185.55,-316.49,191.9,-323.29,198.5,-329.69,204.95,-335.39,212.65,-341.19,220.15,-345.04,226.5,-347.29,237,-348.19,234.15,-343.99,228.35,-342.79,221.5,-339.59,216.85,-335.89,212.5,-330.74,208.8,-323.89,207.1,-317.94,205.5,-310.54,204.95,-302.09,203.35,-291.89,199.65,-284.49,195.3,-277.09,190.8,-269.34,182.9,-261.24,176,-256.34,167.25,-251.84,157.5,-246.69,146,-242.34,136.8,-239.84,126.05,-240.49,117.95,-242.99,113,-246.69],\"uvs\":[0,0.85516,0.06129,0.75079,0.13024,0.64048,0.20484,0.53889,0.2996,0.45397,0.36653,0.375,0.39798,0.29603,0.39435,0.21111,0.37702,0.12063,0.33468,0.05278,0.2996,0,0.375,0,0.40645,0.04722,0.44879,0.11786,0.48669,0.20278,0.51815,0.29008,0.53427,0.37103,0.52984,0.4373,0.53831,0.44048,0.58508,0.38532,0.63629,0.33135,0.68952,0.28056,0.74153,0.23532,0.80363,0.18929,0.86411,0.15873,0.91532,0.14087,1,0.13373,0.97702,0.16706,0.93024,0.17659,0.875,0.20198,0.8375,0.23135,0.80242,0.27222,0.77258,0.32659,0.75887,0.37381,0.74597,0.43254,0.74153,0.4996,0.72863,0.58056,0.69879,0.63929,0.66371,0.69802,0.62742,0.75952,0.56371,0.82381,0.50806,0.8627,0.4375,0.89841,0.35887,0.93929,0.26613,0.97381,0.19194,0.99365,0.10524,0.98849,0.03992,0.96865,0,0.93929],\"triangles\":[25,27,26,25,28,27,25,24,28,24,29,28,24,23,29,23,30,29,23,31,30,22,31,23,22,32,31,21,33,32,22,21,32,20,34,33,21,20,33,20,19,34,18,36,35,34,19,35,19,18,35,18,37,36,18,38,37,18,17,39,18,39,38,17,4,40,17,40,39,4,3,41,4,41,40,3,42,41,3,2,42,15,6,16,16,5,17,5,4,17,6,5,16,14,6,15,2,43,42,7,6,14,13,7,14,12,8,13,8,7,13,1,44,43,2,1,43,11,9,12,9,8,12,10,9,11,1,45,44,1,46,45,1,0,46,0,47,46,0,48,47],\"weights\":[1,32,1,1,32,1,1,32,1,3,32,0.5312,44,0.297627,40,0.171172,3,32,0.351081,44,0.503315,40,0.145604,3,32,0.122086,44,0.810574,40,0.06734,3,32,0.016232,44,0.969732,40,0.014036,3,32,0.00396,44,0.99161,40,0.00443,3,32,0.002435,44,0.994428,40,0.003137,3,32,0.009123,44,0.979259,40,0.011618,3,32,0.021683,44,0.95096,40,0.027357,3,32,0.003323,44,0.991524,40,0.005153,3,32,0.001571,44,0.995872,40,0.002557,3,32,0.011624,44,0.967977,40,0.0204,3,32,0.034116,44,0.901477,40,0.064407,3,32,0.072957,44,0.776406,40,0.150637,3,32,0.115843,44,0.640751,40,0.243405,3,32,0.188945,44,0.519093,40,0.291962,3,32,0.19455,44,0.441006,40,0.364444,3,32,0.105528,40,0.629885,44,0.264587,3,32,0.047455,40,0.849806,44,0.102739,3,32,0.015264,40,0.95477,44,0.029966,3,32,0.002564,40,0.992743,44,0.004693,3,32,0.01857,40,0.949807,44,0.031623,3,32,0.04953,40,0.872081,44,0.078389,3,32,0.074955,40,0.813173,44,0.111871,3,32,0.110516,40,0.740066,44,0.149418,3,32,0.098123,40,0.771403,44,0.130473,3,32,0.075493,40,0.819802,44,0.104705,3,32,0.044737,40,0.890651,44,0.064612,3,32,0.023081,40,0.943155,44,0.033764,3,32,0.012407,40,0.969658,44,0.017935,3,32,0.016606,40,0.960626,44,0.022768,3,32,0.029731,40,0.932542,44,0.037726,3,32,0.058923,40,0.877087,44,0.06399,3,32,0.116947,40,0.783065,44,0.099988,3,32,0.18734,40,0.691952,44,0.120708,3,32,0.214441,40,0.673348,44,0.112211,3,32,0.25432,40,0.631029,44,0.114651,1,32,1,1,32,1,1,32,1,1,32,1,1,32,1,1,32,1,1,32,1,1,32,1,1,32,1,1,32,1],\"slotPose\":[1,0,0,1,0,0],\"bonePose\":[32,0.639508,-0.768784,0.768784,0.639508,141.65,-259.75,44,-0.188115,-0.982147,0.982147,-0.188115,169.45,-313.9,40,0.481798,-0.876283,0.876283,0.481798,184.75,-293.1],\"edges\":[0,1,1,2,2,3,3,4,4,5,5,6,6,7,7,8,8,9,9,10,10,11,11,12,12,13,13,14,14,15,15,16,16,17,17,18,18,19,19,20,20,21,21,22,22,23,23,24,24,25,25,26,26,27,27,28,28,29,29,30,30,31,31,32,32,33,33,34,34,35,35,36,36,37,37,38,38,39,39,40,40,41,41,42,42,43,43,44,44,45,45,46,46,47,47,48,48,0],\"userEdges\":[]}]},{\"name\":\"chibang2xuyin021\",\"display\":[{\"name\":\"chibang2xuyin02\",\"transform\":{\"x\":3.73,\"y\":5.17,\"skX\":65.09,\"skY\":-114.91,\"scX\":-1}}]},{\"name\":\"chibang2xuyin04\",\"display\":[{\"type\":\"mesh\",\"name\":\"chibang2xuyin04\",\"width\":128,\"height\":264,\"vertices\":[0.22,-4.43,62.8,-43.07,130.84,-30.52,157.09,20.02,43.54,78.99],\"uvs\":[0.00039,0.64394,0.57344,0.6233,1,0.78428,1,1,0.00039,1],\"triangles\":[4,3,2,1,4,2,0,4,1],\"edges\":[0,1,1,2,2,3,3,4,4,0],\"userEdges\":[]}]},{\"name\":\"chibang2xuyin05\",\"display\":[{\"name\":\"chibang2xuyin05\",\"transform\":{\"x\":68.67,\"y\":-21.65,\"skX\":-23.17,\"skY\":-23.17}}]},{\"name\":\"xingguangchibang21\",\"display\":[{\"name\":\"xingguangchibang2\",\"transform\":{\"x\":0.5,\"y\":-1.25,\"skX\":90,\"skY\":90}}]},{\"name\":\"chibang2_saoguang11\",\"display\":[{\"name\":\"chibang2_saoguang9\"},{\"name\":\"chibang2_saoguang8\"},{\"name\":\"chibang2_saoguang7\"},{\"name\":\"chibang2_saoguang6\"},{\"name\":\"chibang2_saoguang5\"},{\"name\":\"chibang2_saoguang4\"},{\"name\":\"chibang2_saoguang3\"},{\"name\":\"chibang2_saoguang2\"},{\"name\":\"chibang2_saoguang12\"},{\"name\":\"chibang2_saoguang11\"},{\"name\":\"chibang2_saoguang10\"},{\"name\":\"chibang2_saoguang1\"}]},{\"name\":\"chibang2_R-chibang1\",\"display\":[{\"type\":\"mesh\",\"name\":\"chibang2_R-chibang1\",\"width\":116,\"height\":40,\"path\":\"R-chibang1\",\"vertices\":[75,-186.49,83.8,-186.94,94.75,-187.04,106.35,-186.49,118.4,-184.34,128.45,-180.84,139.5,-176.44,149.55,-171.19,158.55,-166.39,165.75,-164.64,174.7,-166.39,180.15,-169.69,185,-174.04,190.45,-177.09,190.7,-172.09,184.55,-164.64,176.95,-158.54,168.6,-154.59,159.6,-151.54,150.7,-148.94,141.25,-147.04,130.55,-147.04,119.15,-147.04,108.05,-148.84,98.65,-152.39,88.6,-155.24,79.4,-159.84,75,-163.74],\"uvs\":[0,0.01375,0.07586,0.0025,0.17026,0,0.27026,0.01375,0.37414,0.0675,0.46078,0.155,0.55603,0.265,0.64267,0.39625,0.72026,0.51625,0.78233,0.56,0.85948,0.51625,0.90647,0.43375,0.94828,0.325,0.99526,0.24875,0.99741,0.37375,0.9444,0.56,0.87888,0.7125,0.8069,0.81125,0.72931,0.8875,0.65259,0.9525,0.57112,1,0.47888,1,0.3806,1,0.28491,0.955,0.20388,0.86625,0.11724,0.795,0.03793,0.68,0,0.5825],\"triangles\":[13,12,14,12,15,14,11,15,12,11,10,15,10,16,15,10,9,16,9,17,16,9,18,17,8,18,9,7,19,8,8,19,18,6,21,20,6,20,7,7,20,19,5,22,21,5,21,6,23,22,4,4,22,5,24,23,4,3,24,4,2,25,24,2,24,3,26,25,2,27,26,1,1,26,2,0,27,1],\"weights\":[2,18,0.913554,30,0.086446,2,18,0.951537,30,0.048463,2,18,0.953582,30,0.046418,2,18,0.866149,30,0.133851,2,18,0.714751,30,0.285249,2,18,0.567823,30,0.432177,2,18,0.435304,30,0.564696,2,18,0.195604,30,0.804396,2,18,0.044592,30,0.955408,2,18,0.01717,30,0.98283,2,18,0.029765,30,0.970235,2,18,0.069517,30,0.930483,2,18,0.115718,30,0.884282,2,18,0.15258,30,0.84742,2,18,0.129142,30,0.870858,2,18,0.069359,30,0.930641,2,18,0.019173,30,0.980827,2,18,0.017763,30,0.982237,2,18,0.071754,30,0.928246,2,18,0.188416,30,0.811584,2,18,0.368281,30,0.631719,2,18,0.495243,30,0.504757,2,18,0.519167,30,0.480833,2,18,0.617873,30,0.382127,2,18,0.720492,30,0.279508,2,18,0.788532,30,0.211468,2,18,0.847096,30,0.152904,2,18,0.866888,30,0.133112],\"slotPose\":[1,0,0,1,0,0],\"bonePose\":[18,0.919328,0.393491,-0.393491,0.919328,91.65,-177.8,30,0.999397,0.034719,-0.034719,0.999397,130.55,-161.15],\"edges\":[0,1,1,2,2,3,3,4,4,5,5,6,6,7,7,8,8,9,9,10,10,11,11,12,12,13,13,14,14,15,15,16,16,17,17,18,18,19,19,20,20,21,21,22,22,23,23,24,24,25,25,26,26,27,27,0],\"userEdges\":[]}]},{\"name\":\"chibang2_R-chibang2\",\"display\":[{\"type\":\"mesh\",\"name\":\"chibang2_R-chibang2\",\"width\":106,\"height\":42,\"path\":\"R-chibang2\",\"vertices\":[95,-208.29,107.9,-211.84,124.45,-214.49,139.95,-215.24,154.2,-215.24,166.65,-212.44,179,-209.04,191.95,-204.64,201.05,-193.29,200.75,-189.39,190.4,-195.89,174.65,-195.09,163.75,-188.89,150.85,-183.14,135.8,-182.69,123.65,-186.04,111.55,-189.14,99.85,-196.14],\"uvs\":[0,0.18452,0.1217,0.1,0.27783,0.0369,0.42406,0.01905,0.55849,0.01905,0.67594,0.08571,0.79245,0.16667,0.91462,0.27143,1.00047,0.54167,0.99764,0.63452,0.9,0.47976,0.75142,0.49881,0.64858,0.64643,0.52689,0.78333,0.38491,0.79405,0.27028,0.71429,0.15613,0.64048,0.04575,0.47381],\"triangles\":[7,10,8,8,10,9,6,10,7,6,11,10,5,11,6,5,12,11,4,13,12,4,12,5,3,13,4,3,14,13,15,14,3,2,15,3,16,15,2,1,16,2,0,17,1,1,17,16],\"weights\":[1,22,1,1,22,1,1,22,1,1,22,1,1,22,1,1,22,1,1,22,1,1,22,1,1,22,1,1,22,1,1,22,1,1,22,1,1,22,1,1,22,1,1,22,1,1,22,1,1,22,1,1,22,1],\"slotPose\":[1,0,0,1,0,0],\"bonePose\":[8,0.999592,-0.02856,0.02856,0.999592,42.35,-223.65,22,0.99978,0.020955,-0.020955,0.99978,118.340727,-201.689516],\"edges\":[0,1,1,2,2,3,3,4,4,5,5,6,6,7,7,8,8,9,9,10,10,11,11,12,12,13,13,14,14,15,15,16,16,17,17,0],\"userEdges\":[]}]},{\"name\":\"chibang2_R-chibang31\",\"display\":[{\"type\":\"mesh\",\"name\":\"chibang2_R-chibang3\",\"width\":112,\"height\":118,\"path\":\"R-chibang3\",\"vertices\":[125,-225.79,134.9,-238.34,145.95,-249.74,162.2,-260.44,181.25,-268.09,196.95,-276.99,209.45,-288.04,219.3,-298.29,226.35,-308.69,234.3,-312.04,237,-310.64,231.65,-304.29,227.35,-295.69,222.9,-280.19,218.8,-265.89,213.9,-252.19,207.15,-240.09,199.8,-231.14,191.6,-223.34,199,-224.54,209.2,-222.49,217.6,-215.34,224.15,-204.09,221.9,-201.44,215.55,-210.24,210.65,-212.69,205.95,-211.89,201.05,-208.19,195.1,-203.29,189.4,-198.59,180.6,-195.34,170.6,-194.04,160.15,-194.04,149.55,-194.04,138.9,-196.34,131.15,-201.44,126.05,-207.19,125.05,-215.74],\"uvs\":[0,0.73093,0.08839,0.62458,0.18705,0.52797,0.33214,0.43729,0.50223,0.37246,0.64241,0.29703,0.75402,0.20339,0.84196,0.11653,0.90491,0.02839,0.97589,0,1,0.01186,0.95223,0.06568,0.91384,0.13856,0.87411,0.26992,0.8375,0.3911,0.79375,0.5072,0.73348,0.60975,0.66786,0.68559,0.59464,0.75169,0.66071,0.74153,0.75179,0.7589,0.82679,0.81949,0.88527,0.91483,0.86518,0.93729,0.80848,0.86271,0.76473,0.84195,0.72277,0.84873,0.67902,0.88008,0.62589,0.92161,0.575,0.96144,0.49643,0.98898,0.40714,1,0.31384,1,0.2192,1,0.12411,0.98051,0.05491,0.93729,0.00937,0.88856,0.00045,0.8161],\"triangles\":[9,11,10,8,11,9,8,7,12,8,12,11,7,6,13,21,24,22,7,13,12,24,23,22,6,14,13,6,5,14,5,15,14,25,24,21,20,25,21,4,16,15,5,4,15,20,26,25,19,26,20,19,27,26,4,17,16,3,18,17,4,3,17,19,18,27,18,28,27,18,29,28,30,29,18,32,31,18,2,32,18,31,30,18,3,2,18,2,1,32,1,33,32,37,34,33,1,37,33,0,37,1,37,35,34,37,36,35],\"weights\":[2,39,0.252462,31,0.747538,2,39,0.268588,31,0.731412,2,39,0.342051,31,0.657949,2,39,0.450217,31,0.549783,2,39,0.562619,31,0.437381,2,39,0.850882,31,0.149118,2,39,0.972428,31,0.027572,2,39,0.985867,31,0.014133,2,39,0.935501,31,0.064499,2,39,0.9038,31,0.0962,2,39,0.900514,31,0.099486,2,39,0.940398,31,0.059602,2,39,0.97994,31,0.02006,2,39,0.967557,31,0.032443,2,39,0.878686,31,0.121314,2,39,0.679095,31,0.320905,2,39,0.493969,31,0.506031,2,39,0.366175,31,0.633825,2,39,0.216967,31,0.783033,2,39,0.345776,31,0.654224,2,39,0.447791,31,0.552209,2,39,0.471216,31,0.528784,2,39,0.47367,31,0.52633,2,39,0.464759,31,0.535241,2,39,0.456133,31,0.543867,2,39,0.43697,31,0.56303,2,39,0.40442,31,0.59558,2,39,0.358773,31,0.641227,2,39,0.301055,31,0.698945,2,39,0.249944,31,0.750056,2,39,0.192479,31,0.807521,2,39,0.156787,31,0.843213,2,39,0.148776,31,0.851224,2,39,0.167114,31,0.832886,2,39,0.191979,31,0.808021,2,39,0.21079,31,0.78921,2,39,0.22651,31,0.77349,2,39,0.23407,31,0.76593],\"slotPose\":[1,0,0,1,0,0],\"bonePose\":[39,0.498868,-0.866678,0.866678,0.498868,196.55,-250.7,31,0.697543,-0.716543,0.716543,0.697543,168.75,-220.85],\"edges\":[0,1,1,2,2,3,3,4,4,5,5,6,6,7,7,8,8,9,9,10,10,11,11,12,12,13,13,14,14,15,15,16,16,17,17,18,18,19,19,20,20,21,21,22,22,23,23,24,24,25,25,26,26,27,27,28,28,29,29,30,30,31,31,32,32,33,33,34,34,35,35,36,36,37,37,0],\"userEdges\":[]}]},{\"name\":\"chibang2xuyin03\",\"display\":[{\"name\":\"chibang2xuyin03\",\"transform\":{\"x\":28.31,\"y\":8.07,\"skX\":61.2,\"skY\":61.2}}]},{\"name\":\"chibang2xiaoguangdian1412\",\"display\":[{\"name\":\"chibang2xiaoguangdian\",\"transform\":{\"x\":0.46,\"y\":0.19,\"skX\":88.52,\"skY\":88.52}}]},{\"name\":\"chibang2_R-chibang\",\"display\":[{\"type\":\"mesh\",\"name\":\"chibang2_R-chibang\",\"width\":201,\"height\":324,\"path\":\"R-chibang\",\"vertices\":[36,-234.29,36,-287.14,72.1,-289.54,86.25,-273.24,90.85,-260.94,92.1,-266.79,88.1,-276.94,85.35,-288.89,90.85,-301.19,99.5,-305.84,97.65,-295.39,94.85,-287.69,101.65,-277.24,105.95,-267.09,112.1,-276.29,114.85,-286.44,112.4,-299.99,110.55,-312.59,119.45,-323.69,122.2,-316.59,120.65,-311.99,125.9,-304.94,136.9,-292.34,139.45,-274.19,137.6,-258.19,146.2,-261.89,158.75,-263.74,175.7,-266.49,177.55,-251.44,172.35,-232.69,165.85,-218.24,155.15,-208.39,142.55,-201.29,129,-199.44,119.75,-188.69,100.7,-186.84,89.35,-191.79,81.65,-197.94,93,-176.99,109.6,-172.69,123.75,-165.94,140.05,-156.99,153.3,-143.49,162.2,-129.64,168.05,-112.09,166.8,-89.99,162.8,-92.14,160.05,-105.94,151.75,-112.44,140.35,-115.79,124.7,-119.79,110.25,-125.34,107.45,-119.79,121.6,-102.29,103.23,-23.04,76.4,-23.04,51.8,-93.89,36,-143.79,94.45,-170,86.25,-168.5,79.7,-168.7,74.7,-167.45,71.5,-164.9,70.25,-161.95,70.5,-158.75,74,-158.55,76.8,-158.55,78.5,-155.1,78.25,-150.9,81.05,-148.85,84.7,-144.8,96.85,-173.3,89.55,-177.05,93.6,-174,96,-258.85,98.65,-250.9,99.2,-244,98.1,-238.25,100.35,-233.05,99.4,-226.7,96.8,-221.2,93.35,-217.9,97.75,-217.7,101.9,-217.7,106.35,-217.35,104.25,-214.05,100.15,-210.85,96.75,-207.8,93.2,-206.55,89.6,-206.45,92,-204.8,95.85,-203.85,95.45,-201.05,92.2,-199.75,88.25,-199.7,83.6,-199.7,95.85,-130.35,99.55,-126.65,102.8,-122.45,97.65,-133.3,101.65,-131.1,106.7,-127.85,93.4,-133.3,94.15,-136.2,87.5,-142.25,89.45,-138.9,90.9,-135.45,91.4,-138.75],\"uvs\":[0,0.34799,0,0.18488,0.1796,0.17747,0.25,0.22778,0.27289,0.26574,0.2791,0.24769,0.2592,0.21636,0.24552,0.17948,0.27289,0.14151,0.31592,0.12716,0.30672,0.15941,0.29279,0.18318,0.32662,0.21543,0.34801,0.24676,0.37861,0.21836,0.39229,0.18704,0.3801,0.14522,0.3709,0.10633,0.41517,0.07207,0.42886,0.09398,0.42114,0.10818,0.44726,0.12994,0.50199,0.16883,0.51468,0.22485,0.50547,0.27423,0.54826,0.26281,0.6107,0.2571,0.69502,0.24861,0.70423,0.29506,0.67836,0.35293,0.64602,0.39753,0.59279,0.42793,0.5301,0.44985,0.46269,0.45556,0.41667,0.48873,0.32189,0.49444,0.26542,0.47917,0.22711,0.46019,0.28358,0.52485,0.36617,0.53812,0.43657,0.55895,0.51766,0.58657,0.58358,0.62824,0.62786,0.67099,0.65697,0.72515,0.65075,0.79336,0.63085,0.78673,0.61716,0.74414,0.57587,0.72407,0.51915,0.71373,0.44129,0.70139,0.3694,0.68426,0.35547,0.70139,0.42587,0.7554,0.33447,1,0.201,1,0.07936,0.78175,0,0.62731,0.2908,0.54642,0.25,0.55105,0.21741,0.54997,0.19254,0.55391,0.17662,0.56182,0.16965,0.57086,0.17103,0.58081,0.18863,0.58153,0.2027,0.58161,0.21128,0.59232,0.21009,0.60532,0.22404,0.61165,0.24222,0.62417,0.30274,0.53624,0.26642,0.52458,0.28657,0.53408,0.29851,0.2722,0.31169,0.29673,0.31443,0.31803,0.30896,0.33578,0.32015,0.35183,0.31542,0.37142,0.30249,0.3884,0.28532,0.39859,0.30721,0.3992,0.32786,0.3992,0.35,0.40028,0.33955,0.41047,0.31915,0.42034,0.30224,0.42976,0.28458,0.43362,0.26667,0.43392,0.27861,0.43902,0.29776,0.44195,0.29577,0.45059,0.2796,0.4546,0.25995,0.45476,0.23682,0.45476,0.29777,0.66881,0.31618,0.68023,0.33236,0.6932,0.30671,0.65969,0.32661,0.66648,0.35174,0.67652,0.28557,0.6597,0.28928,0.65073,0.25617,0.63204,0.26589,0.64239,0.27313,0.65306,0.27758,0.64378],\"triangles\":[47,46,45,47,45,44,27,26,28,26,29,28,24,30,29,25,24,29,26,25,29,24,31,30,43,48,44,48,47,44,24,32,31,42,49,43,49,48,43,24,84,32,84,33,32,50,49,42,41,50,42,78,84,24,51,50,41,101,51,40,76,78,24,40,51,41,22,15,23,14,24,23,75,76,24,15,14,23,13,75,24,14,13,24,56,54,53,21,15,22,56,55,54,39,103,40,103,99,40,99,100,40,100,101,40,16,15,21,85,34,33,84,85,33,107,103,39,85,86,34,20,16,21,58,107,39,86,92,34,52,56,53,91,92,86,78,79,84,98,56,52,92,35,34,17,16,20,17,20,19,18,17,19,104,107,58,76,77,78,74,75,13,71,58,39,70,104,58,79,83,84,98,52,51,101,98,51,87,91,86,69,70,58,97,56,98,100,97,101,97,98,101,12,5,13,83,85,84,5,74,13,59,69,58,96,56,97,92,36,35,79,80,83,83,86,85,67,69,59,93,36,92,82,86,83,96,97,100,80,82,83,99,96,100,8,10,9,11,6,12,6,5,12,106,56,96,77,79,78,82,81,86,81,87,86,102,106,96,77,81,79,81,80,79,75,4,76,4,77,76,74,4,75,81,88,87,38,73,71,5,4,74,80,81,82,0,81,77,4,0,77,102,96,99,103,102,99,7,11,10,8,7,10,89,88,81,87,88,91,73,58,71,90,92,91,88,90,91,90,93,92,7,6,11,106,102,103,107,106,103,73,59,58,38,72,73,72,59,73,104,105,107,70,56,106,94,36,93,95,89,81,0,95,81,90,94,93,89,90,88,0,37,95,57,56,70,66,67,59,107,105,106,89,94,90,105,70,106,68,57,70,94,95,36,37,60,72,3,0,4,60,66,59,95,37,36,104,70,105,95,94,89,60,59,72,61,60,37,69,68,70,2,1,3,1,0,3,67,68,69,61,66,60,62,61,37,0,62,37,64,57,68,61,62,66,62,65,66,66,65,67,67,65,68,65,64,68,0,57,62,62,63,65,63,64,65,57,63,62,63,57,64,72,37,38,71,38,39],\"weights\":[1,8,1,1,8,1,1,8,1,1,8,1,1,8,1,3,23,0.41,20,0.05,38,0.54,3,23,0.4,20,0.06,38,0.54,3,23,0.38,20,0.08,38,0.54,3,23,0.38,20,0.08,38,0.54,3,23,0.4,20,0.06,38,0.54,3,23,0.4,20,0.06,38,0.54,3,23,0.4,20,0.06,38,0.54,3,23,0.42,20,0.04,38,0.54,3,23,0.44,20,0.02,38,0.54,3,23,0.43,20,0.03,38,0.54,3,23,0.42,20,0.04,38,0.54,3,23,0.41,20,0.05,38,0.54,3,23,0.4,20,0.06,38,0.54,3,23,0.39,20,0.07,38,0.54,3,23,0.4,20,0.06,38,0.54,3,23,0.41,20,0.05,38,0.54,3,23,0.42,20,0.04,38,0.54,4,23,0.36,20,0.02,26,0.08,38,0.54,3,23,0.74,20,0.02,26,0.24,2,23,0.58,26,0.42,2,23,0.43,26,0.57,2,23,0.43,26,0.57,2,23,0.43,26,0.57,2,23,0.43,26,0.57,2,23,0.43,26,0.57,3,23,0.4,20,0.03,26,0.57,4,23,0.22,20,0.05,8,0.16,26,0.57,4,23,0.16,20,0.07,8,0.2,26,0.57,4,23,0.16,20,0.07,8,0.2,26,0.57,4,20,0.12,23,0.1,8,0.21,26,0.57,4,20,0.16,23,0.07,8,0.2,26,0.57,3,20,0.38,23,0.21,8,0.41,1,8,1,1,8,1,3,20,0.57,33,0.36,8,0.07,3,33,0.49,20,0.47,8,0.04,3,33,0.6,20,0.36,8,0.04,3,33,0.81,20,0.16,8,0.03,3,33,0.94,20,0.05,8,0.01,3,33,0.93,20,0.06,8,0.01,3,33,0.82,20,0.14,8,0.04,3,33,0.84,20,0.13,8,0.03,3,33,0.93,20,0.06,8,0.01,2,33,0.97,20,0.03,3,33,0.92,20,0.07,8,0.01,3,33,0.75,20,0.23,8,0.02,3,33,0.55,20,0.43,8,0.02,1,8,1,1,8,1,1,8,1,1,8,1,1,8,1,1,8,1,1,8,1,1,8,1,1,8,1,1,8,1,1,8,1,1,8,1,1,8,1,1,8,1,1,8,1,1,8,1,1,8,1,1,8,1,1,8,1,1,8,1,1,8,1,1,8,1,1,8,1,1,8,1,1,8,1,1,8,1,1,8,1,1,8,1,1,8,1,1,8,1,1,8,1,1,8,1,1,8,1,1,8,1,1,8,1,1,8,1,1,8,1,1,8,1,1,8,1,1,8,1,1,8,1,1,8,1,1,8,1,1,8,1,1,8,1,1,8,1,1,8,1,2,20,0.67,33,0.33,2,20,0.67,33,0.33,2,20,0.67,33,0.33,1,8,1,2,20,0.67,33,0.33,1,8,1,1,8,1,1,8,1,2,20,0.67,33,0.33],\"slotPose\":[1,0,0,1,0,0],\"bonePose\":[8,0.999592,-0.02856,0.02856,0.999592,42.35,-223.65,23,0.714756,-0.699374,0.699374,0.714756,97.650399,-232.327538,20,0.887438,0.460927,-0.460927,0.887438,77.1,-166,33,0.838191,0.545377,-0.545377,0.838191,113.2,-147.25,26,0.831773,-0.555116,0.555116,0.831773,113.75,-213.25,38,-0.063606,-0.997975,0.997975,-0.063606,125.738605,-258.410016],\"edges\":[0,1,1,2,2,3,3,4,4,5,5,6,6,7,7,8,8,9,9,10,10,11,11,12,12,13,13,14,14,15,15,16,16,17,17,18,18,19,19,20,20,21,21,22,22,23,23,24,24,25,25,26,26,27,27,28,28,29,29,30,30,31,31,32,32,33,33,34,34,35,35,36,36,37,37,38,38,39,39,40,40,41,41,42,42,43,43,44,44,45,45,46,46,47,47,48,48,49,49,50,50,51,52,53,53,54,54,55,55,56,56,57,57,0,51,52],\"userEdges\":[]}]},{\"name\":\"chibang2xuyin02\",\"display\":[{\"name\":\"chibang2xuyin02\",\"transform\":{\"x\":4.06,\"y\":5.89,\"skX\":65.09,\"skY\":65.09}}]},{\"name\":\"chibang2_R-chibang5\",\"display\":[{\"type\":\"mesh\",\"name\":\"chibang2_R-chibang\",\"width\":201,\"height\":324,\"path\":\"R-chibang\",\"vertices\":[36,-234.29,36,-287.14,72.1,-289.54,86.25,-273.24,90.85,-260.94,92.1,-266.79,88.1,-276.94,85.35,-288.89,90.85,-301.19,99.5,-305.84,97.65,-295.39,94.85,-287.69,101.65,-277.24,105.95,-267.09,112.1,-276.29,114.85,-286.44,112.4,-299.99,110.55,-312.59,119.45,-323.69,122.2,-316.59,120.65,-311.99,125.9,-304.94,136.9,-292.34,139.45,-274.19,137.6,-258.19,146.2,-261.89,158.75,-263.74,175.7,-266.49,177.55,-251.44,172.35,-232.69,165.85,-218.24,155.15,-208.39,142.55,-201.29,129,-199.44,119.75,-188.69,100.7,-186.84,89.35,-191.79,81.65,-197.94,93,-176.99,109.6,-172.69,123.75,-165.94,140.05,-156.99,153.3,-143.49,162.2,-129.64,168.05,-112.09,166.8,-89.99,162.8,-92.14,160.05,-105.94,151.75,-112.44,140.35,-115.79,124.7,-119.79,110.25,-125.34,107.45,-119.79,121.6,-102.29,103.23,-23.04,76.4,-23.04,51.8,-93.89,36,-143.79,94.45,-170,86.25,-168.5,79.7,-168.7,74.7,-167.45,71.5,-164.9,70.25,-161.95,70.5,-158.75,74,-158.55,76.8,-158.55,78.5,-155.1,78.25,-150.9,81.05,-148.85,84.7,-144.8,96.85,-173.3,89.55,-177.05,93.6,-174,96,-258.85,98.65,-250.9,99.2,-244,98.1,-238.25,100.35,-233.05,99.4,-226.7,96.8,-221.2,93.35,-217.9,97.75,-217.7,101.9,-217.7,106.35,-217.35,104.25,-214.05,100.15,-210.85,96.75,-207.8,93.2,-206.55,89.6,-206.45,92,-204.8,95.85,-203.85,95.45,-201.05,92.2,-199.75,88.25,-199.7,83.6,-199.7,95.85,-130.35,99.55,-126.65,102.8,-122.45,97.65,-133.3,101.65,-131.1,106.7,-127.85,93.4,-133.3,94.15,-136.2,87.5,-142.25,89.45,-138.9,90.9,-135.45,91.4,-138.75],\"uvs\":[0,0.34799,0,0.18488,0.1796,0.17747,0.25,0.22778,0.27289,0.26574,0.2791,0.24769,0.2592,0.21636,0.24552,0.17948,0.27289,0.14151,0.31592,0.12716,0.30672,0.15941,0.29279,0.18318,0.32662,0.21543,0.34801,0.24676,0.37861,0.21836,0.39229,0.18704,0.3801,0.14522,0.3709,0.10633,0.41517,0.07207,0.42886,0.09398,0.42114,0.10818,0.44726,0.12994,0.50199,0.16883,0.51468,0.22485,0.50547,0.27423,0.54826,0.26281,0.6107,0.2571,0.69502,0.24861,0.70423,0.29506,0.67836,0.35293,0.64602,0.39753,0.59279,0.42793,0.5301,0.44985,0.46269,0.45556,0.41667,0.48873,0.32189,0.49444,0.26542,0.47917,0.22711,0.46019,0.28358,0.52485,0.36617,0.53812,0.43657,0.55895,0.51766,0.58657,0.58358,0.62824,0.62786,0.67099,0.65697,0.72515,0.65075,0.79336,0.63085,0.78673,0.61716,0.74414,0.57587,0.72407,0.51915,0.71373,0.44129,0.70139,0.3694,0.68426,0.35547,0.70139,0.42587,0.7554,0.33447,1,0.201,1,0.07936,0.78175,0,0.62731,0.2908,0.54642,0.25,0.55105,0.21741,0.54997,0.19254,0.55391,0.17662,0.56182,0.16965,0.57086,0.17103,0.58081,0.18863,0.58153,0.2027,0.58161,0.21128,0.59232,0.21009,0.60532,0.22404,0.61165,0.24222,0.62417,0.30274,0.53624,0.26642,0.52458,0.28657,0.53408,0.29851,0.2722,0.31169,0.29673,0.31443,0.31803,0.30896,0.33578,0.32015,0.35183,0.31542,0.37142,0.30249,0.3884,0.28532,0.39859,0.30721,0.3992,0.32786,0.3992,0.35,0.40028,0.33955,0.41047,0.31915,0.42034,0.30224,0.42976,0.28458,0.43362,0.26667,0.43392,0.27861,0.43902,0.29776,0.44195,0.29577,0.45059,0.2796,0.4546,0.25995,0.45476,0.23682,0.45476,0.29777,0.66881,0.31618,0.68023,0.33236,0.6932,0.30671,0.65969,0.32661,0.66648,0.35174,0.67652,0.28557,0.6597,0.28928,0.65073,0.25617,0.63204,0.26589,0.64239,0.27313,0.65306,0.27758,0.64378],\"triangles\":[47,46,45,47,45,44,27,26,28,26,29,28,24,30,29,25,24,29,26,25,29,24,31,30,43,48,44,48,47,44,24,32,31,42,49,43,49,48,43,24,84,32,84,33,32,50,49,42,41,50,42,78,84,24,51,50,41,101,51,40,76,78,24,40,51,41,22,15,23,14,24,23,75,76,24,15,14,23,13,75,24,14,13,24,56,54,53,21,15,22,56,55,54,39,103,40,103,99,40,99,100,40,100,101,40,16,15,21,85,34,33,84,85,33,107,103,39,85,86,34,20,16,21,58,107,39,86,92,34,52,56,53,91,92,86,78,79,84,98,56,52,92,35,34,17,16,20,17,20,19,18,17,19,104,107,58,76,77,78,74,75,13,71,58,39,70,104,58,79,83,84,98,52,51,101,98,51,87,91,86,69,70,58,97,56,98,100,97,101,97,98,101,12,5,13,83,85,84,5,74,13,59,69,58,96,56,97,92,36,35,79,80,83,83,86,85,67,69,59,93,36,92,82,86,83,96,97,100,80,82,83,99,96,100,8,10,9,11,6,12,6,5,12,106,56,96,77,79,78,82,81,86,81,87,86,102,106,96,77,81,79,81,80,79,75,4,76,4,77,76,74,4,75,81,88,87,38,73,71,5,4,74,80,81,82,0,81,77,4,0,77,102,96,99,103,102,99,7,11,10,8,7,10,89,88,81,87,88,91,73,58,71,90,92,91,88,90,91,90,93,92,7,6,11,106,102,103,107,106,103,73,59,58,38,72,73,72,59,73,104,105,107,70,56,106,94,36,93,95,89,81,0,95,81,90,94,93,89,90,88,0,37,95,57,56,70,66,67,59,107,105,106,89,94,90,105,70,106,68,57,70,94,95,36,37,60,72,3,0,4,60,66,59,95,37,36,104,70,105,95,94,89,60,59,72,61,60,37,69,68,70,2,1,3,1,0,3,67,68,69,61,66,60,62,61,37,0,62,37,64,57,68,61,62,66,62,65,66,66,65,67,67,65,68,65,64,68,0,57,62,62,63,65,63,64,65,57,63,62,63,57,64,72,37,38,71,38,39],\"weights\":[1,9,1,1,9,1,1,9,1,1,9,1,1,9,1,3,16,0.41,17,0.05,34,0.54,3,16,0.4,17,0.06,34,0.54,3,16,0.38,17,0.08,34,0.54,3,16,0.38,17,0.08,34,0.54,3,16,0.4,17,0.06,34,0.54,3,16,0.4,17,0.06,34,0.54,3,16,0.4,17,0.06,34,0.54,3,16,0.42,17,0.04,34,0.54,3,16,0.44,17,0.02,34,0.54,3,16,0.43,17,0.03,34,0.54,3,16,0.42,17,0.04,34,0.54,3,16,0.41,17,0.05,34,0.54,3,16,0.4,17,0.06,34,0.54,3,16,0.39,17,0.07,34,0.54,3,16,0.4,17,0.06,34,0.54,3,16,0.41,17,0.05,34,0.54,3,16,0.42,17,0.04,34,0.54,4,16,0.36,17,0.02,19,0.08,34,0.54,3,16,0.74,17,0.02,19,0.24,2,16,0.58,19,0.42,2,16,0.43,19,0.57,2,16,0.43,19,0.57,2,16,0.43,19,0.57,2,16,0.43,19,0.57,2,16,0.43,19,0.57,3,16,0.4,17,0.03,19,0.57,4,16,0.22,17,0.05,9,0.16,19,0.57,4,16,0.16,17,0.07,9,0.2,19,0.57,4,16,0.16,17,0.07,9,0.2,19,0.57,4,17,0.12,16,0.1,9,0.21,19,0.57,4,17,0.16,16,0.07,9,0.2,19,0.57,3,17,0.38,16,0.21,9,0.41,1,9,1,1,9,1,3,17,0.57,37,0.36,9,0.07,3,37,0.49,17,0.47,9,0.04,3,37,0.6,17,0.36,9,0.04,3,37,0.81,17,0.16,9,0.03,3,37,0.94,17,0.05,9,0.01,3,37,0.93,17,0.06,9,0.01,3,37,0.82,17,0.14,9,0.04,3,37,0.84,17,0.13,9,0.03,3,37,0.93,17,0.06,9,0.01,2,37,0.97,17,0.03,3,37,0.92,17,0.07,9,0.01,3,37,0.75,17,0.23,9,0.02,3,37,0.55,17,0.43,9,0.02,1,9,1,1,9,1,1,9,1,1,9,1,1,9,1,1,9,1,1,9,1,1,9,1,1,9,1,1,9,1,1,9,1,1,9,1,1,9,1,1,9,1,1,9,1,1,9,1,1,9,1,1,9,1,1,9,1,1,9,1,1,9,1,1,9,1,1,9,1,1,9,1,1,9,1,1,9,1,1,9,1,1,9,1,1,9,1,1,9,1,1,9,1,1,9,1,1,9,1,1,9,1,1,9,1,1,9,1,1,9,1,1,9,1,1,9,1,1,9,1,1,9,1,1,9,1,1,9,1,1,9,1,1,9,1,1,9,1,1,9,1,2,17,0.67,37,0.33,2,17,0.67,37,0.33,2,17,0.67,37,0.33,1,9,1,2,17,0.67,37,0.33,1,9,1,1,9,1,1,9,1,2,17,0.67,37,0.33],\"slotPose\":[1,0,0,1,0,0],\"bonePose\":[9,0.999592,-0.02856,0.02856,0.999592,42.35,-223.65,16,0.714756,-0.699374,0.699374,0.714756,97.650399,-232.327538,17,0.887438,0.460927,-0.460927,0.887438,77.1,-166,37,0.838191,0.545377,-0.545377,0.838191,113.2,-147.25,19,0.831773,-0.555116,0.555116,0.831773,113.75,-213.25,34,-0.063606,-0.997975,0.997975,-0.063606,125.738605,-258.410016],\"edges\":[0,1,1,2,2,3,3,4,4,5,5,6,6,7,7,8,8,9,9,10,10,11,11,12,12,13,13,14,14,15,15,16,16,17,17,18,18,19,19,20,20,21,21,22,22,23,23,24,24,25,25,26,26,27,27,28,28,29,29,30,30,31,31,32,32,33,33,34,34,35,35,36,36,37,37,38,38,39,39,40,40,41,41,42,42,43,43,44,44,45,45,46,46,47,47,48,48,49,49,50,50,51,52,53,53,54,54,55,55,56,56,57,57,0,51,52],\"userEdges\":[]}]},{\"name\":\"chibang2xuyin011\",\"display\":[{\"name\":\"chibang2xuyin01\",\"transform\":{\"x\":56.89,\"y\":11.81,\"skX\":-1.2,\"skY\":178.8,\"scX\":-1}}]},{\"name\":\"chibang2xiaoguangdian14111\",\"display\":[{\"name\":\"chibang2xiaoguangdian\",\"transform\":{\"x\":0.46,\"y\":0.19,\"skX\":88.52,\"skY\":88.52}}]},{\"name\":\"chibang2xiaoguangdian141\",\"display\":[{\"name\":\"chibang2xiaoguangdian\",\"transform\":{\"x\":0.46,\"y\":0.19,\"skX\":88.52,\"skY\":88.52}}]},{\"name\":\"chibang2xiaoguangdian1411\",\"display\":[{\"name\":\"chibang2xiaoguangdian\",\"transform\":{\"x\":0.46,\"y\":0.19,\"skX\":88.52,\"skY\":88.52}}]},{\"name\":\"chibang2xuyin042\",\"display\":[{\"type\":\"mesh\",\"name\":\"chibang2xuyin04\",\"width\":128,\"height\":264,\"vertices\":[-79.46,-46.15,-79.58,56.35,-49.23,78.57,51.92,85.02,76.12,86.56,82.53,-14.08,84.26,-41.13,-7.71,-46.14],\"uvs\":[0.04258,0.61989,0.8418,0.59564,1,0.47557,1,0.09167,1,-0.00019,0.21211,-0.00019,0.00039,-0.00019,0.00703,0.34867],\"triangles\":[7,1,2,7,2,3,5,7,3,5,3,4,7,0,1,6,7,5],\"edges\":[0,1,1,2,2,3,3,4,4,5,5,6,6,7,7,0],\"userEdges\":[]}]},{\"name\":\"chibang2_R-chibang41\",\"display\":[{\"type\":\"mesh\",\"name\":\"chibang2_R-chibang4\",\"width\":124,\"height\":126,\"path\":\"R-chibang4\",\"vertices\":[113,-257.29,120.6,-270.44,129.15,-284.34,138.4,-297.14,150.15,-307.84,158.45,-317.79,162.35,-327.74,161.9,-338.44,159.75,-349.84,154.5,-358.39,150.15,-365.04,159.5,-365.04,163.4,-359.09,168.65,-350.19,173.35,-339.49,177.25,-328.49,179.25,-318.29,178.7,-309.94,179.75,-309.54,185.55,-316.49,191.9,-323.29,198.5,-329.69,204.95,-335.39,212.65,-341.19,220.15,-345.04,226.5,-347.29,237,-348.19,234.15,-343.99,228.35,-342.79,221.5,-339.59,216.85,-335.89,212.5,-330.74,208.8,-323.89,207.1,-317.94,205.5,-310.54,204.95,-302.09,203.35,-291.89,199.65,-284.49,195.3,-277.09,190.8,-269.34,182.9,-261.24,176,-256.34,167.25,-251.84,157.5,-246.69,146,-242.34,136.8,-239.84,126.05,-240.49,117.95,-242.99,113,-246.69],\"uvs\":[0,0.85516,0.06129,0.75079,0.13024,0.64048,0.20484,0.53889,0.2996,0.45397,0.36653,0.375,0.39798,0.29603,0.39435,0.21111,0.37702,0.12063,0.33468,0.05278,0.2996,0,0.375,0,0.40645,0.04722,0.44879,0.11786,0.48669,0.20278,0.51815,0.29008,0.53427,0.37103,0.52984,0.4373,0.53831,0.44048,0.58508,0.38532,0.63629,0.33135,0.68952,0.28056,0.74153,0.23532,0.80363,0.18929,0.86411,0.15873,0.91532,0.14087,1,0.13373,0.97702,0.16706,0.93024,0.17659,0.875,0.20198,0.8375,0.23135,0.80242,0.27222,0.77258,0.32659,0.75887,0.37381,0.74597,0.43254,0.74153,0.4996,0.72863,0.58056,0.69879,0.63929,0.66371,0.69802,0.62742,0.75952,0.56371,0.82381,0.50806,0.8627,0.4375,0.89841,0.35887,0.93929,0.26613,0.97381,0.19194,0.99365,0.10524,0.98849,0.03992,0.96865,0,0.93929],\"triangles\":[25,27,26,25,28,27,25,24,28,24,29,28,24,23,29,23,30,29,23,31,30,22,31,23,22,32,31,21,33,32,22,21,32,20,34,33,21,20,33,20,19,34,18,36,35,34,19,35,19,18,35,18,37,36,18,38,37,18,17,39,18,39,38,17,4,40,17,40,39,4,3,41,4,41,40,3,42,41,3,2,42,15,6,16,16,5,17,5,4,17,6,5,16,14,6,15,2,43,42,7,6,14,13,7,14,12,8,13,8,7,13,1,44,43,2,1,43,11,9,12,9,8,12,10,9,11,1,45,44,1,46,45,1,0,46,0,47,46,0,48,47],\"weights\":[1,35,1,1,35,1,1,35,1,3,35,0.5312,42,0.297627,41,0.171172,3,35,0.351081,42,0.503315,41,0.145604,3,35,0.122086,42,0.810574,41,0.06734,3,35,0.016232,42,0.969732,41,0.014036,3,35,0.00396,42,0.99161,41,0.00443,3,35,0.002435,42,0.994428,41,0.003137,3,35,0.009123,42,0.979259,41,0.011618,3,35,0.021683,42,0.95096,41,0.027357,3,35,0.003323,42,0.991524,41,0.005153,3,35,0.001571,42,0.995872,41,0.002557,3,35,0.011624,42,0.967977,41,0.0204,3,35,0.034116,42,0.901477,41,0.064407,3,35,0.072957,42,0.776406,41,0.150637,3,35,0.115843,42,0.640751,41,0.243405,3,35,0.188945,42,0.519093,41,0.291962,3,35,0.19455,42,0.441006,41,0.364444,3,35,0.105528,41,0.629885,42,0.264587,3,35,0.047455,41,0.849806,42,0.102739,3,35,0.015264,41,0.95477,42,0.029966,3,35,0.002564,41,0.992743,42,0.004693,3,35,0.01857,41,0.949807,42,0.031623,3,35,0.04953,41,0.872081,42,0.078389,3,35,0.074955,41,0.813173,42,0.111871,3,35,0.110516,41,0.740066,42,0.149418,3,35,0.098123,41,0.771403,42,0.130473,3,35,0.075493,41,0.819802,42,0.104705,3,35,0.044737,41,0.890651,42,0.064612,3,35,0.023081,41,0.943155,42,0.033764,3,35,0.012407,41,0.969658,42,0.017935,3,35,0.016606,41,0.960626,42,0.022768,3,35,0.029731,41,0.932542,42,0.037726,3,35,0.058923,41,0.877087,42,0.06399,3,35,0.116947,41,0.783065,42,0.099988,3,35,0.18734,41,0.691952,42,0.120708,3,35,0.214441,41,0.673348,42,0.112211,3,35,0.25432,41,0.631029,42,0.114651,1,35,1,1,35,1,1,35,1,1,35,1,1,35,1,1,35,1,1,35,1,1,35,1,1,35,1,1,35,1],\"slotPose\":[1,0,0,1,0,0],\"bonePose\":[35,0.639508,-0.768784,0.768784,0.639508,141.65,-259.75,42,-0.188115,-0.982147,0.982147,-0.188115,169.45,-313.9,41,0.481798,-0.876283,0.876283,0.481798,184.75,-293.1],\"edges\":[0,1,1,2,2,3,3,4,4,5,5,6,6,7,7,8,8,9,9,10,10,11,11,12,12,13,13,14,14,15,15,16,16,17,17,18,18,19,19,20,20,21,21,22,22,23,23,24,24,25,25,26,26,27,27,28,28,29,29,30,30,31,31,32,32,33,33,34,34,35,35,36,36,37,37,38,38,39,39,40,40,41,41,42,42,43,43,44,44,45,45,46,46,47,47,48,48,0],\"userEdges\":[]}]},{\"name\":\"chibang2xuliechuxian_0\",\"display\":[{\"name\":\"chibang2xuliechuxian_00019\"},{\"name\":\"chibang2xuliechuxian_00018\"},{\"name\":\"chibang2xuliechuxian_00017\"},{\"name\":\"chibang2xuliechuxian_00016\"},{\"name\":\"chibang2xuliechuxian_00015\"},{\"name\":\"chibang2xuliechuxian_00014\"},{\"name\":\"chibang2xuliechuxian_00013\"},{\"name\":\"chibang2xuliechuxian_00012\"},{\"name\":\"chibang2xuliechuxian_00011\"},{\"name\":\"chibang2xuliechuxian_00010\"},{\"name\":\"chibang2xuliechuxian_00009\"},{\"name\":\"chibang2xuliechuxian_00008\"},{\"name\":\"chibang2xuliechuxian_00007\"},{\"name\":\"chibang2xuliechuxian_00006\"},{\"name\":\"chibang2xuliechuxian_00005\"}]},{\"name\":\"chibang2xiaoguangdian14\",\"display\":[{\"name\":\"chibang2xiaoguangdian\",\"transform\":{\"x\":0.46,\"y\":0.19,\"skX\":88.52,\"skY\":88.52}}]},{\"name\":\"chibang2xuyin031\",\"display\":[{\"name\":\"chibang2xuyin03\",\"transform\":{\"x\":27.49,\"y\":6.56,\"skX\":61.2,\"skY\":-118.8,\"scX\":-1}}]},{\"name\":\"chibang2_R-chibang3\",\"display\":[{\"type\":\"mesh\",\"name\":\"chibang2_R-chibang3\",\"width\":112,\"height\":118,\"path\":\"R-chibang3\",\"vertices\":[125,-225.79,134.9,-238.34,145.95,-249.74,162.2,-260.44,181.25,-268.09,196.95,-276.99,209.45,-288.04,219.3,-298.29,226.35,-308.69,234.3,-312.04,237,-310.64,231.65,-304.29,227.35,-295.69,222.9,-280.19,218.8,-265.89,213.9,-252.19,207.15,-240.09,199.8,-231.14,191.6,-223.34,199,-224.54,209.2,-222.49,217.6,-215.34,224.15,-204.09,221.9,-201.44,215.55,-210.24,210.65,-212.69,205.95,-211.89,201.05,-208.19,195.1,-203.29,189.4,-198.59,180.6,-195.34,170.6,-194.04,160.15,-194.04,149.55,-194.04,138.9,-196.34,131.15,-201.44,126.05,-207.19,125.05,-215.74],\"uvs\":[0,0.73093,0.08839,0.62458,0.18705,0.52797,0.33214,0.43729,0.50223,0.37246,0.64241,0.29703,0.75402,0.20339,0.84196,0.11653,0.90491,0.02839,0.97589,0,1,0.01186,0.95223,0.06568,0.91384,0.13856,0.87411,0.26992,0.8375,0.3911,0.79375,0.5072,0.73348,0.60975,0.66786,0.68559,0.59464,0.75169,0.66071,0.74153,0.75179,0.7589,0.82679,0.81949,0.88527,0.91483,0.86518,0.93729,0.80848,0.86271,0.76473,0.84195,0.72277,0.84873,0.67902,0.88008,0.62589,0.92161,0.575,0.96144,0.49643,0.98898,0.40714,1,0.31384,1,0.2192,1,0.12411,0.98051,0.05491,0.93729,0.00937,0.88856,0.00045,0.8161],\"triangles\":[9,11,10,8,11,9,8,7,12,8,12,11,7,6,13,21,24,22,7,13,12,24,23,22,6,14,13,6,5,14,5,15,14,25,24,21,20,25,21,4,16,15,5,4,15,20,26,25,19,26,20,19,27,26,4,17,16,3,18,17,4,3,17,19,18,27,18,28,27,18,29,28,30,29,18,32,31,18,2,32,18,31,30,18,3,2,18,2,1,32,1,33,32,37,34,33,1,37,33,0,37,1,37,35,34,37,36,35],\"weights\":[2,43,0.252462,29,0.747538,2,43,0.268588,29,0.731412,2,43,0.342051,29,0.657949,2,43,0.450217,29,0.549783,2,43,0.562619,29,0.437381,2,43,0.850882,29,0.149118,2,43,0.972428,29,0.027572,2,43,0.985867,29,0.014133,2,43,0.935501,29,0.064499,2,43,0.9038,29,0.0962,2,43,0.900514,29,0.099486,2,43,0.940398,29,0.059602,2,43,0.97994,29,0.02006,2,43,0.967557,29,0.032443,2,43,0.878686,29,0.121314,2,43,0.679095,29,0.320905,2,43,0.493969,29,0.506031,2,43,0.366175,29,0.633825,2,43,0.216967,29,0.783033,2,43,0.345776,29,0.654224,2,43,0.447791,29,0.552209,2,43,0.471216,29,0.528784,2,43,0.47367,29,0.52633,2,43,0.464759,29,0.535241,2,43,0.456133,29,0.543867,2,43,0.43697,29,0.56303,2,43,0.40442,29,0.59558,2,43,0.358773,29,0.641227,2,43,0.301055,29,0.698945,2,43,0.249944,29,0.750056,2,43,0.192479,29,0.807521,2,43,0.156787,29,0.843213,2,43,0.148776,29,0.851224,2,43,0.167114,29,0.832886,2,43,0.191979,29,0.808021,2,43,0.21079,29,0.78921,2,43,0.22651,29,0.77349,2,43,0.23407,29,0.76593],\"slotPose\":[1,0,0,1,0,0],\"bonePose\":[43,0.498868,-0.866678,0.866678,0.498868,196.55,-250.7,29,0.697543,-0.716543,0.716543,0.697543,168.75,-220.85],\"edges\":[0,1,1,2,2,3,3,4,4,5,5,6,6,7,7,8,8,9,9,10,10,11,11,12,12,13,13,14,14,15,15,16,16,17,17,18,18,19,19,20,20,21,21,22,22,23,23,24,24,25,25,26,26,27,27,28,28,29,29,30,30,31,31,32,32,33,33,34,34,35,35,36,36,37,37,0],\"userEdges\":[]}]},{\"name\":\"chibang2xiaoguangdian142\",\"display\":[{\"name\":\"chibang2xiaoguangdian\",\"transform\":{\"x\":0.46,\"y\":0.19,\"skX\":88.52,\"skY\":88.52}}]},{\"name\":\"chibang2xuyin01\",\"display\":[{\"name\":\"chibang2xuyin01\",\"transform\":{\"x\":56.98,\"y\":11.81,\"skX\":-1.2,\"skY\":-1.2}}]}]}],\"animation\":[{\"duration\":56,\"name\":\"appear\",\"bone\":[{\"name\":\"chibang2\",\"translateFrame\":[{\"duration\":6},{\"duration\":6,\"curve\":[0.5,0,0.5,1]},{\"duration\":4,\"curve\":[0.5,0,0.5,1],\"x\":61.5},{\"duration\":40}]},{\"name\":\"chibang2_R-chibang\",\"rotateFrame\":[{\"duration\":4,\"tweenEasing\":0,\"rotate\":50},{\"duration\":52}],\"scaleFrame\":[{\"duration\":23},{\"duration\":17,\"curve\":[0.5,0,0.5,1]},{\"duration\":16,\"curve\":[0.5,0,0.5,1],\"x\":0.9},{\"duration\":0}]},{\"name\":\"chibang2_R-chibang11\",\"rotateFrame\":[{\"duration\":6,\"tweenEasing\":0},{\"duration\":6,\"tweenEasing\":0,\"rotate\":19},{\"duration\":6,\"tweenEasing\":0,\"rotate\":-7.5},{\"duration\":5,\"tweenEasing\":0},{\"duration\":17,\"tweenEasing\":0},{\"duration\":16,\"tweenEasing\":0,\"rotate\":4},{\"duration\":0}]},{\"name\":\"chibang2_R-chibang12\",\"rotateFrame\":[{\"duration\":6,\"tweenEasing\":0},{\"duration\":6,\"tweenEasing\":0,\"rotate\":22},{\"duration\":6,\"tweenEasing\":0,\"rotate\":-5},{\"duration\":5,\"tweenEasing\":0},{\"duration\":17,\"tweenEasing\":0},{\"duration\":16,\"tweenEasing\":0,\"rotate\":5},{\"duration\":0}]},{\"name\":\"chibang2_R-chibang1\",\"rotateFrame\":[{\"duration\":6,\"tweenEasing\":0},{\"duration\":6,\"tweenEasing\":0,\"rotate\":-24},{\"duration\":6,\"tweenEasing\":0,\"rotate\":17},{\"duration\":5,\"tweenEasing\":0},{\"duration\":17,\"tweenEasing\":0},{\"duration\":16,\"tweenEasing\":0,\"rotate\":-5},{\"duration\":0}]},{\"name\":\"chibang2_R-chibang2\",\"rotateFrame\":[{\"duration\":6,\"tweenEasing\":0},{\"duration\":6,\"tweenEasing\":0,\"rotate\":-26},{\"duration\":6,\"tweenEasing\":0,\"rotate\":23},{\"duration\":5,\"tweenEasing\":0},{\"duration\":17,\"tweenEasing\":0},{\"duration\":16,\"tweenEasing\":0,\"rotate\":-10},{\"duration\":0}]},{\"name\":\"chibang2_R-chibang3\",\"rotateFrame\":[{\"duration\":6,\"tweenEasing\":0},{\"duration\":6,\"tweenEasing\":0,\"rotate\":-11.2},{\"duration\":6,\"tweenEasing\":0,\"rotate\":11.2},{\"duration\":5,\"tweenEasing\":0,\"rotate\":-0.4},{\"tweenEasing\":0,\"rotate\":-0.4},{\"duration\":17,\"tweenEasing\":0},{\"duration\":15,\"tweenEasing\":0,\"rotate\":-5},{\"duration\":0,\"rotate\":-0.4}]},{\"name\":\"chibang2_R-chibang5\",\"rotateFrame\":[{\"duration\":7,\"tweenEasing\":0},{\"duration\":6,\"tweenEasing\":0,\"rotate\":26.12},{\"duration\":7,\"tweenEasing\":0,\"rotate\":-2.82},{\"duration\":3,\"tweenEasing\":0,\"rotate\":2.24},{\"duration\":3,\"tweenEasing\":0,\"rotate\":2.24},{\"duration\":16,\"tweenEasing\":0},{\"duration\":14,\"tweenEasing\":0,\"rotate\":14},{\"duration\":0,\"rotate\":2.24}]},{\"name\":\"chibang2_R-chibang4\",\"rotateFrame\":[{\"duration\":6,\"tweenEasing\":0},{\"duration\":6,\"tweenEasing\":0,\"rotate\":-22.2},{\"duration\":11,\"tweenEasing\":0,\"rotate\":-0.4},{\"tweenEasing\":0,\"rotate\":-0.4},{\"duration\":17,\"tweenEasing\":0},{\"duration\":15,\"tweenEasing\":0,\"rotate\":-5},{\"duration\":0,\"rotate\":-0.4}]},{\"name\":\"chibang2_R-chibang13\",\"rotateFrame\":[{\"duration\":7,\"tweenEasing\":0},{\"duration\":6,\"tweenEasing\":0,\"rotate\":36.64},{\"duration\":7,\"tweenEasing\":0,\"rotate\":3.96},{\"duration\":3,\"tweenEasing\":0,\"rotate\":1.28},{\"duration\":3,\"tweenEasing\":0,\"rotate\":1.28},{\"duration\":16,\"tweenEasing\":0},{\"duration\":14,\"tweenEasing\":0,\"rotate\":8},{\"duration\":0,\"rotate\":1.28}]},{\"name\":\"chibang2_R-chibang42\",\"rotateFrame\":[{\"duration\":6,\"tweenEasing\":0},{\"duration\":6,\"tweenEasing\":0,\"rotate\":-22.32},{\"duration\":11,\"tweenEasing\":0,\"rotate\":-0.64},{\"duration\":3,\"tweenEasing\":0,\"rotate\":-0.64},{\"duration\":16,\"tweenEasing\":0},{\"duration\":14,\"tweenEasing\":0,\"rotate\":-4},{\"duration\":0,\"rotate\":-0.64}]},{\"name\":\"chibang2_R-chibang41\",\"rotateFrame\":[{\"duration\":6,\"tweenEasing\":0},{\"duration\":6,\"tweenEasing\":0,\"rotate\":-16.64},{\"duration\":11,\"tweenEasing\":0,\"rotate\":-1.28},{\"duration\":3,\"tweenEasing\":0,\"rotate\":-1.28},{\"duration\":16,\"tweenEasing\":0},{\"duration\":14,\"tweenEasing\":0,\"rotate\":-8},{\"duration\":0,\"rotate\":-1.28}]},{\"name\":\"chibang2_R-chibang31\",\"rotateFrame\":[{\"duration\":23},{\"duration\":3,\"tweenEasing\":0,\"rotate\":-1.28},{\"duration\":16,\"tweenEasing\":0},{\"duration\":14,\"tweenEasing\":0,\"rotate\":-8},{\"duration\":0,\"rotate\":-1.28}]},{\"name\":\"chibang2_R-chibang6\",\"rotateFrame\":[{\"duration\":6,\"tweenEasing\":0},{\"duration\":6,\"tweenEasing\":0,\"rotate\":-22},{\"duration\":11,\"tweenEasing\":0},{\"duration\":17,\"tweenEasing\":0},{\"duration\":16,\"tweenEasing\":0,\"rotate\":-19},{\"duration\":0}]},{\"name\":\"chibang2_R-chibang7\",\"rotateFrame\":[{\"duration\":6,\"tweenEasing\":0},{\"duration\":6,\"tweenEasing\":0,\"rotate\":-13.56},{\"duration\":11,\"tweenEasing\":0,\"rotate\":-1.12},{\"tweenEasing\":0,\"rotate\":-1.12},{\"duration\":17,\"tweenEasing\":0},{\"duration\":15,\"tweenEasing\":0,\"rotate\":-8},{\"duration\":0,\"rotate\":-1.12}]},{\"name\":\"chibang21\",\"translateFrame\":[{\"duration\":6},{\"duration\":6,\"curve\":[0.5,0,0.5,1]},{\"duration\":4,\"curve\":[0.5,0,0.5,1],\"x\":-60.14},{\"duration\":40}]},{\"name\":\"chibang2_R-chibang8\",\"rotateFrame\":[{\"duration\":4,\"tweenEasing\":0,\"rotate\":50},{\"duration\":52}],\"scaleFrame\":[{\"duration\":23},{\"duration\":17,\"curve\":[0.5,0,0.5,1]},{\"duration\":16,\"curve\":[0.5,0,0.5,1],\"x\":0.9},{\"duration\":0}]},{\"name\":\"chibang2_R-chibang121\",\"rotateFrame\":[{\"duration\":6,\"tweenEasing\":0},{\"duration\":6,\"tweenEasing\":0,\"rotate\":22},{\"duration\":6,\"tweenEasing\":0,\"rotate\":-4},{\"duration\":5,\"tweenEasing\":0},{\"duration\":17,\"tweenEasing\":0},{\"duration\":16,\"tweenEasing\":0,\"rotate\":5},{\"duration\":0}]},{\"name\":\"chibang2_R-chibang111\",\"rotateFrame\":[{\"duration\":6,\"tweenEasing\":0},{\"duration\":6,\"tweenEasing\":0,\"rotate\":19},{\"duration\":6,\"tweenEasing\":0,\"rotate\":-3.5},{\"duration\":5,\"tweenEasing\":0},{\"duration\":17,\"tweenEasing\":0},{\"duration\":16,\"tweenEasing\":0,\"rotate\":4},{\"duration\":0}]},{\"name\":\"chibang2_R-chibang61\",\"rotateFrame\":[{\"duration\":6,\"tweenEasing\":0},{\"duration\":6,\"tweenEasing\":0,\"rotate\":-22},{\"duration\":11,\"tweenEasing\":0},{\"duration\":17,\"tweenEasing\":0},{\"duration\":16,\"tweenEasing\":0,\"rotate\":-19},{\"duration\":0}]},{\"name\":\"chibang2_R-chibang14\",\"rotateFrame\":[{\"duration\":6,\"tweenEasing\":0},{\"duration\":6,\"tweenEasing\":0,\"rotate\":-24},{\"duration\":6,\"tweenEasing\":0,\"rotate\":19},{\"duration\":5,\"tweenEasing\":0},{\"duration\":17,\"tweenEasing\":0},{\"duration\":16,\"tweenEasing\":0,\"rotate\":-5},{\"duration\":0}]},{\"name\":\"chibang2_R-chibang21\",\"rotateFrame\":[{\"duration\":6,\"tweenEasing\":0},{\"duration\":6,\"tweenEasing\":0,\"rotate\":-26},{\"duration\":6,\"tweenEasing\":0,\"rotate\":24},{\"duration\":5,\"tweenEasing\":0},{\"duration\":17,\"tweenEasing\":0},{\"duration\":16,\"tweenEasing\":0,\"rotate\":-10},{\"duration\":0}]},{\"name\":\"chibang2_R-chibang131\",\"rotateFrame\":[{\"duration\":7,\"tweenEasing\":0},{\"duration\":6,\"tweenEasing\":0,\"rotate\":36.64},{\"duration\":7,\"tweenEasing\":0,\"rotate\":-2.04},{\"duration\":3,\"tweenEasing\":0,\"rotate\":1.28},{\"duration\":3,\"tweenEasing\":0,\"rotate\":1.28},{\"duration\":16,\"tweenEasing\":0},{\"duration\":14,\"tweenEasing\":0,\"rotate\":8},{\"duration\":0,\"rotate\":1.28}]},{\"name\":\"chibang2_R-chibang51\",\"rotateFrame\":[{\"duration\":7,\"tweenEasing\":0},{\"duration\":7,\"tweenEasing\":0,\"rotate\":26.12},{\"duration\":6,\"tweenEasing\":0,\"rotate\":-14.82},{\"duration\":3,\"tweenEasing\":0,\"rotate\":2.24},{\"duration\":3,\"tweenEasing\":0,\"rotate\":2.24},{\"duration\":16,\"tweenEasing\":0},{\"duration\":14,\"tweenEasing\":0,\"rotate\":14},{\"duration\":0,\"rotate\":2.24}]},{\"name\":\"chibang2_R-chibang43\",\"rotateFrame\":[{\"duration\":6,\"tweenEasing\":0},{\"duration\":6,\"tweenEasing\":0,\"rotate\":-22.2},{\"duration\":11,\"tweenEasing\":0,\"rotate\":-0.4},{\"tweenEasing\":0,\"rotate\":-0.4},{\"duration\":17,\"tweenEasing\":0},{\"duration\":15,\"tweenEasing\":0,\"rotate\":-5},{\"duration\":0,\"rotate\":-0.4}]},{\"name\":\"chibang2_R-chibang32\",\"rotateFrame\":[{\"duration\":6,\"tweenEasing\":0},{\"duration\":6,\"tweenEasing\":0,\"rotate\":-11.2},{\"duration\":6,\"tweenEasing\":0,\"rotate\":9.2},{\"duration\":5,\"tweenEasing\":0,\"rotate\":-0.4},{\"tweenEasing\":0,\"rotate\":-0.4},{\"duration\":17,\"tweenEasing\":0},{\"duration\":15,\"tweenEasing\":0,\"rotate\":-5},{\"duration\":0,\"rotate\":-0.4}]},{\"name\":\"chibang2_R-chibang71\",\"rotateFrame\":[{\"duration\":6,\"tweenEasing\":0},{\"duration\":6,\"tweenEasing\":0,\"rotate\":-13.56},{\"duration\":11,\"tweenEasing\":0,\"rotate\":-1.12},{\"tweenEasing\":0,\"rotate\":-1.12},{\"duration\":17,\"tweenEasing\":0},{\"duration\":15,\"tweenEasing\":0,\"rotate\":-8},{\"duration\":0,\"rotate\":-1.12}]},{\"name\":\"chibang2_R-chibang421\",\"rotateFrame\":[{\"duration\":6,\"tweenEasing\":0},{\"duration\":6,\"tweenEasing\":0,\"rotate\":-22.32},{\"duration\":11,\"tweenEasing\":0,\"rotate\":-0.64},{\"duration\":3,\"tweenEasing\":0,\"rotate\":-0.64},{\"duration\":16,\"tweenEasing\":0},{\"duration\":14,\"tweenEasing\":0,\"rotate\":-4},{\"duration\":0,\"rotate\":-0.64}]},{\"name\":\"chibang2_R-chibang411\",\"rotateFrame\":[{\"duration\":6,\"tweenEasing\":0},{\"duration\":6,\"tweenEasing\":0,\"rotate\":-16.64},{\"duration\":11,\"tweenEasing\":0,\"rotate\":-1.28},{\"duration\":3,\"tweenEasing\":0,\"rotate\":-1.28},{\"duration\":16,\"tweenEasing\":0},{\"duration\":14,\"tweenEasing\":0,\"rotate\":-8},{\"duration\":0,\"rotate\":-1.28}]},{\"name\":\"chibang2_R-chibang311\",\"rotateFrame\":[{\"duration\":23},{\"duration\":3,\"tweenEasing\":0,\"rotate\":-1.28},{\"duration\":16,\"tweenEasing\":0},{\"duration\":14,\"tweenEasing\":0,\"rotate\":-8},{\"duration\":0,\"rotate\":-1.28}]},{\"name\":\"xingguangchibang21\",\"rotateFrame\":[{\"duration\":27},{\"duration\":20,\"tweenEasing\":0},{\"duration\":9,\"rotate\":160}],\"scaleFrame\":[{\"duration\":27,\"tweenEasing\":0,\"x\":0.01,\"y\":0.01},{\"duration\":10,\"tweenEasing\":0,\"x\":0.01,\"y\":0.01},{\"duration\":10,\"tweenEasing\":0,\"x\":0.8,\"y\":0.8},{\"duration\":9,\"x\":0.01,\"y\":0.01}]},{\"name\":\"xingguangchibang22\",\"translateFrame\":[{\"duration\":12},{\"duration\":13,\"tweenEasing\":0,\"x\":-6.68,\"y\":3.65},{\"duration\":12,\"tweenEasing\":0,\"x\":5.47,\"y\":1.22},{\"duration\":19,\"x\":14.16,\"y\":6.08}],\"rotateFrame\":[{\"duration\":12},{\"duration\":25,\"tweenEasing\":0},{\"duration\":19,\"rotate\":120}],\"scaleFrame\":[{\"duration\":12,\"tweenEasing\":0,\"x\":0.01,\"y\":0.01},{\"duration\":13,\"tweenEasing\":0,\"x\":0.01,\"y\":0.01},{\"duration\":12,\"tweenEasing\":0,\"x\":0.8,\"y\":0.8},{\"duration\":19,\"x\":0.01,\"y\":0.01}]},{\"name\":\"chibang2xiaoguangdian14111\",\"translateFrame\":[{\"duration\":23,\"tweenEasing\":0,\"x\":-101.38,\"y\":90.33},{\"duration\":30,\"tweenEasing\":0,\"x\":-57.03,\"y\":83.29},{\"duration\":3,\"x\":28.41,\"y\":50.51}],\"scaleFrame\":[{\"duration\":5,\"tweenEasing\":0,\"x\":0.01,\"y\":0.01},{\"duration\":10,\"tweenEasing\":0,\"x\":0.5,\"y\":0.5},{\"duration\":10,\"tweenEasing\":0,\"x\":0.1,\"y\":0.1},{\"duration\":10,\"tweenEasing\":0,\"x\":0.5,\"y\":0.5},{\"duration\":10,\"tweenEasing\":0,\"x\":0.1,\"y\":0.1},{\"duration\":10,\"tweenEasing\":0,\"x\":0.5,\"y\":0.5},{\"x\":0.1,\"y\":0.1}]},{\"name\":\"chibang2xiaoguangdian1412\",\"translateFrame\":[{\"duration\":55,\"tweenEasing\":0,\"x\":-101.38,\"y\":90.33},{\"x\":-47.21,\"y\":14.25}],\"scaleFrame\":[{\"duration\":5,\"tweenEasing\":0,\"x\":0.01,\"y\":0.01},{\"duration\":10,\"tweenEasing\":0,\"x\":0.1,\"y\":0.1},{\"duration\":10,\"tweenEasing\":0,\"x\":0.5,\"y\":0.5},{\"duration\":10,\"tweenEasing\":0,\"x\":0.1,\"y\":0.1},{\"duration\":10,\"tweenEasing\":0,\"x\":0.5,\"y\":0.5},{\"duration\":10,\"tweenEasing\":0,\"x\":0.1,\"y\":0.1},{\"x\":0.5,\"y\":0.5}]},{\"name\":\"chibang2xiaoguangdian142\",\"translateFrame\":[{\"duration\":21,\"tweenEasing\":0,\"x\":-101.38,\"y\":37.31},{\"duration\":24,\"tweenEasing\":0,\"x\":-32.45,\"y\":-8.76},{\"duration\":11,\"x\":6.17,\"y\":-66.23}],\"scaleFrame\":[{\"duration\":5,\"tweenEasing\":0,\"x\":0.01,\"y\":0.01},{\"duration\":10,\"tweenEasing\":0,\"x\":0.5,\"y\":0.5},{\"duration\":10,\"tweenEasing\":0,\"x\":0.1,\"y\":0.1},{\"duration\":10,\"tweenEasing\":0,\"x\":0.5,\"y\":0.5},{\"duration\":10,\"tweenEasing\":0,\"x\":0.1,\"y\":0.1},{\"duration\":10,\"tweenEasing\":0,\"x\":0.5,\"y\":0.5},{\"x\":0.1,\"y\":0.1}]},{\"name\":\"chibang2xiaoguangdian1411\",\"translateFrame\":[{\"duration\":23,\"tweenEasing\":0,\"x\":-101.38,\"y\":90.33},{\"duration\":30,\"tweenEasing\":0,\"x\":-57.03,\"y\":83.29},{\"duration\":3,\"x\":28.41,\"y\":50.51}],\"scaleFrame\":[{\"duration\":5,\"tweenEasing\":0,\"x\":0.01,\"y\":0.01},{\"duration\":10,\"tweenEasing\":0,\"x\":0.5,\"y\":0.5},{\"duration\":10,\"tweenEasing\":0,\"x\":0.1,\"y\":0.1},{\"duration\":10,\"tweenEasing\":0,\"x\":0.5,\"y\":0.5},{\"duration\":10,\"tweenEasing\":0,\"x\":0.1,\"y\":0.1},{\"duration\":10,\"tweenEasing\":0,\"x\":0.5,\"y\":0.5},{\"x\":0.1,\"y\":0.1}]},{\"name\":\"chibang2xiaoguangdian141\",\"translateFrame\":[{\"duration\":55,\"tweenEasing\":0,\"x\":-101.38,\"y\":90.33},{\"x\":-47.21,\"y\":14.25}],\"scaleFrame\":[{\"duration\":5,\"tweenEasing\":0,\"x\":0.01,\"y\":0.01},{\"duration\":10,\"tweenEasing\":0,\"x\":0.1,\"y\":0.1},{\"duration\":10,\"tweenEasing\":0,\"x\":0.5,\"y\":0.5},{\"duration\":10,\"tweenEasing\":0,\"x\":0.1,\"y\":0.1},{\"duration\":10,\"tweenEasing\":0,\"x\":0.5,\"y\":0.5},{\"duration\":10,\"tweenEasing\":0,\"x\":0.1,\"y\":0.1},{\"x\":0.5,\"y\":0.5}]},{\"name\":\"chibang2xiaoguangdian14\",\"translateFrame\":[{\"duration\":21,\"tweenEasing\":0,\"x\":-101.38,\"y\":37.31},{\"duration\":24,\"tweenEasing\":0,\"x\":-32.45,\"y\":-8.76},{\"duration\":11,\"x\":6.17,\"y\":-66.23}],\"scaleFrame\":[{\"duration\":5,\"tweenEasing\":0,\"x\":0.01,\"y\":0.01},{\"duration\":10,\"tweenEasing\":0,\"x\":0.5,\"y\":0.5},{\"duration\":10,\"tweenEasing\":0,\"x\":0.1,\"y\":0.1},{\"duration\":10,\"tweenEasing\":0,\"x\":0.5,\"y\":0.5},{\"duration\":10,\"tweenEasing\":0,\"x\":0.1,\"y\":0.1},{\"duration\":10,\"tweenEasing\":0,\"x\":0.5,\"y\":0.5},{\"x\":0.1,\"y\":0.1}]},{\"name\":\"chibang2xulieshang\",\"translateFrame\":[{\"duration\":56,\"y\":10.36}],\"rotateFrame\":[{\"duration\":56,\"rotate\":90}]}],\"slot\":[{\"name\":\"chibang2_R-chibang4\",\"colorFrame\":[{\"duration\":8,\"tweenEasing\":0,\"value\":{\"aM\":0}},{\"duration\":48}]},{\"name\":\"chibang2_R-chibang3\",\"colorFrame\":[{\"duration\":8,\"tweenEasing\":0,\"value\":{\"aM\":0}},{\"duration\":48}]},{\"name\":\"chibang2_R-chibang2\",\"colorFrame\":[{\"duration\":8,\"tweenEasing\":0,\"value\":{\"aM\":0}},{\"duration\":48}]},{\"name\":\"chibang2_R-chibang1\",\"colorFrame\":[{\"duration\":8,\"tweenEasing\":0,\"value\":{\"aM\":0}},{\"duration\":48}]},{\"name\":\"chibang2_R-chibang\",\"colorFrame\":[{\"duration\":8,\"tweenEasing\":0,\"value\":{\"aM\":0}},{\"duration\":48}]},{\"name\":\"chibang2_R-chibang41\",\"colorFrame\":[{\"duration\":8,\"tweenEasing\":0,\"value\":{\"aM\":0}},{\"duration\":48}]},{\"name\":\"chibang2_R-chibang31\",\"colorFrame\":[{\"duration\":8,\"tweenEasing\":0,\"value\":{\"aM\":0}},{\"duration\":48}]},{\"name\":\"chibang2_R-chibang21\",\"colorFrame\":[{\"duration\":8,\"tweenEasing\":0,\"value\":{\"aM\":0}},{\"duration\":48}]},{\"name\":\"chibang2_R-chibang11\",\"colorFrame\":[{\"duration\":8,\"tweenEasing\":0,\"value\":{\"aM\":0}},{\"duration\":48}]},{\"name\":\"chibang2_R-chibang5\",\"colorFrame\":[{\"duration\":8,\"tweenEasing\":0,\"value\":{\"aM\":0}},{\"duration\":48}]},{\"name\":\"chibang2xuyin01\",\"colorFrame\":[{\"duration\":24,\"tweenEasing\":0,\"value\":{\"aM\":0}},{\"duration\":10,\"tweenEasing\":0,\"value\":{\"aM\":0}},{\"duration\":20,\"tweenEasing\":0},{\"duration\":2,\"value\":{\"aM\":0}}]},{\"name\":\"chibang2xuyin02\",\"colorFrame\":[{\"duration\":24,\"tweenEasing\":0,\"value\":{\"aM\":0}},{\"duration\":10,\"tweenEasing\":0,\"value\":{\"aM\":0}},{\"duration\":20,\"tweenEasing\":0},{\"duration\":2,\"value\":{\"aM\":0}}]},{\"name\":\"chibang2xuyin03\",\"colorFrame\":[{\"duration\":24,\"tweenEasing\":0,\"value\":{\"aM\":0}},{\"duration\":10,\"tweenEasing\":0,\"value\":{\"aM\":0}},{\"duration\":22,\"tweenEasing\":0},{\"duration\":0,\"value\":{\"aM\":0}}]},{\"name\":\"chibang2xuyin04\",\"colorFrame\":[{\"duration\":24,\"tweenEasing\":0,\"value\":{\"aM\":0}},{\"duration\":10,\"tweenEasing\":0,\"value\":{\"aM\":0}},{\"duration\":20,\"tweenEasing\":0},{\"duration\":2,\"value\":{\"aM\":0}}]},{\"name\":\"chibang2xuyin031\",\"colorFrame\":[{\"duration\":24,\"tweenEasing\":0,\"value\":{\"aM\":0}},{\"duration\":10,\"tweenEasing\":0,\"value\":{\"aM\":0}},{\"duration\":20,\"tweenEasing\":0},{\"duration\":2,\"value\":{\"aM\":0}}]},{\"name\":\"chibang2xuyin041\",\"colorFrame\":[{\"duration\":24,\"tweenEasing\":0,\"value\":{\"aM\":0}},{\"duration\":10,\"tweenEasing\":0,\"value\":{\"aM\":0}},{\"duration\":20,\"tweenEasing\":0},{\"duration\":2,\"value\":{\"aM\":0}}]},{\"name\":\"chibang2xuyin011\",\"colorFrame\":[{\"duration\":24,\"tweenEasing\":0,\"value\":{\"aM\":0}},{\"duration\":10,\"tweenEasing\":0,\"value\":{\"aM\":0}},{\"duration\":20,\"tweenEasing\":0},{\"duration\":2,\"value\":{\"aM\":0}}]},{\"name\":\"chibang2xuyin021\",\"colorFrame\":[{\"duration\":24,\"tweenEasing\":0,\"value\":{\"aM\":0}},{\"duration\":10,\"tweenEasing\":0,\"value\":{\"aM\":0}},{\"duration\":20,\"tweenEasing\":0},{\"duration\":2,\"value\":{\"aM\":0}}]},{\"name\":\"chibang2xuyin042\",\"colorFrame\":[{\"duration\":24,\"tweenEasing\":0,\"value\":{\"aM\":0}},{\"duration\":10,\"tweenEasing\":0,\"value\":{\"aM\":0}},{\"duration\":20,\"tweenEasing\":0},{\"duration\":2,\"value\":{\"aM\":0}}]},{\"name\":\"chibang2xuyin05\",\"colorFrame\":[{\"duration\":24,\"tweenEasing\":0,\"value\":{\"aM\":0}},{\"duration\":10,\"tweenEasing\":0,\"value\":{\"aM\":0}},{\"duration\":20,\"tweenEasing\":0},{\"duration\":2,\"value\":{\"aM\":0}}]},{\"name\":\"chibang2xuyin051\",\"colorFrame\":[{\"duration\":24,\"tweenEasing\":0,\"value\":{\"aM\":0}},{\"duration\":10,\"tweenEasing\":0,\"value\":{\"aM\":0}},{\"duration\":22,\"tweenEasing\":0},{\"duration\":0,\"value\":{\"aM\":0}}]},{\"name\":\"chibang2xuyin0411\",\"colorFrame\":[{\"duration\":24,\"tweenEasing\":0,\"value\":{\"aM\":0}},{\"duration\":10,\"tweenEasing\":0,\"value\":{\"aM\":0}},{\"duration\":20,\"tweenEasing\":0},{\"duration\":2,\"value\":{\"aM\":0}}]},{\"name\":\"chibang2xiaoguangdian142\",\"colorFrame\":[{\"duration\":15,\"tweenEasing\":0,\"value\":{\"aM\":0}},{\"duration\":4,\"tweenEasing\":0,\"value\":{\"aM\":0}},{\"duration\":8,\"tweenEasing\":0},{\"duration\":18,\"tweenEasing\":0},{\"duration\":11,\"value\":{\"aM\":0}}]},{\"name\":\"chibang2xiaoguangdian1412\",\"colorFrame\":[{\"duration\":15,\"tweenEasing\":0,\"value\":{\"aM\":0}},{\"duration\":4,\"tweenEasing\":0,\"value\":{\"aM\":0}},{\"duration\":21,\"tweenEasing\":0},{\"duration\":15,\"tweenEasing\":0},{\"value\":{\"aM\":0}}]},{\"name\":\"chibang2xiaoguangdian14111\",\"colorFrame\":[{\"duration\":15,\"tweenEasing\":0,\"value\":{\"aM\":0}},{\"duration\":4,\"tweenEasing\":0,\"value\":{\"aM\":0}},{\"duration\":16,\"tweenEasing\":0},{\"duration\":18,\"tweenEasing\":0},{\"duration\":3,\"value\":{\"aM\":0}}]},{\"name\":\"chibang2xuliechuxian_0\",\"displayFrame\":[{\"duration\":8,\"value\":-1},{\"duration\":2,\"value\":14},{\"duration\":2,\"value\":13},{\"duration\":2,\"value\":12},{\"duration\":2,\"value\":11},{\"duration\":2,\"value\":10},{\"duration\":2,\"value\":9},{\"duration\":2,\"value\":8},{\"duration\":2,\"value\":7},{\"duration\":2,\"value\":6},{\"duration\":2,\"value\":5},{\"duration\":2,\"value\":4},{\"duration\":2,\"value\":3},{\"duration\":2,\"value\":2},{\"duration\":2,\"value\":1},{\"duration\":2},{\"duration\":18,\"value\":-1}]},{\"name\":\"chibang2xiaoguangdian1411\",\"colorFrame\":[{\"duration\":15,\"tweenEasing\":0,\"value\":{\"aM\":0}},{\"duration\":4,\"tweenEasing\":0,\"value\":{\"aM\":0}},{\"duration\":16,\"tweenEasing\":0},{\"duration\":18,\"tweenEasing\":0},{\"duration\":3,\"value\":{\"aM\":0}}]},{\"name\":\"chibang2xiaoguangdian141\",\"colorFrame\":[{\"duration\":15,\"tweenEasing\":0,\"value\":{\"aM\":0}},{\"duration\":4,\"tweenEasing\":0,\"value\":{\"aM\":0}},{\"duration\":21,\"tweenEasing\":0},{\"duration\":15,\"tweenEasing\":0},{\"value\":{\"aM\":0}}]},{\"name\":\"chibang2xiaoguangdian14\",\"colorFrame\":[{\"duration\":15,\"tweenEasing\":0,\"value\":{\"aM\":0}},{\"duration\":4,\"tweenEasing\":0,\"value\":{\"aM\":0}},{\"duration\":8,\"tweenEasing\":0},{\"duration\":18,\"tweenEasing\":0},{\"duration\":11,\"value\":{\"aM\":0}}]},{\"name\":\"chibang2_saoguang1\",\"colorFrame\":[{\"duration\":56,\"value\":{\"aM\":0}}]},{\"name\":\"chibang2_saoguang11\",\"colorFrame\":[{\"duration\":56,\"value\":{\"aM\":0}}]}]},{\"duration\":50,\"playTimes\":0,\"name\":\"flap\",\"bone\":[{\"name\":\"chibang2_R-chibang8\",\"scaleFrame\":[{\"duration\":25,\"curve\":[0.5,0,0.5,1]},{\"duration\":25,\"curve\":[0.5,0,0.5,1],\"x\":0.9},{\"duration\":0}]},{\"name\":\"chibang2_R-chibang\",\"scaleFrame\":[{\"duration\":25,\"curve\":[0.5,0,0.5,1]},{\"duration\":25,\"curve\":[0.5,0,0.5,1],\"x\":0.9},{\"duration\":0}]},{\"name\":\"chibang2_R-chibang61\",\"rotateFrame\":[{\"duration\":25,\"tweenEasing\":0},{\"duration\":25,\"tweenEasing\":0,\"rotate\":-19},{\"duration\":0}]},{\"name\":\"chibang2_R-chibang14\",\"rotateFrame\":[{\"duration\":25,\"tweenEasing\":0},{\"duration\":25,\"tweenEasing\":0,\"rotate\":-5},{\"duration\":0}]},{\"name\":\"chibang2_R-chibang11\",\"rotateFrame\":[{\"duration\":25,\"tweenEasing\":0},{\"duration\":25,\"tweenEasing\":0,\"rotate\":4},{\"duration\":0}]},{\"name\":\"chibang2_R-chibang121\",\"rotateFrame\":[{\"duration\":25,\"tweenEasing\":0},{\"duration\":25,\"tweenEasing\":0,\"rotate\":5},{\"duration\":0}]},{\"name\":\"chibang2_R-chibang6\",\"rotateFrame\":[{\"duration\":25,\"tweenEasing\":0},{\"duration\":25,\"tweenEasing\":0,\"rotate\":-19},{\"duration\":0}]},{\"name\":\"chibang2_R-chibang12\",\"rotateFrame\":[{\"duration\":25,\"tweenEasing\":0},{\"duration\":25,\"tweenEasing\":0,\"rotate\":5},{\"duration\":0}]},{\"name\":\"chibang2_R-chibang111\",\"rotateFrame\":[{\"duration\":25,\"tweenEasing\":0},{\"duration\":25,\"tweenEasing\":0,\"rotate\":4},{\"duration\":0}]},{\"name\":\"chibang2_R-chibang21\",\"rotateFrame\":[{\"duration\":25,\"tweenEasing\":0},{\"duration\":25,\"tweenEasing\":0,\"rotate\":-10},{\"duration\":0}]},{\"name\":\"chibang2_R-chibang2\",\"rotateFrame\":[{\"duration\":25,\"tweenEasing\":0},{\"duration\":25,\"tweenEasing\":0,\"rotate\":-10},{\"duration\":0}]},{\"name\":\"chibang2_R-chibang1\",\"rotateFrame\":[{\"duration\":25,\"tweenEasing\":0},{\"duration\":25,\"tweenEasing\":0,\"rotate\":-5},{\"duration\":0}]},{\"name\":\"chibang2_R-chibang71\",\"rotateFrame\":[{\"duration\":2,\"tweenEasing\":0,\"rotate\":-1.12},{\"duration\":25,\"tweenEasing\":0},{\"duration\":23,\"tweenEasing\":0,\"rotate\":-8},{\"duration\":0,\"rotate\":-1.12}]},{\"name\":\"chibang2_R-chibang3\",\"rotateFrame\":[{\"duration\":2,\"tweenEasing\":0,\"rotate\":-0.4},{\"duration\":25,\"tweenEasing\":0},{\"duration\":23,\"tweenEasing\":0,\"rotate\":-5},{\"duration\":0,\"rotate\":-0.4}]},{\"name\":\"chibang2_R-chibang7\",\"rotateFrame\":[{\"duration\":2,\"tweenEasing\":0,\"rotate\":-1.12},{\"duration\":25,\"tweenEasing\":0},{\"duration\":23,\"tweenEasing\":0,\"rotate\":-8},{\"duration\":0,\"rotate\":-1.12}]},{\"name\":\"chibang2_R-chibang43\",\"rotateFrame\":[{\"duration\":2,\"tweenEasing\":0,\"rotate\":-0.4},{\"duration\":25,\"tweenEasing\":0},{\"duration\":23,\"tweenEasing\":0,\"rotate\":-5},{\"duration\":0,\"rotate\":-0.4}]},{\"name\":\"chibang2_R-chibang131\",\"rotateFrame\":[{\"duration\":4,\"tweenEasing\":0,\"rotate\":1.28},{\"duration\":25,\"tweenEasing\":0},{\"duration\":21,\"tweenEasing\":0,\"rotate\":8},{\"duration\":0,\"rotate\":1.28}]},{\"name\":\"chibang2_R-chibang51\",\"rotateFrame\":[{\"duration\":4,\"tweenEasing\":0,\"rotate\":2.24},{\"duration\":25,\"tweenEasing\":0},{\"duration\":21,\"tweenEasing\":0,\"rotate\":14},{\"duration\":0,\"rotate\":2.24}]},{\"name\":\"chibang2_R-chibang13\",\"rotateFrame\":[{\"duration\":4,\"tweenEasing\":0,\"rotate\":1.28},{\"duration\":25,\"tweenEasing\":0},{\"duration\":21,\"tweenEasing\":0,\"rotate\":8},{\"duration\":0,\"rotate\":1.28}]},{\"name\":\"chibang2_R-chibang32\",\"rotateFrame\":[{\"duration\":2,\"tweenEasing\":0,\"rotate\":-0.4},{\"duration\":25,\"tweenEasing\":0},{\"duration\":23,\"tweenEasing\":0,\"rotate\":-5},{\"duration\":0,\"rotate\":-0.4}]},{\"name\":\"chibang2_R-chibang4\",\"rotateFrame\":[{\"duration\":2,\"tweenEasing\":0,\"rotate\":-0.4},{\"duration\":25,\"tweenEasing\":0},{\"duration\":23,\"tweenEasing\":0,\"rotate\":-5},{\"duration\":0,\"rotate\":-0.4}]},{\"name\":\"chibang2_R-chibang5\",\"rotateFrame\":[{\"duration\":4,\"tweenEasing\":0,\"rotate\":2.24},{\"duration\":25,\"tweenEasing\":0},{\"duration\":21,\"tweenEasing\":0,\"rotate\":14},{\"duration\":0,\"rotate\":2.24}]},{\"name\":\"chibang2_R-chibang42\",\"rotateFrame\":[{\"duration\":4,\"tweenEasing\":0,\"rotate\":-0.64},{\"duration\":25,\"tweenEasing\":0},{\"duration\":21,\"tweenEasing\":0,\"rotate\":-4},{\"duration\":0,\"rotate\":-0.64}]},{\"name\":\"chibang2_R-chibang41\",\"rotateFrame\":[{\"duration\":4,\"tweenEasing\":0,\"rotate\":-1.28},{\"duration\":25,\"tweenEasing\":0},{\"duration\":21,\"tweenEasing\":0,\"rotate\":-8},{\"duration\":0,\"rotate\":-1.28}]},{\"name\":\"chibang2_R-chibang411\",\"rotateFrame\":[{\"duration\":4,\"tweenEasing\":0,\"rotate\":-1.28},{\"duration\":25,\"tweenEasing\":0},{\"duration\":21,\"tweenEasing\":0,\"rotate\":-8},{\"duration\":0,\"rotate\":-1.28}]},{\"name\":\"chibang2_R-chibang31\",\"rotateFrame\":[{\"duration\":4,\"tweenEasing\":0,\"rotate\":-1.28},{\"duration\":25,\"tweenEasing\":0},{\"duration\":21,\"tweenEasing\":0,\"rotate\":-8},{\"duration\":0,\"rotate\":-1.28}]},{\"name\":\"chibang2_R-chibang421\",\"rotateFrame\":[{\"duration\":4,\"tweenEasing\":0,\"rotate\":-0.64},{\"duration\":25,\"tweenEasing\":0},{\"duration\":21,\"tweenEasing\":0,\"rotate\":-4},{\"duration\":0,\"rotate\":-0.64}]},{\"name\":\"chibang2_R-chibang311\",\"rotateFrame\":[{\"duration\":4,\"tweenEasing\":0,\"rotate\":-1.28},{\"duration\":25,\"tweenEasing\":0},{\"duration\":21,\"tweenEasing\":0,\"rotate\":-8},{\"duration\":0,\"rotate\":-1.28}]},{\"name\":\"chibang2_saoguang1\",\"translateFrame\":[{\"duration\":50,\"x\":-0.14,\"y\":-0.02}]}],\"slot\":[{\"name\":\"chibang2xuyin01\",\"displayFrame\":[{\"duration\":50,\"value\":-1}]},{\"name\":\"chibang2xuyin02\",\"displayFrame\":[{\"duration\":50,\"value\":-1}]},{\"name\":\"chibang2xuyin031\",\"displayFrame\":[{\"duration\":50,\"value\":-1}]},{\"name\":\"chibang2xuyin03\",\"displayFrame\":[{\"duration\":50,\"value\":-1}]},{\"name\":\"chibang2xuyin042\",\"displayFrame\":[{\"duration\":50,\"value\":-1}]},{\"name\":\"chibang2xuyin04\",\"displayFrame\":[{\"duration\":50,\"value\":-1}]},{\"name\":\"chibang2xuyin041\",\"displayFrame\":[{\"duration\":50,\"value\":-1}]},{\"name\":\"chibang2xuyin011\",\"displayFrame\":[{\"duration\":50,\"value\":-1}]},{\"name\":\"chibang2xuyin021\",\"displayFrame\":[{\"duration\":50,\"value\":-1}]},{\"name\":\"chibang2xuyin05\",\"displayFrame\":[{\"duration\":50,\"value\":-1}]},{\"name\":\"chibang2xuyin051\",\"displayFrame\":[{\"duration\":50,\"value\":-1}]},{\"name\":\"chibang2xuyin0411\",\"displayFrame\":[{\"duration\":50,\"value\":-1}]},{\"name\":\"xingguangchibang21\",\"displayFrame\":[{\"duration\":50,\"value\":-1}]},{\"name\":\"xingguangchibang22\",\"displayFrame\":[{\"duration\":50,\"value\":-1}]},{\"name\":\"chibang2xiaoguangdian142\",\"displayFrame\":[{\"duration\":50,\"value\":-1}]},{\"name\":\"chibang2xiaoguangdian1412\",\"displayFrame\":[{\"duration\":50,\"value\":-1}]},{\"name\":\"chibang2xiaoguangdian14111\",\"displayFrame\":[{\"duration\":50,\"value\":-1}]},{\"name\":\"chibang2xiaoguangdian1411\",\"displayFrame\":[{\"duration\":50,\"value\":-1}]},{\"name\":\"chibang2xiaoguangdian141\",\"displayFrame\":[{\"duration\":50,\"value\":-1}]},{\"name\":\"chibang2xiaoguangdian14\",\"displayFrame\":[{\"duration\":50,\"value\":-1}]},{\"name\":\"chibang2_saoguang1\",\"displayFrame\":[{\"duration\":2,\"value\":11},{\"duration\":2,\"value\":7},{\"duration\":2,\"value\":6},{\"duration\":2,\"value\":5},{\"duration\":2,\"value\":4},{\"duration\":2,\"value\":3},{\"duration\":2,\"value\":2},{\"duration\":2,\"value\":1},{\"duration\":2},{\"duration\":2,\"value\":10},{\"duration\":2,\"value\":9},{\"duration\":2,\"value\":8},{\"duration\":26,\"value\":-1}]},{\"name\":\"chibang2_saoguang11\",\"displayFrame\":[{\"duration\":2,\"value\":11},{\"duration\":2,\"value\":7},{\"duration\":2,\"value\":6},{\"duration\":2,\"value\":5},{\"duration\":2,\"value\":4},{\"duration\":2,\"value\":3},{\"duration\":2,\"value\":2},{\"duration\":2,\"value\":1},{\"duration\":2},{\"duration\":2,\"value\":10},{\"duration\":2,\"value\":9},{\"duration\":2,\"value\":8},{\"duration\":26,\"value\":-1}]}]},{\"duration\":20,\"name\":\"disappear\",\"bone\":[{\"name\":\"chibang2\",\"translateFrame\":[{\"duration\":4},{\"duration\":4,\"curve\":[0.5,0,0.5,1]},{\"duration\":6,\"curve\":[0.5,0,0.5,1],\"x\":61.5},{\"duration\":6}]},{\"name\":\"chibang21\",\"translateFrame\":[{\"duration\":4},{\"duration\":4,\"curve\":[0.5,0,0.5,1]},{\"duration\":6,\"curve\":[0.5,0,0.5,1],\"x\":-60.14},{\"duration\":6}]},{\"name\":\"xingguangchibang22\",\"translateFrame\":[{\"duration\":8},{\"duration\":12,\"x\":-6.68,\"y\":3.65}],\"scaleFrame\":[{\"duration\":8},{\"duration\":12,\"x\":0.01,\"y\":0.01}]},{\"name\":\"chibang2_R-chibang\",\"rotateFrame\":[{\"duration\":16},{\"duration\":4,\"tweenEasing\":0},{\"duration\":0,\"rotate\":50}]},{\"name\":\"chibang2_R-chibang8\",\"rotateFrame\":[{\"duration\":16},{\"duration\":4,\"tweenEasing\":0},{\"duration\":0,\"rotate\":50}]},{\"name\":\"chibang2xiaoguangdian1412\",\"translateFrame\":[{\"duration\":20},{\"duration\":0,\"x\":-101.38,\"y\":90.33}],\"scaleFrame\":[{\"duration\":5},{\"duration\":10,\"tweenEasing\":0,\"x\":0.5,\"y\":0.5},{\"duration\":5,\"tweenEasing\":0,\"x\":0.1,\"y\":0.1},{\"duration\":0,\"x\":0.01,\"y\":0.01}]},{\"name\":\"chibang2xiaoguangdian14111\",\"translateFrame\":[{\"duration\":20},{\"duration\":0,\"x\":-101.38,\"y\":90.33}],\"scaleFrame\":[{\"duration\":5},{\"duration\":10,\"tweenEasing\":0,\"x\":0.1,\"y\":0.1},{\"duration\":5,\"tweenEasing\":0,\"x\":0.5,\"y\":0.5},{\"duration\":0,\"x\":0.01,\"y\":0.01}]},{\"name\":\"chibang2xiaoguangdian141\",\"translateFrame\":[{\"duration\":20},{\"duration\":0,\"x\":-101.38,\"y\":90.33}],\"scaleFrame\":[{\"duration\":5},{\"duration\":10,\"tweenEasing\":0,\"x\":0.5,\"y\":0.5},{\"duration\":5,\"tweenEasing\":0,\"x\":0.1,\"y\":0.1},{\"duration\":0,\"x\":0.01,\"y\":0.01}]},{\"name\":\"chibang2xiaoguangdian14\",\"translateFrame\":[{\"duration\":20},{\"duration\":0,\"x\":-101.38,\"y\":37.31}],\"scaleFrame\":[{\"duration\":5},{\"duration\":10,\"tweenEasing\":0,\"x\":0.1,\"y\":0.1},{\"duration\":5,\"tweenEasing\":0,\"x\":0.5,\"y\":0.5},{\"duration\":0,\"x\":0.01,\"y\":0.01}]},{\"name\":\"chibang2xiaoguangdian1411\",\"translateFrame\":[{\"duration\":20},{\"duration\":0,\"x\":-101.38,\"y\":90.33}],\"scaleFrame\":[{\"duration\":5},{\"duration\":10,\"tweenEasing\":0,\"x\":0.1,\"y\":0.1},{\"duration\":5,\"tweenEasing\":0,\"x\":0.5,\"y\":0.5},{\"duration\":0,\"x\":0.01,\"y\":0.01}]},{\"name\":\"chibang2xiaoguangdian142\",\"translateFrame\":[{\"duration\":20},{\"duration\":0,\"x\":-101.38,\"y\":37.31}],\"scaleFrame\":[{\"duration\":5},{\"duration\":10,\"tweenEasing\":0,\"x\":0.1,\"y\":0.1},{\"duration\":5,\"tweenEasing\":0,\"x\":0.5,\"y\":0.5},{\"duration\":0,\"x\":0.01,\"y\":0.01}]},{\"name\":\"chibang2_R-chibang14\",\"rotateFrame\":[{\"duration\":2},{\"duration\":6,\"tweenEasing\":0},{\"duration\":6,\"tweenEasing\":0,\"rotate\":19},{\"duration\":6,\"tweenEasing\":0,\"rotate\":-24},{\"duration\":0}]},{\"name\":\"chibang2_R-chibang111\",\"rotateFrame\":[{\"duration\":2},{\"duration\":6,\"tweenEasing\":0},{\"duration\":6,\"tweenEasing\":0,\"rotate\":-3.5},{\"duration\":6,\"tweenEasing\":0,\"rotate\":19},{\"duration\":0}]},{\"name\":\"chibang2_R-chibang12\",\"rotateFrame\":[{\"duration\":2},{\"duration\":6,\"tweenEasing\":0},{\"duration\":6,\"tweenEasing\":0,\"rotate\":-5},{\"duration\":6,\"tweenEasing\":0,\"rotate\":22},{\"duration\":0}]},{\"name\":\"chibang2_R-chibang61\",\"rotateFrame\":[{\"duration\":8},{\"duration\":6,\"tweenEasing\":0},{\"duration\":6,\"tweenEasing\":0,\"rotate\":-22},{\"duration\":0}]},{\"name\":\"chibang2_R-chibang11\",\"rotateFrame\":[{\"duration\":2},{\"duration\":6,\"tweenEasing\":0},{\"duration\":6,\"tweenEasing\":0,\"rotate\":-7.5},{\"duration\":6,\"tweenEasing\":0,\"rotate\":19},{\"duration\":0}]},{\"name\":\"chibang2_R-chibang121\",\"rotateFrame\":[{\"duration\":2},{\"duration\":6,\"tweenEasing\":0},{\"duration\":6,\"tweenEasing\":0,\"rotate\":-4},{\"duration\":6,\"tweenEasing\":0,\"rotate\":22},{\"duration\":0}]},{\"name\":\"chibang2_R-chibang2\",\"rotateFrame\":[{\"duration\":2},{\"duration\":6,\"tweenEasing\":0},{\"duration\":6,\"tweenEasing\":0,\"rotate\":23},{\"duration\":6,\"tweenEasing\":0,\"rotate\":-26},{\"duration\":0}]},{\"name\":\"chibang2_R-chibang1\",\"rotateFrame\":[{\"duration\":2},{\"duration\":6,\"tweenEasing\":0},{\"duration\":6,\"tweenEasing\":0,\"rotate\":17},{\"duration\":6,\"tweenEasing\":0,\"rotate\":-24},{\"duration\":0}]},{\"name\":\"chibang2_R-chibang21\",\"rotateFrame\":[{\"duration\":2},{\"duration\":6,\"tweenEasing\":0},{\"duration\":6,\"tweenEasing\":0,\"rotate\":24},{\"duration\":6,\"tweenEasing\":0,\"rotate\":-26},{\"duration\":0}]},{\"name\":\"chibang2_R-chibang6\",\"rotateFrame\":[{\"duration\":8},{\"duration\":6,\"tweenEasing\":0},{\"duration\":6,\"tweenEasing\":0,\"rotate\":-22},{\"duration\":0}]},{\"name\":\"chibang2_R-chibang3\",\"rotateFrame\":[{\"duration\":2},{\"duration\":6,\"tweenEasing\":0,\"rotate\":-0.4},{\"duration\":6,\"tweenEasing\":0,\"rotate\":11.2},{\"duration\":6,\"tweenEasing\":0,\"rotate\":-11.2},{\"duration\":0}]},{\"name\":\"chibang2_R-chibang13\",\"rotateFrame\":[{\"duration\":7,\"tweenEasing\":0,\"rotate\":1.28},{\"duration\":6,\"tweenEasing\":0,\"rotate\":3.96},{\"duration\":7,\"tweenEasing\":0,\"rotate\":36.64},{\"duration\":0}]},{\"name\":\"chibang2_R-chibang32\",\"rotateFrame\":[{\"duration\":2},{\"duration\":6,\"tweenEasing\":0,\"rotate\":-0.4},{\"duration\":6,\"tweenEasing\":0,\"rotate\":9.2},{\"duration\":6,\"tweenEasing\":0,\"rotate\":-11.2},{\"duration\":0}]},{\"name\":\"chibang2_R-chibang4\",\"rotateFrame\":[{\"duration\":8},{\"duration\":6,\"tweenEasing\":0,\"rotate\":-0.4},{\"duration\":6,\"tweenEasing\":0,\"rotate\":-22.2},{\"duration\":0}]},{\"name\":\"chibang2_R-chibang5\",\"rotateFrame\":[{\"duration\":7,\"tweenEasing\":0,\"rotate\":2.24},{\"duration\":6,\"tweenEasing\":0,\"rotate\":-2.82},{\"duration\":7,\"tweenEasing\":0,\"rotate\":26.12},{\"duration\":0}]},{\"name\":\"chibang2_R-chibang71\",\"rotateFrame\":[{\"duration\":8},{\"duration\":6,\"tweenEasing\":0,\"rotate\":-1.12},{\"duration\":6,\"tweenEasing\":0,\"rotate\":-13.56},{\"duration\":0}]},{\"name\":\"chibang2_R-chibang43\",\"rotateFrame\":[{\"duration\":8},{\"duration\":6,\"tweenEasing\":0,\"rotate\":-0.4},{\"duration\":6,\"tweenEasing\":0,\"rotate\":-22.2},{\"duration\":0}]},{\"name\":\"chibang2_R-chibang131\",\"rotateFrame\":[{\"duration\":7,\"tweenEasing\":0,\"rotate\":1.28},{\"duration\":6,\"tweenEasing\":0,\"rotate\":-2.04},{\"duration\":7,\"tweenEasing\":0,\"rotate\":36.64},{\"duration\":0}]},{\"name\":\"chibang2_R-chibang51\",\"rotateFrame\":[{\"duration\":6,\"tweenEasing\":0,\"rotate\":2.24},{\"duration\":7,\"tweenEasing\":0,\"rotate\":-14.82},{\"duration\":7,\"tweenEasing\":0,\"rotate\":26.12},{\"duration\":0}]},{\"name\":\"chibang2_R-chibang7\",\"rotateFrame\":[{\"duration\":8},{\"duration\":6,\"tweenEasing\":0,\"rotate\":-1.12},{\"duration\":6,\"tweenEasing\":0,\"rotate\":-13.56},{\"duration\":0}]},{\"name\":\"chibang2_R-chibang42\",\"rotateFrame\":[{\"duration\":8},{\"duration\":6,\"tweenEasing\":0,\"rotate\":-0.64},{\"duration\":6,\"tweenEasing\":0,\"rotate\":-22.32},{\"duration\":0}]},{\"name\":\"chibang2_R-chibang421\",\"rotateFrame\":[{\"duration\":8},{\"duration\":6,\"tweenEasing\":0,\"rotate\":-0.64},{\"duration\":6,\"tweenEasing\":0,\"rotate\":-22.32},{\"duration\":0}]},{\"name\":\"chibang2_R-chibang411\",\"rotateFrame\":[{\"duration\":8},{\"duration\":6,\"tweenEasing\":0,\"rotate\":-1.28},{\"duration\":6,\"tweenEasing\":0,\"rotate\":-16.64},{\"duration\":0}]},{\"name\":\"chibang2_R-chibang41\",\"rotateFrame\":[{\"duration\":8},{\"duration\":6,\"tweenEasing\":0,\"rotate\":-1.28},{\"duration\":6,\"tweenEasing\":0,\"rotate\":-16.64},{\"duration\":0}]}],\"slot\":[{\"name\":\"chibang2xuyin01\",\"colorFrame\":[{\"duration\":20,\"value\":{\"aM\":0}}]},{\"name\":\"chibang2xuyin02\",\"colorFrame\":[{\"duration\":20,\"value\":{\"aM\":0}}]},{\"name\":\"chibang2xuyin031\",\"colorFrame\":[{\"duration\":20,\"value\":{\"aM\":0}}]},{\"name\":\"chibang2xuyin03\",\"colorFrame\":[{\"duration\":20,\"value\":{\"aM\":0}}]},{\"name\":\"chibang2xiaoguangdian14\",\"colorFrame\":[{\"duration\":20,\"value\":{\"aM\":0}}]},{\"name\":\"chibang2xuyin042\",\"colorFrame\":[{\"duration\":20,\"value\":{\"aM\":0}}]},{\"name\":\"chibang2xuyin04\",\"colorFrame\":[{\"duration\":20,\"value\":{\"aM\":0}}]},{\"name\":\"chibang2xuyin041\",\"colorFrame\":[{\"duration\":20,\"value\":{\"aM\":0}}]},{\"name\":\"chibang2xuyin011\",\"colorFrame\":[{\"duration\":20,\"value\":{\"aM\":0}}]},{\"name\":\"chibang2xuyin021\",\"colorFrame\":[{\"duration\":20,\"value\":{\"aM\":0}}]},{\"name\":\"chibang2_R-chibang4\",\"colorFrame\":[{\"duration\":12},{\"duration\":8,\"tweenEasing\":0},{\"duration\":0,\"value\":{\"aM\":0}}]},{\"name\":\"chibang2_R-chibang3\",\"colorFrame\":[{\"duration\":12},{\"duration\":8,\"tweenEasing\":0},{\"duration\":0,\"value\":{\"aM\":0}}]},{\"name\":\"chibang2_R-chibang2\",\"colorFrame\":[{\"duration\":12},{\"duration\":8,\"tweenEasing\":0},{\"duration\":0,\"value\":{\"aM\":0}}]},{\"name\":\"chibang2_R-chibang1\",\"colorFrame\":[{\"duration\":12},{\"duration\":8,\"tweenEasing\":0},{\"duration\":0,\"value\":{\"aM\":0}}]},{\"name\":\"chibang2_R-chibang\",\"colorFrame\":[{\"duration\":12},{\"duration\":8,\"tweenEasing\":0},{\"duration\":0,\"value\":{\"aM\":0}}]},{\"name\":\"chibang2_R-chibang41\",\"colorFrame\":[{\"duration\":12},{\"duration\":8,\"tweenEasing\":0},{\"duration\":0,\"value\":{\"aM\":0}}]},{\"name\":\"chibang2_R-chibang31\",\"colorFrame\":[{\"duration\":12},{\"duration\":8,\"tweenEasing\":0},{\"duration\":0,\"value\":{\"aM\":0}}]},{\"name\":\"chibang2_R-chibang21\",\"colorFrame\":[{\"duration\":12},{\"duration\":8,\"tweenEasing\":0},{\"duration\":0,\"value\":{\"aM\":0}}]},{\"name\":\"chibang2_R-chibang11\",\"colorFrame\":[{\"duration\":12},{\"duration\":8,\"tweenEasing\":0},{\"duration\":0,\"value\":{\"aM\":0}}]},{\"name\":\"chibang2_R-chibang5\",\"colorFrame\":[{\"duration\":12},{\"duration\":8,\"tweenEasing\":0},{\"duration\":0,\"value\":{\"aM\":0}}]},{\"name\":\"chibang2xuyin05\",\"colorFrame\":[{\"duration\":20,\"value\":{\"aM\":0}}]},{\"name\":\"chibang2xuyin051\",\"colorFrame\":[{\"duration\":20,\"value\":{\"aM\":0}}]},{\"name\":\"chibang2xuyin0411\",\"colorFrame\":[{\"duration\":20,\"value\":{\"aM\":0}}]},{\"name\":\"xingguangchibang22\",\"colorFrame\":[{\"duration\":20,\"value\":{\"aM\":0}}]},{\"name\":\"chibang2xiaoguangdian141\",\"colorFrame\":[{\"duration\":20,\"value\":{\"aM\":0}}]},{\"name\":\"chibang2xiaoguangdian1411\",\"colorFrame\":[{\"duration\":20,\"value\":{\"aM\":0}}]},{\"name\":\"chibang2xiaoguangdian142\",\"colorFrame\":[{\"duration\":20,\"value\":{\"aM\":0}}]},{\"name\":\"chibang2xiaoguangdian1412\",\"colorFrame\":[{\"duration\":20,\"value\":{\"aM\":0}}]},{\"name\":\"chibang2xiaoguangdian14111\",\"colorFrame\":[{\"duration\":20,\"value\":{\"aM\":0}}]},{\"name\":\"chibang2xuliechuxian_0\",\"colorFrame\":[{\"duration\":20,\"value\":{\"aM\":0}}]},{\"name\":\"chibang2_saoguang1\",\"colorFrame\":[{\"duration\":20,\"value\":{\"aM\":0}}]},{\"name\":\"chibang2_saoguang11\",\"colorFrame\":[{\"duration\":20,\"value\":{\"aM\":0}}]},{\"name\":\"xingguangchibang21\",\"colorFrame\":[{\"duration\":20,\"value\":{\"aM\":0}}]}]}],\"defaultActions\":[{\"gotoAndPlay\":\"appear\"}]}]}"}