{"__type__":"dragonBones.DragonBonesAtlasAsset","_name":"kyby_zidan6-hit_tex","_atlasJson":"{\"width\":2048,\"imagePath\":\"kyby_zidan6-hit_tex.png\",\"height\":1024,\"name\":\"kyby_zidan6-hit\",\"SubTexture\":[{\"frameHeight\":307,\"y\":310,\"frameX\":-11,\"width\":286,\"frameY\":-10,\"height\":297,\"name\":\"出图_19\",\"frameWidth\":306,\"x\":309},{\"frameHeight\":307,\"y\":928,\"frameX\":-74,\"width\":162,\"frameY\":-255,\"height\":52,\"name\":\"出图_15\",\"frameWidth\":306,\"x\":344},{\"frameHeight\":307,\"y\":982,\"frameX\":-88,\"width\":135,\"frameY\":-266,\"height\":41,\"name\":\"出图_21\",\"frameWidth\":306,\"x\":344},{\"frameHeight\":307,\"y\":582,\"frameX\":-11,\"width\":286,\"frameY\":-30,\"height\":277,\"name\":\"出图_14\",\"frameWidth\":306,\"x\":597},{\"frameHeight\":307,\"y\":582,\"frameX\":-11,\"width\":231,\"frameY\":-101,\"height\":206,\"name\":\"出图_11\",\"frameWidth\":306,\"x\":885},{\"frameHeight\":307,\"y\":1,\"frameX\":0,\"width\":303,\"frameY\":0,\"height\":307,\"name\":\"出图_09\",\"frameWidth\":306,\"x\":309},{\"frameHeight\":307,\"y\":928,\"frameX\":-70,\"width\":173,\"frameY\":-249,\"height\":58,\"name\":\"出图_13\",\"frameWidth\":306,\"x\":1},{\"width\":306,\"y\":619,\"height\":307,\"name\":\"出图_08\",\"x\":1},{\"frameHeight\":307,\"y\":928,\"frameX\":-72,\"width\":166,\"frameY\":-250,\"height\":57,\"name\":\"出图_18\",\"frameWidth\":306,\"x\":176},{\"frameHeight\":307,\"y\":928,\"frameX\":-73,\"width\":158,\"frameY\":-255,\"height\":52,\"name\":\"出图_17\",\"frameWidth\":306,\"x\":508},{\"frameHeight\":307,\"y\":609,\"frameX\":-11,\"width\":286,\"frameY\":-11,\"height\":296,\"name\":\"出图_16\",\"frameWidth\":306,\"x\":309},{\"frameHeight\":307,\"y\":1,\"frameX\":0,\"width\":297,\"frameY\":-38,\"height\":269,\"name\":\"出图_10\",\"frameWidth\":306,\"x\":614},{\"width\":306,\"y\":310,\"height\":307,\"name\":\"出图_07\",\"x\":1},{\"frameHeight\":307,\"y\":861,\"frameX\":-77,\"width\":156,\"frameY\":-257,\"height\":50,\"name\":\"出图_20\",\"frameWidth\":306,\"x\":597},{\"width\":306,\"y\":1,\"height\":307,\"name\":\"出图_06\",\"x\":1},{\"frameHeight\":307,\"y\":310,\"frameX\":0,\"width\":297,\"frameY\":-37,\"height\":270,\"name\":\"出图_12\",\"frameWidth\":306,\"x\":597}]}","_texture":{"__uuid__":"bfyuQL7oNOZaUHgGtFsjxf"},"texture":{"__uuid__":"bfyuQL7oNOZaUHgGtFsjxf"}}