{"__type__":"dragonBones.DragonBonesAtlasAsset","_name":"longliyu_shadow_tex","_atlasJson":"{\"width\":1024,\"imagePath\":\"longliyu_shadow_tex.png\",\"height\":1024,\"name\":\"longliyu_shadow\",\"SubTexture\":[{\"y\":1,\"frameX\":-401,\"frameHeight\":765,\"frameY\":-364,\"width\":285,\"frameWidth\":1020,\"height\":85,\"name\":\"00010\",\"x\":286},{\"y\":529,\"frameX\":-402,\"frameHeight\":765,\"frameY\":-361,\"width\":283,\"frameWidth\":1020,\"height\":83,\"name\":\"00002\",\"x\":1},{\"y\":696,\"frameX\":-402,\"frameHeight\":765,\"frameY\":-362,\"width\":280,\"frameWidth\":1020,\"height\":80,\"name\":\"00001\",\"x\":1},{\"y\":1,\"frameX\":-402,\"frameHeight\":765,\"frameY\":-365,\"width\":283,\"frameWidth\":1020,\"height\":87,\"name\":\"00009\",\"x\":1},{\"y\":442,\"frameX\":-402,\"frameHeight\":765,\"frameY\":-369,\"width\":280,\"frameWidth\":1020,\"height\":85,\"name\":\"00008\",\"x\":1},{\"y\":778,\"frameX\":-402,\"frameHeight\":765,\"frameY\":-364,\"width\":277,\"frameWidth\":1020,\"height\":77,\"name\":\"00000\",\"x\":1},{\"y\":266,\"frameX\":-401,\"frameHeight\":765,\"frameY\":-368,\"width\":278,\"frameWidth\":1020,\"height\":86,\"name\":\"00007\",\"x\":1},{\"y\":354,\"frameX\":-400,\"frameHeight\":765,\"frameY\":-367,\"width\":277,\"frameWidth\":1020,\"height\":86,\"name\":\"00006\",\"x\":1},{\"y\":857,\"frameX\":-400,\"frameHeight\":765,\"frameY\":-367,\"width\":277,\"frameWidth\":1020,\"height\":74,\"name\":\"00013\",\"x\":1},{\"y\":178,\"frameX\":-400,\"frameHeight\":765,\"frameY\":-365,\"width\":279,\"frameWidth\":1020,\"height\":86,\"name\":\"00005\",\"x\":1},{\"y\":933,\"frameX\":-400,\"frameHeight\":765,\"frameY\":-371,\"width\":279,\"frameWidth\":1020,\"height\":72,\"name\":\"00012\",\"x\":1},{\"y\":90,\"frameX\":-401,\"frameHeight\":765,\"frameY\":-364,\"width\":282,\"frameWidth\":1020,\"height\":86,\"name\":\"00004\",\"x\":1},{\"y\":614,\"frameX\":-401,\"frameHeight\":765,\"frameY\":-366,\"width\":283,\"frameWidth\":1020,\"height\":80,\"name\":\"00011\",\"x\":1},{\"y\":1,\"frameX\":-401,\"frameHeight\":765,\"frameY\":-362,\"width\":284,\"frameWidth\":1020,\"height\":85,\"name\":\"00003\",\"x\":573}]}","_texture":{"__uuid__":"c6cooOck5J5aX8a24GL6gN"},"texture":{"__uuid__":"c6cooOck5J5aX8a24GL6gN"}}