{"__type__":"dragonBones.DragonBonesAtlasAsset","_name":"shiziyu_tex","_atlasJson":"{\"width\":256,\"imagePath\":\"shiziyu_tex.png\",\"height\":512,\"name\":\"shiziyu\",\"SubTexture\":[{\"y\":1,\"frameX\":-504,\"frameHeight\":765,\"frameY\":-320,\"width\":102,\"frameWidth\":1020,\"height\":79,\"name\":\"kyby_szy_03\",\"x\":104},{\"y\":1,\"frameX\":-504,\"frameHeight\":765,\"frameY\":-318,\"width\":101,\"frameWidth\":1020,\"height\":80,\"name\":\"kyby_szy_02\",\"x\":1},{\"y\":82,\"frameX\":-504,\"frameHeight\":765,\"frameY\":-325,\"width\":102,\"frameWidth\":1020,\"height\":74,\"name\":\"kyby_szy_09\",\"x\":104},{\"y\":160,\"frameX\":-505,\"frameHeight\":765,\"frameY\":-329,\"width\":99,\"frameWidth\":1020,\"height\":71,\"name\":\"kyby_szy_06\",\"x\":1},{\"y\":234,\"frameX\":-504,\"frameHeight\":765,\"frameY\":-325,\"width\":102,\"frameWidth\":1020,\"height\":72,\"name\":\"kyby_szy_10\",\"x\":105},{\"y\":158,\"frameX\":-505,\"frameHeight\":765,\"frameY\":-326,\"width\":101,\"frameWidth\":1020,\"height\":74,\"name\":\"kyby_szy_08\",\"x\":103},{\"y\":381,\"frameX\":-505,\"frameHeight\":765,\"frameY\":-330,\"width\":100,\"frameWidth\":1020,\"height\":70,\"name\":\"kyby_szy_05\",\"x\":1},{\"y\":234,\"frameX\":-504,\"frameHeight\":765,\"frameY\":-327,\"width\":102,\"frameWidth\":1020,\"height\":73,\"name\":\"kyby_szy_04\",\"x\":1},{\"y\":83,\"frameX\":-504,\"frameHeight\":765,\"frameY\":-321,\"width\":100,\"frameWidth\":1020,\"height\":75,\"name\":\"kyby_szy_01\",\"x\":1},{\"y\":308,\"frameX\":-506,\"frameHeight\":765,\"frameY\":-327,\"width\":98,\"frameWidth\":1020,\"height\":73,\"name\":\"kyby_szy_07\",\"x\":105},{\"y\":309,\"frameX\":-504,\"frameHeight\":765,\"frameY\":-326,\"width\":101,\"frameWidth\":1020,\"height\":70,\"name\":\"kyby_szy_11\",\"x\":1}]}","_texture":{"__uuid__":"32sbwZABZJK4sUimAaC5Nx"},"texture":{"__uuid__":"32sbwZABZJK4sUimAaC5Nx"}}