{"__type__":"sp.SkeletonData","_name":"skeleton","_skeletonJson":{"skeleton":{"hash":"h7Nim2cdzvkR4pq5RHf1dPsCyqg","spine":"3.6.53","width":130,"height":130},"bones":[{"name":"root"},{"name":"bn","parent":"root","length":52.89,"rotation":4.65},{"name":"bn-light","parent":"root","length":42.58},{"name":"bonus","parent":"root","length":41.68,"x":-0.87,"y":-39.13},{"name":"bonus 2","parent":"root","length":64.55}],"slots":[{"name":"bn","bone":"bn","attachment":"bn"},{"name":"bn-light","bone":"bn-light","attachment":"bn-light"},{"name":"bonus","bone":"bonus","attachment":"bonus"},{"name":"bonus 2","bone":"bonus 2","attachment":"bonus 2"}],"skins":{"default":{"bn":{"bn":{"rotation":-4.65,"width":130,"height":130}},"bn-light":{"bn-light":{"scaleX":0.81,"scaleY":0.81,"width":154,"height":154}},"bonus":{"bonus":{"x":0.87,"y":1.74,"scaleX":0.439,"scaleY":0.441,"width":173,"height":67}},"bonus 2":{"bonus 2":{"scaleX":0.399,"scaleY":0.401,"width":251,"height":93}}}},"animations":{"animation":{"slots":{"bn-light":{"color":[{"time":0,"color":"ffffff00","curve":"stepped"},{"time":0.3333,"color":"ffffff00"},{"time":0.4667,"color":"ffffffff"},{"time":0.6333,"color":"ffffff00"}]},"bonus":{"color":[{"time":0,"color":"ffffffff","curve":"stepped"},{"time":1.3333,"color":"ffffffff","curve":"stepped"},{"time":1.8333,"color":"ffffffff","curve":"stepped"},{"time":2.6667,"color":"ffffffff"}]},"bonus 2":{"color":[{"time":0,"color":"ffffff00"}]}},"bones":{"bn-light":{"scale":[{"time":0,"x":1,"y":1,"curve":"stepped"},{"time":0.3333,"x":1,"y":1},{"time":1.1,"x":1.4,"y":1.4}]},"bonus":{"translate":[{"time":0,"x":0,"y":0,"curve":"stepped"},{"time":1.3333,"x":0,"y":0},{"time":1.4667,"x":0,"y":-1.84},{"time":1.6667,"x":0,"y":6.13},{"time":1.8333,"x":0,"y":0,"curve":"stepped"},{"time":2.6667,"x":0,"y":0}],"scale":[{"time":0,"x":1,"y":1,"curve":"stepped"},{"time":1.3333,"x":1,"y":1},{"time":1.4667,"x":1,"y":0.834},{"time":1.6667,"x":1,"y":1,"curve":"stepped"},{"time":1.8333,"x":1,"y":1,"curve":"stepped"},{"time":2.6667,"x":1,"y":1}]}}},"win":{"slots":{"bn-light":{"color":[{"time":0,"color":"ffffff00","curve":"stepped"},{"time":0.1667,"color":"ffffff00"},{"time":0.2667,"color":"ffffffff"},{"time":0.6667,"color":"ffffff00","curve":"stepped"},{"time":1.7,"color":"ffffff00"},{"time":1.8333,"color":"ffffffff"},{"time":2.2,"color":"ffffff00"}]},"bonus":{"color":[{"time":0,"color":"ffffffff","curve":"stepped"},{"time":0.1667,"color":"ffffffff"},{"time":0.3667,"color":"ffffff00","curve":"stepped"},{"time":3,"color":"ffffff00"}]},"bonus 2":{"color":[{"time":0,"color":"ffffff00","curve":"stepped"},{"time":0.3,"color":"ffffff00","curve":"stepped"},{"time":0.3333,"color":"ffffff00"},{"time":0.5,"color":"ffffffff"}]}},"bones":{"bn-light":{"scale":[{"time":0,"x":1,"y":1,"curve":"stepped"},{"time":0.1333,"x":1,"y":1},{"time":0.1667,"x":1.2,"y":1.2},{"time":0.6667,"x":1,"y":1,"curve":"stepped"},{"time":1.6667,"x":1,"y":1},{"time":1.7,"x":1.2,"y":1.2},{"time":2.2,"x":1,"y":1}]},"bonus":{"translate":[{"time":0,"x":0,"y":0,"curve":"stepped"},{"time":0.1667,"x":0,"y":0},{"time":0.3667,"x":0,"y":37.04,"curve":"stepped"},{"time":3,"x":0,"y":37.04}],"scale":[{"time":0,"x":1,"y":1,"curve":"stepped"},{"time":0.1667,"x":1,"y":1},{"time":0.3667,"x":1.5,"y":1.5,"curve":"stepped"},{"time":3,"x":1.5,"y":1.5}]},"bonus 2":{"translate":[{"time":0,"x":0,"y":0,"curve":"stepped"},{"time":0.3,"x":0,"y":0,"curve":"stepped"},{"time":0.3333,"x":0,"y":0,"curve":"stepped"},{"time":0.6667,"x":0,"y":0},{"time":1,"x":0,"y":5.67},{"time":1.3333,"x":0,"y":0},{"time":1.6667,"x":0,"y":-6.8},{"time":2,"x":0,"y":0},{"time":2.3333,"x":0,"y":5.67},{"time":2.6667,"x":0,"y":0},{"time":3,"x":0,"y":-6.8},{"time":3.3333,"x":0,"y":0},{"time":3.6667,"x":0,"y":5.67},{"time":4,"x":0,"y":0},{"time":4.3333,"x":0,"y":-6.8}],"scale":[{"time":0,"x":1,"y":1,"curve":"stepped"},{"time":0.3,"x":1,"y":1},{"time":0.3333,"x":2,"y":2},{"time":0.5,"x":1,"y":1}]}}}}},"_atlasText":"\nskeleton.png\nsize: 539,163\nformat: RGBA8888\nfilter: Linear,Linear\nrepeat: none\nbn\n  rotate: false\n  xy: 408, 32\n  size: 130, 130\n  orig: 130, 130\n  offset: 0, 0\n  index: -1\nbn-light\n  rotate: false\n  xy: 253, 8\n  size: 154, 154\n  orig: 154, 154\n  offset: 0, 0\n  index: -1\nbonus\n  rotate: false\n  xy: 1, 1\n  size: 173, 67\n  orig: 173, 67\n  offset: 0, 0\n  index: -1\nbonus 2\n  rotate: false\n  xy: 1, 69\n  size: 251, 93\n  orig: 251, 93\n  offset: 0, 0\n  index: -1\n","textures":[{"__uuid__":"17CF3TeIdKfKLMPXUBcGRr"}],"textureNames":["skeleton.png"]}