{"__type__":"dragonBones.DragonBonesAtlasAsset","_name":"baoxiang_shadow_tex","_atlasJson":"{\"width\":341,\"imagePath\":\"baoxiang_shadow_tex.png\",\"height\":241,\"name\":\"baoxiang_shadow\",\"SubTexture\":[{\"y\":121,\"frameX\":-1,\"frameHeight\":122,\"frameY\":-9,\"width\":111,\"frameWidth\":115,\"height\":110,\"name\":\"yingzi0001\",\"x\":115},{\"y\":121,\"frameX\":0,\"frameHeight\":122,\"frameY\":-1,\"width\":112,\"frameWidth\":115,\"height\":118,\"name\":\"yingzi0003\",\"x\":1},{\"y\":1,\"frameX\":0,\"frameHeight\":122,\"frameY\":-1,\"width\":112,\"frameWidth\":115,\"height\":118,\"name\":\"yingzi0004\",\"x\":1},{\"y\":1,\"frameX\":0,\"frameHeight\":122,\"frameY\":-1,\"width\":112,\"frameWidth\":115,\"height\":118,\"name\":\"yingzi0002\",\"x\":115},{\"y\":121,\"frameX\":-1,\"frameHeight\":122,\"frameY\":-9,\"width\":111,\"frameWidth\":115,\"height\":110,\"name\":\"yingzi0005\",\"x\":228}]}","_texture":{"__uuid__":"43zbdiI9pN5qoqaVw7owqS"},"texture":{"__uuid__":"43zbdiI9pN5qoqaVw7owqS"}}