{"__type__":"dragonBones.DragonBonesAtlasAsset","_name":"zhangyu_shadow_tex","_atlasJson":"{\"width\":1024,\"imagePath\":\"zhangyu_shadow_tex.png\",\"height\":1024,\"name\":\"zhangyu_shadow\",\"SubTexture\":[{\"y\":1,\"frameX\":-537,\"frameHeight\":765,\"frameY\":-242,\"width\":173,\"frameWidth\":1020,\"height\":184,\"name\":\"00001\",\"x\":189},{\"y\":1,\"frameX\":-499,\"frameHeight\":765,\"frameY\":-218,\"width\":164,\"frameWidth\":1020,\"height\":175,\"name\":\"00005\",\"x\":364},{\"y\":197,\"frameX\":-508,\"frameHeight\":765,\"frameY\":-225,\"width\":179,\"frameWidth\":1020,\"height\":188,\"name\":\"00003\",\"x\":1},{\"y\":173,\"frameX\":-532,\"frameHeight\":765,\"frameY\":-235,\"width\":129,\"frameWidth\":1020,\"height\":166,\"name\":\"00013\",\"x\":593},{\"y\":1,\"frameX\":-503,\"frameHeight\":765,\"frameY\":-217,\"width\":145,\"frameWidth\":1020,\"height\":165,\"name\":\"00009\",\"x\":836},{\"y\":187,\"frameX\":-542,\"frameHeight\":765,\"frameY\":-243,\"width\":137,\"frameWidth\":1020,\"height\":159,\"name\":\"00015\",\"x\":320},{\"y\":387,\"frameX\":-501,\"frameHeight\":765,\"frameY\":-221,\"width\":172,\"frameWidth\":1020,\"height\":180,\"name\":\"00004\",\"x\":1},{\"y\":169,\"frameX\":-538,\"frameHeight\":765,\"frameY\":-240,\"width\":125,\"frameWidth\":1020,\"height\":164,\"name\":\"00014\",\"x\":724},{\"y\":1,\"frameX\":-522,\"frameHeight\":765,\"frameY\":-233,\"width\":186,\"frameWidth\":1020,\"height\":194,\"name\":\"00002\",\"x\":1},{\"y\":1,\"frameX\":-542,\"frameHeight\":765,\"frameY\":-244,\"width\":153,\"frameWidth\":1020,\"height\":170,\"name\":\"00000\",\"x\":530},{\"y\":569,\"frameX\":-509,\"frameHeight\":765,\"frameY\":-221,\"width\":141,\"frameWidth\":1020,\"height\":163,\"name\":\"00010\",\"x\":161},{\"y\":178,\"frameX\":-525,\"frameHeight\":765,\"frameY\":-231,\"width\":132,\"frameWidth\":1020,\"height\":163,\"name\":\"00012\",\"x\":459},{\"y\":197,\"frameX\":-517,\"frameHeight\":765,\"frameY\":-226,\"width\":136,\"frameWidth\":1020,\"height\":161,\"name\":\"00011\",\"x\":182},{\"y\":1,\"frameX\":-499,\"frameHeight\":765,\"frameY\":-216,\"width\":149,\"frameWidth\":1020,\"height\":166,\"name\":\"00008\",\"x\":685},{\"y\":569,\"frameX\":-498,\"frameHeight\":765,\"frameY\":-217,\"width\":158,\"frameWidth\":1020,\"height\":170,\"name\":\"00006\",\"x\":1},{\"y\":741,\"frameX\":-498,\"frameHeight\":765,\"frameY\":-216,\"width\":153,\"frameWidth\":1020,\"height\":168,\"name\":\"00007\",\"x\":1}]}","_texture":{"__uuid__":"f5yospgHNAn6Q/dC/d2c+G"},"texture":{"__uuid__":"f5yospgHNAn6Q/dC/d2c+G"}}