{"__type__":"sp.SkeletonData","_name":"skeleton","_skeletonJson":{"skeleton":{"hash":"/3GvrVd7JhbViv3XXsL9+ZZWW0k","spine":"3.6.53","width":147,"height":145},"bones":[{"name":"root"},{"name":"dong-cuoc-bg","parent":"root","length":105.23},{"name":"dong-cuoc-light1","parent":"root","length":95.08},{"name":"dong-cuoc-light2","parent":"root","length":119.1}],"slots":[{"name":"dong-cuoc-bg","bone":"dong-cuoc-bg","attachment":"dong-cuoc-bg"},{"name":"dong-cuoc-light1","bone":"dong-cuoc-light1","attachment":"dong-cuoc-light1"},{"name":"dong-cuoc-light2","bone":"dong-cuoc-light2","attachment":"dong-cuoc-light2"}],"skins":{"default":{"dong-cuoc-bg":{"dong-cuoc-bg":{"width":134,"height":134}},"dong-cuoc-light1":{"dong-cuoc-light1":{"width":147,"height":145}},"dong-cuoc-light2":{"dong-cuoc-light2":{"width":147,"height":145}}}},"animations":{"animation":{"slots":{"dong-cuoc-light1":{"color":[{"time":0,"color":"ffffff00","curve":"stepped"},{"time":0.6333,"color":"ffffff00"},{"time":0.6667,"color":"ffffffff","curve":"stepped"},{"time":1.3,"color":"ffffffff"},{"time":1.3333,"color":"ffffff00","curve":"stepped"},{"time":1.9667,"color":"ffffff00"},{"time":2,"color":"ffffffff","curve":"stepped"},{"time":2.6,"color":"ffffffff"},{"time":2.6667,"color":"ffffff00","curve":"stepped"},{"time":3.2667,"color":"ffffff00"},{"time":3.3333,"color":"ffffffff","curve":"stepped"},{"time":3.9333,"color":"ffffffff"},{"time":4,"color":"ffffff00"}]},"dong-cuoc-light2":{"color":[{"time":0,"color":"ffffffff","curve":"stepped"},{"time":0.6333,"color":"ffffffff"},{"time":0.6667,"color":"ffffff00","curve":"stepped"},{"time":1.3,"color":"ffffff00"},{"time":1.3333,"color":"ffffffff","curve":"stepped"},{"time":1.9667,"color":"ffffffff"},{"time":2,"color":"ffffff00","curve":"stepped"},{"time":2.6,"color":"ffffff00"},{"time":2.6667,"color":"ffffffff","curve":"stepped"},{"time":3.2667,"color":"ffffffff"},{"time":3.3333,"color":"ffffff00","curve":"stepped"},{"time":3.9333,"color":"ffffff00"},{"time":4,"color":"ffffffff"}]}}}}},"_atlasText":"\nskeleton.png\nsize: 432,147\nformat: RGBA8888\nfilter: Linear,Linear\nrepeat: none\ndong-cuoc-bg\n  rotate: false\n  xy: 297, 12\n  size: 134, 134\n  orig: 134, 134\n  offset: 0, 0\n  index: -1\ndong-cuoc-light1\n  rotate: false\n  xy: 149, 1\n  size: 147, 145\n  orig: 147, 145\n  offset: 0, 0\n  index: -1\ndong-cuoc-light2\n  rotate: false\n  xy: 1, 1\n  size: 147, 145\n  orig: 147, 145\n  offset: 0, 0\n  index: -1\n","textures":[{"__uuid__":"28jkVBCStN/a+Gfq7Llp3e"}],"textureNames":["skeleton.png"]}