{"__type__":"dragonBones.DragonBonesAsset","_name":"jiewenyu_ske","_dragonBonesJson":"{\"frameRate\":24,\"name\":\"jiewenyu\",\"version\":\"5.5\",\"compatibleVersion\":\"5.5\",\"armature\":[{\"type\":\"Sheet\",\"frameRate\":24,\"name\":\"jiewenyu\",\"aabb\":{\"x\":-567,\"y\":-357.5,\"width\":1020,\"height\":765},\"bone\":[{\"name\":\"root\"}],\"slot\":[{\"displayIndex\":8,\"name\":\"sheetSlot\",\"parent\":\"root\"}],\"skin\":[{\"slot\":[{\"name\":\"sheetSlot\",\"display\":[{\"name\":\"kyby_jwy_01\",\"transform\":{\"x\":-57,\"y\":25}},{\"name\":\"kyby_jwy_02\",\"transform\":{\"x\":-57,\"y\":25}},{\"name\":\"kyby_jwy_03\",\"transform\":{\"x\":-57,\"y\":25}},{\"name\":\"kyby_jwy_04\",\"transform\":{\"x\":-57,\"y\":25}},{\"name\":\"kyby_jwy_05\",\"transform\":{\"x\":-57,\"y\":25}},{\"name\":\"kyby_jwy_06\",\"transform\":{\"x\":-57,\"y\":25}},{\"name\":\"kyby_jwy_07\",\"transform\":{\"x\":-57,\"y\":25}},{\"name\":\"kyby_jwy_08\",\"transform\":{\"x\":-57,\"y\":25}},{\"name\":\"kyby_jwy_09\",\"transform\":{\"x\":-57,\"y\":25}},{\"name\":\"kyby_jwy_10\",\"transform\":{\"x\":-57,\"y\":25}},{\"name\":\"kyby_jwy_11\",\"transform\":{\"x\":-57,\"y\":25}},{\"name\":\"kyby_jwy_12\",\"transform\":{\"x\":-57,\"y\":25}}]}]}],\"animation\":[{\"duration\":12,\"playTimes\":0,\"name\":\"jiewenyu\",\"slot\":[{\"name\":\"sheetSlot\",\"displayFrame\":[{},{\"value\":1},{\"value\":2},{\"value\":3},{\"value\":4},{\"value\":5},{\"value\":6},{\"value\":7},{\"value\":8},{\"value\":9},{\"value\":10},{\"value\":11}]}]}],\"defaultActions\":[{\"gotoAndPlay\":\"jiewenyu\"}]}]}"}