[{"__type__":"cc.Prefab","_name":"jackpot","data":{"__id__":1}},{"__type__":"cc.Node","_name":"itemjackpot","_components":[{"__type__":"sp.Skeleton","node":{"__id__":1},"_materials":[{"__uuid__":"7a/QZLET9IDreTiBfRn2PD"}],"defaultAnimation":"animation","_preCacheMode":0,"premultipliedAlpha":false,"_animationName":"animation","_N$skeletonData":{"__uuid__":"8afcCb4f9AZK6j4o5OeoDr"}}],"_prefab":{"__type__":"cc.PrefabInfo","root":{"__id__":1},"asset":{"__uuid__":"570712IQFAL7gI4o9sMZv0"},"fileId":"19tQVVE3FNVItro0A7VhfS"},"_contentSize":{"__type__":"cc.Size","width":155.61,"height":131},"_trs":{"__type__":"TypedArray","ctor":"Float64Array","array":[-10,-10,0,0,0,0,1,0.8,0.8,1]}}]