{"__type__":"sp.SkeletonData","_name":"caothap","_skeletonJson":{"skeleton":{"hash":"BMi9yYXJSZ+/W1Lqff1vSmtdHKA","spine":"3.6.53","width":219,"height":204,"images":"./images/"},"bones":[{"name":"root"},{"name":"BG_caothap","parent":"root","x":-81.53,"y":76.71},{"name":"arrow_down","parent":"BG_caothap","length":83.01,"rotation":-121.28,"x":37.32,"y":-20.23},{"name":"arrow_up","parent":"BG_caothap","length":87.78,"rotation":75.18,"x":133.85,"y":-102.4},{"name":"cao","parent":"BG_caothap","x":35.07,"y":-133.83},{"name":"ct_chip1","parent":"BG_caothap","x":47.65,"y":-75.46},{"name":"ct_chip2","parent":"BG_caothap","x":106.46,"y":-43.13},{"name":"thap","parent":"BG_caothap","x":117.69,"y":-131.14}],"slots":[{"name":"BG_caothap","bone":"BG_caothap","attachment":"BG_caothap"},{"name":"ct_chip1","bone":"ct_chip1","attachment":"ct_chip1"},{"name":"arrow_down","bone":"arrow_down","attachment":"arrow_down"},{"name":"ct_chip2","bone":"ct_chip2","attachment":"ct_chip2"},{"name":"arrow_up","bone":"arrow_up","attachment":"arrow_up"},{"name":"thap","bone":"thap","attachment":"thap"},{"name":"cao","bone":"cao","attachment":"cao"}],"skins":{"default":{"BG_caothap":{"BG_caothap":{"x":81.53,"y":-76.71,"width":240,"height":240}},"arrow_down":{"arrow_down":{"x":48.28,"y":6.18,"rotation":121.28,"width":90,"height":106}},"arrow_up":{"arrow_up":{"x":34.05,"y":1.07,"rotation":-75.18,"width":84,"height":113}},"cao":{"cao":{"x":-0.55,"y":3.13,"width":80,"height":50}},"ct_chip1":{"ct_chip1":{"x":-2.12,"y":-12.24,"width":126,"height":122}},"ct_chip2":{"ct_chip2":{"x":7.06,"y":-17.07,"width":126,"height":115}},"thap":{"thap":{"x":0.84,"y":1.43,"width":96,"height":58}}}},"animations":{"animation":{"slots":{"arrow_down":{"color":[{"time":0,"color":"ffffff00","curve":"stepped"},{"time":1,"color":"ffffffff","curve":"stepped"},{"time":1.6667,"color":"ffffffff"},{"time":2,"color":"ffffff00"}]},"arrow_up":{"color":[{"time":0.6667,"color":"ffffffff"},{"time":1,"color":"ffffff00"}]}},"bones":{"BG_caothap":{"rotate":[{"time":0,"angle":0}],"translate":[{"time":0,"x":0,"y":0}],"scale":[{"time":0,"x":1,"y":1}]},"arrow_down":{"rotate":[{"time":0,"angle":0,"curve":"stepped"},{"time":1,"angle":0},{"time":2,"angle":11.2}],"translate":[{"time":0,"x":0,"y":16.75,"curve":"stepped"},{"time":1,"x":0,"y":16.75},{"time":2,"x":-5.58,"y":4.89}],"scale":[{"time":0,"x":0.684,"y":0.684,"curve":"stepped"},{"time":1,"x":0.684,"y":0.684},{"time":2,"x":1.2,"y":1.2}]},"arrow_up":{"rotate":[{"time":0,"angle":-3.19},{"time":1,"angle":3.78}],"translate":[{"time":0,"x":-7.62,"y":-27.2},{"time":1,"x":6.27,"y":-11.15}],"scale":[{"time":0,"x":0.684,"y":0.684},{"time":1,"x":1.2,"y":1.2}]},"ct_chip1":{"rotate":[{"time":0,"angle":2.31,"curve":[0.381,0.55,0.742,1]},{"time":0.2,"angle":0,"curve":[0.25,0,0.75,1]},{"time":0.7,"angle":6.29,"curve":[0.25,0,0.75,1]},{"time":1.2,"angle":0,"curve":[0.25,0,0.75,1]},{"time":1.7,"angle":6.29,"curve":[0.245,0,0.637,0.56]},{"time":2,"angle":2.31}],"translate":[{"time":0,"x":0,"y":0,"curve":[0.25,0,0.75,1]},{"time":0.5,"x":0,"y":11.32,"curve":[0.25,0,0.75,1]},{"time":1,"x":0,"y":0,"curve":[0.25,0,0.75,1]},{"time":1.5,"x":0,"y":11.32,"curve":[0.25,0,0.75,1]},{"time":2,"x":0,"y":0}],"scale":[{"time":0,"x":1,"y":0.989,"curve":[0.375,0.62,0.716,1]},{"time":0.1,"x":1,"y":1,"curve":[0.25,0,0.75,1]},{"time":0.6,"x":1,"y":0.913,"curve":[0.25,0,0.75,1]},{"time":1.1,"x":1,"y":1,"curve":[0.25,0,0.75,1]},{"time":1.6,"x":1,"y":0.913,"curve":[0.243,0,0.68,0.71]},{"time":2,"x":1,"y":0.989}]},"ct_chip2":{"rotate":[{"time":0,"angle":9.97,"curve":[0.293,0.19,0.644,0.59]},{"time":0.1667,"angle":5.81,"curve":[0.372,0.48,0.752,1]},{"time":0.4333,"angle":0,"curve":[0.25,0,0.75,1]},{"time":0.9333,"angle":10.68,"curve":[0.25,0,0.75,1]},{"time":1.4333,"angle":0,"curve":[0.25,0,0.75,1]},{"time":1.9333,"angle":10.68,"curve":[0.297,0,0.634,0.37]},{"time":2,"angle":9.97}],"translate":[{"time":0,"x":0,"y":3.21,"curve":[0.382,0.57,0.735,1]},{"time":0.1667,"x":0,"y":0,"curve":[0.25,0,0.75,1]},{"time":0.6667,"x":0,"y":11.32,"curve":[0.25,0,0.75,1]},{"time":1.1667,"x":0,"y":0,"curve":[0.25,0,0.75,1]},{"time":1.6667,"x":0,"y":11.32,"curve":[0.243,0,0.649,0.6]},{"time":2,"x":0,"y":3.21}],"scale":[{"time":0,"x":0.983,"y":1.062,"curve":[0.335,0.34,0.685,0.72]},{"time":0.1667,"x":0.994,"y":1.02,"curve":[0.38,0.59,0.727,1]},{"time":0.3,"x":1,"y":1,"curve":[0.25,0,0.75,1]},{"time":0.8,"x":0.973,"y":1.099,"curve":[0.25,0,0.75,1]},{"time":1.3,"x":1,"y":1,"curve":[0.25,0,0.75,1]},{"time":1.8,"x":0.973,"y":1.099,"curve":[0.258,0,0.619,0.45]},{"time":2,"x":0.983,"y":1.062}]},"cao":{"rotate":[{"time":0,"angle":0}],"translate":[{"time":0,"x":0,"y":0,"curve":[0.25,0,0.75,1]},{"time":0.1667,"x":0,"y":9.93,"curve":[0.25,0,0.75,1]},{"time":0.3333,"x":0,"y":0,"curve":[0.25,0,0.75,1]},{"time":0.5,"x":0,"y":9.93,"curve":[0.25,0,0.75,1]},{"time":0.6667,"x":0,"y":0,"curve":[0.25,0,0.75,1]},{"time":0.8333,"x":0,"y":14.16,"curve":[0.25,0,0.75,1]},{"time":1,"x":0,"y":0}],"scale":[{"time":0,"x":1,"y":1}]},"thap":{"rotate":[{"time":0,"angle":0}],"translate":[{"time":0,"x":0,"y":0,"curve":"stepped"},{"time":1,"x":0,"y":0,"curve":[0.25,0,0.75,1]},{"time":1.1667,"x":0,"y":9.93,"curve":[0.25,0,0.75,1]},{"time":1.3333,"x":0,"y":0,"curve":[0.25,0,0.75,1]},{"time":1.5,"x":0,"y":9.93,"curve":[0.25,0,0.75,1]},{"time":1.6667,"x":0,"y":0,"curve":[0.25,0,0.75,1]},{"time":1.8333,"x":0,"y":14.16,"curve":[0.25,0,0.75,1]},{"time":2,"x":0,"y":0}],"scale":[{"time":0,"x":1,"y":1}]}}}}},"_atlasText":"\ncaothap.png\nsize: 512,512\nformat: RGBA4444\nfilter: Linear,Linear\nrepeat: none\nBG_caothap\n  rotate: false\n  xy: 2, 241\n  size: 218, 204\n  orig: 218, 204\n  offset: 0, 0\n  index: -1\narrow_down\n  rotate: false\n  xy: 130, 133\n  size: 90, 106\n  orig: 90, 106\n  offset: 0, 0\n  index: -1\narrow_up\n  rotate: false\n  xy: 2, 2\n  size: 84, 113\n  orig: 84, 113\n  offset: 0, 0\n  index: -1\ncao\n  rotate: false\n  xy: 350, 395\n  size: 80, 50\n  orig: 80, 50\n  offset: 0, 0\n  index: -1\nct_chip1\n  rotate: false\n  xy: 2, 117\n  size: 126, 122\n  orig: 126, 122\n  offset: 0, 0\n  index: -1\nct_chip2\n  rotate: false\n  xy: 222, 330\n  size: 126, 115\n  orig: 126, 115\n  offset: 0, 0\n  index: -1\nthap\n  rotate: false\n  xy: 222, 270\n  size: 96, 58\n  orig: 96, 58\n  offset: 0, 0\n  index: -1\n","textures":[{"__uuid__":"48wR1TEyZNxYBNUpBC/jvs"}],"textureNames":["caothap.png"]}