{"__type__":"dragonBones.DragonBonesAsset","_name":"zjh_effect_hall_girl_ske","_dragonBonesJson":"{\"frameRate\":24,\"name\":\"zjh_effect_hall_girl\",\"version\":\"5.5\",\"compatibleVersion\":\"5.5\",\"armature\":[{\"type\":\"Armature\",\"frameRate\":24,\"name\":\"zjh_effect_hall_girl\",\"aabb\":{\"x\":-316.33,\"y\":-360.82,\"width\":710.82,\"height\":640.58},\"bone\":[{\"name\":\"root\"},{\"name\":\"身体\",\"parent\":\"root\"},{\"name\":\"左臂\",\"parent\":\"身体\",\"transform\":{\"x\":-131.0344,\"y\":-51.3167}},{\"name\":\"头\",\"parent\":\"身体\",\"transform\":{\"x\":-24.1023,\"y\":-263.822}},{\"name\":\"右臂\",\"parent\":\"身体\",\"transform\":{\"x\":166.0399,\"y\":44.0763}},{\"name\":\"眼睛\",\"parent\":\"头\",\"transform\":{\"x\":19.2225,\"y\":14.509}},{\"name\":\"头发总\",\"parent\":\"头\"},{\"name\":\"头带\",\"parent\":\"头\",\"transform\":{\"x\":-119.2828,\"y\":160.2951}},{\"name\":\"发饰\",\"parent\":\"头\",\"transform\":{\"x\":-53.542,\"y\":-14.3122}},{\"length\":36,\"name\":\"右臂1\",\"parent\":\"右臂\",\"transform\":{\"x\":-160.7004,\"y\":-189.7763,\"skX\":37.4126,\"skY\":37.4126}},{\"length\":15,\"name\":\"左臂1\",\"parent\":\"左臂\",\"transform\":{\"x\":42.0337,\"y\":-89.2333,\"skX\":117.7753,\"skY\":117.7753}},{\"name\":\"头发5\",\"parent\":\"头发总\",\"transform\":{\"x\":-51.5196,\"y\":249.5899}},{\"name\":\"1\",\"parent\":\"发饰\",\"transform\":{\"x\":-17.6279,\"y\":30.3548}},{\"name\":\"头发2\",\"parent\":\"头发总\",\"transform\":{\"x\":-37.4742,\"y\":25.0783}},{\"name\":\"头发1\",\"parent\":\"头发总\",\"transform\":{\"x\":53.6726,\"y\":21.4648}},{\"name\":\"2\",\"parent\":\"发饰\",\"transform\":{\"x\":-6.8756,\"y\":30.0656}},{\"name\":\"3\",\"parent\":\"发饰\",\"transform\":{\"x\":-21.9407,\"y\":18.344}},{\"name\":\"头发4\",\"parent\":\"头发总\",\"transform\":{\"x\":250.6042,\"y\":193.3454}},{\"length\":37,\"name\":\"头带1\",\"parent\":\"头带\",\"transform\":{\"x\":47.3909,\"y\":-126.7731,\"skX\":129.0081,\"skY\":129.0081}},{\"length\":158,\"name\":\"左臂2\",\"parent\":\"左臂1\",\"transform\":{\"x\":15.8796,\"skX\":-11.4205,\"skY\":-11.4205}},{\"name\":\"头发6\",\"parent\":\"头发总\",\"transform\":{\"x\":131.2559,\"y\":320.0939}},{\"length\":195,\"name\":\"右臂2\",\"parent\":\"右臂1\",\"transform\":{\"x\":36.9517,\"skX\":-17.6407,\"skY\":-17.6407}},{\"name\":\"头发3\",\"parent\":\"头发总\",\"transform\":{\"x\":-43.4383,\"y\":59.1874}},{\"length\":14,\"name\":\"头发41\",\"parent\":\"头发4\",\"transform\":{\"x\":-149.0977,\"y\":-8.3235,\"skX\":41.797,\"skY\":41.797}},{\"name\":\"左手\",\"parent\":\"左臂2\",\"transform\":{\"x\":272.2154,\"y\":39.9407,\"skX\":-106.3549,\"skY\":-106.3549}},{\"name\":\"右小臂\",\"parent\":\"右臂2\",\"transform\":{\"x\":121.4677,\"y\":-38.1004,\"skX\":-19.7719,\"skY\":-19.7719}},{\"name\":\"左臂衣摆2\",\"parent\":\"左臂2\",\"transform\":{\"x\":160.6432,\"y\":-59.9418,\"skX\":-106.3549,\"skY\":-106.3549}},{\"name\":\"右臂衣摆2\",\"parent\":\"右臂2\",\"transform\":{\"x\":111.5398,\"y\":121.28,\"skX\":-19.7719,\"skY\":-19.7719}},{\"name\":\"右臂衣摆1\",\"parent\":\"右臂2\",\"transform\":{\"x\":225.3743,\"y\":144.6172,\"skX\":-19.7719,\"skY\":-19.7719}},{\"length\":24,\"name\":\"头发21\",\"parent\":\"头发2\",\"transform\":{\"x\":65.289,\"y\":-63.6064,\"skX\":-140.94,\"skY\":-140.94}},{\"length\":23,\"name\":\"头发11\",\"parent\":\"头发1\",\"transform\":{\"x\":-9.9876,\"y\":-53.4929,\"skX\":-37.3649,\"skY\":-37.3649}},{\"length\":42,\"name\":\"头带2\",\"parent\":\"头带1\",\"transform\":{\"x\":37.2559,\"skX\":-5.9283,\"skY\":-5.9283}},{\"length\":20,\"name\":\"右小臂1\",\"parent\":\"右小臂\",\"transform\":{\"x\":53.5831,\"y\":70.9298,\"skX\":-124.7559,\"skY\":-124.7559}},{\"length\":22,\"name\":\"右臂衣摆21\",\"parent\":\"右臂衣摆2\",\"transform\":{\"x\":33.6741,\"y\":-96.2719,\"skX\":93.6085,\"skY\":93.6085}},{\"length\":35,\"name\":\"头发22\",\"parent\":\"头发21\",\"transform\":{\"x\":24.598,\"skX\":-88.17,\"skY\":-88.17}},{\"length\":16,\"name\":\"左臂衣摆21\",\"parent\":\"左臂衣摆2\",\"transform\":{\"x\":-22.4005,\"y\":-49.0102,\"skX\":75.9638,\"skY\":75.9638}},{\"length\":39,\"name\":\"头发42\",\"parent\":\"头发41\",\"transform\":{\"x\":14.5538,\"skX\":-21.2496,\"skY\":-21.2496}},{\"length\":18,\"name\":\"头发12\",\"parent\":\"头发11\",\"transform\":{\"x\":23.1509,\"skX\":99.9675,\"skY\":99.9675}},{\"length\":28,\"name\":\"左手1\",\"parent\":\"左手\",\"transform\":{\"x\":91.2006,\"y\":-117.1065,\"skX\":118.4284,\"skY\":118.4284}},{\"length\":40,\"name\":\"头带3\",\"parent\":\"头带2\",\"transform\":{\"x\":44.1859,\"y\":-0.1395,\"skX\":-6.8606,\"skY\":-6.8606}},{\"length\":143,\"name\":\"右小臂2\",\"parent\":\"右小臂1\",\"transform\":{\"x\":20.8742,\"skX\":-7.1041,\"skY\":-7.1041}},{\"length\":31,\"name\":\"头发43\",\"parent\":\"头发42\",\"transform\":{\"x\":39.0332,\"skX\":-3.7442,\"skY\":-3.7442}},{\"length\":39,\"name\":\"头发23\",\"parent\":\"头发22\",\"transform\":{\"x\":35.5174,\"skX\":-28.7296,\"skY\":-28.7296}},{\"length\":32,\"name\":\"头发13\",\"parent\":\"头发12\",\"transform\":{\"x\":18.4719,\"skX\":20.6565,\"skY\":20.6565}},{\"length\":33,\"name\":\"左臂衣摆22\",\"parent\":\"左臂衣摆21\",\"transform\":{\"x\":16.0801,\"skX\":-2.9843,\"skY\":-2.9843,\"scX\":1.1}},{\"length\":45,\"name\":\"头带4\",\"parent\":\"头带3\",\"transform\":{\"x\":40.7419,\"skX\":-2.7711,\"skY\":-2.7711}},{\"length\":191,\"name\":\"左手2\",\"parent\":\"左手1\",\"transform\":{\"x\":28.8829,\"skX\":-1.3693,\"skY\":-1.3693}},{\"length\":55,\"name\":\"右臂衣摆22\",\"parent\":\"右臂衣摆21\",\"transform\":{\"x\":22.2441,\"skX\":4.5362,\"skY\":4.5362}},{\"name\":\"右手\",\"parent\":\"右小臂2\",\"transform\":{\"x\":170.4983,\"y\":-48.2355,\"skX\":131.86,\"skY\":131.86}},{\"length\":26,\"name\":\"头发24\",\"parent\":\"头发23\",\"transform\":{\"x\":39.6394,\"skX\":10.3846,\"skY\":10.3846}},{\"length\":25,\"name\":\"左臂衣摆23\",\"parent\":\"左臂衣摆22\",\"transform\":{\"x\":33.3089,\"skX\":-12.177,\"skY\":-12.177,\"scX\":1.1}},{\"length\":41,\"name\":\"头带5\",\"parent\":\"头带4\",\"transform\":{\"x\":45.2355,\"skX\":-15.1023,\"skY\":-15.1023}},{\"length\":35,\"name\":\"头发14\",\"parent\":\"头发13\",\"transform\":{\"x\":32.3738,\"skX\":19.6384,\"skY\":19.6384}},{\"name\":\"左臂衣摆1\",\"parent\":\"左手2\",\"transform\":{\"x\":108.6772,\"y\":-14.0908,\"skX\":-117.0591,\"skY\":-117.0591}},{\"length\":42,\"name\":\"右臂衣摆23\",\"parent\":\"右臂衣摆22\",\"transform\":{\"x\":55.7624,\"skX\":12.4036,\"skY\":12.4036}},{\"length\":81,\"name\":\"左手3\",\"parent\":\"左手2\",\"transform\":{\"x\":191.9065,\"skX\":27.4976,\"skY\":27.4976}},{\"length\":35,\"name\":\"头发44\",\"parent\":\"头发43\",\"transform\":{\"x\":31.6514,\"skX\":-27.9234,\"skY\":-27.9234}},{\"length\":23,\"name\":\"左臂衣摆24\",\"parent\":\"左臂衣摆23\",\"transform\":{\"x\":25.3166,\"skX\":-5.8637,\"skY\":-5.8637,\"scX\":1.1}},{\"length\":38,\"name\":\"头发15\",\"parent\":\"头发14\",\"transform\":{\"x\":35.3929,\"skX\":9.3734,\"skY\":9.3734}},{\"length\":42,\"name\":\"头发45\",\"parent\":\"头发44\",\"transform\":{\"x\":35.5168,\"skX\":-13.3738,\"skY\":-13.3738}},{\"length\":8,\"name\":\"右手1\",\"parent\":\"右手\",\"transform\":{\"x\":50.0617,\"y\":-20.1498,\"skX\":171.2803,\"skY\":171.2803}},{\"length\":47,\"name\":\"右臂衣摆24\",\"parent\":\"右臂衣摆23\",\"transform\":{\"x\":42.878,\"skX\":7.1433,\"skY\":7.1433}},{\"length\":31,\"name\":\"头发25\",\"parent\":\"头发24\",\"transform\":{\"x\":26.4731,\"skX\":17.0873,\"skY\":17.0873}},{\"length\":44,\"name\":\"头带6\",\"parent\":\"头带5\",\"transform\":{\"x\":41.3378,\"skX\":-7.6328,\"skY\":-7.6328}},{\"length\":31,\"name\":\"头发26\",\"parent\":\"头发25\",\"transform\":{\"x\":31.7469,\"skX\":20.9159,\"skY\":20.9159}},{\"length\":42,\"name\":\"头发46\",\"parent\":\"头发45\",\"transform\":{\"x\":42.6921,\"skX\":-9.0277,\"skY\":-9.0277}},{\"length\":30,\"name\":\"头发16\",\"parent\":\"头发15\",\"transform\":{\"x\":38.5238,\"skX\":24.3388,\"skY\":24.3388}},{\"length\":22,\"name\":\"右臂衣摆25\",\"parent\":\"右臂衣摆24\",\"transform\":{\"x\":47.7716,\"skX\":6.9797,\"skY\":6.9797}},{\"length\":48,\"name\":\"头带7\",\"parent\":\"头带6\",\"transform\":{\"x\":44.2034,\"skX\":-0.7129,\"skY\":-0.7129}},{\"length\":43,\"name\":\"右手2\",\"parent\":\"右手1\",\"transform\":{\"x\":8.2453,\"skX\":-1.6626,\"skY\":-1.6626}},{\"length\":19,\"name\":\"头发27\",\"parent\":\"头发26\",\"transform\":{\"x\":31.5238,\"skX\":-5.7308,\"skY\":-5.7308}},{\"length\":41,\"name\":\"头发47\",\"parent\":\"头发46\",\"transform\":{\"x\":42.4625,\"skX\":20.806,\"skY\":20.806}},{\"length\":42,\"name\":\"右手3\",\"parent\":\"右手2\",\"transform\":{\"x\":43.0041,\"skX\":-26.3245,\"skY\":-26.3245}},{\"length\":57,\"name\":\"头发48\",\"parent\":\"头发47\",\"transform\":{\"x\":41.5695,\"skX\":21.2808,\"skY\":21.2808}},{\"length\":28,\"name\":\"头发28\",\"parent\":\"头发27\",\"transform\":{\"x\":19.6985,\"skX\":-37.512,\"skY\":-37.512}}],\"slot\":[{\"name\":\"头带\",\"parent\":\"头带7\"},{\"name\":\"头发6\",\"parent\":\"头发6\"},{\"name\":\"头发5\",\"parent\":\"头发5\"},{\"name\":\"头发4\",\"parent\":\"头发48\"},{\"name\":\"头发3\",\"parent\":\"头发3\"},{\"name\":\"左臂衣摆2\",\"parent\":\"左臂衣摆24\"},{\"name\":\"左臂衣摆1\",\"parent\":\"左臂衣摆1\"},{\"name\":\"右臂衣摆2\",\"parent\":\"右臂衣摆25\"},{\"name\":\"右臂\",\"parent\":\"右臂2\"},{\"name\":\"右臂衣摆\",\"parent\":\"右臂衣摆1\"},{\"name\":\"身体\",\"parent\":\"身体\"},{\"name\":\"左臂\",\"parent\":\"左臂2\"},{\"name\":\"头\",\"parent\":\"头\"},{\"name\":\"睁眼\",\"parent\":\"眼睛\"},{\"displayIndex\":-1,\"name\":\"眨眼中间帧\",\"parent\":\"眼睛\"},{\"displayIndex\":-1,\"name\":\"闭眼\",\"parent\":\"眼睛\"},{\"name\":\"头发1\",\"parent\":\"头发16\"},{\"name\":\"头发2\",\"parent\":\"头发28\"},{\"name\":\"发饰\",\"parent\":\"发饰\"},{\"name\":\"左手\",\"parent\":\"左手3\"},{\"name\":\"右小臂\",\"parent\":\"右小臂2\"},{\"name\":\"右手\",\"parent\":\"右手3\"},{\"name\":\"1\",\"parent\":\"1\"},{\"name\":\"2\",\"parent\":\"2\"},{\"name\":\"3\",\"parent\":\"3\"}],\"skin\":[{\"slot\":[{\"name\":\"右臂衣摆\",\"display\":[{\"type\":\"mesh\",\"name\":\"右手衣摆1\",\"width\":129,\"height\":331,\"vertices\":[-36.7,-165.25,-40.95,-155.3,-43.6,-143.9,-45.7,-132.8,-46.65,-119.55,-47.85,-105.45,-48.15,-91,-47.85,-78.1,-47.25,-64.55,-46.05,-50.75,-42.15,-40.2,-36.45,-30,-28,-22.8,-20.2,-19.5,-12.1,-18,-14.5,-6.6,-16.95,3.35,-18.5,13.3,-20,27.35,-22.05,36.4,-30.15,41.8,-40.4,46.65,-47.6,51.4,-56,57.1,-62.4,63.15,-58.7,72.8,-56.3,81.2,-53.9,90.55,-53.9,98.05,-56.3,104.95,-59.6,110.7,-64.5,118.2,-64.5,129.9,-64.5,146.75,-64.5,157.55,-64.5,165.5,-44.25,165.5,-22.65,165.5,1.7,165.5,27.6,165.55,45.65,165.55,55.9,165.55,58.85,154.25,64.5,150.1,64.5,129.6,64.5,106.85,64.5,87.9,61.85,61.45,56.45,39.15,52.55,25.6,46.9,11.45,51.05,5.35,55.45,-2.05,54.25,-12.05,49.6,-24.55,41.8,-33.35,34.8,-38.95,27.6,-45.55,17.05,-60.05,2.6,-80.6,-8.45,-100.45,-19.5,-121.5,-25.35,-137.6,-28.55,-154.55,-30.25,-165.5],\"uvs\":[0.2155,0.00076,0.18256,0.03082,0.16202,0.06526,0.14574,0.09879,0.13837,0.13882,0.12907,0.18142,0.12674,0.22508,0.12907,0.26405,0.13372,0.30498,0.14302,0.34668,0.17326,0.37855,0.21744,0.40937,0.28295,0.43112,0.34341,0.44109,0.4062,0.44562,0.3876,0.48006,0.3686,0.51012,0.35659,0.54018,0.34496,0.58263,0.32907,0.60997,0.26628,0.62628,0.18682,0.64094,0.13101,0.65529,0.06589,0.67251,0.01628,0.69079,0.04496,0.71994,0.06357,0.74532,0.08217,0.77356,0.08217,0.79622,0.06357,0.81707,0.03798,0.83444,0,0.8571,0,0.89245,0,0.94335,0,0.97598,0,1,0.15698,1,0.32442,1,0.51318,1,0.71395,1.00015,0.85388,1.00015,0.93333,1.00015,0.9562,0.96601,1,0.95347,1,0.89154,1,0.82281,1,0.76556,0.97946,0.68565,0.9376,0.61828,0.90736,0.57734,0.86357,0.53459,0.89574,0.51616,0.92984,0.49381,0.92054,0.4636,0.8845,0.42583,0.82403,0.39924,0.76977,0.38233,0.71395,0.36239,0.63217,0.31858,0.52016,0.2565,0.4345,0.19653,0.34884,0.13293,0.30349,0.08429,0.27868,0.03308,0.2655,0],\"triangles\":[38,39,45,28,38,45,45,39,44,39,42,44,44,42,43,47,19,46,19,20,46,20,27,46,28,45,46,27,28,46,39,40,42,48,19,47,40,41,42,49,19,48,18,19,49,53,51,52,54,50,51,54,51,53,55,14,50,55,50,54,50,18,49,14,15,50,56,14,55,15,16,50,16,17,50,17,18,50,29,37,38,28,29,38,57,14,56,58,14,57,12,13,58,11,12,58,10,11,58,13,14,58,59,10,58,26,27,21,21,27,20,29,30,37,30,32,37,60,7,59,7,8,59,9,10,59,8,9,59,22,26,21,32,36,37,61,5,60,5,7,60,32,33,36,25,26,22,4,5,61,62,3,61,3,4,61,63,2,62,2,3,62,23,25,22,64,0,63,0,1,63,1,2,63,31,32,30,33,34,36,34,35,36,24,25,23],\"edges\":[0,1,1,2,2,3,3,4,4,5,5,6,6,7,7,8,8,9,9,10,10,11,11,12,12,13,13,14,14,15,15,16,16,17,17,18,18,19,19,20,20,21,21,22,22,23,23,24,24,25,25,26,26,27,27,28,28,29,29,30,30,31,31,32,32,33,33,34,34,35,35,36,36,37,37,38,38,39,39,40,40,41,41,42,42,43,43,44,44,45,45,46,46,47,47,48,48,49,49,50,50,51,51,52,52,53,53,54,54,55,55,56,56,57,57,58,58,59,59,60,60,61,61,62,62,63,63,64,64,0],\"userEdges\":[]}]},{\"name\":\"头带\",\"display\":[{\"type\":\"mesh\",\"name\":\"头带\",\"width\":123,\"height\":313,\"vertices\":[-176.79,-256.23,-183.34,-250.63,-188.19,-246.38,-194.19,-242.13,-200.59,-236.68,-205.24,-232.83,-209.89,-227.58,-214.94,-222.93,-222.69,-217.68,-229.69,-212.83,-235.49,-207.23,-242.24,-201.23,-246.74,-197.18,-250.69,-192.68,-253.39,-187.43,-248.89,-185.68,-245.34,-184.48,-242.49,-180.68,-240.44,-177.73,-239.54,-175.93,-238.39,-175.03,-241.69,-170.23,-246.39,-164.38,-251.59,-157.53,-256.39,-149.93,-260.04,-142.98,-264.09,-136.93,-267.39,-131.78,-272.04,-123.98,-275.29,-119.18,-278.34,-113.93,-281.24,-108.58,-284.14,-102.78,-287.64,-95.43,-291.39,-87.48,-294.14,-80.38,-296.74,-71.53,-297.74,-65.68,-297.74,-56.38,-297.74,-45.78,-297.74,-36.68,-293.49,-31.08,-289.64,-26.53,-284.64,-22.93,-288.34,-10.48,-289.24,-1.13,-288.69,10.87,-287.54,21.12,-286.14,31.17,-283.69,45.12,-282.04,52.97,-276.69,52.97,-275.39,45.57,-273.49,36.52,-271.34,27.97,-268.94,19.62,-267.34,14.17,-265.64,7.52,-264.34,-2.13,-264.24,-9.58,-261.89,-25.33,-259.79,-36.03,-257.99,-48.93,-256.89,-58.13,-255.39,-70.43,-253.79,-78.53,-252.54,-85.53,-250.59,-94.03,-248.44,-101.43,-246.29,-108.88,-244.09,-116.28,-241.69,-124.98,-238.54,-132.28,-235.89,-138.58,-233.79,-143.48,-230.94,-149.98,-227.84,-156.03,-223.99,-162.68,-220.99,-167.48,-217.69,-172.43,-213.74,-177.33,-209.74,-182.13,-206.09,-187.23,-203.49,-190.83,-202.74,-195.38,-200.14,-202.38,-197.79,-206.18,-195.94,-210.53,-196.19,-214.73,-192.04,-219.63,-187.74,-223.28,-183.94,-226.93,-181.94,-231.28,-178.74,-234.93,-177.94,-240.08,-175.74,-245.68],\"uvs\":[0.98333,0.01214,0.93008,0.03003,0.89065,0.04361,0.84187,0.05719,0.78984,0.0746,0.75203,0.0869,0.71423,0.10367,0.67317,0.11853,0.61016,0.1353,0.55325,0.1508,0.5061,0.16869,0.45122,0.18786,0.41463,0.2008,0.38252,0.21518,0.36057,0.23195,0.39715,0.23754,0.42602,0.24137,0.44919,0.25351,0.46585,0.26294,0.47317,0.26869,0.48252,0.27157,0.45569,0.2869,0.41748,0.30559,0.3752,0.32748,0.33618,0.35176,0.3065,0.37396,0.27358,0.39329,0.24675,0.40974,0.20894,0.43466,0.18252,0.45,0.15772,0.46677,0.13415,0.48387,0.11057,0.5024,0.08211,0.52588,0.05163,0.55128,0.02927,0.57396,0.00813,0.60224,0,0.62093,0,0.65064,0,0.6845,0,0.71358,0.03455,0.73147,0.06585,0.74601,0.1065,0.75751,0.07642,0.79728,0.06911,0.82716,0.07358,0.8655,0.08293,0.89824,0.09431,0.93035,0.11423,0.97492,0.12764,1,0.17114,1,0.18171,0.97636,0.19715,0.94744,0.21463,0.92013,0.23415,0.89345,0.24715,0.87604,0.26098,0.85479,0.27154,0.82396,0.27236,0.80016,0.29146,0.74984,0.30854,0.71565,0.32317,0.67444,0.33211,0.64505,0.34431,0.60575,0.35732,0.57987,0.36748,0.55751,0.38333,0.53035,0.40081,0.50671,0.41829,0.48291,0.43618,0.45927,0.45569,0.43147,0.4813,0.40815,0.50285,0.38802,0.51992,0.37236,0.54309,0.3516,0.56829,0.33227,0.59959,0.31102,0.62398,0.29569,0.65081,0.27987,0.68293,0.26422,0.71545,0.24888,0.74512,0.23259,0.76626,0.22109,0.77236,0.20655,0.7935,0.18419,0.8126,0.17204,0.82764,0.15815,0.82561,0.14473,0.85935,0.12907,0.89431,0.11741,0.9252,0.10575,0.94146,0.09185,0.96748,0.08019,0.97398,0.06374,0.99187,0.04585],\"triangles\":[0,1,95,1,94,95,1,2,94,2,93,94,2,3,92,2,92,93,3,91,92,4,90,91,3,4,91,4,5,89,4,89,90,6,88,89,5,6,89,86,87,88,7,86,88,6,7,88,7,85,86,8,84,85,7,8,85,9,82,84,8,9,84,84,82,83,10,81,82,9,10,82,11,17,10,10,17,80,17,18,80,10,80,81,20,79,80,18,20,80,20,78,79,16,17,11,20,77,78,21,76,77,20,21,77,12,16,11,22,75,76,21,22,76,23,74,75,22,23,75,18,19,20,24,73,74,23,24,74,25,72,73,24,25,73,12,13,16,25,71,72,13,15,16,25,26,71,27,70,71,26,27,71,28,69,70,27,28,70,29,68,69,28,29,69,13,14,15,29,30,68,31,67,68,30,31,68,32,66,67,31,32,67,33,65,66,32,33,66,34,64,65,33,34,65,36,63,64,35,36,64,34,35,64,37,62,63,36,37,63,39,61,62,37,39,62,43,60,61,42,43,61,41,42,61,39,41,61,43,59,60,45,57,58,44,45,58,44,58,59,43,44,59,46,56,57,45,46,57,46,55,56,47,54,55,46,47,55,48,53,54,47,48,54,39,40,41,49,52,53,48,49,53,50,51,52,49,50,52],\"weights\":[1,18,1,1,18,1,1,18,1,2,18,0.68,31,0.32,2,18,0.5,31,0.5,4,31,0.36,39,0.06,45,0.01,18,0.57,3,31,0.86,39,0.11,45,0.03,3,31,0.88,39,0.1,45,0.02,3,31,0.88,39,0.09,45,0.03,3,31,0.83,39,0.14,45,0.03,3,31,0.75,39,0.2,45,0.05,3,31,0.65,39,0.28,45,0.07,3,31,0.58,39,0.34,45,0.08,3,31,0.54,39,0.38,45,0.08,3,31,0.5,39,0.41,45,0.09,3,31,0.54,39,0.4,45,0.06,3,31,0.57,39,0.38,45,0.05,3,31,0.6,39,0.36,45,0.04,3,31,0.63,39,0.35,45,0.02,3,31,0.64,39,0.34,45,0.02,3,31,0.69,39,0.3,45,0.01,3,31,0.52,39,0.46,45,0.02,3,39,0.6,31,0.37,45,0.03,3,39,0.68,31,0.23,45,0.09,4,39,0.67,45,0.18,31,0.13,51,0.02,4,39,0.59,45,0.31,31,0.07,51,0.03,4,39,0.48,45,0.44,31,0.05,51,0.03,4,45,0.47,39,0.45,51,0.04,31,0.04,4,45,0.53872,39,0.341045,51,0.08262,31,0.037615,4,45,0.567304,39,0.26499,51,0.130249,31,0.037457,4,45,0.573563,39,0.196404,51,0.195681,31,0.034352,4,45,0.545048,51,0.274691,39,0.14051,63,0.039751,4,45,0.494892,51,0.363511,39,0.096399,63,0.045198,4,45,0.4453,51,0.437558,39,0.063208,63,0.053935,4,51,0.436591,45,0.430258,63,0.081446,39,0.051705,4,51,0.447596,45,0.372849,63,0.13028,39,0.049276,4,51,0.463038,45,0.273396,63,0.219063,39,0.044503,4,51,0.457692,63,0.284202,45,0.208312,68,0.049794,4,51,0.439654,63,0.381498,45,0.122877,68,0.055971,4,63,0.430956,51,0.429026,45,0.07075,68,0.069267,4,63,0.462495,51,0.375684,68,0.106527,45,0.055294,4,63,0.563684,51,0.286028,68,0.114149,45,0.036139,4,63,0.693159,51,0.172798,68,0.112067,45,0.021977,4,63,0.871928,68,0.062834,51,0.057583,45,0.007655,4,63,0.623916,68,0.323489,51,0.043041,45,0.009554,4,68,0.48429,63,0.483918,51,0.02488,45,0.006913,4,68,0.697206,63,0.275411,51,0.020448,45,0.006934,4,68,0.866861,63,0.113177,51,0.014413,45,0.005549,4,68,0.942785,63,0.045234,51,0.008406,45,0.003574,4,68,0.985285,63,0.010597,51,0.002793,45,0.001324,4,68,0.97736,63,0.01556,51,0.004724,45,0.002356,4,68,0.979924,63,0.013797,51,0.004186,45,0.002093,4,68,0.992517,63,0.005375,51,0.001426,45,0.000681,4,68,0.974832,63,0.019182,51,0.004134,45,0.001852,4,68,0.929063,63,0.057349,51,0.009584,45,0.004003,4,68,0.82339,63,0.15082,51,0.018606,45,0.007183,4,68,0.71172,63,0.253477,51,0.025507,45,0.009296,4,68,0.565088,63,0.390759,51,0.033034,45,0.011119,4,63,0.471002,68,0.467757,51,0.047433,45,0.013809,4,63,0.52273,68,0.385377,51,0.07347,45,0.018423,4,63,0.556335,51,0.226967,68,0.176485,45,0.040212,4,63,0.465404,51,0.372708,68,0.101956,45,0.059932,4,51,0.438895,63,0.394839,45,0.10454,68,0.061726,4,51,0.485443,63,0.290922,45,0.175109,68,0.048526,4,51,0.477913,45,0.321093,63,0.149525,39,0.051469,4,51,0.43222,45,0.406422,63,0.095687,39,0.06567,4,45,0.454918,51,0.393828,39,0.083789,63,0.067465,4,45,0.538484,51,0.285453,39,0.127683,63,0.04838,4,45,0.586125,39,0.194202,51,0.183335,63,0.036338,4,45,0.571005,39,0.286483,51,0.105577,31,0.036935,4,45,0.504262,39,0.400324,51,0.057393,31,0.038021,4,39,0.48,45,0.45,31,0.04,51,0.03,4,39,0.58,45,0.32,31,0.07,51,0.03,4,39,0.66,45,0.2,31,0.12,51,0.02,3,39,0.7,31,0.17,45,0.13,3,39,0.65,31,0.28,45,0.07,3,39,0.54,31,0.42,45,0.04,3,31,0.54,39,0.43,45,0.03,3,31,0.65,39,0.32,45,0.03,3,31,0.74,39,0.23,45,0.03,3,31,0.82,39,0.16,45,0.02,3,31,0.85,39,0.13,45,0.02,3,31,0.88,39,0.09,45,0.03,3,31,0.9,39,0.09,45,0.01,3,31,0.94,39,0.05,45,0.01,4,18,0.642063,31,0.334076,39,0.018015,45,0.005845,1,18,1,1,18,1,1,18,1,1,18,1,1,18,1,1,18,1,1,18,1,1,18,1,1,18,1,1,18,1],\"slotPose\":[1,0,0,1,0,0],\"bonePose\":[18,-0.62943,0.777057,-0.777057,-0.62943,-188.85,-230.3,31,-0.545806,0.837911,-0.837911,-0.545806,-212.3,-201.35,39,-0.441806,0.897111,-0.897111,-0.441806,-236.3,-164.25,45,-0.397918,0.917421,-0.917421,-0.397918,-254.3,-127.7,51,-0.145146,0.98941,-0.98941,-0.145146,-272.3,-86.2,63,-0.012442,0.999923,-0.999923,-0.012442,-278.3,-45.3,68,0,1,-1,0,-278.85,-1.1,7,1,0,0,1,-236.24092,-103.526906],\"edges\":[0,1,1,2,2,3,3,4,4,5,5,6,6,7,7,8,8,9,9,10,10,11,11,12,12,13,13,14,14,15,15,16,16,17,17,18,18,19,19,20,20,21,21,22,22,23,23,24,24,25,25,26,26,27,27,28,28,29,29,30,30,31,31,32,32,33,33,34,34,35,35,36,36,37,37,38,38,39,39,40,40,41,41,42,42,43,43,44,44,45,45,46,46,47,47,48,48,49,49,50,50,51,51,52,52,53,53,54,54,55,55,56,56,57,57,58,58,59,59,60,60,61,61,62,62,63,63,64,64,65,65,66,66,67,67,68,68,69,69,70,70,71,71,72,72,73,73,74,74,75,75,76,76,77,77,78,78,79,79,80,80,81,81,82,82,83,83,84,84,85,85,86,86,87,87,88,88,89,89,90,90,91,91,92,92,93,93,94,94,95,95,0],\"userEdges\":[]}]},{\"name\":\"眨眼中间帧\",\"display\":[{\"name\":\"闭眼中间帧\",\"transform\":{\"x\":2.97,\"y\":-4.16,\"scX\":1.04,\"scY\":1.04}}]},{\"name\":\"3\",\"display\":[{\"type\":\"mesh\",\"name\":\"发饰3\",\"width\":38,\"height\":21,\"vertices\":[8.55,-9.3,0.95,-5.6,-19,3.65,-19,10.5,-8.05,10.5,8,-1.65,14.55,-5.2],\"uvs\":[0.725,0.05714,0.525,0.23333,0,0.67381,0,1,0.28816,1,0.71053,0.42143,0.88289,0.25238],\"triangles\":[0,5,6,1,4,5,1,5,0,2,4,1,2,3,4],\"edges\":[0,1,1,2,2,3,3,4,4,5,5,6,6,0],\"userEdges\":[]}]},{\"name\":\"右手\",\"display\":[{\"type\":\"mesh\",\"name\":\"右手\",\"width\":103,\"height\":64,\"vertices\":[247.79,-257.25,235.24,-255.1,221.14,-252.85,211.24,-251.05,202.54,-248.8,196.49,-244.8,186.99,-241.15,178.29,-236.5,167.39,-236.3,164.74,-232.45,162.14,-227.6,162.14,-220.95,169.19,-219.1,162.14,-211.85,165.94,-205.6,175.64,-206.6,182.14,-208.6,180.29,-200.55,185.14,-195.7,194.84,-199.5,204.54,-207.6,214.84,-218.9,209.59,-205.6,208.19,-197.1,209.79,-193.25,219.89,-193.25,224.14,-204.15,228.99,-216.3,233.84,-219.9,242.94,-222.95,253.84,-225.2,262.14,-227.8,265.14,-235.9,265.14,-248.6,260.94,-257.25],\"uvs\":[0.83155,0,0.70971,0.03359,0.57282,0.06875,0.4767,0.09687,0.39223,0.13203,0.3335,0.19453,0.24126,0.25156,0.1568,0.32422,0.05097,0.32734,0.02524,0.3875,0,0.46328,0,0.56719,0.06845,0.59609,0,0.70937,0.03689,0.80703,0.13107,0.79141,0.19417,0.76016,0.17621,0.88594,0.2233,0.96172,0.31748,0.90234,0.41165,0.77578,0.51165,0.59922,0.46068,0.80703,0.44709,0.93984,0.46262,1,0.56068,1,0.60194,0.82969,0.64903,0.63984,0.69612,0.58359,0.78447,0.53594,0.89029,0.50078,0.97087,0.46016,1,0.33359,1,0.13516,0.95922,0],\"triangles\":[34,0,33,30,31,32,33,0,32,0,30,32,0,29,30,1,29,0,2,28,1,1,28,29,3,21,2,21,27,28,2,21,28,21,26,27,4,5,21,3,4,21,22,25,26,21,22,26,23,24,25,22,23,25,6,20,21,5,6,21,6,16,20,7,16,6,16,19,20,7,12,16,16,17,18,16,18,19,9,12,7,12,15,16,8,9,7,9,10,12,13,14,12,12,14,15,10,11,12],\"weights\":[1,69,1,1,69,1,1,69,1,1,69,1,1,72,1,1,72,1,1,72,1,1,72,1,1,72,1,1,72,1,1,72,1,1,72,1,1,72,1,1,72,1,1,72,1,1,72,1,1,72,1,1,72,1,1,72,1,1,72,1,1,72,1,1,72,1,1,72,1,1,72,1,1,72,1,1,72,1,1,72,1,1,69,1,1,69,1,1,69,1,1,69,1,1,60,1,1,60,1,1,60,1,1,60,1],\"slotPose\":[1,0,0,1,0,0],\"bonePose\":[60,-0.988442,0.151601,-0.151601,-0.988442,263.7,-245.4,69,-0.983627,0.180215,-0.180215,-0.983627,255.55,-244.15,72,-0.801705,0.597721,-0.597721,-0.801705,213.25,-236.4],\"edges\":[0,1,1,2,2,3,3,4,4,5,5,6,6,7,7,8,8,9,9,10,10,11,11,12,12,13,13,14,14,15,15,16,16,17,17,18,18,19,19,20,20,21,21,22,22,23,23,24,24,25,25,26,26,27,27,28,28,29,29,30,30,31,31,32,32,33,33,34,34,0],\"userEdges\":[]}]},{\"name\":\"头发5\",\"display\":[{\"type\":\"mesh\",\"name\":\"头发5\",\"width\":200,\"height\":309,\"vertices\":[-100,-154.5,100,-154.5,-100,154.5,100,154.5],\"uvs\":[0,0,1,0,0,1,1,1],\"triangles\":[0,1,2,1,3,2],\"edges\":[0,1,1,3,3,2,2,0],\"userEdges\":[]}]},{\"name\":\"左臂衣摆2\",\"display\":[{\"type\":\"mesh\",\"name\":\"左手衣摆2\",\"width\":52,\"height\":119,\"vertices\":[-291.15,-70.24,-294.8,-64.59,-296.2,-57.14,-297.4,-48.84,-298.6,-40.79,-296.8,-25.74,-293.6,-10.19,-290.55,3.76,-285.3,19.86,-280.3,33.36,-272.2,48.71,-268.6,48.71,-262.75,41.01,-257.1,31.96,-251.25,26.11,-250.65,18.46,-246.6,11.36,-246.6,5.36,-252.25,-2.14,-256.7,-7.64,-261.5,-14.89,-265.65,-21.64,-269.45,-28.04,-274.15,-35.99,-278.1,-43.19,-282.2,-50.74,-285.1,-57.54,-287.65,-64.84,-289.7,-70.29,-286.55,-36.1,-277.8,-15.5,-268.6,3.8],\"uvs\":[0.14327,0.00042,0.07308,0.0479,0.04615,0.1105,0.02308,0.18025,0,0.2479,0.03462,0.37437,0.09615,0.50504,0.15481,0.62227,0.25577,0.75756,0.35192,0.87101,0.50769,1,0.57692,1,0.68942,0.93529,0.79808,0.85924,0.91058,0.81008,0.92212,0.7458,1,0.68613,1,0.63571,0.89135,0.57269,0.80577,0.52647,0.71346,0.46555,0.63365,0.40882,0.56058,0.35504,0.47019,0.28824,0.39423,0.22773,0.31538,0.16429,0.25962,0.10714,0.21058,0.0458,0.17115,0,0.23166,0.28735,0.39993,0.46045,0.57685,0.62264],\"triangles\":[18,31,17,17,31,16,31,15,16,19,31,18,20,31,19,31,8,13,8,9,13,9,12,13,21,30,20,30,31,20,10,11,12,9,10,12,22,30,21,30,7,31,7,8,31,23,29,22,29,30,22,6,7,30,29,5,30,24,29,23,5,6,30,25,29,24,3,4,29,4,5,29,28,0,27,0,1,27,1,2,29,2,3,29,1,29,26,26,29,25,27,1,26,13,31,14,15,31,14],\"weights\":[1,35,1,1,35,1,1,35,1,1,35,1,3,44,0.94,50,0.05,57,0.01,2,44,0.8,50,0.2,2,44,0.52,50,0.48,2,50,0.59,44,0.41,2,50,0.75,44,0.25,2,50,0.76,44,0.24,1,57,1,1,57,1,1,57,1,1,57,1,1,57,1,1,57,1,1,57,1,1,57,1,2,50,0.71,44,0.29,2,50,0.64,44,0.36,2,50,0.56,44,0.44,2,44,0.53,50,0.47,2,44,0.62,50,0.38,2,44,0.78,50,0.22,3,44,0.86,50,0.11,57,0.03,3,44,0.92,50,0.07,57,0.01,3,44,0.9,50,0.08,57,0.02,1,35,1,1,35,1,2,44,0.99,50,0.01,2,44,0.56,50,0.44,2,50,0.97,44,0.03],\"slotPose\":[1,0,0,1,0,0],\"bonePose\":[35,0.242536,0.970143,-0.970143,0.242536,-295,-59.8,44,0.292714,0.9562,-0.9562,0.292714,-291.1,-44.2,50,0.487821,0.872943,-0.872943,0.487821,-281.35,-12.35,57,0.57445,0.818539,-0.818539,0.57445,-269,9.75],\"edges\":[0,1,1,2,2,3,3,4,4,5,5,6,6,7,7,8,8,9,9,10,10,11,11,12,12,13,13,14,14,15,15,16,16,17,17,18,18,19,19,20,20,21,21,22,22,23,23,24,24,25,25,26,26,27,27,28,28,0],\"userEdges\":[1,29,29,30,30,31,31,14]}]},{\"name\":\"身体\",\"display\":[{\"type\":\"mesh\",\"name\":\"身体\",\"width\":330,\"height\":510,\"vertices\":[-47.85,-250.4,-56.9,-244,-59.2,-237.65,-61.55,-227.3,-63.25,-216.95,-64.55,-210.9,-65,-199.55,-67.25,-186.8,-69.6,-177,-74.6,-171.75,-82.55,-167.55,-93.6,-161.2,-101.5,-159.1,-111.8,-157.25,-117.75,-149.6,-119.75,-141.15,-120.35,-132.3,-120.15,-124.25,-118.95,-116.45,-116.95,-107.8,-113.75,-99.55,-109.75,-91.55,-105.5,-84.7,-101.7,-80.5,-96.45,-75.65,-94.25,-66.2,-90.25,-59,-87,-52.15,-82.95,-44.7,-78.75,-36.65,-73.55,-27.65,-69.15,-21,-63.7,-13.8,-58.1,-6.95,-53.25,-0.5,-49.45,5.75,-46.3,11.75,-45.25,19.4,-45.75,26.65,-46.65,32.05,-49.65,36.1,-53.65,41.1,-53.65,46.55,-57.7,52.55,-61.9,57.15,-65.9,61.8,-70.35,66.4,-73.75,70.65,-71.35,76.45,-76.95,83.3,-81.8,89.35,-86,94.75,-89.2,101,-94.25,106.2,-99.45,111.85,-103.7,118.05,-109.7,124.7,-116.35,131.1,-122.95,137.95,-128.6,144.4,-135.85,152.2,-141.45,160.65,-147.05,167.65,-152.7,176.3,-157.1,183.15,-160.75,189.75,-158.3,195.6,-155.1,202.65,-151.5,209.65,-146.85,215.3,-142.45,220.5,-139.65,226.55,-140.25,234.35,-142.45,240,-144.65,245.4,-147.9,251.45,-145.5,255,-129.4,255,-117.35,255,-97.45,255,-81.75,255,-61.5,255,-41.6,255,-17.7,255,1,255,22.9,255,40.8,255,60.25,255,83.4,255,102.5,255,118.75,255,132.8,255,144.05,255,143.85,248.05,143.05,238.65,143.05,233.4,142.45,226.75,142.85,219.15,146.7,212.5,150.7,204.85,155.75,196.45,160.15,189.6,159.95,179.55,156.4,169.75,153.35,163.15,150.75,156.8,148.6,151.35,144.5,145.15,141.05,139.5,137.55,133.5,133.9,127.5,130.15,121.25,126.1,115,122.25,109.55,119.1,104.6,115.7,99.25,116.15,90.3,116.75,83.4,117.9,76.75,112.75,69.3,107.1,63.6,103.7,58.6,100,52.5,97.6,45.2,98.75,37.9,95,36.15,92.95,32.2,92.45,25.65,92.85,20.15,92.4,14.4,89.55,7.1,87.15,2.15,82.75,-0.45,82.15,-8.35,81.8,-19.45,81.3,-28.05,80.8,-36.7,80.95,-44.8,84.2,-49.95,87.65,-55.65,91.9,-62.65,94.4,-69.9,96.4,-78.05,96.5,-87.95,95.15,-96.45,92.05,-105.1,88.35,-111.9,83.1,-117.75,78,-122.25,73.2,-127.2,68.45,-131.2,68.15,-140.15,62.1,-139.55,59.3,-136.6,54.1,-141.7,49,-146,43.8,-148.5,38,-152.85,32.75,-156.7,29.65,-159,33.65,-166.3,27.2,-166.75,22.55,-165.5,16.55,-169.5,11.6,-172.6,8.05,-180.75,2.3,-184.95,-1.7,-184.8,-5.25,-184.45,-7.1,-188.95,-8.65,-193.6,-7.85,-201.95,-8.8,-211.2,-12.2,-220.45,-16.8,-230.2,-24.95,-238.85,-32.5,-243.95,-39.35,-247.2,31.8,13.55,71.25,-37.35,53.45,-34.35,36.4,-29.4,21.95,-25.25,-2.7,-23.7,-20.1,-29,-35.3,-34.7,-49.3,-46.85,-59.55,-60.85,-66.4,-76.8,-66.4,-93.1,-61.05,-109.4,-53.1,-119.65,45.13,-31.94,48.15,-41.9,49.65,-55.95,49.25,-72.65,45.5,-86.65,36.4,-102.95,25,-113.2,10.6,-120.4,-9.8,-102.4,21.2,-91.35,22.15,-48.3,-33.85,-55.55,58.9,-118.55,81.35,-75.2,62.05,-57.45,-13.4,63.35,31.45,73.4,71.6,71.35,75.95,135.5],\"uvs\":[0.355,0.00902,0.32758,0.02157,0.32061,0.03402,0.31348,0.05431,0.30833,0.07461,0.30439,0.08647,0.30303,0.10873,0.29621,0.13373,0.28909,0.15294,0.27394,0.16324,0.24985,0.17147,0.21636,0.18392,0.19242,0.18804,0.16121,0.19167,0.14318,0.20667,0.13712,0.22324,0.1353,0.24059,0.13591,0.25637,0.13955,0.27167,0.14561,0.28863,0.1553,0.3048,0.16742,0.32049,0.1803,0.33392,0.19182,0.34216,0.20773,0.35167,0.21439,0.3702,0.22652,0.38431,0.23636,0.39775,0.24864,0.41235,0.26136,0.42814,0.27712,0.44578,0.29045,0.45882,0.30697,0.47294,0.32394,0.48637,0.33864,0.49902,0.35015,0.51127,0.3597,0.52304,0.36288,0.53804,0.36136,0.55225,0.35864,0.56284,0.34955,0.57078,0.33742,0.58059,0.33742,0.59127,0.32515,0.60304,0.31242,0.61206,0.3003,0.62118,0.28682,0.6302,0.27652,0.63853,0.28379,0.6499,0.26682,0.66333,0.25212,0.6752,0.23939,0.68578,0.2297,0.69804,0.21439,0.70824,0.19864,0.71931,0.18576,0.73147,0.16758,0.74451,0.14742,0.75706,0.12742,0.77049,0.1103,0.78314,0.08833,0.79843,0.07136,0.815,0.05439,0.82873,0.03727,0.84569,0.02394,0.85912,0.01288,0.87206,0.0203,0.88353,0.03,0.89735,0.04091,0.91108,0.055,0.92216,0.06833,0.93235,0.07682,0.94422,0.075,0.95951,0.06833,0.97059,0.06167,0.98118,0.05182,0.99304,0.05909,1,0.10788,1,0.14439,1,0.2047,1,0.25227,1,0.31364,1,0.37394,1,0.44636,1,0.50303,1,0.56939,1,0.62364,1,0.68258,1,0.75273,1,0.81061,1,0.85985,1,0.90242,1,0.93652,1,0.93591,0.98637,0.93348,0.96794,0.93348,0.95765,0.93167,0.94461,0.93288,0.92971,0.94455,0.91667,0.95667,0.90167,0.97197,0.8852,0.9853,0.87176,0.9847,0.85206,0.97394,0.83284,0.9647,0.8199,0.95682,0.80745,0.9503,0.79676,0.93788,0.78461,0.92742,0.77353,0.91682,0.76176,0.90576,0.75,0.89439,0.73775,0.88212,0.72549,0.87045,0.7148,0.86091,0.7051,0.85061,0.69461,0.85197,0.67706,0.85379,0.66353,0.85727,0.65049,0.84167,0.63588,0.82455,0.62471,0.81424,0.6149,0.80303,0.60294,0.79576,0.58863,0.79924,0.57431,0.78788,0.57088,0.78167,0.56314,0.78015,0.55029,0.78136,0.53951,0.78,0.52824,0.77136,0.51392,0.76409,0.50422,0.75076,0.49912,0.74894,0.48363,0.74788,0.46186,0.74636,0.445,0.74485,0.42804,0.7453,0.41216,0.75515,0.40206,0.76561,0.39088,0.77848,0.37716,0.78606,0.36294,0.79212,0.34696,0.79242,0.32755,0.78833,0.31088,0.77894,0.29392,0.76773,0.28059,0.75182,0.26912,0.73636,0.26029,0.72182,0.25059,0.70742,0.24275,0.70652,0.2252,0.68818,0.22637,0.6797,0.23216,0.66394,0.22216,0.64848,0.21373,0.63273,0.20882,0.61515,0.20029,0.59924,0.19275,0.58985,0.18824,0.60197,0.17392,0.58242,0.17304,0.56833,0.17549,0.55015,0.16765,0.53515,0.16157,0.52439,0.14559,0.50697,0.13735,0.49485,0.13765,0.48409,0.13833,0.47848,0.12951,0.47379,0.12039,0.47621,0.10402,0.47333,0.08588,0.46303,0.06775,0.44909,0.04863,0.42439,0.03167,0.40152,0.02167,0.38076,0.01529,0.59636,0.52657,0.71591,0.42677,0.66197,0.43265,0.6103,0.44235,0.56651,0.45049,0.49182,0.45353,0.43909,0.44314,0.39303,0.43196,0.35061,0.40814,0.31955,0.38069,0.29879,0.34941,0.29879,0.31745,0.315,0.28549,0.33909,0.26539,0.63677,0.43738,0.64591,0.41785,0.65045,0.3903,0.64924,0.35755,0.63788,0.3301,0.6103,0.29814,0.57576,0.27804,0.53212,0.26392,0.4703,0.29922,0.56424,0.32088,0.56712,0.4053,0.39742,0.39108,0.67849,0.26755,0.74651,0.35255,0.68803,0.38735,0.45939,0.62422,0.5953,0.64392,0.71697,0.6399,0.73015,0.76568],\"triangles\":[100,101,102,103,100,102,210,99,104,104,99,103,103,99,100,210,98,99,107,210,105,105,210,104,210,97,98,106,107,105,108,210,107,210,88,97,91,93,94,88,89,97,93,91,92,109,210,108,90,91,94,90,94,95,90,95,96,89,96,97,89,90,96,110,210,109,111,210,110,112,210,111,210,87,88,113,210,112,114,210,113,115,210,114,119,117,118,119,120,117,209,116,117,120,209,117,116,209,115,209,210,115,86,87,210,121,209,120,122,209,121,123,209,122,85,86,210,125,123,124,143,205,142,125,209,123,126,209,125,144,205,143,205,141,142,145,205,144,205,140,141,127,178,126,178,209,126,130,128,129,146,204,145,204,205,145,130,132,128,128,132,127,132,178,127,205,139,140,209,208,210,147,204,146,131,132,130,84,85,210,205,206,139,206,138,139,178,208,209,148,204,147,206,137,138,133,178,132,136,179,135,179,136,137,135,179,134,134,180,133,180,192,133,192,178,133,179,180,134,206,179,137,83,84,210,207,52,210,52,83,210,149,204,148,208,207,210,181,178,192,206,180,179,150,204,149,193,180,206,197,196,204,152,153,150,153,204,150,152,150,151,195,194,206,194,193,206,52,53,83,154,198,204,154,204,153,53,82,83,155,198,154,198,197,204,53,55,82,182,178,181,156,198,155,193,192,180,195,202,194,202,193,194,157,198,156,196,201,195,201,202,195,207,208,178,181,192,193,202,181,193,199,198,157,197,201,196,50,52,207,158,199,157,159,199,158,202,182,181,49,50,207,182,183,178,198,201,197,162,199,159,161,159,160,55,56,82,37,207,178,37,38,207,163,199,162,161,162,159,164,199,163,203,202,201,200,203,201,199,201,198,56,81,82,202,183,182,199,200,201,203,184,202,184,183,202,48,49,207,168,191,199,168,199,164,56,57,81,38,39,207,191,200,199,165,167,164,167,168,164,184,36,183,166,167,165,57,58,81,8,191,168,35,36,184,58,80,81,54,55,53,58,59,80,7,8,169,169,8,168,39,40,207,189,203,200,170,7,169,203,185,184,173,5,172,6,171,172,5,6,172,171,6,170,6,7,170,45,48,44,189,188,203,34,35,184,44,48,207,40,42,207,4,5,173,191,190,200,190,189,200,43,44,207,174,4,173,185,34,184,42,43,207,8,9,191,3,4,175,175,4,174,51,52,50,188,187,203,176,3,175,60,61,59,59,61,80,61,70,80,33,34,185,2,3,176,70,79,80,32,33,185,186,185,203,177,2,176,1,2,177,187,186,203,186,31,185,31,32,185,70,71,79,9,10,191,41,42,40,0,1,177,10,11,191,30,31,186,46,48,45,29,30,186,187,29,186,28,29,187,11,190,191,16,17,11,11,17,190,17,18,190,12,16,11,27,28,187,18,19,190,188,26,187,26,27,187,20,189,190,19,20,190,46,47,48,20,21,189,189,24,188,21,22,189,25,26,188,24,25,188,22,23,189,23,24,189,61,62,70,62,69,70,15,16,12,71,78,79,62,63,69,14,15,12,63,68,69,13,14,12,63,67,68,71,72,78,72,77,78,64,67,63,72,73,77,64,66,67,73,74,77,74,76,77,74,75,76,65,66,64,37,36,178,183,36,178,205,206,204,196,195,204,204,195,206],\"edges\":[0,1,1,2,2,3,3,4,4,5,5,6,6,7,7,8,8,9,9,10,10,11,11,12,12,13,13,14,14,15,15,16,16,17,17,18,18,19,19,20,20,21,21,22,22,23,23,24,24,25,25,26,26,27,27,28,28,29,29,30,30,31,31,32,32,33,33,34,34,35,35,36,36,37,37,38,38,39,39,40,40,41,41,42,42,43,43,44,44,45,45,46,46,47,47,48,48,49,49,50,50,51,51,52,52,53,53,54,54,55,55,56,56,57,57,58,58,59,59,60,60,61,61,62,62,63,63,64,64,65,65,66,66,67,67,68,68,69,69,70,70,71,71,72,72,73,73,74,74,75,75,76,76,77,77,78,78,79,79,80,80,81,81,82,82,83,83,84,84,85,85,86,86,87,87,88,88,89,89,90,90,91,91,92,92,93,93,94,94,95,95,96,96,97,97,98,98,99,99,100,100,101,101,102,102,103,103,104,104,105,105,106,106,107,107,108,108,109,109,110,110,111,111,112,112,113,113,114,114,115,115,116,116,117,117,118,118,119,119,120,120,121,121,122,122,123,123,124,124,125,125,126,126,127,127,128,128,129,129,130,130,131,131,132,132,133,133,134,134,135,135,136,136,137,137,138,138,139,139,140,140,141,141,142,142,143,143,144,144,145,145,146,146,147,147,148,148,149,149,150,150,151,151,152,152,153,153,154,154,155,155,156,156,157,157,158,158,159,159,160,160,161,161,162,162,163,163,164,164,165,165,166,166,167,167,168,168,169,169,170,170,171,171,172,172,173,173,174,174,175,175,176,176,177,177,0],\"userEdges\":[36,178,178,132,137,179,179,180,181,182,182,183,183,184,184,185,185,186,186,187,187,188,188,189,189,190,190,191,180,192,192,181,192,193,193,194,194,195,195,196,196,197,197,198,198,199,200,201,201,202,202,203,203,200,204,205,205,206,206,204,42,207,207,208,208,209,209,120,209,210]}]},{\"name\":\"头\",\"display\":[{\"name\":\"头\"}]},{\"name\":\"1\",\"display\":[{\"type\":\"mesh\",\"name\":\"发饰1\",\"width\":30,\"height\":34,\"vertices\":[6.55,-17,-15,7.6,-15,15.7,-7.4,17,-1.8,12.45,15,-17],\"uvs\":[0.71833,0,0,0.72353,0,0.96176,0.25333,1,0.44,0.86618,1,0],\"triangles\":[0,4,5,1,4,0,1,3,4,1,2,3],\"edges\":[0,1,1,2,2,3,3,4,4,5,5,0],\"userEdges\":[]}]},{\"name\":\"左臂\",\"display\":[{\"type\":\"mesh\",\"name\":\"左臂\",\"width\":100,\"height\":210,\"vertices\":[-343.23,-156.32,-349.98,-153.97,-355.38,-149.12,-359.73,-143.17,-361.88,-135.92,-363.23,-128.07,-363.23,-122.67,-369.13,-129.67,-376.43,-135.07,-385.08,-137.77,-382.93,-127.82,-381.03,-120.27,-379.68,-112.67,-378.88,-106.42,-378.73,-100.82,-378.58,-96.82,-383.03,-100.07,-383.93,-91.32,-383.48,-83.62,-382.58,-76.37,-381.53,-70.02,-381.23,-65.57,-384.48,-63.22,-384.63,-56.87,-384.78,-51.82,-385.83,-47.97,-386.43,-41.12,-387.18,-34.87,-388.33,-27.52,-389.68,-20.67,-391.33,-14.77,-393.53,-7.37,-395.63,-0.37,-397.23,5.98,-399.13,13.03,-401.08,19.63,-403.48,26.48,-405.23,31.83,-408.53,36.88,-411.63,42.13,-412.83,46.33,-409.23,49.73,-406.58,53.73,-403.03,48.23,-397.68,40.98,-395.63,35.08,-392.08,39.73,-385.43,43.73,-377.43,44.78,-369.88,44.78,-362.33,43.98,-355.78,41.18,-350.03,35.88,-345.43,30.68,-340.78,24.33,-336.93,19.33,-335.43,13.68,-334.83,2.88,-334.13,-5.72,-332.93,-13.87,-327.38,-8.67,-327.08,-23.17,-327.73,-28.67,-328.18,-40.52,-327.18,-48.07,-325.53,-55.47,-323.63,-63.92,-321.23,-71.62,-317.53,-81.57,-315.18,-87.92,-313.98,-94.02,-313.58,-103.22,-313.58,-111.62,-313.83,-123.07,-314.43,-131.92,-316.63,-140.22,-319.18,-145.67,-323.93,-151.32,-326.43,-154.17,-330.13,-155.17,-335.03,-156.32],\"uvs\":[0.696,0,0.6285,0.01119,0.5745,0.03429,0.531,0.06262,0.5095,0.09714,0.496,0.13452,0.496,0.16024,0.437,0.1269,0.364,0.10119,0.2775,0.08833,0.299,0.13571,0.318,0.17167,0.3315,0.20786,0.3395,0.23762,0.341,0.26429,0.3425,0.28333,0.298,0.26786,0.289,0.30952,0.2935,0.34619,0.3025,0.38071,0.313,0.41095,0.316,0.43214,0.2835,0.44333,0.282,0.47357,0.2805,0.49762,0.27,0.51595,0.264,0.54857,0.2565,0.57833,0.245,0.61333,0.2315,0.64595,0.215,0.67405,0.193,0.70929,0.172,0.74262,0.156,0.77286,0.137,0.80643,0.1175,0.83786,0.0935,0.87048,0.076,0.89595,0.043,0.92,0.012,0.945,0,0.965,0.036,0.98119,0.0625,1.00024,0.098,0.97405,0.1515,0.93952,0.172,0.91143,0.2075,0.93357,0.274,0.95262,0.354,0.95762,0.4295,0.95762,0.505,0.95381,0.5705,0.94048,0.628,0.91524,0.674,0.89048,0.7205,0.86024,0.759,0.83643,0.774,0.80952,0.78,0.7581,0.787,0.71714,0.799,0.67833,0.8545,0.7031,0.8575,0.63405,0.851,0.60786,0.8465,0.55143,0.8565,0.51548,0.873,0.48024,0.892,0.44,0.916,0.40333,0.953,0.35595,0.9765,0.32571,0.9885,0.29667,0.9925,0.25286,0.9925,0.21286,0.99,0.15833,0.984,0.11619,0.962,0.07667,0.9365,0.05071,0.889,0.02381,0.864,0.01024,0.827,0.00548,0.778,0],\"triangles\":[73,6,72,72,6,71,6,70,71,74,5,73,5,6,73,6,69,70,6,68,69,75,4,74,4,5,74,6,15,68,77,80,76,80,2,76,76,2,75,2,4,75,15,67,68,3,4,2,0,2,80,59,60,61,79,80,77,15,19,67,20,66,67,19,20,67,1,2,0,21,65,66,20,21,66,78,79,77,21,64,65,21,24,64,63,27,62,27,59,62,59,61,62,24,63,64,24,25,63,25,26,63,26,27,63,14,15,6,27,28,59,29,58,59,28,29,59,30,57,58,29,30,58,32,54,57,31,32,57,30,31,57,57,54,56,54,55,56,18,19,15,33,52,53,32,33,53,32,53,54,23,24,21,13,14,6,33,49,52,33,34,49,49,50,52,34,48,49,50,51,52,34,45,48,12,13,6,45,46,47,45,47,48,34,35,45,7,11,6,11,12,6,17,18,15,8,10,7,10,11,7,22,23,21,9,10,8,16,17,15,35,36,45,37,44,45,36,37,45,37,38,44,38,43,44,38,39,43,39,41,43,41,42,43,39,40,41],\"weights\":[1,19,1,1,19,1,1,19,1,1,19,1,1,19,1,1,19,1,1,19,1,1,19,1,1,19,1,1,19,1,1,19,1,1,19,1,1,19,1,1,19,1,1,19,1,1,19,1,1,19,1,1,19,1,1,19,1,1,19,1,1,19,1,1,19,1,1,19,1,1,19,1,1,19,1,1,19,1,1,19,1,1,19,1,1,19,1,1,19,1,1,19,1,1,19,1,1,19,1,1,19,1,1,19,1,1,19,1,1,19,1,1,19,1,1,19,1,1,19,1,1,19,1,1,19,1,1,19,1,1,19,1,1,19,1,1,19,1,1,19,1,1,19,1,1,19,1,1,19,1,1,19,1,1,19,1,1,19,1,1,19,1,1,19,1,1,19,1,1,19,1,1,19,1,1,19,1,1,19,1,1,19,1,1,19,1,1,19,1,1,19,1,1,19,1,1,19,1,1,19,1,1,19,1,1,19,1,1,19,1,1,10,1,1,10,1,1,10,1,1,10,1,1,10,1,1,10,1,1,10,1,1,10,1,1,10,1,1,10,1,1,19,1],\"slotPose\":[1,0,0,1,0,0],\"bonePose\":[10,-0.466006,0.884782,-0.884782,-0.466006,-320.8,-140.55,19,-0.281586,0.959536,-0.959536,-0.281586,-328.2,-126.5],\"edges\":[0,1,1,2,2,3,3,4,4,5,5,6,6,7,7,8,8,9,9,10,10,11,11,12,12,13,13,14,14,15,15,16,16,17,17,18,18,19,19,20,20,21,21,22,22,23,23,24,24,25,25,26,26,27,27,28,28,29,29,30,30,31,31,32,32,33,33,34,34,35,35,36,36,37,37,38,38,39,39,40,40,41,41,42,42,43,43,44,44,45,45,46,46,47,47,48,48,49,49,50,50,51,51,52,52,53,53,54,54,55,55,56,56,57,57,58,58,59,59,60,60,61,61,62,62,63,63,64,64,65,65,66,66,67,67,68,68,69,69,70,70,71,71,72,72,73,73,74,74,75,75,76,76,77,77,78,78,79,79,80,80,0],\"userEdges\":[]}]},{\"name\":\"右臂衣摆2\",\"display\":[{\"type\":\"mesh\",\"name\":\"右手衣摆2\",\"width\":88,\"height\":236,\"vertices\":[455.53,39.22,464.43,50.47,471.98,63.47,476.93,75.12,476.93,94.97,474.38,108.67,472.68,119.27,470.93,129.87,470.83,143.62,471.13,157.72,469.78,171.32,467.13,184.62,463.63,198.52,459.48,213.17,453.28,228.87,447.18,238.72,441.08,247.27,435.48,255.82,427.68,264.57,419.48,254.47,411.23,243.52,403.18,234.72,395.18,224.07,390.43,216.37,399.18,204.62,402.38,197.72,409.28,189.17,415.68,179.57,423.18,170.12,429.88,156.77,436.13,145.92,440.73,136.17,445.08,125.92,447.78,115.72,450.48,105.67,450.93,94.62,450.73,85.47,450.73,73.37,450.73,62.92,451.33,49.57,460.96,77.76,460.61,107.21,457.56,133.31,452.26,167.31,443.96,193.76,435.66,219.81],\"uvs\":[0.75682,0,0.85795,0.04767,0.94375,0.10275,1,0.15212,1,0.23623,0.97102,0.29428,0.9517,0.33919,0.93182,0.38411,0.93068,0.44237,0.93409,0.50212,0.91875,0.55975,0.88864,0.6161,0.84886,0.675,0.8017,0.73708,0.73125,0.8036,0.66193,0.84534,0.59261,0.88157,0.52898,0.9178,0.44034,0.95487,0.34716,0.91208,0.25341,0.86568,0.16193,0.82839,0.07102,0.78326,0.01705,0.75064,0.11648,0.70085,0.15284,0.67161,0.23125,0.63538,0.30398,0.5947,0.3892,0.55466,0.46534,0.49809,0.53636,0.45212,0.58864,0.41081,0.63807,0.36737,0.66875,0.32415,0.69943,0.28157,0.70455,0.23475,0.70227,0.19597,0.70227,0.1447,0.70227,0.10042,0.70909,0.04386,0.81855,0.16332,0.81457,0.28811,0.77991,0.3987,0.71969,0.54277,0.62537,0.65484,0.53105,0.76522],\"triangles\":[2,40,3,41,5,4,3,40,4,41,6,5,36,35,40,43,10,9,7,42,8,42,7,6,43,9,8,42,43,8,30,43,42,43,11,10,38,37,40,44,12,11,43,44,11,31,30,42,33,32,42,35,34,41,44,13,12,34,33,41,37,36,40,45,14,13,44,45,13,32,31,42,28,44,43,30,29,43,45,15,14,29,28,43,28,27,44,45,16,15,26,45,44,27,26,44,26,25,45,19,17,16,25,24,45,21,20,45,24,21,45,19,18,17,24,22,21,23,22,24,0,39,40,39,38,40,1,40,2,0,40,1,35,40,41,40,41,4,33,41,42,42,41,6,20,45,19,45,19,16],\"weights\":[1,33,1,1,33,1,1,33,1,1,33,1,1,47,1,1,47,1,1,47,1,1,47,1,3,54,0.48,47,0.47,61,0.05,3,54,0.52,47,0.33,61,0.15,4,54,0.455104,61,0.304153,47,0.190725,67,0.050017,4,54,0.408058,61,0.402466,47,0.114545,67,0.074932,4,61,0.407708,54,0.369979,67,0.135673,47,0.08664,4,61,0.41348,54,0.263108,67,0.252249,47,0.071163,4,61,0.404009,67,0.380243,54,0.162499,47,0.053249,4,67,0.420335,61,0.418107,54,0.118552,47,0.043005,4,67,0.454578,61,0.408543,54,0.098186,47,0.038694,4,67,0.511692,61,0.362295,54,0.08838,47,0.037633,4,67,0.579862,61,0.304364,54,0.079461,47,0.036313,4,67,0.708406,61,0.231073,54,0.042446,47,0.018076,4,67,0.93927,61,0.052074,54,0.006191,47,0.002465,4,67,0.926077,61,0.064425,54,0.006842,47,0.002657,4,67,0.610048,61,0.323394,54,0.047973,47,0.018585,4,67,0.492464,61,0.389815,54,0.084435,47,0.033285,4,61,0.432092,67,0.418842,54,0.112011,47,0.037055,4,61,0.439964,67,0.362192,54,0.151778,47,0.046065,4,61,0.472121,67,0.248438,54,0.223711,47,0.05573,4,61,0.456521,54,0.333465,67,0.140891,47,0.069122,4,61,0.423824,54,0.423073,47,0.082096,67,0.071007,4,54,0.498428,61,0.294283,47,0.16344,67,0.043848,3,54,0.56,47,0.3,61,0.14,3,54,0.48,47,0.45,61,0.07,3,47,0.6,54,0.36,61,0.04,1,47,1,1,47,1,1,47,1,1,47,1,1,47,1,1,47,1,1,33,1,2,33,0.69,47,0.31,4,33,0.002111,47,0.996332,54,0.001318,61,0.000238,4,33,0.000081,47,0.991567,54,0.008259,61,0.000092,2,54,0.5,61,0.5,4,61,0.733702,54,0.20833,67,0.041688,47,0.016279,4,61,0.539824,67,0.394005,54,0.052851,47,0.01332],\"slotPose\":[1,0,0,1,0,0],\"bonePose\":[33,-0.062938,0.998017,-0.998017,-0.062938,466.6,60.95,47,-0.141672,0.989914,-0.989914,-0.141672,465.2,83.15,54,-0.350996,0.936377,-0.936377,-0.350996,457.3,138.35,61,-0.464711,0.885463,-0.885463,-0.464711,442.25,178.5,67,-0.568866,0.82243,-0.82243,-0.568866,420.05,220.8],\"edges\":[0,1,1,2,2,3,3,4,4,5,5,6,6,7,7,8,8,9,9,10,10,11,11,12,12,13,13,14,14,15,15,16,16,17,17,18,18,19,19,20,20,21,21,22,22,23,23,24,24,25,25,26,26,27,27,28,28,29,29,30,30,31,31,32,32,33,33,34,34,35,35,36,36,37,37,38,38,39,39,0],\"userEdges\":[0,40,40,41,41,42,42,43,43,44,44,45,45,19]}]},{\"name\":\"头发6\",\"display\":[{\"type\":\"mesh\",\"name\":\"头发大\",\"width\":406,\"height\":311,\"vertices\":[-203,-155.5,203,-155.5,-203,155.5,203,155.5],\"uvs\":[0,0,1,0,0,1,1,1],\"triangles\":[0,1,2,1,3,2],\"edges\":[0,1,1,3,3,2,2,0],\"userEdges\":[]}]},{\"name\":\"头发3\",\"display\":[{\"type\":\"mesh\",\"name\":\"头发3\",\"width\":160,\"height\":175,\"vertices\":[-80,-87.5,80,-87.5,-80,87.5,80,87.5],\"uvs\":[0,0,1,0,0,1,1,1],\"triangles\":[1,0,3,0,2,3],\"edges\":[0,1,1,3,3,2,2,0],\"userEdges\":[]}]},{\"name\":\"左手\",\"display\":[{\"type\":\"mesh\",\"name\":\"左手\",\"width\":214,\"height\":261,\"vertices\":[-353.18,-7.05,-357.63,-4.35,-361.33,-0.15,-366.13,6.1,-370.13,11.4,-373.13,15.1,-381.18,18.35,-387.28,20.9,-392.58,22.3,-397.28,29.75,-401.13,36.5,-405.03,43.55,-409.23,50.3,-413.33,57.15,-418.13,64.5,-423.43,71.8,-428.48,76.5,-433.63,82.5,-440.83,88.35,-447.58,95.2,-456.73,104.45,-463.78,112.75,-470.53,120.95,-476.03,128.5,-481.43,136.2,-484.68,141.1,-495.38,147.35,-502.58,151.1,-510.88,157.2,-517.48,163.35,-520.73,169,-520.98,176.5,-518.33,183.7,-511.83,190,-507.03,193,-503.03,195.5,-499.08,199.35,-496.68,203.9,-494.63,208.25,-493.78,213.75,-494.38,219.05,-500.53,222.45,-506.63,224,-512.28,227.35,-517.83,230.95,-524.93,233.95,-530.18,237.9,-538.28,241.4,-544.63,243.8,-550.18,246.3,-550.18,251.5,-546.43,253.05,-541.63,253.3,-536.83,253.95,-527.33,253.95,-514.83,253.95,-500.08,253.95,-485.73,253.95,-474.98,253.95,-466.98,253.95,-464.73,249.7,-459.43,246.55,-456.68,244.4,-452.03,242.75,-448.53,242.85,-443.73,244.3,-439.73,243.95,-437.83,242.25,-432.93,241.05,-429.68,237.3,-428.83,233.5,-429.68,227.15,-430.88,222.05,-433.28,218.55,-433.63,214.55,-430.18,208.85,-425.23,201.65,-420.28,193.75,-415.13,185.2,-411.28,178,-404.33,166.9,-399.53,160.3,-395.08,150.95,-388.03,139.1,-382.48,130.3,-377.88,119.95,-373.33,111.2,-368.63,103.65,-363.93,93.7,-360.73,85.85,-353.93,77.95,-349.93,69.35,-347.78,63.1,-343.03,51.5,-339.83,40.45,-338.13,31.65,-336.18,20.55,-336.18,10.2,-338.73,2.4,-339.58,-2.9,-341.88,-7.05],\"uvs\":[0.92056,0,0.89977,0.01034,0.88248,0.02644,0.86005,0.05038,0.84136,0.07069,0.82734,0.08487,0.78972,0.09732,0.76121,0.10709,0.73645,0.11245,0.71449,0.141,0.6965,0.16686,0.67827,0.19387,0.65864,0.21973,0.63949,0.24598,0.61706,0.27414,0.59229,0.30211,0.56869,0.32011,0.54463,0.3431,0.51098,0.36552,0.47944,0.39176,0.43668,0.4272,0.40374,0.459,0.3722,0.49042,0.3465,0.51935,0.32126,0.54885,0.30607,0.56762,0.25607,0.59157,0.22243,0.60594,0.18364,0.62931,0.1528,0.65287,0.13762,0.67452,0.13645,0.70326,0.14883,0.73084,0.17921,0.75498,0.20164,0.76648,0.22033,0.77605,0.23879,0.7908,0.25,0.80824,0.25958,0.8249,0.26355,0.84598,0.26075,0.86628,0.23201,0.87931,0.2035,0.88525,0.1771,0.89808,0.15117,0.91188,0.11799,0.92337,0.09346,0.93851,0.05561,0.95192,0.02593,0.96111,0,0.97069,0,0.99061,0.01752,0.99655,0.03995,0.99751,0.06238,1,0.10678,1,0.16519,1,0.23411,1,0.30117,1,0.3514,1,0.38879,1,0.3993,0.98372,0.42407,0.97165,0.43692,0.96341,0.45864,0.95709,0.475,0.95747,0.49743,0.96303,0.51612,0.96169,0.525,0.95517,0.5479,0.95057,0.56308,0.93621,0.56706,0.92165,0.56308,0.89732,0.55748,0.87778,0.54626,0.86437,0.54463,0.84904,0.56075,0.8272,0.58388,0.79962,0.60701,0.76935,0.63107,0.73659,0.64907,0.709,0.68154,0.66648,0.70397,0.64119,0.72477,0.60536,0.75771,0.55996,0.78364,0.52625,0.80514,0.48659,0.8264,0.45307,0.84836,0.42414,0.87033,0.38602,0.88528,0.35594,0.91706,0.32567,0.93575,0.29272,0.94579,0.26877,0.96799,0.22433,0.98294,0.18199,0.99089,0.14828,1,0.10575,1,0.06609,0.98808,0.03621,0.98411,0.0159,0.97336,0],\"triangles\":[4,95,96,3,4,96,98,2,97,2,3,97,3,96,97,5,94,95,4,5,95,99,0,98,0,1,98,1,2,98,100,0,99,5,93,94,5,6,93,6,7,92,6,92,93,7,9,92,9,10,92,11,91,92,10,11,92,11,89,90,11,90,91,11,12,89,12,13,89,14,88,89,13,14,89,14,15,87,14,87,88,15,86,87,16,17,85,16,85,86,15,16,86,8,9,7,17,84,85,18,19,83,18,83,84,17,18,84,19,20,82,19,82,83,20,21,82,21,80,81,21,81,82,21,22,80,22,23,80,23,79,80,23,24,79,25,78,79,24,25,79,25,77,78,25,36,76,25,76,77,36,75,76,36,37,75,37,38,75,38,74,75,71,67,70,70,67,69,67,68,69,72,73,71,73,64,71,64,67,71,63,64,73,38,39,74,63,73,74,39,63,74,26,36,25,39,62,63,65,66,67,64,65,67,39,40,62,35,36,26,40,60,61,40,61,62,40,58,60,27,35,26,40,57,58,58,59,60,28,34,27,27,34,35,40,41,57,41,56,57,28,33,34,29,32,33,29,33,28,41,42,56,31,32,29,30,31,29,43,44,56,44,55,56,42,43,56,44,45,55,45,46,55,46,54,55,46,47,54,47,53,54,48,52,47,47,52,53,49,51,48,48,51,52,49,50,51],\"weights\":[1,38,1,1,38,1,1,38,1,1,38,1,1,38,1,1,38,1,1,38,1,1,38,1,1,38,1,1,46,1,1,46,1,1,46,1,1,46,1,1,46,1,1,46,1,1,46,1,1,46,1,1,46,1,1,46,1,1,46,1,1,46,1,1,46,1,1,46,1,1,46,1,1,46,1,1,46,1,1,46,1,1,46,1,1,46,1,2,55,0.540608,46,0.459392,2,55,0.56263,46,0.43737,2,55,0.590583,46,0.409417,2,55,0.620602,46,0.379398,2,55,0.649089,46,0.350911,2,55,0.664486,46,0.335514,2,55,0.680502,46,0.319498,2,55,0.714841,46,0.285159,2,55,0.767343,46,0.232657,2,55,0.825258,46,0.174742,2,55,0.896214,46,0.103786,2,55,0.947688,46,0.052312,2,55,0.954338,46,0.045662,2,55,0.947927,46,0.052073,2,55,0.954109,46,0.045891,2,55,0.960322,46,0.039678,2,55,0.959815,46,0.040185,2,55,0.965454,46,0.034546,2,55,0.953065,46,0.046935,2,55,0.936821,46,0.063179,2,55,0.9213,46,0.0787,2,55,0.924801,46,0.075199,2,55,0.93738,46,0.06262,2,55,0.952704,46,0.047296,2,55,0.966875,46,0.033125,2,55,0.989523,46,0.010477,2,55,0.994634,46,0.005366,2,55,0.959325,46,0.040675,2,55,0.879671,46,0.120329,2,55,0.79191,46,0.20809,2,55,0.720016,46,0.279984,2,55,0.710037,46,0.289963,2,55,0.665608,46,0.334392,2,55,0.642392,46,0.357608,2,55,0.602237,46,0.397763,2,55,0.57597,46,0.42403,2,55,0.548894,46,0.451106,2,55,0.531315,46,0.468685,2,55,0.523205,46,0.476795,2,55,0.510748,46,0.489252,2,55,0.50548,46,0.49452,2,55,0.504939,46,0.495061,2,55,0.504569,46,0.495431,2,55,0.503971,46,0.496029,3,38,0.008075,55,0.499871,46,0.492054,3,38,0.006732,55,0.498566,46,0.494703,3,38,0.007592,46,0.506914,55,0.485494,1,46,1,1,46,1,1,46,1,1,46,1,1,46,1,1,46,1,1,46,1,1,46,1,1,46,1,1,46,1,1,46,1,1,46,1,1,46,1,1,46,1,1,46,1,1,46,1,1,46,1,1,46,1,1,46,1,1,46,1,1,38,1,1,38,1,1,38,1,1,38,1,1,38,1],\"slotPose\":[1,0,0,1,0,0],\"bonePose\":[38,-0.47606,0.879413,-0.879413,-0.47606,-351.975925,6.347206,46,-0.454909,0.890538,-0.890538,-0.454909,-365.725925,31.747206,55,-0.81469,0.579897,-0.579897,-0.81469,-453.025925,202.647206],\"edges\":[0,1,1,2,2,3,3,4,4,5,5,6,6,7,7,8,8,9,9,10,10,11,11,12,12,13,13,14,14,15,15,16,16,17,17,18,18,19,19,20,20,21,21,22,22,23,23,24,24,25,25,26,26,27,27,28,28,29,29,30,30,31,31,32,32,33,33,34,34,35,35,36,36,37,37,38,38,39,39,40,40,41,41,42,42,43,43,44,44,45,45,46,46,47,47,48,48,49,49,50,50,51,51,52,52,53,53,54,54,55,55,56,56,57,57,58,58,59,59,60,60,61,61,62,62,63,63,64,64,65,65,66,66,67,67,68,68,69,69,70,70,71,71,72,72,73,73,74,74,75,75,76,76,77,77,78,78,79,79,80,80,81,81,82,82,83,83,84,84,85,85,86,86,87,87,88,88,89,89,90,90,91,91,92,92,93,93,94,94,95,95,96,96,97,97,98,98,99,99,100,100,0],\"userEdges\":[]}]},{\"name\":\"睁眼\",\"display\":[{\"name\":\"睁眼\",\"transform\":{\"x\":-0.06,\"y\":-0.38,\"scX\":1.05,\"scY\":1.04}}]},{\"name\":\"闭眼\",\"display\":[{\"name\":\"闭眼\",\"transform\":{\"x\":2.84,\"y\":-0.94}}]},{\"name\":\"2\",\"display\":[{\"type\":\"mesh\",\"name\":\"发饰2\",\"width\":18,\"height\":31,\"vertices\":[1.75,-15.15,-9,8.35,-7.3,14.15,-0.45,15.5,9,-15.5],\"uvs\":[0.59722,0.01129,0,0.76935,0.09444,0.95645,0.475,1,1,0],\"triangles\":[1,3,0,0,3,4,1,2,3],\"edges\":[0,1,1,2,2,3,3,4,4,0],\"userEdges\":[]}]},{\"name\":\"头发1\",\"display\":[{\"type\":\"mesh\",\"name\":\"头发1\",\"width\":56,\"height\":149,\"vertices\":[312.64,-300.01,314.94,-304.16,317.74,-308.76,321.14,-312.16,325.74,-314.56,329.34,-316.01,333.84,-316.86,339.24,-315.26,342.04,-311.96,344.34,-306.66,345.99,-300.86,347.34,-295.36,348.49,-290.06,349.54,-284.31,350.49,-280.51,351.39,-275.31,351.94,-271.16,352.54,-263.86,352.54,-257.86,352.34,-250.81,351.34,-241.91,349.99,-236.71,348.69,-231.91,347.34,-228.26,347.44,-219.46,346.54,-211.76,345.79,-204.71,344.64,-198.51,342.49,-192.36,339.99,-186.16,336.94,-182.81,328.99,-177.01,321.09,-172.76,313.39,-170.06,305.09,-167.86,296.54,-167.86,296.54,-172.76,302.89,-177.81,307.79,-182.31,310.79,-186.66,312.54,-192.26,315.59,-198.31,318.29,-204.21,321.04,-210.21,322.74,-213.86,324.54,-220.06,325.69,-223.91,326.34,-227.76,328.39,-232.71,329.54,-239.06,329.79,-243.76,330.79,-249.86,331.34,-255.71,332.04,-260.26,332.44,-265.01,332.59,-270.01,332.94,-275.11,332.84,-280.41,332.29,-284.96,331.49,-289.01,330.64,-293.01,329.39,-295.56,327.29,-296.56,324.39,-296.16,321.29,-295.71,318.39,-294.51,315.24,-293.01,312.14,-291.26,311.84,-295.61],\"uvs\":[0.2875,0.11309,0.32857,0.08523,0.37857,0.05436,0.43929,0.03154,0.52143,0.01544,0.58571,0.0057,0.66607,0,0.7625,0.01074,0.8125,0.03289,0.85357,0.06846,0.88304,0.10738,0.90714,0.1443,0.92768,0.17987,0.94643,0.21846,0.96339,0.24396,0.97946,0.27886,0.98929,0.30671,1,0.3557,1,0.39597,0.99643,0.44329,0.97857,0.50302,0.95446,0.53792,0.93125,0.57013,0.90714,0.59463,0.90893,0.65369,0.89286,0.70537,0.87946,0.75268,0.85893,0.7943,0.82054,0.83557,0.77589,0.87718,0.72143,0.89966,0.57946,0.93859,0.43839,0.96711,0.30089,0.98523,0.15268,1,0,1,0,0.96711,0.11339,0.93322,0.20089,0.90302,0.25446,0.87383,0.28571,0.83624,0.34018,0.79564,0.38839,0.75604,0.4375,0.71577,0.46786,0.69128,0.5,0.64966,0.52054,0.62383,0.53214,0.59799,0.56875,0.56477,0.58929,0.52215,0.59375,0.4906,0.61161,0.44966,0.62143,0.4104,0.63393,0.37987,0.64107,0.34799,0.64375,0.31443,0.65,0.2802,0.64821,0.24463,0.63839,0.21409,0.62411,0.18691,0.60893,0.16007,0.58661,0.14295,0.54911,0.13624,0.49732,0.13893,0.44196,0.14195,0.39018,0.15,0.33393,0.16007,0.27857,0.17181,0.27321,0.14262],\"triangles\":[51,20,19,52,19,18,53,52,18,55,54,16,53,18,17,54,53,17,16,54,17,15,55,16,52,51,19,51,50,20,56,55,15,13,57,14,56,15,14,57,56,14,50,21,20,49,22,21,50,49,21,12,58,13,58,57,13,48,23,22,49,48,22,11,59,12,59,58,12,46,45,24,48,47,23,46,24,23,47,46,23,24,45,25,10,60,11,60,59,11,44,26,25,45,44,25,9,61,10,61,60,10,43,27,26,44,43,26,42,28,27,43,42,27,8,61,9,62,61,5,7,6,8,6,5,8,5,61,8,41,29,28,42,41,28,41,30,29,4,62,5,41,40,31,41,31,30,3,62,4,2,63,62,3,2,62,40,39,31,39,32,31,1,64,63,2,1,63,39,38,32,0,65,64,1,0,64,38,33,32,68,66,65,0,68,65,38,37,33,68,67,66,37,34,33,37,36,34,36,35,34],\"weights\":[1,30,1,1,30,1,1,30,1,3,37,0.82,43,0.14,52,0.04,3,37,0.88,43,0.1,52,0.02,3,37,0.92,43,0.07,52,0.01,3,37,0.92,43,0.07,52,0.01,3,37,0.87,43,0.12,52,0.01,3,37,0.81,43,0.18,52,0.01,3,37,0.7,43,0.28,52,0.02,3,37,0.57,43,0.41,52,0.02,3,43,0.51,37,0.47,52,0.02,3,43,0.6,37,0.37,52,0.03,4,30,0.036293,43,0.694207,37,0.207973,52,0.061527,4,30,0.034341,43,0.715435,37,0.149548,52,0.100675,4,30,0.027943,43,0.699166,52,0.17987,37,0.093021,4,30,0.021727,43,0.640678,52,0.276105,37,0.06149,4,43,0.488886,52,0.466899,37,0.026884,58,0.01733,4,52,0.499872,43,0.452317,58,0.02606,37,0.021751,4,52,0.604082,43,0.304878,58,0.064893,37,0.026147,4,52,0.652375,58,0.163031,43,0.160066,37,0.024528,4,52,0.627805,58,0.250234,43,0.099108,66,0.022852,4,52,0.558528,58,0.356832,43,0.061036,66,0.023604,4,52,0.50091,58,0.437064,43,0.039545,66,0.022482,4,58,0.475091,52,0.436133,66,0.049706,43,0.03907,4,58,0.522692,52,0.328024,66,0.106962,43,0.042321,4,58,0.525362,52,0.238898,66,0.193328,43,0.042411,4,58,0.500167,66,0.2872,52,0.174368,43,0.038266,4,58,0.468428,66,0.380807,52,0.119873,43,0.030892,4,58,0.447786,66,0.442951,52,0.084359,43,0.024904,4,66,0.460681,58,0.456019,52,0.063417,43,0.019883,4,66,0.511018,58,0.432357,52,0.041985,43,0.01464,4,66,0.675805,58,0.280837,52,0.031402,43,0.011956,4,66,0.853303,58,0.121768,52,0.017697,43,0.007232,4,66,0.967451,58,0.025448,52,0.004936,43,0.002166,4,66,0.97193,58,0.020692,52,0.005036,43,0.002342,4,66,0.970467,58,0.022202,52,0.005051,43,0.00228,4,66,0.969307,58,0.024933,52,0.00408,43,0.00168,4,66,0.949899,58,0.043532,52,0.004775,43,0.001795,4,66,0.86701,58,0.121024,52,0.008893,43,0.003073,4,66,0.624823,58,0.348215,52,0.020537,43,0.006424,4,58,0.515944,66,0.44079,52,0.034115,43,0.009152,4,58,0.6469,66,0.280745,52,0.05919,43,0.013165,4,58,0.727748,66,0.154321,52,0.100573,43,0.017359,4,58,0.736585,52,0.137859,66,0.106079,43,0.019477,4,58,0.650069,52,0.257035,66,0.067003,43,0.025893,4,58,0.566086,52,0.355482,66,0.049158,43,0.029274,4,58,0.486741,52,0.437441,66,0.040034,43,0.035784,4,52,0.493296,58,0.4341,43,0.044245,66,0.02836,4,52,0.58976,58,0.300193,43,0.083058,66,0.026988,4,52,0.613238,58,0.222062,43,0.135923,37,0.028776,4,52,0.595718,43,0.227235,58,0.138411,37,0.038636,4,52,0.517173,43,0.342517,58,0.090077,37,0.050233,4,52,0.458703,43,0.417159,58,0.063998,37,0.06014,4,30,0.05567,43,0.468198,52,0.398638,37,0.077493,4,30,0.070464,43,0.523832,52,0.297454,37,0.10825,4,30,0.084486,43,0.57332,52,0.189436,37,0.152758,4,30,0.104375,43,0.560075,37,0.225318,52,0.110232,4,30,0.13211,43,0.488357,37,0.310825,52,0.068708,3,43,0.49,37,0.45,52,0.06,3,37,0.53,43,0.43,52,0.04,3,37,0.59,43,0.38,52,0.03,3,37,0.62,43,0.34,52,0.04,3,37,0.58,43,0.34,52,0.08,3,37,0.56,43,0.36,52,0.08,1,30,1,1,30,1,1,30,1,1,30,1],\"slotPose\":[1,0,0,1,0,0],\"bonePose\":[30,0.794787,-0.606889,0.606889,0.794787,314.55,-295.85,37,0.460159,0.887836,-0.887836,0.460159,332.95,-309.9,43,0.117379,0.993087,-0.993087,0.117379,341.45,-293.5,52,-0.223208,0.974771,-0.974771,-0.223208,345.25,-261.35,58,-0.378987,0.925402,-0.925402,-0.378987,337.35,-226.85,66,-0.726692,0.686964,-0.686964,-0.726692,322.75,-191.2],\"edges\":[0,1,1,2,2,3,3,4,4,5,5,6,6,7,7,8,8,9,9,10,10,11,11,12,12,13,13,14,14,15,15,16,16,17,17,18,18,19,19,20,20,21,21,22,22,23,23,24,24,25,25,26,26,27,27,28,28,29,29,30,30,31,31,32,32,33,33,34,34,35,35,36,36,37,37,38,38,39,39,40,40,41,41,42,42,43,43,44,44,45,45,46,46,47,47,48,48,49,49,50,50,51,51,52,52,53,53,54,54,55,55,56,56,57,57,58,58,59,59,60,60,61,61,62,62,63,63,64,64,65,65,66,66,67,67,68,68,0],\"userEdges\":[]}]},{\"name\":\"发饰\",\"display\":[{\"name\":\"发饰\"}]},{\"name\":\"右小臂\",\"display\":[{\"type\":\"mesh\",\"name\":\"右小臂\",\"width\":150,\"height\":150,\"vertices\":[450.57,49.32,466.47,48.52,479.77,46.67,487.37,43.47,488.97,35.27,486.67,26.82,481.87,21.27,477.82,12.02,474.22,1.97,464.47,-10.23,452.82,-21.13,439.87,-32.43,430.62,-41.43,421.62,-47.43,410.77,-57.83,399.87,-67.13,389.82,-75.83,382.17,-83.23,372.62,-91.73,366.32,-100.53,350.17,-100.53,353.82,-92.78,355.42,-86.68,355.22,-79.28,350.92,-73.73,345.67,-70.28,347.97,-59.98,355.92,-52.03,362.77,-52.28,370.22,-53.33,376.62,-44.08,383.22,-34.03,390.12,-22.68,397.77,-12.08,404.12,-2.83,409.17,5.37,416.07,16.77,424.77,27.32,434.02,37.12,441.97,44.52],\"uvs\":[0.70933,0.999,0.81533,0.99367,0.904,0.98133,0.95467,0.96,0.96533,0.90533,0.95,0.849,0.918,0.812,0.891,0.75033,0.867,0.68333,0.802,0.602,0.72433,0.52933,0.638,0.454,0.57633,0.394,0.51633,0.354,0.444,0.28467,0.37133,0.22267,0.30433,0.16467,0.25333,0.11533,0.18967,0.05867,0.14767,0,0.04,0,0.06433,0.05167,0.075,0.09233,0.07367,0.14167,0.045,0.17867,0.01,0.20167,0.02533,0.27033,0.07833,0.32333,0.124,0.32167,0.17367,0.31467,0.21633,0.37633,0.26033,0.44333,0.30633,0.519,0.35733,0.58967,0.39967,0.65133,0.43333,0.706,0.47933,0.782,0.53733,0.85233,0.599,0.91767,0.652,0.967],\"triangles\":[2,3,4,5,2,4,6,2,5,1,2,6,39,1,7,7,1,6,39,0,1,38,39,7,8,38,7,9,37,8,37,38,8,10,36,9,36,37,9,11,35,10,35,36,10,34,35,11,12,33,11,33,34,11,13,33,12,32,33,13,14,31,13,31,32,13,15,30,14,30,31,14,16,29,15,29,30,15,17,29,16,23,29,17,18,23,17,24,28,29,23,24,29,22,23,18,19,22,18,26,27,28,24,26,28,21,22,19,20,21,19,25,26,24],\"weights\":[1,32,1,1,32,1,1,32,1,1,32,1,1,32,1,1,32,1,1,32,1,1,40,1,1,40,1,1,40,1,1,40,1,1,40,1,1,40,1,1,40,1,1,40,1,1,40,1,1,40,1,1,40,1,1,40,1,1,40,1,1,40,1,1,40,1,1,40,1,1,40,1,1,40,1,1,40,1,1,40,1,1,40,1,1,40,1,1,40,1,1,40,1,1,40,1,1,40,1,1,40,1,1,40,1,1,40,1,1,40,1,1,40,1,1,32,1,1,32,1],\"slotPose\":[1,0,0,1,0,0],\"bonePose\":[32,-0.570082,-0.821588,0.821588,-0.570082,472.75,45.4,40,-0.667313,-0.744778,0.744778,-0.667313,460.85,28.25],\"edges\":[0,1,1,2,2,3,3,4,4,5,5,6,6,7,7,8,8,9,9,10,10,11,11,12,12,13,13,14,14,15,15,16,16,17,17,18,18,19,19,20,20,21,21,22,22,23,23,24,24,25,25,26,26,27,27,28,28,29,29,30,30,31,31,32,32,33,33,34,34,35,35,36,36,37,37,38,38,39,39,0],\"userEdges\":[]}]},{\"name\":\"头发2\",\"display\":[{\"type\":\"mesh\",\"name\":\"头发2\",\"width\":142,\"height\":179,\"vertices\":[-224.44,-320.34,-226.29,-323.29,-229.04,-326.44,-232.59,-328.24,-238.84,-328.24,-245.54,-326.59,-251.49,-322.74,-257.54,-318.24,-261.89,-312.79,-265.29,-305.99,-268.79,-299.34,-271.89,-292.19,-274.14,-284.34,-275.89,-278.24,-277.34,-269.14,-278.34,-263.89,-279.44,-257.84,-281.69,-251.84,-284.39,-245.19,-288.34,-238.29,-292.24,-232.49,-295.79,-228.49,-300.04,-223.99,-305.14,-219.09,-310.49,-215.09,-317.09,-210.34,-322.09,-205.34,-327.99,-200.04,-332.74,-195.04,-336.04,-189.04,-341.59,-184.89,-346.34,-180.04,-349.29,-173.29,-350.39,-162.74,-350.39,-155.14,-347.54,-149.24,-345.44,-149.24,-344.14,-155.64,-341.29,-161.44,-337.59,-166.39,-333.84,-170.89,-328.94,-175.29,-324.09,-177.54,-317.94,-178.84,-310.59,-180.99,-303.59,-183.09,-297.44,-187.04,-289.39,-187.14,-282.99,-189.59,-277.89,-193.04,-272.19,-199.09,-268.29,-204.34,-266.14,-208.94,-262.94,-214.74,-259.54,-223.39,-256.94,-230.49,-255.14,-236.79,-253.39,-245.54,-251.94,-253.34,-250.99,-261.44,-249.14,-269.84,-246.49,-276.34,-243.44,-283.44,-240.24,-289.09,-236.69,-295.04,-233.14,-300.49,-230.14,-303.94,-227.54,-305.44,-222.59,-303.69,-216.99,-300.84,-211.79,-298.49,-208.39,-297.64,-208.39,-302.34,-212.04,-306.64,-215.74,-311.14,-219.14,-315.29,-243.63,-313.4,-252.98,-298.45,-259.23,-283.5,-262.93,-267.35,-267.93,-251.45,-275.38,-231.85,-285.98,-214.35,-302.83,-199.75,-321.78,-187.9,-338.28,-177,-344.23,-169.25,-347.03,-159],\"uvs\":[0.88697,0.04413,0.87394,0.02765,0.85458,0.01006,0.82958,0,0.78556,0,0.73838,0.00922,0.69648,0.03073,0.65387,0.05587,0.62324,0.08631,0.5993,0.1243,0.57465,0.16145,0.55282,0.2014,0.53697,0.24525,0.52465,0.27933,0.51444,0.33017,0.50739,0.3595,0.49965,0.3933,0.4838,0.42682,0.46479,0.46397,0.43697,0.50251,0.40951,0.53492,0.38451,0.55726,0.35458,0.5824,0.31866,0.60978,0.28099,0.63212,0.23451,0.65866,0.1993,0.68659,0.15775,0.7162,0.1243,0.74413,0.10106,0.77765,0.06197,0.80084,0.02852,0.82793,0.00775,0.86564,0,0.92458,0,0.96704,0.02007,1,0.03486,1,0.04401,0.96425,0.06408,0.93184,0.09014,0.90419,0.11655,0.87905,0.15106,0.85447,0.18521,0.8419,0.22852,0.83464,0.28028,0.82263,0.32958,0.81089,0.37289,0.78883,0.42958,0.78827,0.47465,0.77458,0.51056,0.75531,0.5507,0.72151,0.57817,0.69218,0.59331,0.66648,0.61585,0.63408,0.63979,0.58575,0.6581,0.54609,0.67077,0.51089,0.6831,0.46201,0.69331,0.41844,0.7,0.37318,0.71303,0.32626,0.73169,0.28994,0.75317,0.25028,0.7757,0.21872,0.8007,0.18547,0.8257,0.15503,0.84683,0.13575,0.86514,0.12737,0.9,0.13715,0.93944,0.15307,0.97606,0.1662,1,0.17095,1,0.14469,0.9743,0.12067,0.94824,0.09553,0.9243,0.07235,0.7518,0.08293,0.68595,0.16644,0.64194,0.24996,0.61588,0.34019,0.58067,0.42901,0.52821,0.53851,0.45356,0.63628,0.3349,0.71784,0.20144,0.78404,0.08525,0.84494,0.04335,0.88823,0.02363,0.9455],\"triangles\":[70,71,72,73,70,72,69,70,73,74,69,73,68,69,74,75,68,74,67,68,75,0,67,75,76,66,67,1,76,0,76,67,0,4,76,3,3,76,2,2,76,1,76,65,66,5,76,4,76,77,64,76,64,65,77,63,64,5,6,76,77,62,63,78,61,62,77,78,62,8,77,76,7,8,76,6,7,76,78,60,61,8,9,77,79,59,60,78,79,60,80,57,58,59,79,58,79,80,58,10,78,77,9,10,77,10,11,78,80,56,57,81,55,56,80,81,56,13,79,78,81,54,55,12,13,78,11,12,78,81,53,54,15,80,79,13,14,79,15,16,80,14,15,79,82,52,53,81,82,53,18,81,80,17,18,80,82,51,52,82,50,51,16,17,80,82,49,50,20,82,81,18,19,81,82,48,49,19,20,81,20,21,82,82,83,48,83,47,48,83,46,47,21,22,82,22,23,82,23,83,82,23,24,83,83,45,46,84,44,83,83,44,45,25,26,83,26,84,83,24,25,83,84,43,44,26,27,84,84,42,43,28,29,84,27,28,84,85,40,41,30,85,29,85,86,39,85,39,40,30,31,85,86,38,39,31,32,86,31,86,85,87,37,38,32,33,86,33,34,87,29,84,85,41,42,84,85,41,84,33,86,87,86,87,38,34,35,36,87,34,36,87,36,37],\"weights\":[1,29,1,1,29,1,1,29,1,1,29,1,3,34,0.92,42,0.07,49,0.01,3,34,0.83,42,0.14,49,0.03,3,34,0.76,42,0.2,49,0.04,3,34,0.65,42,0.3,49,0.05,3,34,0.59,42,0.37,49,0.04,3,34,0.52,42,0.44,49,0.04,3,42,0.5,34,0.46,49,0.04,3,42,0.48,34,0.45,49,0.07,3,42,0.54,34,0.35,49,0.11,4,42,0.52,34,0.25,49,0.17,62,0.06,4,42,0.51,49,0.29,34,0.13,62,0.07,4,42,0.46,49,0.36,34,0.09,62,0.09,4,42,0.42,49,0.41,62,0.11,34,0.06,4,49,0.43,42,0.35,62,0.17,34,0.05,4,49,0.442542,62,0.26752,42,0.233845,64,0.056093,4,49,0.401907,62,0.373321,42,0.139644,64,0.085128,4,62,0.423939,49,0.348746,64,0.131406,42,0.095909,4,62,0.450573,49,0.277299,64,0.193732,42,0.078396,4,62,0.449114,64,0.285131,49,0.19523,70,0.070525,4,62,0.406326,64,0.367979,49,0.126497,70,0.099198,4,64,0.414176,62,0.349321,70,0.146494,49,0.090009,4,64,0.44854,70,0.237271,62,0.23529,74,0.078898,4,64,0.448462,70,0.327502,62,0.133613,74,0.090422,4,64,0.41531,70,0.411061,74,0.108693,62,0.064936,4,70,0.433336,64,0.371884,74,0.155907,62,0.038873,4,70,0.529136,74,0.242631,64,0.207512,62,0.020721,4,70,0.468526,74,0.430753,64,0.087502,62,0.013218,4,74,0.488395,70,0.448142,64,0.052871,62,0.010592,4,74,0.582704,70,0.354259,64,0.050692,62,0.012345,4,74,0.843506,70,0.118922,64,0.028902,62,0.00867,4,74,0.950064,70,0.03457,64,0.011438,62,0.003928,4,74,0.999121,70,0.00057,64,0.000226,62,0.000084,4,74,0.994428,70,0.003604,64,0.001437,62,0.00053,4,74,0.996745,70,0.002293,64,0.000728,62,0.000234,4,74,0.978507,70,0.016613,64,0.003841,62,0.00104,4,74,0.846067,70,0.129302,64,0.020218,62,0.004413,4,74,0.542173,70,0.398754,64,0.050716,62,0.008357,4,70,0.594031,74,0.267956,64,0.124859,62,0.013154,4,70,0.554109,64,0.277448,74,0.147934,62,0.020509,4,70,0.435694,64,0.425595,74,0.100845,62,0.037867,4,64,0.477992,70,0.351706,62,0.08706,74,0.083242,4,64,0.50705,70,0.239929,62,0.180664,74,0.072356,4,64,0.512598,62,0.300801,70,0.138222,74,0.04838,4,64,0.427317,62,0.396827,70,0.111175,49,0.06468,4,64,0.413632,62,0.407907,49,0.089661,70,0.088799,4,62,0.401794,64,0.392254,49,0.127543,70,0.07841,4,62,0.415471,64,0.316878,49,0.202725,70,0.064926,4,62,0.419152,49,0.276082,64,0.233324,42,0.071441,4,62,0.420225,49,0.332969,64,0.169825,42,0.076981,4,62,0.410567,49,0.393981,64,0.108378,42,0.087074,4,49,0.412971,62,0.407535,42,0.116928,64,0.062566,4,49,0.438837,62,0.322086,42,0.190538,64,0.04854,4,49,0.459166,42,0.289784,62,0.213875,64,0.037175,4,49,0.444046,42,0.421888,62,0.097885,34,0.036182,4,42,0.47,49,0.43,62,0.06,34,0.04,4,42,0.59,49,0.28,34,0.08,62,0.05,3,42,0.67,34,0.17,49,0.16,3,42,0.6,34,0.3,49,0.1,3,42,0.5,34,0.44,49,0.06,3,34,0.56,42,0.39,49,0.05,3,34,0.71,42,0.26,49,0.03,3,34,0.82,42,0.15,49,0.03,3,34,0.86,42,0.12,49,0.02,1,29,1,1,29,1,1,29,1,1,29,1,1,29,1,1,29,1,1,29,1,1,29,1,1,29,1,2,34,0.97,42,0.03,2,34,0.93,42,0.07,2,42,0.98,34,0.02,2,42,0.99,49,0.01,3,49,0.65,42,0.34,62,0.01,4,49,0.807146,62,0.184791,42,0.005516,64,0.002547,4,62,0.999942,64,0.000033,49,0.000022,42,0.000004,4,64,0.994455,62,0.004593,70,0.000714,49,0.000239,4,64,0.839146,70,0.160439,74,0.000292,62,0.000124,4,70,0.959162,74,0.04078,64,0.000051,62,0.000007,4,74,0.898242,70,0.089331,64,0.010102,62,0.002326,4,74,0.975807,70,0.017839,64,0.004859,62,0.001496],\"slotPose\":[1,0,0,1,0,0],\"bonePose\":[29,-0.776487,-0.630133,0.630133,-0.776487,-214.1,-302.35,34,-0.654609,0.755968,-0.755968,-0.654609,-233.2,-317.85,42,-0.210649,0.977562,-0.977562,-0.210649,-256.45,-291,49,-0.383408,0.923579,-0.923579,-0.383408,-264.8,-252.25,62,-0.637858,0.770154,-0.770154,-0.637858,-274.95,-227.8,64,-0.87077,0.491691,-0.491691,-0.87077,-295.2,-203.35,70,-0.817319,0.576185,-0.576185,-0.817319,-322.65,-187.85,74,-0.297464,0.954733,-0.954733,-0.297464,-338.75,-176.5],\"edges\":[0,1,1,2,2,3,3,4,4,5,5,6,6,7,7,8,8,9,9,10,10,11,11,12,12,13,13,14,14,15,15,16,16,17,17,18,18,19,19,20,20,21,21,22,22,23,23,24,24,25,25,26,26,27,27,28,28,29,29,30,30,31,31,32,32,33,33,34,34,35,35,36,36,37,37,38,38,39,39,40,40,41,41,42,42,43,43,44,44,45,45,46,46,47,47,48,48,49,49,50,50,51,51,52,52,53,53,54,54,55,55,56,56,57,57,58,58,59,59,60,60,61,61,62,62,63,63,64,64,65,65,66,66,67,67,68,68,69,69,70,70,71,71,72,72,73,73,74,74,75,75,0],\"userEdges\":[76,77,77,78,78,79,79,80,80,81,81,82,82,83,83,84,84,85,85,86,86,87,87,36]}]},{\"name\":\"右臂\",\"display\":[{\"type\":\"mesh\",\"name\":\"右臂\",\"width\":323,\"height\":421,\"vertices\":[338.5,-160.72,333.2,-157.12,330.05,-152.22,329.75,-143.12,329.75,-132.32,334.25,-122.37,343.8,-112.22,354.15,-103.77,365.75,-96.77,375.3,-93.62,386.1,-92.52,396.65,-92.52,400.25,-92.77,407.25,-88.72,413.15,-84.52,422.5,-79.82,429.45,-76.02,436.65,-72.87,436.15,-68.37,444.3,-62.07,454.95,-56.42,461.8,-50.42,469.15,-44.07,475.8,-38.42,479.05,-33.17,480.6,-25.92,482.35,-17.97,483.75,-11.77,487.65,-3.42,491.5,3.73,496,10.63,501.25,19.73,505.85,26.53,511.1,34.53,516.55,42.23,521.7,48.68,527.8,56.08,533.8,63.63,537.65,70.68,542,77.48,547.15,87.38,550.8,95.33,554.6,105.23,557.55,113.08,560.35,122.08,562.1,130.33,563.85,139.83,564.95,148.18,565.75,157.18,566.2,165.43,566.2,171.98,566.65,181.98,566.95,192.08,567.5,202.18,568.2,210.28,568.9,219.68,570.8,227.68,573.95,237.88,577.25,242.23,588.35,239.73,598.3,236.03,606.85,231.48,614.2,225.68,620.45,219.43,626.3,212.38,631.5,205.13,635.95,198.43,639.8,191.48,643.6,184.78,643.45,176.23,639.95,167.88,636.1,160.83,631.5,152.28,627.6,146.08,625.35,140.93,623.95,135.13,622.8,127.73,622.9,122.08,622.9,115.53,628.1,108.68,633.65,101.98,639.85,95.38,645.75,90.03,649.7,84.43,652.75,78.78,652.75,69.23,652.75,60.68,648.15,49.88,642.5,40.38,637.35,33.43,632.65,28.28,627.3,22.38,620.15,15.48,614.6,9.38,609,3.53,604.3,-2.82,600.15,-11.77,597.55,-18.37,593.55,-25.97,588.9,-37.72,585.35,-46.17,580.2,-57.12,571.25,-72.42,555.75,-85.37,536.2,-93.92,520.1,-91.72,491,-83.82,473.95,-106.82,465.8,-119.17,457.45,-125.47,449.15,-129.82,439.85,-136.27,430.8,-145.52,423.2,-150.97,422.25,-144.32,412.45,-153.57,408.3,-161.67,401.2,-166.37,394.8,-156.07,380.35,-166.37,355.65,-166.37,499.05,-48,514.85,-45.3,529.5,-43.8,542.25,-44.35,553.45,-47.9,556.45,-59.6,550.45,-10.5,570.6,21.65,591.9,76.8,595.45,116.35,598.4,162.7,601.7,200.6],\"uvs\":[0.02709,0.01354,0.01068,0.02209,0.00093,0.03373,0,0.05534,0,0.081,0.01393,0.10463,0.0435,0.12874,0.07554,0.14881,0.11146,0.16544,0.14102,0.17292,0.17446,0.17553,0.20712,0.17553,0.21827,0.17494,0.23994,0.18456,0.2582,0.19454,0.28715,0.2057,0.30867,0.21473,0.33096,0.22221,0.32941,0.2329,0.35464,0.24786,0.38762,0.26128,0.40882,0.27553,0.43158,0.29062,0.45217,0.30404,0.46223,0.31651,0.46703,0.33373,0.47245,0.35261,0.47678,0.36734,0.48885,0.38717,0.50077,0.40416,0.51471,0.42055,0.53096,0.44216,0.5452,0.45831,0.56146,0.47732,0.57833,0.49561,0.59427,0.51093,0.61316,0.5285,0.63173,0.54644,0.64365,0.56318,0.65712,0.57933,0.67307,0.60285,0.68437,0.62173,0.69613,0.64525,0.70526,0.6639,0.71393,0.68527,0.71935,0.70487,0.72477,0.72743,0.72817,0.74727,0.73065,0.76865,0.73204,0.78824,0.73204,0.8038,0.73344,0.82755,0.73437,0.85154,0.73607,0.87553,0.73824,0.89477,0.7404,0.9171,0.74628,0.9361,0.75604,0.96033,0.76625,0.97067,0.80062,0.96473,0.83142,0.95594,0.85789,0.94513,0.88065,0.93135,0.9,0.91651,0.91811,0.89976,0.93421,0.88254,0.94799,0.86663,0.95991,0.85012,0.97167,0.8342,0.97121,0.8139,0.96037,0.79406,0.94845,0.77732,0.93421,0.75701,0.92214,0.74228,0.91517,0.73005,0.91084,0.71627,0.90728,0.69869,0.90759,0.68527,0.90759,0.66971,0.92368,0.65344,0.94087,0.63753,0.96006,0.62185,0.97833,0.60914,0.99056,0.59584,1,0.58242,1,0.55974,1,0.53943,0.98576,0.51378,0.96827,0.49121,0.95232,0.4747,0.93777,0.46247,0.92121,0.44846,0.89907,0.43207,0.88189,0.41758,0.86455,0.40368,0.85,0.3886,0.83715,0.36734,0.8291,0.35166,0.81672,0.33361,0.80232,0.3057,0.79133,0.28563,0.77539,0.25962,0.74768,0.22328,0.69969,0.19252,0.63916,0.17221,0.58932,0.17743,0.49923,0.1962,0.44644,0.14157,0.42121,0.11223,0.39536,0.09727,0.36966,0.08694,0.34087,0.07162,0.31285,0.04964,0.28932,0.0367,0.28638,0.05249,0.25604,0.03052,0.24319,0.01128,0.22121,0.00012,0.20139,0.02458,0.15666,0.00012,0.08019,0.00012,0.52415,0.28129,0.57306,0.2877,0.61842,0.29127,0.65789,0.28996,0.69257,0.28153,0.70186,0.25374,0.68328,0.37037,0.74566,0.44673,0.81161,0.57773,0.8226,0.67167,0.83173,0.78177,0.84195,0.87179],\"triangles\":[81,82,85,129,81,85,87,129,85,82,83,85,87,85,86,85,83,84,88,129,87,89,129,88,129,80,81,70,67,69,69,67,68,90,129,89,71,131,70,132,66,67,70,131,67,131,132,67,91,129,90,129,79,80,72,131,71,132,65,66,92,129,91,128,129,92,129,130,79,73,131,72,132,64,65,130,78,79,74,131,73,132,63,64,75,131,74,93,128,92,76,130,75,130,131,75,130,77,78,77,130,76,132,62,63,132,61,62,94,128,93,130,46,131,46,47,131,131,51,132,132,60,61,95,128,94,51,52,132,54,55,132,96,128,95,129,42,130,45,46,130,50,51,131,47,48,131,53,54,132,52,53,132,128,38,129,42,43,130,97,127,96,127,128,96,38,39,129,98,127,97,49,50,131,48,49,131,41,42,129,43,44,130,44,45,130,37,38,128,99,127,98,39,40,129,40,41,129,100,125,99,125,127,99,101,125,100,36,37,128,102,126,101,126,125,101,124,127,125,103,126,102,127,33,128,33,34,128,34,35,128,35,36,128,32,33,127,104,123,126,103,104,126,105,123,104,124,123,127,123,124,126,124,125,126,31,32,127,30,31,127,123,122,127,122,29,127,29,30,127,28,29,122,105,122,123,27,28,122,121,122,105,106,121,105,26,27,122,25,26,121,121,26,122,24,25,121,21,22,106,106,22,121,22,23,121,23,24,121,107,20,106,20,21,106,19,20,107,17,19,107,108,17,107,16,17,109,109,17,108,15,16,110,110,16,109,14,15,110,13,14,111,111,14,110,17,18,19,12,13,114,114,13,111,112,114,111,113,114,112,118,10,11,118,11,12,115,118,114,118,12,114,8,9,118,9,10,118,116,118,115,7,8,118,117,118,116,120,6,119,119,6,118,6,7,118,5,6,120,3,4,5,3,5,120,0,3,120,2,3,1,1,3,0,56,57,58,56,58,132,55,56,132,60,59,132,59,58,132],\"weights\":[1,9,1,1,9,1,1,9,1,1,9,1,1,9,1,1,9,1,1,9,1,1,9,1,1,9,1,1,9,1,2,9,0.97,21,0.03,1,9,1,1,9,1,1,21,1,1,21,1,1,21,1,1,21,1,1,21,1,1,21,1,1,21,1,1,21,1,1,21,1,1,21,1,1,21,1,1,21,1,1,21,1,1,21,1,1,21,1,1,21,1,1,21,1,1,21,1,1,21,1,1,21,1,1,21,1,1,21,1,1,21,1,1,21,1,1,21,1,1,21,1,1,21,1,1,21,1,1,21,1,1,21,1,1,21,1,1,21,1,1,21,1,1,21,1,1,21,1,1,21,1,1,21,1,1,21,1,1,21,1,1,21,1,1,21,1,1,21,1,1,21,1,1,21,1,1,21,1,1,21,1,1,21,1,1,21,1,1,21,1,1,21,1,1,21,1,1,21,1,1,21,1,1,21,1,1,21,1,1,21,1,1,21,1,1,21,1,1,21,1,1,21,1,1,21,1,1,21,1,1,21,1,1,21,1,1,21,1,1,21,1,1,21,1,1,21,1,1,21,1,1,21,1,1,21,1,1,21,1,1,21,1,1,21,1,1,21,1,1,21,1,1,21,1,1,21,1,1,21,1,1,21,1,1,21,1,1,21,1,1,21,1,1,21,1,1,21,1,1,21,1,1,21,1,1,21,1,1,21,1,1,21,1,1,21,1,1,21,1,1,21,1,1,21,1,1,21,1,1,21,1,1,21,1,1,21,1,1,21,1,1,21,1,1,21,1,1,21,1,2,21,0.99,9,0.01,2,21,0.99,9,0.01,2,21,0.99,9,0.01,2,21,0.99,9,0.01,1,9,1,1,9,1,1,21,1,1,21,1,1,21,1,1,21,1,1,21,1,1,21,1,1,21,1,1,21,1,1,21,1,1,21,1,1,21,1,1,21,1],\"slotPose\":[1,0,0,1,0,0],\"bonePose\":[9,0.794281,0.607551,-0.607551,0.794281,330.55,-145.7,21,0.941047,0.338276,-0.338276,0.941047,359.9,-123.25],\"edges\":[0,1,1,2,2,3,3,4,4,5,5,6,6,7,7,8,8,9,9,10,10,11,11,12,12,13,13,14,14,15,15,16,16,17,17,18,18,19,19,20,20,21,21,22,22,23,23,24,24,25,25,26,26,27,27,28,28,29,29,30,30,31,31,32,32,33,33,34,34,35,35,36,36,37,37,38,38,39,39,40,40,41,41,42,42,43,43,44,44,45,45,46,46,47,47,48,48,49,49,50,50,51,51,52,52,53,53,54,54,55,55,56,56,57,57,58,58,59,59,60,60,61,61,62,62,63,63,64,64,65,65,66,66,67,67,68,68,69,69,70,70,71,71,72,72,73,73,74,74,75,75,76,76,77,77,78,78,79,79,80,80,81,81,82,82,83,83,84,84,85,85,86,86,87,87,88,88,89,89,90,90,91,91,92,92,93,93,94,94,95,95,96,96,97,97,98,98,99,99,100,100,101,101,102,102,103,103,104,104,105,105,106,106,107,107,108,108,109,109,110,110,111,111,112,112,113,113,114,114,115,115,116,116,117,117,118,118,119,119,120,120,0],\"userEdges\":[23,121,121,122,122,123,123,124,124,125,125,126,126,104,124,127,127,128,128,129,129,130,130,131,131,132,132,58]}]},{\"name\":\"头发4\",\"display\":[{\"type\":\"mesh\",\"name\":\"头发4\",\"width\":331,\"height\":126,\"vertices\":[357.15,-59.93,364.8,-72.38,371,-88.18,373.3,-105.88,386.6,-98.53,404.3,-90.93,419.8,-85.03,437,-81.73,457.3,-79.08,474.25,-81.38,497.1,-86.13,515.15,-91.28,536.3,-99.48,549,-106.53,554.65,-115.28,559.75,-128.78,565.95,-117.23,565.1,-108.48,584.85,-117.23,609.1,-120.63,640.65,-118.38,664.35,-109.88,678.75,-96.08,685.5,-82.23,688.15,-72.93,688.15,-53.18,667.45,-58.83,650.25,-61.08,652.5,-70.13,646.6,-81.43,637.3,-87.63,614.15,-86.78,587.9,-84.23,577.5,-80.58,569.85,-72.93,564.8,-65.03,549.95,-55.93,544.95,-51.23,542.55,-46.33,540.55,-36.43,532.5,-26.03,504.25,-10.03,482.2,-7.48,452.3,-7.48,427.6,-10.88,403.1,-20.78,383.25,-31.53,367.6,-44.83,362.1,-50.53,367.89,-80.25,395.05,-61.65,420.3,-51.2,451.25,-48.15,482.15,-52.05,515.7,-66,547.05,-82.55,578.85,-97.8,614.1,-104.3,646.8,-102.15,669.85,-84.3],\"uvs\":[0,0.58373,0.02311,0.48492,0.04184,0.35952,0.04879,0.21905,0.08897,0.27738,0.14245,0.3377,0.18927,0.38452,0.24124,0.41071,0.30257,0.43175,0.35378,0.41349,0.42281,0.37579,0.47734,0.33492,0.54124,0.26984,0.57961,0.21389,0.59668,0.14444,0.61208,0.0373,0.63082,0.12897,0.62825,0.19841,0.68792,0.12897,0.76118,0.10198,0.8565,0.11984,0.9281,0.1873,0.9716,0.29683,0.99199,0.40675,1,0.48056,1,0.6373,0.93746,0.59246,0.8855,0.5746,0.8923,0.50278,0.87447,0.4131,0.84637,0.36389,0.77644,0.37063,0.69713,0.39087,0.66571,0.41984,0.6426,0.48056,0.62734,0.54325,0.58248,0.61548,0.56737,0.65278,0.56012,0.69167,0.55408,0.77024,0.52976,0.85278,0.44441,0.97976,0.37779,1,0.28746,1,0.21284,0.97302,0.13882,0.89444,0.07885,0.80913,0.03157,0.70357,0.01495,0.65833,0.03245,0.42243,0.11451,0.57005,0.19079,0.65299,0.2843,0.67719,0.37765,0.64624,0.47901,0.53553,0.57372,0.40418,0.6698,0.28315,0.77629,0.23156,0.87508,0.24862,0.94472,0.39029],\"triangles\":[23,59,24,22,59,23,21,59,22,29,28,59,21,58,59,58,29,59,28,26,59,28,27,26,20,58,21,58,30,29,20,57,58,57,30,58,19,57,20,57,31,30,56,32,57,19,18,57,57,32,31,18,56,57,17,56,18,56,33,32,55,34,33,55,33,56,17,55,56,13,55,17,55,35,34,14,17,16,15,14,16,14,13,17,55,36,35,12,55,13,55,54,36,54,37,36,12,11,55,11,54,55,54,38,37,54,39,38,54,40,39,54,53,40,53,41,40,10,53,54,10,54,11,9,53,10,53,42,41,9,8,53,8,52,53,53,52,42,52,43,42,52,44,43,7,52,8,7,51,52,51,44,52,51,45,44,6,51,7,6,50,51,5,50,6,46,45,51,50,46,51,4,2,50,2,49,50,4,50,5,48,47,50,1,48,50,49,1,50,47,46,50,3,2,4,0,48,1,26,59,25,24,59,25],\"weights\":[1,23,1,1,23,1,1,23,1,1,23,1,3,36,0.72,41,0.2,56,0.08,3,36,0.62,41,0.28,56,0.1,3,36,0.48,41,0.39,56,0.13,3,41,0.4,36,0.37,56,0.23,4,56,0.33,41,0.29,59,0.21,36,0.17,4,56,0.36,59,0.34,41,0.18,65,0.12,4,59,0.43,65,0.27,56,0.23,41,0.07,4,65,0.41,59,0.4,71,0.1,56,0.09,4,65,0.53,71,0.27,59,0.17,73,0.03,4,65,0.45,71,0.44,59,0.06,73,0.05,4,71,0.42,65,0.42,73,0.09,59,0.07,4,71,0.37,65,0.35,73,0.18,59,0.1,4,71,0.45,65,0.35,73,0.14,59,0.06,4,71,0.53,65,0.37,73,0.07,59,0.03,4,71,0.514143,73,0.331849,65,0.128527,59,0.02548,4,73,0.494224,71,0.436061,65,0.052733,59,0.016982,4,73,0.7578,71,0.175785,65,0.045836,59,0.020579,4,73,0.905987,71,0.059994,65,0.022279,59,0.011739,4,73,0.887812,71,0.066297,65,0.029118,59,0.016773,4,73,0.818692,71,0.101938,65,0.049337,59,0.030033,4,73,0.766161,71,0.127577,65,0.065248,59,0.041014,4,73,0.661359,71,0.174447,65,0.098509,59,0.065686,4,73,0.716806,71,0.155541,65,0.078789,59,0.048864,4,73,0.674644,71,0.188031,65,0.086964,59,0.05036,4,73,0.784391,71,0.130624,65,0.054623,59,0.030361,4,73,0.885792,71,0.075381,65,0.02574,59,0.013088,4,73,0.9179,71,0.059031,65,0.015789,59,0.007281,4,73,0.646275,71,0.292241,65,0.045257,59,0.016227,4,71,0.551426,73,0.257839,65,0.158023,59,0.032712,4,71,0.51,65,0.3,73,0.14,59,0.05,4,71,0.4,65,0.39,73,0.11,59,0.1,4,65,0.4,71,0.33,59,0.17,73,0.1,4,65,0.42,59,0.33,71,0.18,56,0.07,4,65,0.4,59,0.37,71,0.14,56,0.09,4,65,0.38,59,0.38,71,0.13,56,0.11,4,65,0.36,59,0.36,56,0.15,71,0.13,4,59,0.34,65,0.32,56,0.22,71,0.12,4,59,0.33,56,0.33,65,0.17,41,0.17,4,56,0.33,59,0.31,41,0.25,65,0.11,4,56,0.34,41,0.34,59,0.16,36,0.16,4,41,0.33,56,0.3,36,0.27,59,0.1,3,36,0.41,41,0.39,56,0.2,3,36,0.54,41,0.33,56,0.13,3,36,0.72,41,0.2,56,0.08,3,36,0.76,41,0.17,56,0.07,1,23,1,2,36,0.99,41,0.01,3,41,0.5,36,0.49,56,0.01,2,41,0.51,56,0.49,1,56,1,1,59,1,3,65,0.97,71,0.02,59,0.01,4,71,0.998187,65,0.000998,73,0.000716,59,0.0001,4,73,0.955622,71,0.040964,65,0.002567,59,0.000847,4,73,0.979811,71,0.014229,65,0.004039,59,0.00192,4,73,0.919833,71,0.048018,65,0.020484,59,0.011665],\"slotPose\":[1,0,0,1,0,0],\"bonePose\":[23,0.745511,0.666494,-0.666494,0.745511,373.55,-78.8,36,0.936382,0.350983,-0.350983,0.936382,384.4,-69.1,41,0.957303,0.289087,-0.289087,0.957303,420.95,-55.4,56,0.981225,-0.192866,0.192866,0.981225,451.25,-46.25,59,0.910005,-0.414597,0.414597,0.910005,486.1,-53.1,65,0.833677,-0.552252,0.552252,0.833677,524.95,-70.8,71,0.975474,-0.220113,0.220113,0.975474,560.35,-94.25,73,0.988847,0.148933,-0.148933,0.988847,600.9,-103.4],\"edges\":[0,1,2,3,3,4,4,5,5,6,6,7,7,8,8,9,9,10,10,11,11,12,12,13,13,14,14,15,15,16,16,17,17,18,18,19,19,20,20,21,21,22,22,23,23,24,24,25,25,26,26,27,27,28,28,29,29,30,30,31,31,32,32,33,33,34,34,35,35,36,36,37,37,38,38,39,39,40,40,41,41,42,42,43,43,44,44,45,45,46,46,47,47,48,48,0,1,49,49,2],\"userEdges\":[49,50,50,51,51,52,52,53,53,54,54,55,55,56,56,57,57,58,58,59,59,25]}]},{\"name\":\"左臂衣摆1\",\"display\":[{\"type\":\"mesh\",\"name\":\"左手衣摆1\",\"width\":140,\"height\":238,\"vertices\":[34.3,-119,30.4,-93.5,26,-80.2,11.5,-64.6,-1.25,-34.05,-15.7,2.1,-32.4,28.7,-52.95,58.8,-55.75,81.6,-59.65,97.65,-70,109.95,-70,118.95,-30.15,118.95,13.2,118.95,63.8,118.95,67.1,77.15,70.05,26.5,70.05,-42.95,70.05,-102.95,62.65,-119],\"uvs\":[0.745,0,0.71714,0.10714,0.68571,0.16303,0.58214,0.22857,0.49107,0.35693,0.38786,0.50882,0.26857,0.62059,0.12179,0.74706,0.10179,0.84286,0.07393,0.91029,0,0.96197,0,0.99979,0.28464,0.99979,0.59429,0.99979,0.95571,0.99979,0.97929,0.82416,1.00036,0.61134,1.00036,0.31954,1.00036,0.06744,0.9475,0],\"triangles\":[13,14,15,19,1,18,1,2,18,6,15,16,5,6,16,4,5,16,2,3,17,4,16,17,3,4,17,18,2,17,0,1,19,6,13,15,6,7,13,8,12,13,7,8,13,8,9,12,9,11,12,10,11,9],\"edges\":[0,1,1,2,2,3,3,4,4,5,5,6,6,7,7,8,8,9,9,10,10,11,11,12,12,13,13,14,14,15,15,16,16,17,17,18,18,19,19,0],\"userEdges\":[]}]}]}],\"animation\":[{\"duration\":60,\"playTimes\":0,\"name\":\"newAnimation\",\"bone\":[{\"name\":\"左臂\",\"translateFrame\":[{\"duration\":30,\"curve\":[0.2914438502673797,-0.008955223880597014,0.7085561497326203,0.991044776119403]},{\"duration\":30,\"curve\":[0.5,0,0.5,1],\"x\":-0.51,\"y\":-0.82},{\"duration\":0}]},{\"name\":\"左臂2\",\"rotateFrame\":[{\"duration\":30,\"tweenEasing\":0,\"rotate\":2},{\"duration\":30,\"tweenEasing\":0},{\"duration\":0,\"rotate\":2}]},{\"name\":\"右臂2\",\"rotateFrame\":[{\"duration\":25,\"tweenEasing\":0},{\"duration\":35,\"tweenEasing\":0,\"rotate\":3},{\"duration\":0}]},{\"name\":\"右小臂2\",\"rotateFrame\":[{\"duration\":25,\"tweenEasing\":0},{\"duration\":35,\"tweenEasing\":0,\"rotate\":2},{\"duration\":0}]},{\"name\":\"左手2\",\"rotateFrame\":[{\"duration\":35,\"curve\":[0.5,0,0.5,1],\"rotate\":2},{\"duration\":25,\"curve\":[0.5,0,0.5,1]},{\"duration\":0,\"rotate\":2}]},{\"name\":\"右手2\",\"rotateFrame\":[{\"duration\":38,\"curve\":[0.28609625668449196,0,0.7112299465240641,1]},{\"duration\":22,\"curve\":[0.5,0,0.5,1],\"rotate\":12},{\"duration\":0}]},{\"name\":\"右手3\",\"rotateFrame\":[{\"duration\":42,\"curve\":[0.5,0,0.5,1]},{\"duration\":18,\"curve\":[0.5,0,0.5,1],\"rotate\":11},{\"duration\":0}]},{\"name\":\"右臂衣摆22\",\"rotateFrame\":[{\"duration\":10,\"curve\":[0.5,0,0.5,1],\"rotate\":2},{\"duration\":15,\"curve\":[0.5,0,0.5,1],\"rotate\":6},{\"duration\":15,\"curve\":[0.5,0,0.5,1]},{\"duration\":20,\"curve\":[0.5,0,0.5,1],\"rotate\":6},{\"duration\":0,\"rotate\":2}]},{\"name\":\"右臂衣摆23\",\"rotateFrame\":[{\"duration\":15,\"tweenEasing\":0,\"rotate\":7},{\"duration\":15,\"curve\":[0.5,0,0.5,1],\"rotate\":8},{\"duration\":15,\"curve\":[0.5,0,0.5,1]},{\"duration\":15,\"curve\":[0.5,0,0.5,1],\"rotate\":4},{\"duration\":0,\"rotate\":7}]},{\"name\":\"右臂衣摆24\",\"rotateFrame\":[{\"duration\":20,\"curve\":[0.5,0,0.5,1]},{\"duration\":15,\"curve\":[0.5,0,0.5,1],\"rotate\":16},{\"duration\":15,\"curve\":[0.5,0,0.5,1]},{\"duration\":10,\"curve\":[0.5,0,0.5,1],\"rotate\":16},{\"duration\":0}]},{\"name\":\"头发22\",\"rotateFrame\":[{\"duration\":19,\"curve\":[0.5,0,0.5,1],\"rotate\":1},{\"duration\":41,\"curve\":[0.660427807486631,0,0.37700534759358284,1.008955223880597],\"rotate\":2},{\"duration\":0,\"rotate\":1}]},{\"name\":\"头发23\",\"rotateFrame\":[{\"duration\":22,\"curve\":[0.5,0,0.5,1]},{\"duration\":38,\"curve\":[0.40909090909090906,0,0.6363636363636364,1],\"rotate\":7},{\"duration\":0}]},{\"name\":\"头发24\",\"rotateFrame\":[{\"duration\":25,\"curve\":[0.5,0,0.5,1]},{\"duration\":35,\"curve\":[0.3315508021390374,0,0.6871657754010695,1],\"rotate\":4},{\"duration\":0}]},{\"name\":\"头发25\",\"rotateFrame\":[{\"duration\":28,\"curve\":[0.5,0,0.5,1]},{\"duration\":32,\"curve\":[0.2914438502673797,0.008955223880597017,0.7058823529411764,1],\"rotate\":4},{\"duration\":0}]},{\"name\":\"头发26\",\"rotateFrame\":[{\"duration\":31,\"curve\":[0.5,0,0.5,1]},{\"duration\":29,\"curve\":[0.23529411764705888,0.008955223880597014,0.7433155080213903,1],\"rotate\":2},{\"duration\":0}]},{\"name\":\"头发27\",\"rotateFrame\":[{\"duration\":34,\"curve\":[0.5,0,0.5,1]},{\"duration\":26,\"curve\":[0.5,0,0.5,1],\"rotate\":9},{\"duration\":0}]},{\"name\":\"头发28\",\"rotateFrame\":[{\"duration\":37,\"curve\":[0.5,0,0.5,1]},{\"duration\":23,\"curve\":[0.5,0,0.5,1],\"rotate\":6},{\"duration\":0}]},{\"name\":\"头发12\",\"rotateFrame\":[{\"duration\":40,\"curve\":[0.5,0,0.5,1],\"rotate\":3},{\"duration\":20,\"curve\":[0.5,0,0.5,1],\"rotate\":2},{\"duration\":0,\"rotate\":3}]},{\"name\":\"头发13\",\"rotateFrame\":[{\"duration\":40,\"curve\":[0.5,0,0.5,1]},{\"duration\":20,\"curve\":[0.5,0,0.5,1],\"rotate\":-1},{\"duration\":0}]},{\"name\":\"头发14\",\"rotateFrame\":[{\"duration\":40,\"curve\":[0.5,0,0.5,1]},{\"duration\":20,\"curve\":[0.5,0,0.5,1],\"rotate\":-2},{\"duration\":0}]},{\"name\":\"头发15\",\"rotateFrame\":[{\"duration\":40,\"curve\":[0.5,0,0.5,1]},{\"duration\":20,\"curve\":[0.5,0,0.5,1],\"rotate\":3},{\"duration\":0}]},{\"name\":\"头发16\",\"rotateFrame\":[{\"duration\":40,\"curve\":[0.5,0,0.5,1]},{\"duration\":20,\"curve\":[0.5,0,0.5,1],\"rotate\":3},{\"duration\":0}]},{\"name\":\"左臂衣摆21\",\"rotateFrame\":[{\"duration\":20,\"curve\":[0.2834224598930481,0.008955223880597017,0.7593582887700534,1]},{\"duration\":40,\"curve\":[0.5,0,0.5,1],\"rotate\":-2},{\"duration\":0}]},{\"name\":\"左臂衣摆22\",\"rotateFrame\":[{\"duration\":25,\"curve\":[0.5,0,0.5,1],\"rotate\":5},{\"duration\":35,\"curve\":[0.5,0,0.5,1],\"rotate\":-2},{\"duration\":0,\"rotate\":5}]},{\"name\":\"左臂衣摆23\",\"rotateFrame\":[{\"duration\":30,\"tweenEasing\":0,\"rotate\":8},{\"duration\":30,\"curve\":[0.5,0,0.5,1],\"rotate\":-4},{\"duration\":0,\"rotate\":8}]},{\"name\":\"左臂衣摆24\",\"rotateFrame\":[{\"duration\":35,\"curve\":[0.5,0,0.5,1]},{\"duration\":25,\"curve\":[0.5,0,0.5,1],\"rotate\":-8},{\"duration\":0}]},{\"name\":\"头发42\",\"rotateFrame\":[{\"duration\":20,\"curve\":[0.37700534759358284,0,0.6898395721925134,1],\"rotate\":5},{\"duration\":40,\"curve\":[0.5,0,0.5,1],\"rotate\":2},{\"duration\":0,\"rotate\":5}]},{\"name\":\"头发43\",\"rotateFrame\":[{\"duration\":23,\"curve\":[0.5,0,0.5,1],\"rotate\":3},{\"duration\":37,\"curve\":[0.5,0,0.5,1],\"rotate\":-4},{\"duration\":0,\"rotate\":3}]},{\"name\":\"头发44\",\"rotateFrame\":[{\"duration\":26,\"curve\":[0.5,0,0.5,1],\"rotate\":2},{\"duration\":34,\"curve\":[0.5,0,0.5,1],\"rotate\":-4},{\"duration\":0,\"rotate\":2}]},{\"name\":\"头发45\",\"rotateFrame\":[{\"duration\":29,\"curve\":[0.5,0,0.5,1],\"rotate\":3},{\"duration\":31,\"curve\":[0.5,0,0.5,1],\"rotate\":-5},{\"duration\":0,\"rotate\":3}]},{\"name\":\"头发46\",\"rotateFrame\":[{\"duration\":32,\"curve\":[0.5,0,0.5,1],\"rotate\":5},{\"duration\":28,\"curve\":[0.5,0,0.5,1]},{\"duration\":0,\"rotate\":5}]},{\"name\":\"头发47\",\"rotateFrame\":[{\"duration\":35,\"curve\":[0.5,0,0.5,1],\"rotate\":4},{\"duration\":25,\"curve\":[0.5,0,0.5,1],\"rotate\":-5},{\"duration\":0,\"rotate\":4}]},{\"name\":\"头发48\",\"rotateFrame\":[{\"duration\":38,\"curve\":[0.5,0,0.5,1],\"rotate\":5},{\"duration\":22,\"curve\":[0.5,0,0.5,1],\"rotate\":-7},{\"duration\":0,\"rotate\":5}]},{\"name\":\"头带1\",\"rotateFrame\":[{\"duration\":9,\"curve\":[0.1703296703296704,0,0.8159340659340659,1]},{\"duration\":15,\"curve\":[0.5,0,0.5,1],\"rotate\":3},{\"duration\":17,\"curve\":[0.5,0,0.5,1]},{\"duration\":19,\"curve\":[0.5,0,0.5,1],\"rotate\":3},{\"duration\":0}]},{\"name\":\"头带2\",\"rotateFrame\":[{\"duration\":11,\"curve\":[0.5,0,0.5,1]},{\"duration\":15,\"curve\":[0.5,0,0.5,1],\"rotate\":2},{\"duration\":17,\"curve\":[0.5,0,0.5,1]},{\"duration\":17,\"curve\":[0.5,0,0.5,1],\"rotate\":2},{\"duration\":0}]},{\"name\":\"头带3\",\"rotateFrame\":[{\"duration\":13,\"curve\":[0.5,0,0.5,1]},{\"duration\":15,\"curve\":[0.5,0,0.5,1],\"rotate\":10},{\"duration\":17,\"curve\":[0.5,0,0.5,1]},{\"duration\":15,\"curve\":[0.5,0,0.5,1],\"rotate\":10},{\"duration\":0}]},{\"name\":\"头带4\",\"rotateFrame\":[{\"duration\":15,\"curve\":[0.5,0,0.5,1]},{\"duration\":15,\"curve\":[0.5,0,0.5,1],\"rotate\":7},{\"duration\":17,\"curve\":[0.5,0,0.5,1]},{\"duration\":13,\"curve\":[0.5,0,0.5,1],\"rotate\":7},{\"duration\":0}]},{\"name\":\"头带5\",\"rotateFrame\":[{\"duration\":17,\"curve\":[0.5,0,0.5,1]},{\"duration\":15,\"curve\":[0.5,0,0.5,1],\"rotate\":9},{\"duration\":17,\"curve\":[0.5,0,0.5,1]},{\"duration\":11,\"curve\":[0.5,0,0.5,1],\"rotate\":9},{\"duration\":0}]},{\"name\":\"头带6\",\"rotateFrame\":[{\"duration\":19,\"curve\":[0.5,0,0.5,1]},{\"duration\":15,\"curve\":[0.5,0,0.5,1],\"rotate\":12},{\"duration\":17,\"curve\":[0.5,0,0.5,1]},{\"duration\":9,\"curve\":[0.5,0,0.5,1],\"rotate\":12},{\"duration\":0}]},{\"name\":\"头带7\",\"rotateFrame\":[{\"duration\":21,\"curve\":[0.5,0,0.5,1]},{\"duration\":15,\"curve\":[0.5,0,0.5,1],\"rotate\":7},{\"duration\":17,\"curve\":[0.5,0,0.5,1]},{\"duration\":7,\"curve\":[0.5,0,0.5,1],\"rotate\":7},{\"duration\":0}]}],\"slot\":[{\"name\":\"睁眼\",\"displayFrame\":[{\"duration\":35},{\"duration\":2,\"value\":-1},{\"duration\":23}]},{\"name\":\"眨眼中间帧\",\"displayFrame\":[{\"duration\":35,\"value\":-1},{\"duration\":7},{\"duration\":18,\"value\":-1}]},{\"name\":\"闭眼\",\"displayFrame\":[{\"duration\":37,\"value\":-1},{\"duration\":3},{\"duration\":20,\"value\":-1}]}],\"ffd\":[{\"name\":\"右臂\",\"slot\":\"右臂\",\"frame\":[{\"duration\":35,\"tweenEasing\":0},{\"duration\":25,\"tweenEasing\":0,\"offset\":92,\"vertices\":[-2.2,0.08,-3.8,0.14,-5.6,0.21,-5.6,0.21,-5.6,0.21,-5.6,0.21,-5.6,0.21,-5.6,0.21,-5.6,0.21,-5.6,0.21,-5.6,0.21,-5.6,0.21,-6.05,0.23,-8.94,2.71,-8.94,2.71,-8.94,2.71,-8.94,2.71,-7.49,2.64,-4.74,2.54,-4.74,2.54,-4.74,2.54,-4.74,2.54,-4.74,2.54,-4.74,2.54,-4.74,2.54,-4.74,2.54,-4.74,2.54,-5.36,0.97,-5.36,0.97,-5.36,0.97,-5.36,0.97,-5.36,0.97,-5.36,0.97,-5.36,0.97,-5.36,0.97,-5.36,0.97,-5.36,0.97,-2.06,0.84,-2.06,0.84,-1.8,5.54,0.26,4.69,0.26,4.69,0.26,4.69,0.26,4.69,0.26,4.69,0.26,4.69,0.26,4.69,0.26,4.69,0.26,4.69,0.26,4.69,0.26,4.69,0.26,4.69,0.26,4.69,0.26,4.69,0.26,4.69,0.26,4.69,0.26,4.69,0.26,4.69,0,0,0,0,0,0,0,0,0,0,0,0,0,0,0,0,0,0,0,0,0,0,0,0,0,0,0,0,0,0,0,0,0,0,0,0,0,0,0,0,0,0,0,0,0,0,-10.42,0.87,-8.66,7.7,-11.33,5.16,-12.11,6.75,-8.18,4.07,-8.63,5.09]},{\"duration\":0}]},{\"name\":\"右手衣摆1\",\"slot\":\"右臂衣摆\",\"frame\":[{\"duration\":35,\"curve\":[0.28609625668449196,0,0.7085561497326203,1]},{\"duration\":25,\"curve\":[0.5,0,0.5,1],\"offset\":2,\"vertices\":[-4.35,0.16,-5.3,0.2,-5,0.19,-4.25,0.16,-4.25,0.16,-4.25,0.16,-4.25,0.16,-4.25,0.16,-4.25,0.16,-4.25,0.16,-4.25,0.16,-4.25,0.16,-4.45,0.17,-7.1,0.27,-7.1,0.27,-7.1,0.27,-7.1,0.27,-7.1,0.27,-7.1,0.27,-5.65,0.21,-2.2,0.08,-8.24,0.31,-8.24,0.31,-8.24,0.31,-8.24,0.31,-8.24,0.31,-8.24,0.31,-8.24,0.31,-8.24,0.31,-8.24,0.31,-8.24,0.31,-8.24,0.31,-8.24,0.31,-8.24,0.31,-8.24,0.31,0,0,0,0,0,0,0,0,0,0,0,0,0,0,0,0,0,0,0,0,0,0,0,0,-3.75,0.14,-9.34,0.35,-9.34,0.35,-5.6,0.21,-5.6,0.21,-2.45,0.09,-3.23,-0.63,-2.45,0.09,-2.45,0.09,-2.55,0.1,-6,0.22,-4.55,0.17,-4.5,0.17,-3.9,0.15,-1.4,0.05]},{\"duration\":0}]},{\"name\":\"身体\",\"slot\":\"身体\",\"frame\":[{\"duration\":30,\"curve\":[0.5,0,0.5,1],\"offset\":401,\"vertices\":[0.7,0,0,0,0,0,0,-0.55,2.7]},{\"duration\":15,\"tweenEasing\":0,\"offset\":20,\"vertices\":[-1.3,0.1,-1.3,0.1,-1.3,0.1,-1.3,0.1,-1.3,0.1,-1.3,0.1,0,0,0,0,0,0,-1.35,0,-1.35,0,-1.35,0,-1.35,0.45,-1.35,0,-1.3,0,-0.45,0,-0.9,0,-0.45,0,-0.45,0,-0.05,0,-0.5,0,-0.45,0,-0.95,0,-0.45,0,0.5,0,0.5,0,0.5,0,0.5,0,0,0,0,0,0,0,0,0,0,0,0,0,0,0,0,0,0,0,0,0,0,0,0,0,0,0,-0.15,0.4,-1.75,0,-2.05,0,-2.2,0,-2.85,0,-3.2,0,-3.35,0,-2.45,0,-3.15,0,-2.45,0,-4.95,0,-5.05,0,-6.2,0,-3.8,0,-1.9,0,-1.75,0,-1.75,0,-1.75,0,-1.75,0,-1.75,0,-1.75,0,-1.75,0,-1.75,0,-1.75,0,-1.75,0,-1.75,0,0,0,0,0,0,0,0,0,0,0,0,0,0,0,0,0,0,0,0,0,0,0,0,0,0,0,0,0,0,0,0,0,0,0,0,0,0,0,0,0,0,0,0,0,0,0,0,0,0,0,0,0,0,0,0,0,0,0,0,0,0,0,0,0,0,0,0,0,0,0,0,0,0,0,0,0,0.4,0,0.4,0,0.4,0,0.4,0,0,0,-0.4,0,-0.95,0,-0.95,0,-0.95,0,-0.95,0,-0.95,0,-0.95,0,-0.95,0,-0.95,0,-0.95,0,-0.95,0,-0.95,0,-0.95,0,-1.6,0.2,-1.65,0,-1.6,0,-0.9,0,1.9,-1.84,1.9,-1.84,1.9,-1.84,3.1,-1.84,3.65,-1.84,3.65,-1.84,3.65,-1.84,3.15,-1.84,3.15,-3.29,3.15,-3.29,3.55,-4.19,2.8,-4.19,2.8,-4.19,2.8,-4.19,2.8,-4.19,2.4,-3.69,2.4,-3.29,2.4,-1.09,1.25,0.56,0.34,-0.5,0.04,0,0,0,0,0,0,0,0,0,0,0,0,0,0,0,0,0,0,0,0,0,0,0,0,0,0,0,0,0,0,0,0,0,0,0,0,0,0,0,0,0,0,-2.1,0.34,-1.85,0.34,-1.85,-0.22,-1.85,-0.22,-1.85,-0.77,-0.75,-0.77,-0.6,-0.77,0.5,-1.87,-0.6,-1.72,-0.8,-1.87,-0.6,-1.32,-0.6,-1.32,-0.6,-0.67,-3,0.34,-1.85,2.57,-5.15,3.02,-5.1,2.47,-3.95,3.12,-3.95,3.02,-6.1,1.32,-6.2,0.82,-6.1,0.52,-3.22,0.52,-3.22,0.52,-3.22,0.52,-3.22,2.65,-1.3,1.5,-5.7,1.2,-5.25,1.05,0.05,1.05,-0.8,-0.55,-1.6,-1.6,0.05]},{\"duration\":15,\"curve\":[0.2754010695187166,-0.008955223880597014,0.7352941176470589,1],\"offset\":20,\"vertices\":[-0.65,0.05,-0.65,0.05,-0.65,0.05,-0.65,0.05,-0.65,0.05,-0.65,0.05,0,0,0,0,0,0,-0.67,0,-0.68,0,-0.68,0,-0.68,0.23,-0.67,0,-0.65,0,-0.22,0,-0.45,0,-0.22,0,-0.23,0,-0.03,0,-0.25,0,-0.22,0,-0.48,0,-0.23,0,0.25,0,0.25,0,0.25,0,0.25,0,0,0,0,0,0,0,0,0,0,0,0,0,0,0,0,0,0,0,0,0,0,0,0,0,0,0,0,0,0,0,0,0,0,0,0,0,0,0,0,0,0,0,0,0,0,0,0,0,0,0,0,0,0,0,0,0,0,0,0,0,0,0,0,0,0,0,0,0,0,0,0,0,0,0,0,0,0,0,0,0,0,0,0,0,0,0,0,0,0,0,0,0,0,0,0,0,0,0,0,0,0,0,0,0,0,0,0,0,0,0,0,0,0,0,0,0,0,0,0,0,0,0,0,0,0,0,0,0,0,0,0,0,0,0,0,0,0,0,0,0,0,0,0,0,0,0,0,0,0,0,0,0,0,0,0,0,0,0,0,0,0,0,0,0,0,0,0,0,0,0,0,0,0,0,0,0,0,0,0,0,0,0,0,0,0,0,0,0,-0.22,0,-0.43,0.1,-0.35,0,-0.27,0,-0.2,0,0.95,-0.92,0.95,-0.92,0.95,-0.92,1.55,-0.92,1.82,-0.92,1.82,-0.92,1.82,-0.92,1.57,-0.92,1.57,-1.64,1.57,-1.64,1.77,-2.09,1.4,-2.09,1.4,-2.09,1.4,-2.09,1.4,-2.09,1.2,-1.84,1.2,-1.64,1.2,-0.54,0.62,0.28,0.17,-0.25,0.02,0,0,0,0,0,0,0,0,0,0,0,0,0,0,0,0,0,0,0,0,0,0,0,0,0,0,0,0,0,0,0,0,0,0,0,0,0,0,0,0,0,0,-1.05,0.17,-0.93,0.17,-0.93,-0.11,-0.92,-0.11,-0.92,-0.39,-0.93,-0.39,-0.3,-0.39,-0.3,-0.39,-0.3,-0.39,-0.3,-0.39,-0.3,-0.39,-0.3,-0.39,-0.3,0.21,-0.6,0.17,-0.93,0.41,-2.57,0.41,-2.55,0.41,-1.97,0.41,-1.97,0.41,-1.97,0.41,-1.97,0.41,-1.97,0.26,-0.86,0.26,-1.76,0.26,-2.26,0.26,-2.26,1.32,0.93,1.35,-3.3,0.6,-3.07,0.53,0.03,0.53,0,-0.28,0,-0.8,0.03]},{\"duration\":0,\"offset\":401,\"vertices\":[0.7,0,0,0,0,0,0,-0.55,2.7]}]},{\"name\":\"头发大\",\"slot\":\"头发6\",\"frame\":[{\"duration\":35,\"curve\":[0.5,0,0.5,1]},{\"duration\":25,\"curve\":[0.5,0,0.5,1],\"offset\":2,\"vertices\":[65.2,-35.4,0,0,64.85,-45.65]},{\"duration\":0}]},{\"name\":\"头发5\",\"slot\":\"头发5\",\"frame\":[{\"duration\":35,\"curve\":[0.5,0,0.5,1],\"vertices\":[6.9,1.25,0,0,-31.25,0.9]},{\"duration\":25,\"curve\":[0.5,0,0.5,1]},{\"duration\":0,\"vertices\":[6.9,1.25,0,0,-31.25,0.9]}]}]}],\"defaultActions\":[{\"gotoAndPlay\":\"newAnimation\"}]}]}"}