{"__type__":"dragonBones.DragonBonesAtlasAsset","_name":"douxia_tex","_atlasJson":"{\"width\":256,\"imagePath\":\"douxia_tex.png\",\"height\":512,\"name\":\"douxia\",\"SubTexture\":[{\"y\":99,\"frameX\":-519,\"frameHeight\":765,\"frameY\":-314,\"width\":91,\"frameWidth\":1020,\"height\":91,\"name\":\"kyby_dx_10\",\"x\":1},{\"y\":341,\"frameX\":-506,\"frameHeight\":765,\"frameY\":-316,\"width\":98,\"frameWidth\":1020,\"height\":79,\"name\":\"kyby_dx_08\",\"x\":98},{\"y\":422,\"frameX\":-501,\"frameHeight\":765,\"frameY\":-316,\"width\":99,\"frameWidth\":1020,\"height\":71,\"name\":\"kyby_dx_07\",\"x\":108},{\"y\":93,\"frameX\":-519,\"frameHeight\":765,\"frameY\":-313,\"width\":92,\"frameWidth\":1020,\"height\":93,\"name\":\"kyby_dx_01\",\"x\":98},{\"y\":266,\"frameX\":-490,\"frameHeight\":765,\"frameY\":-309,\"width\":110,\"frameWidth\":1020,\"height\":73,\"name\":\"kyby_dx_05\",\"x\":98},{\"y\":188,\"frameX\":-494,\"frameHeight\":765,\"frameY\":-308,\"width\":108,\"frameWidth\":1020,\"height\":76,\"name\":\"kyby_dx_04\",\"x\":94},{\"y\":266,\"frameX\":-511,\"frameHeight\":765,\"frameY\":-315,\"width\":95,\"frameWidth\":1020,\"height\":86,\"name\":\"kyby_dx_09\",\"x\":1},{\"y\":1,\"frameX\":-503,\"frameHeight\":765,\"frameY\":-309,\"width\":98,\"frameWidth\":1020,\"height\":90,\"name\":\"kyby_dx_03\",\"x\":98},{\"y\":1,\"frameX\":-513,\"frameHeight\":765,\"frameY\":-311,\"width\":95,\"frameWidth\":1020,\"height\":96,\"name\":\"kyby_dx_02\",\"x\":1},{\"y\":422,\"frameX\":-493,\"frameHeight\":765,\"frameY\":-312,\"width\":105,\"frameWidth\":1020,\"height\":70,\"name\":\"kyby_dx_06\",\"x\":1}]}","_texture":{"__uuid__":"dbEl/Ve0ZBqbwxZMWUCohC"},"texture":{"__uuid__":"dbEl/Ve0ZBqbwxZMWUCohC"}}