{"__type__":"sp.SkeletonData","_name":"Xocxoc","_skeletonJson":{"skeleton":{"hash":"4kPNuxR5vfUrf0B84OKRcRO7ULI","spine":"3.6.52","width":199,"height":212,"images":"./7Icon/"},"bones":[{"name":"root"},{"name":"bone5","parent":"root","color":"f100ffff"},{"name":"bone38","parent":"bone5","x":3.76,"y":-35.94,"color":"f100ffff"},{"name":"bone31","parent":"bone38","length":32.67,"rotation":-58.39,"x":-43.87,"y":102.72,"color":"f100ffff"},{"name":"bone32","parent":"bone38","x":-4.28,"y":41.73,"color":"f100ffff"},{"name":"bone33","parent":"bone38","x":36.38,"y":35.31,"color":"f100ffff"},{"name":"bone34","parent":"bone38","x":-9.63,"y":18.19,"color":"f100ffff"},{"name":"bone35","parent":"bone38","x":32.1,"y":7.49,"color":"f100ffff"},{"name":"bone36","parent":"bone5","x":-40.11,"y":-42.55,"color":"f100ffff"},{"name":"bone37","parent":"bone5","x":31.58,"y":-68.23,"color":"f100ffff"}],"slots":[{"name":"Disc","bone":"bone38","attachment":"Disc"},{"name":"Black 2","bone":"bone34","attachment":"Black 2"},{"name":"Red 2","bone":"bone35","attachment":"Red 2"},{"name":"Black 1","bone":"bone33","attachment":"Black 1"},{"name":"Shadow 1","bone":"bone38","attachment":"Shadow 1"},{"name":"Bowl","bone":"bone31","attachment":"Bowl"},{"name":"Red 1","bone":"bone32","attachment":"Red 1"},{"name":"xóc","bone":"bone36","attachment":"xóc"},{"name":"xóc 2","bone":"bone37","attachment":"xóc 2"}],"skins":{"default":{"Black 1":{"Black 1":{"x":1.19,"y":0.45,"width":36,"height":22}},"Black 2":{"Black 2":{"x":-1.3,"y":-3.43,"width":39,"height":22}},"Bowl":{"Bowl":{"type":"mesh","uvs":[0.15069,0.17017,0.41391,0.00613,0.7308,0.03044,0.90713,0.11549,0.96341,0.22963,1,0.30383,0.77935,0.65621,0.41135,0.89923,0.10213,0.96302,0.04791,0.84852,0,0.74734,0.02035,0.49217,0.17369,0.65621,0.32446,0.50432,0.59024,0.34028,0.78446,0.2613],"triangles":[15,2,3,15,3,4,14,1,2,14,2,15,0,1,14,13,0,14,11,0,13,12,11,13,6,14,15,13,14,6,5,6,15,5,15,4,10,11,12,9,10,12,7,13,6,12,13,7,8,9,12,7,8,12],"vertices":[-6.27,-12.08,-3.69,25.28,19.43,57.93,38.75,72.13,52.77,71.83,61.89,71.63,79.13,28.38,76.76,-24.61,62.1,-61.34,48.19,-60.79,35.89,-60.31,14.2,-43.95,39.13,-36.61,35.38,-12,38.12,25.64,43.81,50.87],"hull":12,"edges":[0,2,2,4,4,6,10,12,12,14,14,16,20,22,0,22,16,18,18,20,18,24,24,26,26,28,28,30,6,8,8,10,30,8],"width":126,"height":106}},"Disc":{"Disc":{"x":0.57,"y":8.26,"width":176,"height":93}},"Red 1":{"Red 1":{"x":-3.65,"y":3.53,"width":41,"height":43}},"Red 2":{"Red 2":{"x":1.97,"y":-3.73,"width":39,"height":22}},"Shadow 1":{"Shadow 1":{"x":38.07,"y":28.64,"width":33,"height":15}},"xóc":{"xóc":{"x":1.44,"y":3.74,"width":116,"height":56}},"xóc 2":{"xóc 2":{"x":2.75,"y":5.42,"width":116,"height":56}}}},"animations":{"Idle":{"bones":{"bone38":{"translate":[{"time":0,"x":0,"y":0},{"time":0.2667,"x":0,"y":10.02},{"time":0.5,"x":0,"y":0},{"time":0.7667,"x":0,"y":10.02},{"time":1,"x":0,"y":0,"curve":"stepped"},{"time":1.5,"x":0,"y":0},{"time":1.7667,"x":0,"y":10.02},{"time":2,"x":0,"y":0},{"time":2.2667,"x":0,"y":10.02},{"time":2.5,"x":0,"y":0}]},"bone31":{"rotate":[{"time":0,"angle":-12.85,"curve":[0.25,0,0.75,1]},{"time":0.3667,"angle":9.93,"curve":[0.25,0,0.75,1]},{"time":0.7667,"angle":-12.85,"curve":[0.25,0,0.75,1]},{"time":1.1,"angle":9.93,"curve":[0.25,0,0.75,1]},{"time":1.5,"angle":-12.85,"curve":[0.25,0,0.75,1]},{"time":1.8667,"angle":9.93,"curve":[0.25,0,0.75,1]},{"time":2.2667,"angle":-12.85,"curve":[0.25,0,0.75,1]},{"time":2.6,"angle":9.93,"curve":[0.25,0,0.75,1]},{"time":3,"angle":-12.85}],"translate":[{"time":0,"x":0,"y":0,"curve":"stepped"},{"time":1.5,"x":0,"y":0,"curve":"stepped"},{"time":3,"x":0,"y":0}]},"bone32":{"translate":[{"time":0,"x":0,"y":3.35},{"time":0.1,"x":0,"y":0},{"time":0.3667,"x":0,"y":8.37},{"time":0.6,"x":0,"y":0},{"time":0.8667,"x":0,"y":8.37},{"time":1.1,"x":0,"y":0},{"time":1.3667,"x":0,"y":8.37},{"time":1.5,"x":0,"y":3.35},{"time":1.6,"x":0,"y":0},{"time":1.8667,"x":0,"y":8.37},{"time":2.1,"x":0,"y":0},{"time":2.3667,"x":0,"y":8.37},{"time":2.6,"x":0,"y":0},{"time":2.8667,"x":0,"y":8.37},{"time":3,"x":0,"y":3.35}]},"bone33":{"translate":[{"time":0,"x":0,"y":3.35},{"time":0.1667,"x":0,"y":8.37},{"time":0.2667,"x":0,"y":5.02},{"time":0.4,"x":0,"y":0},{"time":0.6667,"x":0,"y":8.37},{"time":0.9,"x":0,"y":0},{"time":1.1667,"x":0,"y":8.37},{"time":1.4,"x":0,"y":0},{"time":1.5,"x":0,"y":3.35},{"time":1.6667,"x":0,"y":8.37},{"time":1.7667,"x":0,"y":5.02},{"time":1.9,"x":0,"y":0},{"time":2.1667,"x":0,"y":8.37},{"time":2.4,"x":0,"y":0},{"time":2.6667,"x":0,"y":8.37},{"time":2.9,"x":0,"y":0},{"time":3,"x":0,"y":3.35}]},"bone34":{"translate":[{"time":0,"x":0,"y":5.02},{"time":0.1667,"x":0,"y":0},{"time":0.4,"x":0,"y":8.37},{"time":0.6667,"x":0,"y":0},{"time":0.9,"x":0,"y":8.37},{"time":1.1667,"x":0,"y":0},{"time":1.4,"x":0,"y":8.37},{"time":1.5,"x":0,"y":5.02},{"time":1.6667,"x":0,"y":0},{"time":1.9,"x":0,"y":8.37},{"time":2.1667,"x":0,"y":0},{"time":2.4,"x":0,"y":8.37},{"time":2.6667,"x":0,"y":0},{"time":2.9,"x":0,"y":8.37},{"time":3,"x":0,"y":5.02}]},"bone35":{"translate":[{"time":0,"x":0,"y":0},{"time":0.2667,"x":0,"y":8.37},{"time":0.5,"x":0,"y":0},{"time":0.7667,"x":0,"y":8.37},{"time":1,"x":0,"y":0},{"time":1.2667,"x":0,"y":8.37},{"time":1.5,"x":0,"y":0},{"time":1.7667,"x":0,"y":8.37},{"time":2,"x":0,"y":0},{"time":2.2667,"x":0,"y":8.37},{"time":2.5,"x":0,"y":0},{"time":2.7667,"x":0,"y":8.37},{"time":3,"x":0,"y":0}]},"bone36":{"rotate":[{"time":0,"angle":4.25},{"time":0.1,"angle":-5.15},{"time":0.2,"angle":4.25},{"time":0.3,"angle":-5.15},{"time":0.4,"angle":4.25},{"time":0.5,"angle":-5.15},{"time":0.6,"angle":4.25},{"time":0.7,"angle":-5.15},{"time":0.8,"angle":4.25},{"time":0.9,"angle":-5.15},{"time":1,"angle":4.25},{"time":1.1,"angle":-5.15},{"time":1.2,"angle":4.25},{"time":1.3,"angle":-5.15},{"time":1.5,"angle":4.25},{"time":1.6,"angle":-5.15},{"time":1.7,"angle":4.25},{"time":1.8,"angle":-5.15},{"time":1.9,"angle":4.25},{"time":2,"angle":-5.15},{"time":2.1,"angle":4.25},{"time":2.2,"angle":-5.15},{"time":2.3,"angle":4.25},{"time":2.4,"angle":-5.15},{"time":2.5,"angle":4.25},{"time":2.6,"angle":-5.15},{"time":2.7,"angle":4.25},{"time":2.8,"angle":-5.15},{"time":3,"angle":4.25}]},"bone37":{"rotate":[{"time":0,"angle":4.25},{"time":0.1,"angle":-5.15},{"time":0.2,"angle":4.25},{"time":0.3,"angle":-5.15},{"time":0.4,"angle":4.25},{"time":0.5,"angle":-5.15},{"time":0.6,"angle":4.25},{"time":0.7,"angle":-5.15},{"time":0.8,"angle":4.25},{"time":0.9,"angle":-5.15},{"time":1,"angle":4.25},{"time":1.1,"angle":-5.15},{"time":1.2,"angle":4.25},{"time":1.3,"angle":-5.15},{"time":1.5,"angle":4.25},{"time":1.6,"angle":-5.15},{"time":1.7,"angle":4.25},{"time":1.8,"angle":-5.15},{"time":1.9,"angle":4.25},{"time":2,"angle":-5.15},{"time":2.1,"angle":4.25},{"time":2.2,"angle":-5.15},{"time":2.3,"angle":4.25},{"time":2.4,"angle":-5.15},{"time":2.5,"angle":4.25},{"time":2.6,"angle":-5.15},{"time":2.7,"angle":4.25},{"time":2.8,"angle":-5.15},{"time":3,"angle":4.25}]}}}}},"_atlasText":"\r\nXocxoc.png\r\nsize: 512,128\r\nformat: RGBA8888\r\nfilter: Linear,Linear\r\nrepeat: none\r\nBlack 1\r\n  rotate: false\r\n  xy: 351, 39\r\n  size: 36, 22\r\n  orig: 36, 22\r\n  offset: 0, 0\r\n  index: -1\r\nBlack 2\r\n  rotate: false\r\n  xy: 2, 2\r\n  size: 39, 22\r\n  orig: 39, 22\r\n  offset: 0, 0\r\n  index: -1\r\nBowl\r\n  rotate: false\r\n  xy: 180, 13\r\n  size: 126, 106\r\n  orig: 126, 106\r\n  offset: 0, 0\r\n  index: -1\r\nDisc\r\n  rotate: false\r\n  xy: 2, 26\r\n  size: 176, 93\r\n  orig: 176, 93\r\n  offset: 0, 0\r\n  index: -1\r\nRed 1\r\n  rotate: false\r\n  xy: 308, 18\r\n  size: 41, 43\r\n  orig: 41, 43\r\n  offset: 0, 0\r\n  index: -1\r\nRed 2\r\n  rotate: false\r\n  xy: 426, 97\r\n  size: 39, 22\r\n  orig: 39, 22\r\n  offset: 0, 0\r\n  index: -1\r\nShadow 1\r\n  rotate: false\r\n  xy: 43, 9\r\n  size: 33, 15\r\n  orig: 33, 15\r\n  offset: 0, 0\r\n  index: -1\r\nxóc\r\n  rotate: false\r\n  xy: 308, 63\r\n  size: 116, 56\r\n  orig: 116, 56\r\n  offset: 0, 0\r\n  index: -1\r\nxóc 2\r\n  rotate: false\r\n  xy: 308, 63\r\n  size: 116, 56\r\n  orig: 116, 56\r\n  offset: 0, 0\r\n  index: -1","textures":[{"__uuid__":"3aG9polcJNQ7yPhmCr/5NF"}],"textureNames":["Xocxoc.png"]}