{"__type__":"cc.AnimationClip","_name":"freespin","_duration":4,"curveData":{"paths":{"star1":{"props":{"active":[{"frame":0,"value":false},{"frame":0.3333333333333333,"value":true}]}},"logo":{"props":{"scale":[{"frame":2,"value":{"__type__":"cc.Vec2","x":1,"y":1}},{"frame":2.1666666666666665,"value":{"__type__":"cc.Vec2","x":1.3,"y":1.3}},{"frame":2.3333333333333335,"value":{"__type__":"cc.Vec2","x":1,"y":1}},{"frame":2.5,"value":{"__type__":"cc.Vec2","x":1.3,"y":1.3}},{"frame":2.6666666666666665,"value":{"__type__":"cc.Vec2","x":1,"y":1}},{"frame":3.3333333333333335,"value":{"__type__":"cc.Vec2","x":1,"y":1}},{"frame":3.5,"value":{"__type__":"cc.Vec2","x":1.3,"y":1.3}},{"frame":3.6666666666666665,"value":{"__type__":"cc.Vec2","x":1,"y":1}},{"frame":3.8333333333333335,"value":{"__type__":"cc.Vec2","x":1.3,"y":1.3}},{"frame":4,"value":{"__type__":"cc.Vec2","x":1,"y":1}}],"position":[{"frame":0,"value":[-7,-515]},{"frame":0.08333333333333333,"value":[-370,-262]},{"frame":0.16666666666666666,"value":[-367,23]},{"frame":0.25,"value":[-143,107]},{"frame":0.3333333333333333,"value":[0,0]}],"angle":[{"frame":0,"value":360},{"frame":0.3333333333333333,"value":-10},{"frame":0.4166666666666667,"value":10},{"frame":0.5,"value":-10},{"frame":0.5833333333333334,"value":10},{"frame":0.6666666666666666,"value":-7},{"frame":0.75,"value":7},{"frame":0.8333333333333334,"value":-5},{"frame":0.9166666666666666,"value":5},{"frame":1,"value":-3},{"frame":1.0833333333333333,"value":3},{"frame":1.1666666666666667,"value":-1},{"frame":1.25,"value":1},{"frame":1.3333333333333333,"value":-1},{"frame":1.4166666666666667,"value":0}]}},"star1/star3":{"props":{"angle":[{"frame":0.3333333333333333,"value":0},{"frame":4,"value":-5}]}},"star1/star2":{"props":{"angle":[{"frame":0.3333333333333333,"value":0},{"frame":4,"value":90}]}}}}}